{
    "timestamp": "2026-01-13 14:21:09",
    "model": "bunny_10k.obj",
    "render_resolution": [
        480,
        480
    ],
    "summary": {
        "avg_kernel_time_ms": 0.38,
        "total_rendering_time_s": 0.24,
        "first_frame_overhead_ms": 208.38,
        "avg_aabb_tests_per_pixel": 26.48,
        "avg_tri_tests_per_pixel": 4.98,
        "max_aabb_single_pixel": 281,
        "max_tri_single_pixel": 136
    },
    "per_frame_data": {
        "kernel_times_ms": [
            208.778,
            0.395,
            0.361,
            0.346,
            0.345,
            0.349,
            0.357,
            0.383,
            0.383,
            0.527,
            0.404,
            0.398,
            0.405,
            0.393,
            0.387,
            0.377,
            0.368,
            0.364,
            0.371,
            0.352,
            0.36,
            0.355,
            0.354,
            0.371,
            0.37,
            0.377,
            0.375,
            0.38,
            0.373,
            0.369,
            0.379,
            0.392,
            0.382,
            0.345,
            0.343,
            0.338,
            0.34,
            0.342,
            0.339,
            0.343,
            0.364,
            0.361,
            0.359,
            0.382,
            0.366,
            0.412,
            0.388,
            0.386,
            0.39,
            0.412,
            0.408,
            0.395,
            0.379,
            0.369,
            0.403,
            0.392,
            0.38,
            0.396,
            0.538,
            0.391,
            0.419,
            0.418,
            0.402,
            0.419,
            0.374,
            0.366,
            0.382,
            0.367,
            0.364,
            0.353,
            0.354,
            0.357
        ],
        "avg_aabb_per_frame": [
            24.091684027777777,
            24.4928125,
            24.954809027777777,
            25.458411458333334,
            26.045190972222223,
            26.796336805555555,
            27.50298611111111,
            28.067899305555557,
            28.462873263888888,
            28.715980902777776,
            28.81515625,
            28.719210069444443,
            28.430026041666668,
            27.94338541666667,
            27.246336805555554,
            26.335381944444446,
            25.373272569444445,
            24.93287326388889,
            24.773880208333335,
            24.959461805555556,
            25.499149305555555,
            26.409088541666666,
            27.285694444444445,
            28.003854166666667,
            28.545677083333334,
            28.853506944444444,
            28.98402777777778,
            28.960572916666667,
            28.758211805555554,
            28.401614583333334,
            27.933923611111112,
            27.31173611111111,
            26.612526041666666,
            26.09103298611111,
            25.60103298611111,
            25.167291666666667,
            24.729678819444445,
            24.629956597222222,
            24.752126736111112,
            25.211458333333333,
            25.994557291666666,
            26.730980902777777,
            27.31105034722222,
            27.761614583333333,
            28.02498263888889,
            28.163585069444444,
            28.116892361111113,
            27.89471354166667,
            27.48818576388889,
            26.892682291666667,
            26.13875,
            25.240651041666666,
            24.40376736111111,
            23.792300347222223,
            23.56540798611111,
            23.757951388888888,
            24.160538194444445,
            25.07787326388889,
            25.871553819444443,
            26.524227430555555,
            26.98620659722222,
            27.267413194444444,
            27.39285590277778,
            27.370598958333332,
            27.211831597222222,
            26.907465277777778,
            26.480104166666667,
            25.9075,
            25.25935763888889,
            24.536015625,
            24.134722222222223,
            24.00214409722222
        ],
        "avg_tri_per_frame": [
            4.565811631944444,
            4.6137890625,
            4.693975694444444,
            4.790078125,
            4.9395703125,
            5.092877604166667,
            5.222677951388889,
            5.3294878472222225,
            5.397677951388889,
            5.438745659722223,
            5.440707465277778,
            5.409409722222223,
            5.341792534722222,
            5.22734375,
            5.076827256944444,
            4.881861979166667,
            4.652634548611111,
            4.524704861111111,
            4.476263020833334,
            4.496579861111111,
            4.662808159722222,
            4.876380208333333,
            5.060013020833333,
            5.204973958333333,
            5.314283854166667,
            5.376896701388889,
            5.414314236111111,
            5.413927951388889,
            5.384266493055556,
            5.3157421875,
            5.226540798611111,
            5.106649305555556,
            4.964019097222222,
            4.8167100694444445,
            4.727782118055556,
            4.638993055555556,
            4.57921875,
            4.560581597222222,
            4.5914105902777775,
            4.7157595486111115,
            4.8975607638888885,
            5.047217881944444,
            5.178524305555555,
            5.270655381944445,
            5.327925347222222,
            5.3601302083333335,
            5.3548003472222225,
            5.308993055555556,
            5.2311414930555555,
            5.113185763888889,
            4.952526041666666,
            4.757677951388889,
            4.544144965277778,
            4.387013888888889,
            4.360668402777778,
            4.400386284722222,
            4.529895833333334,
            4.739817708333334,
            4.928233506944444,
            5.066401909722222,
            5.175264756944444,
            5.240412326388889,
            5.274943576388889,
            5.2683984375,
            5.239006076388889,
            5.189995659722222,
            5.092434895833334,
            4.985755208333333,
            4.846236979166667,
            4.6878038194444445,
            4.579236111111111,
            4.553285590277778
        ]
    }
}