{
    "timestamp": "2026-01-13 14:34:02",
    "model": "bunny_10k.obj",
    "render_resolution": [
        480,
        480
    ],
    "summary": {
        "avg_kernel_time_ms": 0.37,
        "avg_aabb_tests_global": 26.48,
        "avg_aabb_tests_active": 26.48,
        "avg_tri_tests_global": 4.98,
        "avg_tri_tests_active": 20.57,
        "max_aabb_single_pixel": 281,
        "max_tri_single_pixel": 136
    },
    "per_frame_data": {
        "kernel_times_ms": [
            205.731,
            0.387,
            0.353,
            0.349,
            0.344,
            0.343,
            0.35,
            0.364,
            0.362,
            0.369,
            0.371,
            0.366,
            0.375,
            0.384,
            0.381,
            0.374,
            0.367,
            0.364,
            0.351,
            0.347,
            0.362,
            0.347,
            0.348,
            0.373,
            0.368,
            0.381,
            0.379,
            0.382,
            0.369,
            0.36,
            0.376,
            0.381,
            0.376,
            0.348,
            0.358,
            0.339,
            0.34,
            0.337,
            0.335,
            0.335,
            0.351,
            0.352,
            0.356,
            0.374,
            0.363,
            0.358,
            0.383,
            0.381,
            0.38,
            0.405,
            0.401,
            0.39,
            0.379,
            0.377,
            0.383,
            0.396,
            0.385,
            0.388,
            0.512,
            0.385,
            0.395,
            0.411,
            0.397,
            0.393,
            0.378,
            0.367,
            0.366,
            0.375,
            0.369,
            0.346,
            0.356,
            0.354
        ],
        "active_aabb_per_frame": [
            24.091684027777777,
            24.4928125,
            24.954809027777777,
            25.458411458333334,
            26.045190972222223,
            26.796336805555555,
            27.50298611111111,
            28.067899305555557,
            28.462873263888888,
            28.715980902777776,
            28.81515625,
            28.719210069444443,
            28.430026041666668,
            27.94338541666667,
            27.246336805555554,
            26.335381944444446,
            25.373272569444445,
            24.93287326388889,
            24.773880208333335,
            24.959461805555556,
            25.499149305555555,
            26.409088541666666,
            27.285694444444445,
            28.003854166666667,
            28.545677083333334,
            28.853506944444444,
            28.98402777777778,
            28.960572916666667,
            28.758211805555554,
            28.401614583333334,
            27.933923611111112,
            27.31173611111111,
            26.612526041666666,
            26.09103298611111,
            25.60103298611111,
            25.167291666666667,
            24.729678819444445,
            24.629956597222222,
            24.752126736111112,
            25.211458333333333,
            25.994557291666666,
            26.730980902777777,
            27.31105034722222,
            27.761614583333333,
            28.02498263888889,
            28.163585069444444,
            28.116892361111113,
            27.89471354166667,
            27.48818576388889,
            26.892682291666667,
            26.13875,
            25.240651041666666,
            24.40376736111111,
            23.792300347222223,
            23.56540798611111,
            23.757951388888888,
            24.160538194444445,
            25.07787326388889,
            25.871553819444443,
            26.524227430555555,
            26.98620659722222,
            27.267413194444444,
            27.39285590277778,
            27.370598958333332,
            27.211831597222222,
            26.907465277777778,
            26.480104166666667,
            25.9075,
            25.25935763888889,
            24.536015625,
            24.134722222222223,
            24.00214409722222
        ],
        "active_tri_per_frame": [
            17.037769463744876,
            17.106256638022593,
            17.298059851889764,
            17.59452220769697,
            18.14767508610792,
            18.718378611195302,
            19.279408466049283,
            19.823289152930922,
            20.324987333910798,
            20.853850122318562,
            21.43021506479297,
            21.971793244482054,
            22.495457951783006,
            22.88173268737532,
            22.96638589464177,
            22.717341250605912,
            22.127962183139296,
            21.758928012356243,
            21.678003152916446,
            21.72251693120584,
            22.190089643491554,
            22.509977560506492,
            22.535460924361626,
            22.365274151436033,
            22.11525331888377,
            21.81934586188069,
            21.463858634869837,
            21.059394573787376,
            20.559763333222843,
            20.01449512199108,
            19.46236646033003,
            18.9104760680189,
            18.313131474869103,
            17.771390138837734,
            17.44496404605948,
            17.13023688175145,
            16.889749787888004,
            16.792782714313113,
            16.912786979599666,
            17.369724389308097,
            18.012578817144224,
            18.613807343855044,
            19.244064516129033,
            19.80977471819383,
            20.344625277602837,
            20.85787633636778,
            21.282858079318256,
            21.547589268412988,
            21.680757676602326,
            21.670584772731452,
            21.46305770822361,
            21.143603888588842,
            20.77158558844536,
            20.687870973023866,
            20.95478246360489,
            21.447135725165,
            22.458909857760755,
            23.638555781635567,
            24.413351967318857,
            24.722006904292947,
            24.780867468877943,
            24.459433178696596,
            23.96425120772947,
            23.321530126037505,
            22.642837044401507,
            21.904652866825426,
            20.986584864149393,
            20.095832895979846,
            19.21018856238387,
            18.30409951361703,
            17.60128123853058,
            17.20447053807173
        ]
    }
}