{
    "timestamp": "2026-01-19 21:04:58",
    "model": "bunny_10k.obj",
    "render_resolution": [
        3840,
        2160
    ],
    "summary": {
        "avg_kernel_time_ms": 2.32,
        "avg_aabb_tests_global": 13.6,
        "avg_aabb_tests_active": 13.6,
        "avg_tri_tests_global": 4.76,
        "avg_tri_tests_active": 34.32,
        "max_aabb_single_pixel": 221,
        "max_tri_single_pixel": 189
    },
    "per_frame_data": {
        "kernel_times_ms": [
            580.315,
            2.25,
            2.276,
            2.21,
            2.232,
            2.326,
            2.263,
            2.281,
            2.28,
            2.324,
            2.405,
            2.304,
            2.292,
            2.288,
            2.263,
            2.23,
            2.161,
            2.215,
            2.146,
            2.183,
            2.422,
            2.26,
            2.297,
            2.273,
            2.293,
            2.304,
            2.308,
            2.32,
            2.311,
            2.241,
            2.449,
            2.265,
            2.245,
            2.227,
            2.196,
            2.425,
            2.165,
            2.188,
            2.222,
            2.23,
            2.247,
            2.298,
            2.37,
            2.356,
            2.329,
            2.358,
            2.425,
            2.455,
            2.38,
            2.568,
            3.042,
            2.301,
            2.295,
            2.329,
            2.526,
            2.301,
            2.317,
            2.321,
            2.359,
            2.406,
            2.396,
            2.36,
            2.338,
            2.419,
            2.399,
            2.364,
            2.366,
            2.362,
            2.305,
            2.498,
            2.203,
            2.202
        ],
        "active_aabb_per_frame": [
            12.400699025848766,
            12.610874565972223,
            12.83612461419753,
            13.091433497299382,
            13.373748553240741,
            13.750707224151235,
            14.097689766589506,
            14.379392602237655,
            14.586774691358025,
            14.719429976851853,
            14.768243634259258,
            14.728597125771605,
            14.595406780478395,
            14.359938753858025,
            14.02042365933642,
            13.57124180169753,
            13.110395206404322,
            12.919320264274692,
            12.83803409529321,
            12.929796006944445,
            13.1833097029321,
            13.62133270640432,
            14.050016396604939,
            14.40235580632716,
            14.652512297453704,
            14.806740451388889,
            14.869864486882715,
            14.849782744984568,
            14.751893566743828,
            14.577867476851852,
            14.333440393518519,
            14.021918161651234,
            13.68031997492284,
            13.426983748070988,
            13.189658564814815,
            12.966943479938271,
            12.741408179012346,
            12.699779369212964,
            12.76126350308642,
            12.971737075617284,
            13.3512784529321,
            13.704557291666667,
            13.988429060570988,
            14.202478780864197,
            14.342574749228396,
            14.402513985339507,
            14.37731071566358,
            14.268812692901234,
            14.06893928433642,
            13.782249228395061,
            13.404440586419753,
            12.975296103395062,
            12.571040702160493,
            12.281999180169754,
            12.173648003472222,
            12.25379726080247,
            12.443631124614198,
            12.871724537037037,
            13.268667293595678,
            13.57705150462963,
            13.801455439814815,
            13.943049286265433,
            14.003637876157407,
            13.994742717978395,
            13.91063030478395,
            13.76323398919753,
            13.551443624614198,
            13.283852719907408,
            12.958395543981482,
            12.612515673225309,
            12.4245011091821,
            12.356197916666666
        ],
        "active_tri_per_frame": [
            28.36480740586109,
            28.510210613368802,
            28.797979039714956,
            29.3034478450101,
            30.183347597788625,
            31.135939152112,
            32.00992322548969,
            32.869323108405204,
            33.721627542640356,
            34.62034643507625,
            35.529005330798796,
            36.45270271422748,
            37.24862720982772,
            37.92444597574421,
            38.05559713257836,
            37.655537855614085,
            36.64417688226899,
            35.95620295120694,
            35.88107947233111,
            35.971442227267296,
            36.63008702545828,
            37.26115513139433,
            37.44018647170818,
            37.236460895284424,
            36.82154671160319,
            36.34171533280287,
            35.716354671827496,
            35.00248292325993,
            34.2048891780943,
            33.363661797690476,
            32.48029538480856,
            31.557061337047656,
            30.577248512412297,
            29.68661937404265,
            29.101847384690924,
            28.636427203616446,
            28.235566046021088,
            28.139924498372945,
            28.379802352560255,
            29.207078109857434,
            30.249974740683975,
            31.251006475230707,
            32.22314763610843,
            33.135743249495604,
            34.01579570598117,
            34.84461572905908,
            35.54964003667267,
            35.94248706735527,
            36.14636692426504,
            36.1093007696962,
            35.798042357714635,
            35.30071162595947,
            34.83121977684768,
            34.72154796114188,
            35.13940042110892,
            36.05918997350899,
            37.776708089479975,
            39.762601761107355,
            40.97424234515445,
            41.557420030384286,
            41.68886280551916,
            41.19740020547526,
            40.310572957627606,
            39.23712235698928,
            38.06178647671904,
            36.76531390460526,
            35.28097692135335,
            33.73299760576528,
            32.155771515118005,
            30.591318925622833,
            29.330981219236243,
            28.611987943521232
        ]
    }
}