; Normal Memory COE File for Vivado
; Format: 96-bit width (3 floats x 32 bits per normal)
; Total normals: 8554 (original, not compacted)
memory_initialization_radix=16;
memory_initialization_vector=
3F4921ABBEE9B5203ED5CD0C,
3E188B973E4AC5C1BF7803EF,
3E89C4DBBE71E647BF6F06F7,
BEF566CF3F457D18BED646F1,
3F11187EBE5D90193F4B81D8,
BE002752BF5B11C73F008659,
3F2C63F1BF28D307BEAB11C7,
3F65AC47BEDBCD36BDD4D402,
BF5AB94EBEF82A99BE3FD0D0,
3EF6C615BF4B87BEBEBC8C93,
BF19AF3ABEB0CB293F38ABB4,
3D936A40BF53E964BF0E718B,
BF4C169CBE4A2B17BF120BA2,
BF3D57BC3E90E7FF3F1C523F,
BE81E4F7BF77674DBD27674D,
BDF20D99BF17D8063F4BDF8F,
3F1D0C5FBF45D3993E26AFCD,
BE78AB0DBEBF251C3F6535A8,
BEDB7FE13F244A623F22C9B0,
BF13074A3F47EBAFBE7B645A,
BF7196533E4461FA3E89FE87,
3E91E2583E135FC43F729B28,
BF354174BE6EFB2BBF2A9FBE,
BE1CCE1C3F7B5C7D3DE48E8A,
BF4EBA49BDDE20473F146B27,
3E6663C73F65D399BEC1E4F7,
3E5FB3FABF2DFEDABF3342EE,
BEEF1562BCF5C28F3F623EC0,
3E0D4D403EE05E5FBF6361BB,
3DA8D10FBF7E9E1BBD8115DF,
BEAB5DCCBF6C34C23E44063A,
3DDDF655BF7C577EBE0410B6,
3F141D2ABF501301BD8B48D4,
BEC10F523F5B05533EB5A31A,
3F42A455BE836113BF18C2A4,
3F334246BE55714CBF2ECCA3,
3BA03C4BBEFC59753F5EBE38,
BF57CCE2BEEAC8603E90029F,
BE6FFEB0BEB1719F3F688462,
BF5DE2043EFB588E3DB4B1EE,
BB9AFE1E3F6257A83EEF30E8,
BE9B5F1C3ED1A4BE3F5C41DD,
3ED75E20BF681D7EBCFCCE1C,
3F754C983DAD09183E8BF338,
BF67B54ABE884F4C3EA9BBAE,
3E5EFC7A3E122FAD3F772BAA,
3EB94AF53F079336BF4465E9,
BF6D013BBE36B3BCBEAA9FBE,
BF38B978BECAC322BF116095,
BF60EF353E6BD124BED624DD,
BE58A32FBD79DB233F79B7BF,
BDFA43FEBF5B404FBF006595,
3ECBA494BF682E88BE0E075F,
3E8CBA733EB09D49BF65C140,
3F425F853E4A55083F1EBC41,
3BF6BE383F46DDAD3F2132B5,
3EB4B72C3EF6A4013F4D566D,
BDE82E883F7C3F3E3E028F5C,
BDA7B0B4BF70C543BEA8D64D,
3E44DA90BF777660BE2D4025,
3EEE939FBF60FEEF3DD11F0C,
BF14764BBE222920BF4C93C9,
BF63CA97BDA44A623EE6002A,
BE0D9168BF22AD823F427914,
3F19BCFD3EEC471B3F2729B3,
3F2DAA50BD96E58A3F3B22D1,
3D15D4E93ED132B5BF69782D,
3E4634983EE3775C3F5FEEF6,
BF1D57BC3ED923A3BF2A44A6,
BF4777AF3F12CAFF3E819E30,
BF1913E83F3848173EB47AE1,
BB8AEFB33F0BE6C53F5663C7,
3DD1B7173E8E7EA63F747C31,
BF7242AFBDDA75CDBE9C3611,
BADED2893F14692F3F509763,
3E3E5F31BF6DC5D6BEA42310,
3DEEF5EDBF7D6627BDA66BA5,
BE8DBA0ABF75EF20BCB367A1,
3E611DBDBCEECBFB3F79A027,
3F6ABE8CBD4D35A8BECAA64C,
3F5AF3A13E9320DABEDCC4F0,
BF0C5A1DBF4D551DBE728B6E,
3F6C45CCBEBF505DBDBD75E2,
3EDC1E793F06A2B13F3BDF8F,
3EDC0EBFBF36CCA33F0D7929,
BF7AFF6DBDDF7A4EBE279BBB,
BE502B413E61F2133F7434C2,
3F70C155BE916873BE3F505D,
BDB02B413F20053E3F469B7C,
BF1917D7BDF42EDC3F4AE536,
BECB0DD8BE69EC2DBF639D5E,
3C257A783F105C68BF5365AA,
3E4634983EE3775C3F5FEEF6,
3EF98C7EBF09B281BF301648,
3EE2BBEDBF2FF0EDBF136849,
BF43B44E3E0B6AE83F214EE4,
BF1BE61D3F4390EB3E5A9004,
3F098FC5BF078DF83F280A7C,
BEDD6627BE2AE5363F62D6CB,
BEAB573FBEA77D953F623CC9,
3F1D2A84BF254C983EE877EE,
3DAA0BA2BF6FD806BEADE2AC,
3DAA0BA2BF6FD806BEADE2AC,
3EA923A33F6317ADBEA5143C,
3E276C8B3F51D9D3BF0C855E,
3F709CA23E17414A3E9DA123,
3F57F584BEB66128BECDBCA9,
3E25460BBF42D96ABF20D10F,
3EDF75103F0D46B23F35EA89,
BF450DAE3D902364BF226BF8,
BE1CCE1C3F7B5C7D3DE48E8A,
BF260AA6BDEA3055BF40A32F,
3DB952D2BD80CC793F7E70E3,
3DA4A8C13E52C7B93F79ABF3,
3F1888513F48A9BD3E33165D,
3F15FE333F4E50C6BDADDACF,
3DC8FDA0BEC48A9C3F6B0C89,
BF1BCF2DBF31EA36BEC404EA,
BC974E663E424DD33F7B4E12,
3CB7BF1F3F2282413F45B8BB,
3EEAF8DF3C7D9FD3BF636998,
3E96EAC8BE2CFE9BBF70C5EB,
BEE818403E88C5433F59B281,
BECF7E3DBE109BFABF673A15,
BEBD7C703E9DAE3EBF605FAF,
BE8E69AD3D1522A7BF75B8BB,
3EAE108C3F0D512F3F42E9CD,
3DF967CB3F566CF43F08548B,
BF59AF3ABDE4063ABF03AB22,
BF7E4AE0BDAF6406BD9E3001,
3F5853E33D196FA83F088CE7,
3F3518D2BF27EB07BE86CF42,
3ED1C5823F0245F63F41CFFF,
3D035159BE82085BBF777857,
BE0201CDBF6970F8BEC7D806,
3E9CFBFCBE0E703B3F710E02,
3ED0941DBF698E753D291FB4,
BF405879BEC0A7C6BF0AC7B9,
BEF7FE09BF1B4396BF2169C2,
BF5AE536BED136A4BEA370CE,
BF5ABFDB3E019115BF00FA59,
BF3B0B393F295D4FBE2CD4AA,
BE778573BF786834BB195AAF,
BF6F97CC3E594D94BE8FF045,
BF1139433F34486BBEDA93F3,
BED832763EB74BC73F553112,
3E2E43AABF65460B3ED27286,
BCB4F616BF7EF9333DB19503,
BF3F9A6BBF152935BEA22D0E,
3EE70260BE4804963F5EEC18,
3E18CA82BF7CA42BBD7CCE1C,
3E1F505D3E8F2BAA3F728A1E,
3DCCC78F3E14F8B63F7BFB16,
3F4A3E18BE9BA5E3BF084C06,
3E8046C7BE4C9AFEBF727FA2,
BE0AD03E3ECCB535BF68110A,
3F0DFB943ECEDA663F3A3982,
3E7131663F6D90C1BE93D31C,
BF369835BF1BA29CBEB295EA,
BF370CDDBE4EE3933F2B53F8,
3E797F633F21AE923F3C6D1E,
3E753A3FBF7780DC3DB674D1,
BE018E75BF7D768A3D7967CB,
3F2A68B23D092CCF3F3ED917,
BDE42071BDE70E2C3F7CC2F8,
BBBE61D03DCCEC423F7EB65B,
3F56353FBBE7FF58BF0C2B95,
3ED49E45BF16D289BF317247,
BE7861A6BDB606B8BF774FB5,
BF455715BE1A5658BF1E718B,
BE90C1FD3F5CE26DBED68C69,
3EB0E560BF6F2DA1BDB40A28,
3DFAACDABF758106BE82DF50,
BE64302BBF0989DF3F503D9B,
3F1F6B3C3F35D7883EA7FF58,
3E5E742ABF0E939F3F4D3847,
BE1FE08BBF6E99853EA76F2A,
BE1FE08BBF6E99853EA76F2A,
3F07121B3D4039AC3F5922FB,
3EA79A6BBD83D9A93F715571,
3E6FFEB03EF860573F57AB75,
3F10FF97BCE76C8BBF52DABA,
BE5AE3E7BF7716B13E1A5658,
3F1ACD9F3B93C89F3F4BE37E,
3EDC73ACBF61CF573E43C9EF,
3F6FB4A2BEAA6B51BDE4894C,
BE9A29C73F31743F3F27A440,
3E26F6943F2911493F3BA53C,
3F17D220BF2CB87C3EE0FBA9,
BCD6CB53BF7E96E63DCFEEF6,
3F7475A33DEF2A5ABE8BBD7B,
3ECEEE0FBF53E5753EC74E66,
BF0A6A01BF4A7C5B3E92A5A4,
3D02F2FA3EFC0981BF5EAF25,
BED70F7CBF620664BE56EAC8,
BF4B2DF53ED49279BEE3A92A,
BD230FD0BD90B6313F7F2863,
3D3B83CF3E7B66F9BF77E32A,
3F688312BED43AA8BD69B7BF,
BE1AEE63BE00AFA33F7B0015,
BE285879BEE813013F6046C7,
3D81CD603F7E425B3DC7ECFF,
3E85E0B5BE265BEA3F739192,
BCF78FEF3F2310773F453261,
BF2F414A3F1243FEBEE7C1BE,
3B708462BF7EA0123DD3B8E5,
BD13B3A7BF7C51983E290ABB,
BD13B3A7BF7C51983E290ABB,
3F20B828BF28EE8D3ED35A86,
3E900FBB3ED619113F5D1B71,
3E89D8843F621038BEC4C836,
3F2A68B23D092CCF3F3ED917,
BC225D8DBF7FDDEC3CFB7E91,
3E254B49BF7928393E274FB5,
3F1AA1B63E84EA4BBF40E4B8,
BE5AA25EBEEA137FBF5D0529,
3E987161BF70B8D0BE28B6D8,
BD7544BBBF7EDDAD3D947AE1,
BF15AD973F4F9336BCD7DBF5,
3F46B65BBE8972473F1209AB,
3E99A5653F72AF79BDD95033,
3EDB1466BF5E171A3E81CFFF,
3EDB1466BF5E171A3E81CFFF,
3C21DFB93ECED139BF6A2BBF,
BEF70A3DBF5D288D3E13EFF2,
BEF70A3DBF5D288D3E13EFF2,
BF6F0CDDBEA7136ABE164D7F,
BEEC2507BF62D384BD404EA5,
3E7DB22DBE2D306ABF743611,
3E7DB22DBE2D306ABF743611,
3E8E3A7E3F2619113F355BAB,
3F238DA43E2420713F409F41,
BF40F27C3EE5F1BFBEF5AC47,
BDB620EFBF746FBDBE912989,
3D130BE1BF7D9BE53E06B7AA,
3DBC74FBBF7A09ABBE467DFE,
BE2B33DBBF1216C6BF4DD24A,
3E713E81BF0D05D1BF4CF766,
BEA617C2BF6D48AA3E414CEC,
BED57A78BF6746883DCCA2DB,
BF06703B3F3F2C523ED0F3CB,
BF70307FBEAD3459BD94AF4F,
3E8BA8823F754BF13DB10774,
BF3A771D3EFEB075BEF13E81,
3E489CA23E7136A43F73B060,
3D4DB37D3F5622E6BF0BB3A7,
3DD389B5BF7315B53E979FA9,
BEEB43963EBF6944BF4E4064,
BEFEA0BA3EAF266CBF4C1A8B,
3F03443DBDFD9FD33F597C1C,
3EA291FB3E733DB0BF6B035C,
BEE187E8BF22732EBF2291FB,
3E82E87DBF1906CDBF4282E8,
BF190ABBBEB41DD23F38663C,
BF131466BF446F15BE91D7DC,
BF298D263F108C3FBEFC2657,
BE6FCCE2BF1A656B3F4333DB,
BE7F91E6BF744DA93E284620,
BE9295EABF70CDC8BE3AACDA,
3D2A8EB4BDAD4D403F7EDBB6,
3F0A233ABF545825BE13B3A7,
BE616C61BEC4D402BF658256,
BF2BCA97BF2CA18CBE9DC1E8,
BE9A67623F643809BEAD1E11,
BECF0ED43F635E74BE5F7510,
3F7F01B83D9BF488BD34B72C,
BF77CE313E708C3F3DB52008,
3F501C2E3ED8F5C33ECC8755,
3F501C2E3ED8F5C33ECC8755,
BF4CD014BE70307FBF0D5BAB,
BF4CD014BE70307FBF0D5BAB,
3EA8294ABF603A54BEB4FA05,
BF084C063E8FB3FA3F4C710D,
BD0F861ABF75E54BBE8D4802,
3EAF7A4EBBBA732E3F707D2C,
3F69057DBE3C23B8BEBE00D2,
BF3AD624BEDF7CEEBF06B11C,
3E03FE5D3EC19F80BF6AAE29,
3E697636BF6CB146BE9C486B,
BEA2BFDB3F41A6B53F125508,
BD9E79683F2361BB3F44169C,
BF16F6943F4E83E43D1E44FA,
BF42A3AD3E4C2507BF1E4303,
BF1565803F454BF1BE8302B4,
BF4296923E60639DBF1C9A56,
BF2C7AE13E5F23CDBF34C2F8,
3EE2BBEDBF2FF0EDBF136849,
3F4622E6BEBFE47ABF02A8EB,
3DCC100EBF7B5697BE25A1CB,
3DCC100EBF7B5697BE25A1CB,
3D88BEB6BF73D9A93E980F13,
BDDBCA97BF34A18CBF335009,
3DF1F362BF4B74BC3F18678C,
3DF51ACABF74970FBE8A2B17,
BF42339C3E85FC3B3F18C155,
3D202752BF7CC2503E1D6B66,
BF0995AB3F49930C3E9A9692,
BE39D8843F1EDE55BF434A23,
BF2E5D3ABE912AD83F2CD0BB,
BF0F88123F3E7FF6BEB9F2BB,
BD1B90EBBEEE61D03F625A47,
BF2B9970BE1CC3A03F39E300,
BF06CE9A3CFA97E1BF597D6B,
3F38D6F5BF263151BE74F616,
BE97689D3EE617C23F57CCE2,
BE5298893ED7A6373F62233A,
3F70EA9E3DD8FC503EA46F15,
3EE858793F6103863E1628CC,
BEB0A5273F34ACB0BF1E670E,
3F56410BBED5681F3EB59B3D,
3ECEB463BD394318BF69EC2D,
3F3E58A3BE37C45D3F24E7AB,
BF533BB8BF10902EBC870111,
BEACBBC33E62C3CABF6A3AD2,
3F1147063F419B913EA6B26C,
BF6E0B4E3DEF837B3EB299D9,
BF1B81D83F0BE9643F1392E2,
3ED9D0A6BF371FDEBF0DEB31,
BE7DAA503EAD60E93F6860FE,
BDF25C3EBF7DF1173D37414A,
BD478E9FBF7954CABE62C669,
BF5F121BBEA6BB99BEBBE4CD,
3DEBD3C3BF7E2CBABCFCCE1C,
BE6FB7E93F6112993ED47C31,
BF5EA7F03EDE6D9C3E6FBFC6,
BD706F693F6C30D33EC32F45,
BE7DA273BF71CC103E5CE076,
3F253B8E3EE90FF9BF1D0481,
3F20BD66BEA2BFDBBF35DEBE,
BAF66A553F23020C3F4564D8,
BF1C41353F108C3FBF0E37DF,
3E8540CC3F019CE0BF52786C,
3F0D8EC93EA197A23F45681F,
BF7C9CF53D9F3B64BE11B478,
3ECBA494BF682E88BE0E075F,
BF3092CDBE33CDDDBF33D31C,
BF2E89CABEA5C52E3F27EF9E,
3DEB1705BEAFAD6DBF6EA7F0,
BED69D73BF3630A9BF1051EC,
3E795D4FBE47C06EBF733871,
3E8CE076BF6D475ABE82BE8C,
3F4DF06FBDE2B170BF15681F,
BF4F7E3DBF03BADCBE8F3F53,
3EB717593E4B6AE83F69999A,
BF4BD07D3E8F227DBF09613D,
BF1860FE3EB38327BF39187E,
3F41D14E3EA82FD7BF1090D6,
BC039043BF1A85883F4C17EC,
3EC4ECEABE50DAE43F667770,
3E92007EBDA0125A3F748DE3,
3F2236E33EA7C06E3F3368F1,
BE94317B3EB18E75BF646541,
3F37A249BE85F84D3F254F37,
BF4DDF65BEA98DCEBEFCB685,
BF745EB3BE1F6018BE821C04,
BF548DE33E2D0918BF07F62B,
3E5E20473F0350B13F549F95,
3EE9667B3E79042E3F5B2F45,
3CC471B4BD96D091BF7F3B64,
BD8D013B3F7F25C4BD333333,
3F1EA5F83F33CA97BEB35BD5,
3F35805EBE1C1BDA3F3044D0,
3F55E69B3F0388663E474539,
BDA7B0B4BF70C543BEA8D64D,
BE258A33BF6042D9BEE8A32F,
3E611DBDBCEECBFB3F79A027,
3EA5989EBF696F00BE81743F,
3E9D5BABBF423E183F130553,
BF7AE48FBE2DD5913DD3B3A7,
BEE187E8BF22732EBF2291FB,
BEE5768ABC7BFC65BF64D163,
BE9AEE63BF7111493E16CDF2,
BF0DC91D3F5522A73C19AE92,
BF1D859DBF2D3650BECF1412,
BEB27BB3BF5205143EE811B2,
BF6F97CC3E594D94BE8FF045,
BF2F64063F2238323EB7F0ED,
BE516095BF6692F73EC44913,
BDDC0443BF7AE5DEBE2B19A4,
BDDC0443BF7AE5DEBE2B19A4,
3D0F27BB3EFA6CA03F5F1BEF,
BF7D22A7BC087A8DBE188E37,
BF1C5A1D3F37876ABEAC2118,
BECC50483F5D5DA2BE9C2B95,
BF34AFF7BF323055BE06E19C,
3E1F2BAA3F63CDDDBEDB9F56,
BDE14CECBEDAEE63BF65B22D,
3E0F8DF83EF368F13F5E57FB,
3F58FBA93E7ACEEE3EF10625,
BE3F40A3BD3A68B23F7B39C1,
BEF6CCA33F45C5D63ED39ABF,
3F6D94083EB87FCC3DC10B63,
3EBE50C6BDD1EB853F6C341A,
BF298BD6BF178DF8BEEB2181,
BF4042313EA5B036BF13573F,
BF61F2BBBEDEA748BE36D86F,
BEA05BC03E6ECBFBBF6BAD19,
3D81259A3E5B98C83F7985F0,
BE16A4013EEDD97F3F5F8CA8,
BE96E43BBF6D9E84BE689763,
BF4652BD3EEBD3C3BEDDD1A2,
3E67C30D3E827A63BF70ABB4,
BE9BD3C33F3E5B42BF186983,
BF6C9AFE3E71CC10BE99A027,
3E6C9D9DBF741DD2BE45BEA1,
BF434E123EF2F1AABEE0D456,
3DCFFEB03EC67CAF3F6A8B6E,
BED465E93F127FA23F3518D2,
BBB439583F768E613E89C23B,
BF2C7AE13E5F23CDBF34C2F8,
BF2C7AE13E5F23CDBF34C2F8,
BE85FAECBD9E7EA63F7648E9,
BF4046C73F1249E43EA94C44,
BF26108C3E13DAF9BF3F4A77,
3E292CCF3F63F5D83ED91687,
3E81E8E63EE1B8673F5C6888,
3ED49E45BF16D289BF317247,
3ED49E45BF16D289BF317247,
BF6F0CDDBEA7136ABE164D7F,
3ED9D0A6BF371FDEBF0DEB31,
3EE29739BF5A18BDBE8F4C6E,
BED57A78BF6746883DCCA2DB,
BF585E5FBD69D734BF080A7C,
BF6AD2353E6DA123BEA5B813,
3E98B19A3F3CAD583F1B44E5,
BF5CEB9ABE94A772BED3B646,
BF5BBCD33E32CCF7BEF70260,
BD9800A8BF7BA4943E2C12AE,
3ED079E63F4271DEBF01D9D3,
BF026A013F3B4ACBBEE7F0ED,
3F0771C93EA23E183F498549,
3E888A483DD23A2A3F755326,
BD398202BF77EB07BE7B05FB,
3EF1F213BF5F1FDEBE05AC47,
BEA0B7803F70385C3E14341A,
BD1B90EBBEEE61D03F625A47,
BD1B90EBBEEE61D03F625A47,
3DD234ECBE8FE9B83F744524,
3EB0D3073F53E0373EE2862F,
3E938088BEE945B7BF579FA9,
3EF8A9BDBF5C7992BE194318,
3EF8A9BDBF5C7992BE194318,
BE3BB83D3F2300153F3FBDCF,
3D906CCABF2CA81A3F3C2657,
3E323CC9BF3FCB923F239970,
BCF2A5A4BF7FBF1FBD0769EC,
BD8CF1803F1E2585BF4889A0,
BF4A0F91BE97381DBF09CEAF,
3E8540CCBE89BE4DBF6D6388,
BED45B6CBE921188BF5D3261,
3DD5DA273D174E663F7E6CF4,
3F4488A4BE5BD274BF1A90AC,
3F6D9F2CBE480496BEA21FF3,
3EFA5B963EE30FD0BF404B5E,
BE08F8623F7810623E54B48D,
3F3E6A55BF14E26D3EA8A71E,
BEBBD274BF6C18933DF9E061,
3E17F0EDBF789763BE3F9F02,
BE806A2BBE035936BF75A1CB,
3ECE939F3E2FBFC6BF66147B,
BE9272863F54C0593EF43809,
3F6F05A73E3C30D3BE9D5CFB,
BF69E98EBDDB1D93BEC8B439,
BE2070B9BF1B775C3F4764AE,
3B708462BF7EA0123DD3B8E5,
3E6DDD6E3F7542C4BE2BE0DF,
3F24577E3F42862F3DD1E647,
3EE09D493F0557BC3F3B76B4,
BE9C1D2ABF6A23E23E87F62B,
BEAD306ABF68548B3E7EE243,
BECB0DD8BE69EC2DBF639D5E,
BD7544BBBF7EDDAD3D947AE1,
3DA26D48BE5F8F47BF78FF97,
3EF28E0D3F4E132BBEB6E04C,
BE704D55BF78AEFBBD121AB5,
BEF5475A3F3DF5AE3EF01798,
3EC3B795BF62D42CBE864AE0,
3EA266BABF641E79BEA630A9,
3E960AA6BF73BB843DB33871,
BF42C322BF216873BE1D883C,
3F0F56EB3F0FBB303F1BFBBD,
3E883A54BF049EED3F501B86,
BDCE9A2CBF086834BF571609,
BD9FF2E5BF6D74923EBB1855,
3ED63DC5BF6083BA3E71D14E,
BF4F53A43E40AA653F0E3C75,
BE6D2B2CBF5CDA903EE62A1B,
3EF425AF3F37414A3F029542,
3E242D8CBBD6F5453F7CAEA7,
BE2A93F3BF7AD03EBDE39D5E,
BE2A93F3BF7AD03EBDE39D5E,
BF45BFF0BF208AF0BDCD10F5,
3DD81062BF7A3E18BE3AFE1E,
BF5644523EDF62B73EA91D15,
BF5644523EDF62B73EA91D15,
BEA80735BE9486ADBF6622E6,
BEE75E20BF6311C7BDC2C3CA,
BEE75E20BF6311C7BDC2C3CA,
BE5290ACBF34BF0ABF2D7B20,
BDE963DC3F0FF045BF51AE92,
BF1001F73C4FBFC6BF53A14D,
3DF4DBE0BF4221423F240CC8,
BF2F1D3FBF3267623E5CA18C,
3EF3DD983E844BB2BF572863,
3E82E87DBF1906CDBF4282E8,
BEBF49CF3F4FC84B3EE5E9E2,
3D976DDB3EE87BDDBF634CC2,
3D976DDB3EE87BDDBF634CC2,
BE6E075F3F1F1E8E3F3F822C,
3EB0D3073F53E0373EE2862F,
BEF974E63F3CBE62BEEF9DB2,
3EDDB4CCBEE6E19CBF47CD8A,
3F3F1023BDEF8DF8BF27BBD8,
3F0306A33E3E5F313F56B702,
BF1F74693F47C1BEBD66E43B,
BF1F74693F47C1BEBD66E43B,
3F4B94D9BF12F3A1BE47D567,
3F218351BD63E6C5BF461BB0,
3E0FA82F3D8710CB3F7CE7AB,
3E930D30BEEB4F61BF57251C,
3E930D30BEEB4F61BF57251C,
3DA3D1CC3F13D9023F4FFC11,
3F5FAF64BEE7E3D2BE35714C,
BF17EC573F4D9360BD5F1173,
BF7DB22DBDE8A1E0BD90FF97,
3F0D57153F4CA8C13E727137,
BF78639D3DD921043E5EC56D,
BD0D844DBF7F8A093D48A9BD,
3E83A29CBF6669ADBEB4284E,
3E83A29CBF6669ADBEB4284E,
3F7FFA1ABB694EE4BC567770,
BF745EB3BE1F6018BE821C04,
BF2AC9083F28C2A43EB1A21F,
BF300FBB3F379FA9BDE53112,
3E713E81BF0D05D1BF4CF766,
3F18E9F73EA31CEBBF3C6BCF,
3F0354A03EB4F0D83F484231,
3F44C3A0BDC61A613F21E258,
3F44C3A0BDC61A613F21E258,
3EDA6373BF5369983EBCDC87,
3ED75E20BF681D7EBCFCCE1C,
3E815A08BE16D86FBF74CEC4,
3DCB4396BF766D9CBE810CB3,
BD11A75DBF6408313EE7FCB9,
3EC0C0AD3E9189373F61B9B6,
BF2F64063F2238323EB7F0ED,
BF6A10E03CE83E42BECED7C7,
3EF83BA3BE73B646BF577319,
3E0BF0993F5645A2BF07A4E8,
3E85BC023F5C25073EE08312,
BD9672323E6C9082BF785D10,
3E8F2A5ABE4C6E6EBF706AD3,
BDBC2118BF773EABBE78476F,
BE02CE46BE52A5A43F7861A6,
3F3719F83CB5F1BFBF32D2DD,
3E188E373F1AFE1EBF48255B,
BF32DE01BF36DEFCBD2070B9,
BE9D07C8BE9E4F763F667232,
BE96F933BF700D1B3E3C30D3,
BE96F933BF700D1B3E3C30D3,
BF132F453F4F5B81BDECBA73,
BF010C0BBE274FB53F5919CE,
BF55BCA9BB09A0273F0CE65C,
BF60EF353E6BD124BED624DD,
BE2A2B17BF7C2310BD45E0B5,
3E910386BEA616723F670C35,
3F2EDD05BF09042EBEFE703B,
3AFA58F7BF78F5C3BE6E7D56,
BF4D2B2CBE826E98BF0A8588,
BF28092DBF3F5B813DD0E560,
3F0732DF3E939043BF4C7B89,
BE9295EABF70CDC8BE3AACDA,
3E94C2F83F4DF5AEBF049AFE,
3F4DFCE3BF17EF9E3C91537A,
3F4DFCE3BF17EF9E3C91537A,
3F556ABE3E33A14DBF060FE4,
3DB1465FBF6B497BBEC4D2B3,
BF462974BEA91FB4BF0A4357,
BE92584FBF53D31C3EF77C46,
3D187E7CBF65CFAB3EE0C9DA,
3F1BA92ABDD888F8BF496DB1,
3EA79A6BBD83D9A93F715571,
BE3F822CBE82F6E83F72CEEE,
3F4CC2503F0BA4943E80370D,
BF3AF05A3E714E3CBF242A45,
BDF25C3EBF7DF1173D37414A,
BF5F3190BE832618BED5BC02,
BF4B83273C5234EC3F1B443D,
3E6C9D9DBF741DD2BE45BEA1,
3E17F0EDBF789763BE3F9F02,
3CD70A3D3F0ED139BF545A1D,
BF5D73EBBE6CAFF7BEE3FA6E,
BF531D93BED37DE9BEC5D4E9,
BE5EFC7A3F5B7FE13EEEBC41,
BE5EFC7A3F5B7FE13EEEBC41,
3D93165DBD92C27A3F7EADD6,
BE950EFE3F6887013E99C77A,
3F6B1705BDB505D1BEC58CD2,
3E5F8CA83EC4F228BF659946,
3F06F49DBF316095BEFBDF8F,
3E63CC8EBF753309BE3A53B9,
3E63CC8EBF753309BE3A53B9,
BE557BC83F7A21EA3D3035BD,
3F660E95BE215A083ED198F2,
BF1D1E11BF268D11BEE501E2,
3E8AF7903F05FF823F4EC4C6,
BD3AB2183F7F290B3D88FDA0,
BF3243573F105DB7BEE34C1B,
BEBB04ABBEF89B52BF4B5350,
BF6D2DCBBEBF05A7BD4A6CA0,
BF06FF19BF591FB4BD503D9B,
BEC9B7BF3F501B863EDB9778,
3D9E9E1BBEA6555CBF714CEC,
BF0F65563F24D6A1BF056CB5,
BF1DC3DFBDE0EE8DBF47A398,
BEF6ABDE3E73FFACBF57E133,
3E8D527EBF4BAD19BF0A0E41,
BF2D7492BF0ABDE4BEFE8FB0,
BDF9C0ECBF6AD6CBBEC2070C,
BE30A6763F00995B3F58E7FF,
3ED305533EA890D6BF597C1C,
3EA3D31C3ECA5F85BF5C6D1E,
3ECFB15BBCA2339C3F69F01C,
BD9551D7BF769CCB3E843809,
BD9551D7BF769CCB3E843809,
3F1CBC6A3F341A8B3EB8C005,
BF37CA43BF066C4CBEE9FBE7,
BF6FA3983DC78423BEAD0FA6,
BED5A9A83F1520B03F328F5C,
3EF80F133E9F78FF3F5145B7,
BBB43958BF7FDE943D01450F,
BD9D9D34BF1DDB77BF4892CD,
3DBBD7B2BF7718A8BE7AB756,
3EA813013E27ECFF3F6E2435,
3F38EE8DBF27C6FC3E61CD60,
BE65436C3EBD273D3F66E19C,
BEE8A47F3F6139EB3E0F0846,
3F38D6F5BF263151BE74F616,
BE523CC93E6708EE3F73CC8E,
BE6BA9D2BF31F16BBF2E5C92,
BF681CD6BED43AA8BD9FE868,
BEEA3AD2BF22DC0ABF1F0CDD,
BF1E7F4EBED63DC53F2A1DFC,
BF3631F93EA65E89BF1F7122,
BF3631F93EA65E89BF1F7122,
3E3652BD3E3B4A233F778573,
BEBF212D3F673776BE58FC50,
3F13FD0DBDDCFFEB3F4F0ED4,
3EB0D3073F53E0373EE2862F,
BF1D90C1BF3A09AB3E9C30D3,
BEA80735BE9486ADBF6622E6,
BE12A5A43ED1450F3F66BEE0,
BE9F72713F227A633F350E56,
3EF07B35BF602A99BDE6277C,
BDBF4342BF733094BE989CA2,
3C279BBBBF7FE2823CE61D00,
BCEF49CFBF6BCD36BEC6C765,
BDBC2118BF773EABBE78476F,
BF0CC2F83E7FF823BF4C06E2,
BF0CC2F83E7FF823BF4C06E2,
BEC8CD213F1A378B3F31F7F9,
BEEE9F6B3F60EC963DD5421C,
3D986983BF7F34D73CD18D26,
3E1F290B3F11ED7C3F4E89CA,
3E9443D43E8EE0F43F6A62CC,
BEA1F0C3BE7604193F6AF102,
3F1BF530BE932618BF3D35A8,
3E5C13FDBF6F30E83E918FC5,
3F419653BD8B48D43F269AD4,
3E99A805BF1681453F404EA5,
3F33F5D8BF04C1A93EF934AD,
3F15FE333F4E50C6BDADDACF,
BE0AC0833F27A051BF3E5A9B,
3F2FD955BE88F862BF2CFB55,
3C98C7E33F684578BED70F7C,
BD7A786C3D7505D1BF7F1023,
BF4B923ABEC7635E3EEDF506,
BF6DFC3BBE43736D3EA16484,
BF335FC43E7A511ABF2B9820,
BF335FC43E7A511ABF2B9820,
3E2B65AABEDEDFA4BF62747E,
BE9F30E83F70A47F3E0FCA43,
BED785733F67C8F33D61A60D,
3E75C28FBEC30015BF6497B7,
BF6AF4F13ECAC860BCE5DE16,
BE1163353F4B34833F17674D,
3F337B4ABD8C985F3F35B22D,
BE913554BF6790973EA30015,
3F0AD18D3E944BB23F49E8E6,
BF303516BEEA9E6F3F0FF6D3,
BE516095BF6692F73EC44913,
BF3430D3BE93E426BF262196,
BF4B8BACBECA6CA0BEEB7803,
BF62E9CDBE46D71FBED72DA1,
3E89C4DBBE71E647BF6F06F7,
BF2256583F36075FBE9B890D,
BF3A771D3EFEB075BEF13E81,
BF57CCE2BEEAC8603E90029F,
3DEC0D6FBF79D53D3E3DB22D,
3DC8B9783E55182BBF7922FB,
3E5CEAF2BE9251C2BF6F06F7,
3E6C9D9DBF741DD2BE45BEA1,
3E44BB1BBF6B4396BEB04578,
3F392C28BEDDF3B63F0997A2,
3F2A68B23D092CCF3F3ED917,
BF4FEB073E4848BFBF0CB5DD,
BF5E3A7EBEF44674BE0C710D,
3E904C063E17B4A23F72AD82,
3E83E426BF119A413F47F77B,
BE5C62A23F0051EC3F568E61,
BEE46349BF65143C3C8793DE,
3E346888BF78EA9E3E1D21FF,
3EBC6D1EBF22E536BF2D90C1,
BC694EE4BF7FBB303D32031D,
BE32C519BE78811BBF744B0A,
3F04779A3F132BFE3F224357,
BF516A6A3E2169C2BF0D9B3D,
3E3691A7BEA0DAE43F6EB65B,
3B811B1EBE62046C3F79AF3A,
3EA266BABF641E79BEA630A9,
3EA266BABF641E79BEA630A9,
BF2548AA3F0C00543F087161,
BECFA0513F562CBABEBC8DE3,
BD478E9FBF7954CABE62C669,
3EFF0AE5BF5DFA44BB53AE68,
BDED3847BF5B7F39BF005DB7,
BD88850ABF7833C6BE7158B8,
BD88850ABF7833C6BE7158B8,
BED0D1B73F69945B3D0AE536,
BF43EEA2BF0DAAF8BEA83E42,
BE9AEE63BF7111493E16CDF2,
BF0E56043F06EEB7BF2487FD,
3ECBA494BF682E88BE0E075F,
BF7C9C4EBE24FA053C9B66F9,
3E241DD2BF4B6998BF15EB31,
3E3B3A693F4020C53F2293F3,
BF6D9B3D3EBB328BBD8EA9E7,
BF3AF05A3E714E3CBF242A45,
BC85B1853F3FFC11BF294AF5,
BDBCB9243E8A0A52BF756388,
BDD44674BE98FEEFBF72DB62,
BEFEA9E7BF5DEFC8BD0331E4,
3E249E45BF77505DBE4F0308,
3E249E45BF77505DBE4F0308,
3E9E94EE3EA897633F645975,
BF59D3ED3EFD028A3E3696E6,
3E5CB6853C34B72C3F79F751,
3E8AB756BF71A8053E40F66A,
BDF18549BEAF598A3F6E9D73,
3F6B1705BDB505D1BEC58CD2,
BF1B1EE2BF17C45DBF07CB92,
BF09EC2DBF2678C0BF091D15,
3E67D8063EB9613D3F677C46,
3DAA0BA2BF6FD806BEADE2AC,
3E2FBD27BEA227D0BF6ED091,
BF0F47D83F418E753EADB0DE,
BF6D9FD3BE8670E3BE86EEB7,
BF79D9D33E539EAE3D8D1633,
BD9551D7BF769CCB3E843809,
BD9551D7BF769CCB3E843809,
3DC9FE873E605E5F3F787FCC,
3DC9FE873E605E5F3F787FCC,
3EE115DFBE14E11EBF62E72E,
3D4FAACEBF7FA637BC54801F,
3D4FAACEBF7FA637BC54801F,
BD3DA512BF7F3C0C3D7D566D,
BF24E3BDBEFFBFC63F144EF9,
BF22D8C3BF451EB8BD4ADFF8,
BED699853F0491D13F3EEA21,
3F0A862FBE47ECFF3F51667B,
3F0A862FBE47ECFF3F51667B,
BE094467BF685E5FBECB98C8,
BE094467BF685E5FBECB98C8,
BC2D2DCBBF758E22BE90AA65,
BC2D2DCBBF758E22BE90AA65,
3ECB10773F21797D3F2ABDE4,
3D9A07B33F3DA3C23F2AE297,
BCCDDD6EBF381E26BF31C044,
3E0C73ACBF7D8A333C9018E7,
3F777F8D3DE05BC0BE6C710D,
3E8B69983D1835163F7624DD,
3F1462A2BF31E0613ED9F948,
3E357BC8BE9F837BBF6EFDCA,
BF1D0A673EF843813F1F93DE,
BE35E743BF798E753E09EC2D,
3EF3F291BE447C31BF5BA5E3,
3F4E742A3EA663C7BEFCEAF2,
3EBF78FFBF6B9F56BDE98DCE,
BF39B5C83F291F0CBE45D8D8,
BF39B5C83F291F0CBE45D8D8,
3F0D5DA2BF3F45E1BEBD60E9,
3F6122FB3E25B1853EE53501,
BF4D4563BC6EE0F4BF18EC96,
BE96ED673F23F9C63F358794,
3E934D6A3F7070113E3FE32A,
BD81BDA5BF68917DBED385C6,
BF78307FBDA353F8BE6D5CFB,
BF78307FBDA353F8BE6D5CFB,
BEB0092DBE9C63F13F635200,
BF5BAF10BEB197A2BEC1CD60,
3E367CAFBF077857BF546003,
3E045A1DBED4538FBF66963E,
BF7AB40F3E4C63F1BD087A8D,
BEA9081C3F49F01C3F04B7D4,
3F4D288D3BA6223E3F191D15,
3E3DAA50BF7AFC26BD8917D7,
3E3DAA50BF7AFC26BD8917D7,
BDAEA748BF767D56BE832DF5,
3D5935FC3F12FAD73F512989,
BF332379BECB6ED6BF17FB6A,
BF332379BECB6ED6BF17FB6A,
3E92007EBDA0125A3F748DE3,
3F525F853F10B6D83D92EC6C,
3EEC59753F3F4D163EF4BF0A,
BEACAEA7BDFA58F73F6EF5ED,
BF593B3A3EDE29743E9B04AB,
3EA50DAEBE07A0F93F6FF2E5,
BF1DA709BF3A7FA2BE999ED8,
BEF02C913F5C6B273E49374C,
BEF02C913F5C6B273E49374C,
BDDDB22D3F33126FBF34D5FA,
3F4DFCE3BF17EF9E3C91537A,
BF7C56D6BE1E8BC13D883127,
3E42F05ABF7ABC94BD8894C4,
3EDDB4CCBEE6E19CBF47CD8A,
3EF3DD983E844BB2BF572863,
BE6AFCCE3F5CD20B3EE6D86F,
3EFA9692BF5F1BEF3CF6E829,
3D174E66BF7FCE313C50E560,
BEE967CB3EEFC3B5BF41C38B,
BEC731903E84A0E4BF62511A,
BF171E8EBED135543F3234EC,
3E4634983EE3775C3F5FEEF6,
BD78E9F73F6B3483BEC7BB30,
3F3AF2523E20AA653F2A378B,
BE12E9CDBEBAE3E7BF6B7D41,
BE9786C2BF7464993D041893,
BE9786C2BF7464993D041893,
BF6844283DDAFE1EBED0385C,
3E323CC9BF3FCB923F239970,
3DE262CCBF211D153F44EB9A,
3F6BB59EBCD95571BEC74FB5,
3F6B1705BDB505D1BEC58CD2,
BE366278BF4663C7BF1B3C60,
BF75421CBD1DFB94BE916B12,
3E0FA82F3D8710CB3F7CE7AB,
BF6985F0BED13FD13CEFC7A4,
3E5E20473B7CF80E3F79E6EF,
BEF842313EEF66A53F3D3501,
BE7C3DEE3E1F2BAABF74E65C,
3F55C3DF3EAB2AAE3EDFBE77,
3DD3D31CBDD1F0C33F7D4563,
3D2B020C3EA6E2EBBF71C821,
BEA973973F6731903E8C1A8B,
BD1279143F3C801F3F2CF8B6,
3EA50B0F3DC8850A3F71096C,
3DAB4635BF13A7DBBF500735,
BEA0B7803F70385C3E14341A,
BED465E93F127FA23F3518D2,
BF35CD0C3B8B43963F343B4F,
3E0538EF3F67F8CB3ECE11DC,
BE6D2B2CBF5CDA903EE62A1B,
BE3DCF033F5A747EBEF97E13,
BD953CDE3E9C6A7FBF730BE1,
BD826AA93F7F5F703CEEB702,
3D81CD603F7E425B3DC7ECFF,
3DAA0BA2BF6FD806BEADE2AC,
3F476944BEFE63203EC3E2D6,
BE703D9B3F7836653D8F0D84,
BE703D9B3F7836653D8F0D84,
BE81B5C83F3D460BBF1FB4A2,
BDD19264BF51F55ABF101B86,
BDBF4342BF733094BE989CA2,
BD92EC6CBF6DA273BEBADC0A,
3F1883BABE4771C93F4778FF,
BF660DEDBEDF5AD93D3D273D,
3F1388663F469AD43E838C54,
BF63CA97BDA44A623EE6002A,
BECF4491BEB9DC723F56D917,
3D81259A3E5B98C83F7985F0,
3F2997A23F0163DC3F0D898B,
BCFEC56DBF71E3A83EA6E04C,
BF0D68C7BF4A8AC6BE866666,
BE05AEE63F3326C03F33C947,
3E66CA043F2165D43F3E26D5,
BF2F1D3FBF3267623E5CA18C,
BF2F1D3FBF3267623E5CA18C,
3F225F853D37D417BF459557,
BF7B48D43E41CAC1BCD6F545,
3F43A494BEB64452BF09AC9B,
3F2302B4BCEF1FDE3F454025,
BD833C603F3D4AA13F2B9192,
BF37F8CB3F2458CDBE88D4FE,
3F0FD806BEE6F6943F318202,
3E276C8B3F51D9D3BF0C855E,
BDF9C0ECBF6AD6CBBEC2070C,
3E26F694BD4B9CB73F7C408E,
BF28E608BF3FC654BD73775C,
BF3A9DC73F16B4633EB2DCB1,
3E8703B03E6F32383F6F967D,
BF6B7B4A3E9E3A7E3E776B3C,
3F44024BBD0C34C2BF247065,
BD1057D13F62CE46BEECC250,
BF33F5D8BEADE93ABF1FF6D3,
BF0846C7BEC6277C3F40BD66,
3F719B913E2D13943E91743F,
BE2363B2BF76392E3E63BA34,
BD4EB9A13ED37B4A3F68C88A,
BF13D124BE219653BF4D1245,
3F399A413EE28B6E3F071DE7,
3EF6DDAD3DF785733F5E223E,
3EB7F38C3F648F32BE8B19A4,
3EA291FB3E733DB0BF6B035C,
BB03126FBF7FF77B3C81ECD5,
3EA9AFE23DB111F1BF7083BA,
3E915CA73F5ED5D03ECDE3FC,
3DE1EF743E99A5653F729004,
BED5A9A83F1520B03F328F5C,
BF3123A3BE882E88BF2BD124,
BF6AD2353E6DA123BEA5B813,
3EBEC17FBF6D143C3D73FFAC,
BCB4CC25BF7DA512BE08BEB6,
3F3B55EF3F253261BE60902E,
BBBE61D03DCCEC423F7EB65B,
3E4809D5BF46DB0E3F19450F,
BE15AAF83ECB3D08BF67F823,
3D4AEA743EFDCB14BF5DF8F4,
3F57F584BEB66128BECDBCA9,
BE8D64D8BF0BE37EBF4A68B2,
BF13DCF03F4D5C533E1AE925,
BF13DCF03F4D5C533E1AE925,
3F3D249EBE0108C4BF29782D,
BDCD4AA13E5EDD05BF788AF0,
3F4E742A3EA663C7BEFCEAF2,
BF0919CE3EBD70A4BF425700,
BD91EB853F1B923ABF4A7C5B,
3EDB1466BF5E171A3E81CFFF,
3EDB1466BF5E171A3E81CFFF,
3D638866BF7F6E83BD15FEDA,
BC5B61BBBF7FDDECBCF04578,
BF1D90C1BF3A09AB3E9C30D3,
3E2E43AABF65460B3ED27286,
3F44024BBD0C34C2BF247065,
3DE4840EBEB53B8EBF6DB76B,
BF31DF113E3928E1BF3232F4,
BF17ECFFBE908851BF40F473,
3EB862F63F06FFC1BF4501E2,
BE76FFC13F64C6E7BEC1BDA5,
BEB0CB293F431AF4BF0C3372,
3EA549F9BF6E4452BE2FEC57,
BF1BADC13DCD3AE7BF4998F2,
3DCB4396BF766D9CBE810CB3,
3E7DB22DBE2D306ABF743611,
3E8AB756BF71A8053E40F66A,
3E8AB756BF71A8053E40F66A,
3D89E4503F0A6762BF56AB36,
3E30110A3D1DFB943F7BFE5D,
3DFE37DFBF715769BE9E7FF6,
3E95EDD03F0DB9633F479336,
BF56E4E2BE2E8534BF041B33,
BE90C1FD3F5CE26DBED68C69,
3F7F9A6BBC5D2F1BBD5CE5B4,
3E0934ADBF03D7B2BF58BE0E,
BE5DD1A23F06978D3F529542,
BE8DF117BE3F1E8E3F7147AE,
3F6C8BEB3E93126F3E813554,
BE9BC6A8BF6F707ABE38FC50,
BF605B183EB00BCCBEACA81A,
BF6D0721BCFAEBC4BEC0C9DA,
3E65C67E3EDB74153F600B24,
BF51D0A6BE8C45CCBF00D25F,
3E21EA363F187B353F499C39,
BD72A5A43F4958103F1D5F9A,
BF0562E1BCDF8F47BF5A64C3,
BF6F0996BCA4D2B3BEB6FBD2,
3C4EC41EBEB47D80BF6F8B59,
3D89A0273E0B1705BF7D0B0F,
BF33EB5BBF2D4413BE604C06,
3F17D220BE140A283F4AC5C1,
BE878961BF76D5D03C813016,
BF365BEA3F0E0AA6BEDC0C20,
3E8E4F76BEC1F0C3BF61FC8F,
3F1100E7BE2BE37E3F4E8D11,
BDAD5CFB3DC9320E3F7DD6E0,
BEFF7CEEBF4CCC25BEAA97E1,
BED6833CBE18C7E3BF6549F9,
BF2D0E56BF3B82803DA56ABE,
BF1CB87C3F0F45E1BF0EFE72,
BCEF49CFBF6BCD36BEC6C765,
3E6DEFC8BEE851EC3F5C3C9F,
BEB60807BF6058793EA663C7,
BEB60807BF6058793EA663C7,
BF3AD624BEDF7CEEBF06B11C,
3F53E4CD3C8CFBFCBF0F967D,
3ED6ABDEBF5DFB943E89AFE2,
BF3452E7BF222292BEA415F4,
BF2EFA83BF2E3C75BE870F7C,
BF356FFCBEA9613DBF1F82D4,
3F10C005BF4620EF3E91FC8F,
BF019CE0BE15475ABF599653,
BE3851EC3F60CE703EE2EF0B,
BE3851EC3F60CE703EE2EF0B,
BF61800A3EBE5754BE960957,
BF2BCA97BF2CA18CBE9DC1E8,
BF360371BF1EDA66BEA963DC,
BF40F27C3EE5F1BFBEF5AC47,
3F4622E6BEBFE47ABF02A8EB,
BEF58CD2BD343958BF605B18,
BEF58CD2BD343958BF605B18,
BEFC6FBDBF5E33F0BD736CDF,
BEFC6FBDBF5E33F0BD736CDF,
3F2359DEBD803EEA3F4474FB,
3F2359DEBD803EEA3F4474FB,
3EE4E11E3EE919263F451E11,
3F542C3D3E6F47303F022728,
BEAB328BBF6BABC93E4E9A2C,
BF4EBEE0BB92CCF7BF16F7E4,
BF56C95C3F0B458D3C1DF117,
BD72A5A43F4958103F1D5F9A,
3E9630A9BDB9042EBF73A494,
BF35D1A2BF0D9E84BEDEE782,
BE980885BF5AFE1EBED94318,
BDA7B0B4BF70C543BEA8D64D,
BDA7B0B4BF70C543BEA8D64D,
3F497A25BE2FF6D33F17AEBC,
3E22E87D3E0836653F7A6F3F,
BF08FC503EDFCCE2BF3910A1,
3DC9BA5EBE1590C1BF7BFF04,
3EE27914BE7E3A7EBF5C9EED,
BEEB59DEBF634CC2BC9A2C67,
BEEB59DEBF634CC2BC9A2C67,
BE9464993F63B4F63EB4E50C,
BE9639D6BE16C8B4BF71CFFF,
BED423103F68DCDB3CF91E64,
BF409D493F232FEC3E29F6A9,
3F53B2FFBE9D6777BEF10CB3,
3EB61523BE7B2D4DBF66E04C,
BE65BEA1BF50BF5D3F089B52,
BEF522A7BE27A398BF5CCEC4,
BDE3CC8E3F354B49BF327D03,
BF0C6BCF3F406A2BBEBB8F9B,
BF0C6BCF3F406A2BBEBB8F9B,
3F00A090BEFEF1FE3F34F2D0,
BE65436C3EBD273D3F66E19C,
3F7C063A3E261A613D897B74,
BED8BEB6BEAC7F78BF574BC7,
3F2CA772BF12DABABEEDFE33,
3E5D4BF1BE38D79DBF75A46A,
3BD0678CBD5EBD90BF7F9DB2,
3DCC88A43F2F29B33F38EF35,
3D857D18BEA9F01C3F70E94F,
3E3EB314BCAB21813F7B775C,
BF769B7CBE76ED673DF15619,
BE5B035CBF39259A3F281ADF,
3EF46349BE885B183F565FD9,
3F06353FBE992E1F3F4C1A8B,
3F7CC78FBE0FF4343D9421C0,
3D06AD2EBF7F3ABD3D8FB00C,
BDDF99C43CEAF252BF7E5D3A,
3E2C100EBF4BA344BF150E56,
3EEE392EBDB0D307BF618549,
3F0892CD3D23CC8E3F5848BF,
BE6548AA3EB67F4EBF68370D,
3F1D0C5FBF45D3993E26AFCD,
3F1D0C5FBF45D3993E26AFCD,
BD8A09033EC6BE38BF6B4B73,
BF20CDC8BED0BCBEBF29A954,
BF3C4285BF28A5CEBE229739,
BD0D844DBF7F8A093D48A9BD,
BD0D844DBF7F8A093D48A9BD,
3F3B4784BE30C5EBBF28D8ED,
BCBD273D3F2A0CF2BF3F4539,
3DD8EC963EEC5D64BF6176DE,
3F1ADABABF3B126FBEA1FDDF,
3F3C4E51BE394AF5BF271FDE,
3F3C4E51BE394AF5BF271FDE,
3F4839043E9677703F0CAAB9,
BE82363BBF76E8D13D920AFA,
BE82363BBF76E8D13D920AFA,
3DEA209BBF7C6003BDFB3FA7,
3DEA209BBF7C6003BDFB3FA7,
3C4EC41EBEB47D80BF6F8B59,
3F66464A3E6F90973EBCEAF2,
3F6654B53DB1D3ED3EDAFCCE,
BD3DA512BF7F3C0C3D7D566D,
BD0F861ABF75E54BBE8D4802,
3F4B0FD0BF17B353BE0FA051,
3F4B0FD0BF17B353BE0FA051,
BD55BAB2BF0156193F5C855E,
BE8718A8BF0F04FF3F494A4D,
BEC9B7BF3F501B863EDB9778,
3F3D4DE8BF267C07BE321816,
3E013A93BE13404F3F7B458D,
BEB2DE01BF488B973F039A17,
BEB2DE01BF488B973F039A17,
3E16BE383F277708BF3DED29,
BF2B4396BE5930BEBF365D3A,
BF1A2920BEB1A8ACBF38110A,
3F0B61133EB70A3D3F4240B8,
BF63D70A3DD8201D3EE31CEB,
BF7DD3993DB4FB553DC33C60,
BF7DD3993DB4FB553DC33C60,
BF29F01CBF28476FBEB6A401,
BD249E453ED44BB2BF68BAC7,
BE6070B9BF0A91FBBF4FCF81,
BE27AE14BF615183BEE41F21,
3F098FC5BF078DF83F280A7C,
3EC4EA4BBF16A7F03F360E95,
3F7C8C933E2533B1BCE075F7,
3D3055323DC34C1B3F7E9835,
BF12C472BF3E2A1BBEB100E7,
3F1F2EF1BEA807353F3609FF,
3F1BC2B93D53ED523F4ABA9D,
BE001CD6BE253E2D3F7A9B28,
3DDB18553EFFCCE2BF5C100E,
BF0CA8C13F47EE4EBE980885,
BE405E5F3F270AE53F3BEFF2,
3D39389BBF79D3463E5AB4B7,
3EDD1394BED017983F4E22E6,
BCD859C93F31D3463F380885,
3F1406E2BF4CBDBABE252E73,
3C8BEB5B3F2B17053F3E61D0,
BDE5BEA13F2E7A103F391E64,
3E18CA82BF7CA42BBD7CCE1C,
3EC355473EC599EDBF57064F,
3EE98890BF5BA494BE71F601,
BE502B413E61F2133F7434C2,
BCDE54B5BE89BF9CBF7676C9,
BC2BB44EBE98F862BF744B0A,
BE32C519BE78811BBF744B0A,
BE8AA25E3E8FB00C3F6BBB84,
BEBC7B893E186983BF6AF3A1,
3DEDFA44BF64408E3EE0125A,
3DEDFA44BF64408E3EE0125A,
BD3242073E94B33E3F74B685,
3EF2D4D4BF615FEEBB2B0C89,
3EF2D4D4BF615FEEBB2B0C89,
3ED92253BF669B7C3DBEEF5F,
3EC67A103E7D8D7A3F634F61,
3F1F30E8BD952D233F479DB2,
3F0BFF04BE6346DC3F4EA93F,
3F7C8C933E2533B1BCE075F7,
BDE5BEA13F2E7A103F391E64,
3D6872B0BE24577E3F7C432D,
3F016BBABE5B61BB3F55F5AE,
BE5290ACBF34BF0ABF2D7B20,
3E989CA23DF2F9873F7277C4,
BF4FEB073E4848BFBF0CB5DD,
BF1F3ABDBF11A36E3F09BC56,
3F754C983DAD09183E8BF338,
BF7DD3993C5FA440BE0471B4,
BF42AA3BBD363B25BF25DE16,
BF61667BBEF27E523CAE924F,
3EBDCDB3BF6AA64CBE195810,
3EE1758EBF65D4413C20BA1F,
3F012F6FBF282C913F0F674D,
3F012F6FBF282C913F0F674D,
BEAC41DDBE6DE54BBF69A027,
3F5B22D13EED844D3E69A565,
BD9800A8BF7BA4943E2C12AE,
BB8AEFB33F0BE6C53F5663C7,
3F6C8BEB3E93126F3E813554,
3CA64C303F6E17C23EBBD513,
BCF9096C3F6268B23EEE72DA,
BEBF49CF3F4FC84B3EE5E9E2,
BCD6CB53BF7E96E63DCFEEF6,
BCD6CB53BF7E96E63DCFEEF6,
3F0771C93EA23E183F498549,
3F6E5C923EAF95D5BDFE9100,
BE8E58A33F618DCE3EC3EC03,
BE8E58A33F618DCE3EC3EC03,
BECF0ED43F635E74BE5F7510,
BF7089A03EA49668BDF0B392,
BF48F51BBDEAA8EBBF1BDC48,
BF393016BE424DD3BF29F213,
3F0FD806BEE6F6943F318202,
3E3DAA50BF7AFC26BD8917D7,
3E3DAA50BF7AFC26BD8917D7,
3E3C5D643F48BA1F3F17BF1F,
BDAEA748BF767D56BE832DF5,
BDAEA748BF767D56BE832DF5,
3D926959BF4FB203BF1489F4,
3F34EE39BF17C265BEC5AEE6,
3EE9B90FBF0B3BB8BF344285,
BE01B3293F6F0F7C3EAB4A23,
BED9F7F9BDC48BEB3F665604,
BF3BD31C3F11667BBEBEF5ED,
3E9A771D3E568C693F6E1B09,
BF20B04BBF4702603D28826B,
3E5FB3FABF2DFEDABF3342EE,
BD48FDA0BF6567773EE1D92B,
BD48FDA0BF6567773EE1D92B,
BEA09D493F48AA653F092F6F,
3F0EFC7A3E049668BF51BE4D,
BF354174BE6EFB2BBF2A9FBE,
BF06703B3F3F2C523ED0F3CB,
BEF2070C3F09815A3F32D6CB,
BF5E1F9FBEC4912ABEA1B478,
BEDA68B23F5B3D083E94EE39,
3EB0D3073F53E0373EE2862F,
3E44BB1BBF6B4396BEB04578,
3E44BB1BBF6B4396BEB04578,
BE704D55BF78AEFBBD121AB5,
BF51E647BEF76B3C3E9D273D,
3E9976363E85143C3F6AFD76,
3EAE8BC13E89945B3F66A012,
3DB257003F1450483F4F77AF,
BBB439583F768E613E89C23B,
BF6F80DCBE581D7EBE90FBA9,
BEEA3AD2BF22DC0ABF1F0CDD,
BEEA3AD2BF22DC0ABF1F0CDD,
3F0FF62BBF52CC4F3D9AFE1E,
3F51081CBD3EA0BA3F134F61,
3F2B80883EA497B73F2B5159,
3E77DBF53F61FE873ECE2196,
3F180C74BCEBEDFABF4DD2F2,
3E8CD7493E8D1783BF6BCBE6,
BF3A771D3EFEB075BEF13E81,
BDCE9A2CBF086834BF571609,
BD016F00BF3B0015BF2EA551,
3F0D5DA2BF3F45E1BEBD60E9,
3F0D5DA2BF3F45E1BEBD60E9,
BF0BA92ABF4E52153E6B630B,
3F2AD96ABEDDFF823F1B0015,
3F11F213BE34C1A93F4D696E,
3EEAF8DF3C7D9FD3BF636998,
3F472B02BD2D8C2A3F2077EE,
3EFF876A3F1D273D3F1C9279,
3E89FE873EF245F63F56B65B,
BF70201DBEA158B8BE13ED52,
BF462974BEA91FB4BF0A4357,
3EC31E3A3DD3DD98BF6B31E4,
3EAF4C6E3E24E7ABBF6CF80E,
BC84CAD5BF7FDAA53CF36263,
BC84CAD5BF7FDAA53CF36263,
BEA617C2BF6D48AA3E414CEC,
BED7CED93E09691ABF65974E,
BE9CDDD7BF70BE0E3E171C97,
BE87CAEABF76B8FA3CEBAF10,
BEEB75643F50FF973EB2D773,
BF2B9FFD3EE5AD973F174E66,
BF23CF2D3F1E223E3EEA10E0,
BF6A0BA23EB96A6ABE3A0F91,
3F6EA2B13E220EE9BEA6B3BC,
3E2C08313F69ADEBBEBE94EE,
BF15A9A8BF4088F83E9BC947,
3E2FB7E93EFA9A80BF5ADF50,
BE09C4DB3F63F91EBEDE83E4,
3E426D483F74B5DDBE65729B,
3E426D483F74B5DDBE65729B,
3F76FFC13E2656AC3E539C0F,
BD051EB8BF1F80DCBF480FBB,
BF24D0143F0B0C893F09FB40,
BF076556BE8CA6CA3F4D9168,
BE9B5F1C3ED1A4BE3F5C41DD,
BC5898B33EBFF434BF6D4DE8,
3E8E0221BF74471B3DE584F5,
BE1163353F4B34833F17674D,
3F46D3313E589DF13F17E521,
BD608AF0BF7F99C4BC255087,
BD608AF0BF7F99C4BC255087,
3E695BFF3F56848C3EFDE2AC,
3EB1244A3ED20D993F58029F,
3E8313BEBEB4EF893F6656AC,
3EE8F323BD8FEEF63F63419E,
3E8CE076BF6D475ABE82BE8C,
BE0D18D23E8126E93F753261,
BE0D18D23E8126E93F753261,
BEE9AE92BF58DAE4BE8B65AA,
BEBDC337BF643FE6BE853501,
BF588B97BEA1F4B23EDBE0DF,
3F6B71763EB47842BE310F52,
3F1B40F6BF430E80BE68B978,
3F1B40F6BF430E80BE68B978,
BEE8A47F3F6139EB3E0F0846,
BE06EC18BDF1F3623F7BF5D8,
3EFA9692BF5F1BEF3CF6E829,
3EFA9692BF5F1BEF3CF6E829,
BEDFDB4D3E2F7B9EBF62046C,
BF356FFCBEA9613DBF1F82D4,
BF4C1BDABF1A47453D096BBA,
BD76A93FBD55CFABBF7F2F98,
3F3EDA663F21A75D3E5A53B9,
3F7514E43E3B74153E64ECEA,
3EFEC2CEBF5DA9003D5527E5,
3EFEC2CEBF5DA9003D5527E5,
BEF564303F5782D43E7E22E6,
3F41D1F63C99C38B3F272C52,
3E41FF2E3ECEB9A13F6520B0,
3E41FF2E3ECEB9A13F6520B0,
3EE5F45E3EB869833F515183,
BF3D58643E94F8B6BF1B5BD5,
3E4D35A83F5892CDBEFCFBFC,
3EF58A333DCA6224BF5F3626,
BF0B458DBF56C95CBC279BBB,
3E802B41BE6FA82F3F707FCC,
3F1C2B95BF17B4A2BF06A7F0,
3F1C2B95BF17B4A2BF06A7F0,
BF3FCF81BF1DA07B3E79C38B,
3E54A7723ED09AAA3F63A9D2,
BE88CFC0BF69800A3E9F2BAA,
BEE9A027BE682BE9BF5C471B,
BEE9A027BE682BE9BF5C471B,
BF525D8D3EB384773EE60179,
BF2F1D3FBF3267623E5CA18C,
BF2F1D3FBF3267623E5CA18C,
BEC6A162BF60826B3E912989,
3F064AE03F53573F3E5505D1,
BE21ADEBBEA939EB3F6E353F,
BF78C2A4BE26516E3E2F88B9,
BD8BB6ED3F22D624BF44C3A0,
BD4299D9BF7FAE143C816F00,
BCE2C12BBF7FC1163D0B3919,
BCE2C12BBF7FC1163D0B3919,
3DEA209BBF7C6003BDFB3FA7,
3F26CA04BF41C0443D557BC8,
BF61F9F0BEB2641BBEA16F00,
BF61F9F0BEB2641BBEA16F00,
BF0D4413BF2333DBBF09A36E,
3EC97E13BE50B8D0BF657C70,
3E9C1D2ABE6EFB2BBF6C6003,
BCD0D0683F0740A33F5941C8,
BCEF49CFBF6BCD36BEC6C765,
BD1704FFBF7F4D163D82FD76,
BD1704FFBF7F4D163D82FD76,
BE65A1CBBF57C06E3EFA8827,
BF5A07B3BEB7357EBEC40A28,
3F2D714CBF1CCB7D3ED081C3,
3E362B6BBEA9E6EFBF6D2935,
3E03D9A9BE8801F7BF74970F,
BE029C783DD17D6B3F7C8DE3,
3E66CA043F2165D43F3E26D5,
BF0C6BCF3F406A2BBEBB8F9B,
BF0C6BCF3F406A2BBEBB8F9B,
3F4E57FBBC902DE0BF1773C1,
BF6A363BBE923B79BE921427,
BEFA68B23F3134053F07DD44,
3E9F62B73F4FC1BEBEFD288D,
3E9F62B73F4FC1BEBEFD288D,
BE96E58A3F4950DB3F0AFAD7,
BF745EB3BE1F6018BE821C04,
BF7262CC3EA0346EBD997F63,
3F5689223DD68C693F091538,
3DBBD7B2BF7718A8BE7AB756,
3F26BF87BE919CE03F34154D,
3F607FCCBE82363BBED0C88A,
3F593C8ABC80F12CBF07620F,
3F593C8ABC80F12CBF07620F,
3F05F99CBF425508BEC63737,
BF0F71C9BE6147AEBF4C6BCF,
BE810386BF5FAD6D3ED501E2,
3E3A7B0BBE835547BF7300BD,
3F45028ABF10BF5DBE97EE4E,
BEAC41DDBE6DE54BBF69A027,
3E5D82FDBE0D6777BF776D33,
3E192E1FBE522D0EBF779B13,
3F383516BDB280F13F305E5F,
BE922681BF6FF23D3E4CD4AA,
3ECE8FB0BF60FCF83E82602D,
BF4696E6BD8164843F20BCBE,
BF6D9FD3BE8670E3BE86EEB7,
BF5EA7F03EDE6D9C3E6FBFC6,
BF7A38DABCF98740BE560BF6,
BE5E5215BF5DE15DBEE5EC81,
BEAAAF793E21DFB9BF6DF06F,
BF6C5B6C3E765FD93E995422,
3E9A6F3FBF737DE93D8710CB,
BEEB72C5BF629889BD919264,
BF33EB5BBF2D4413BE604C06,
BF7FCAEA3D243569BB50678C,
3F4B79FBBF091F0C3E92070C,
3F0C10B6BEA8CFC03F44F56F,
3EA883BABF6FC45DBDF66A55,
3F1B8866BE0DE54BBF4837B5,
BE0E5B423EB3AA7A3F6D104D,
BF212AD8BF18E758BEFE69AD,
BF7E0F3D3D8E3BCD3DCF95D5,
3F4A0514BEFA5E353EBE4CD7,
3F4A0514BEFA5E353EBE4CD7,
3BF3CB3EBF7FDD443D020C4A,
BDBB54A0BF6E06103EB691A7,
BDBB54A0BF6E06103EB691A7,
BE855476BE1D34593F740592,
BF639B67BE00663C3EE16484,
BF18110A3DFDEE783F4B7AA2,
BF1FE32A3F039581BF1685DB,
3F6B165D3E9FD36FBE794856,
BDC12AD83DE73D5C3F7D36F8,
3CAB2181BF7FEE4E3C252696,
3E18B5893F7987403E2A5A47,
3E8CE076BF6D475ABE82BE8C,
BF37CA43BF066C4CBEE9FBE7,
3F0F928EBF128E0DBF191E64,
3DFA1A0D3DE0BA1F3F7C86AD,
3EBA469D3F26DDAD3F2A57A8,
BF6A9F17BE1CC63FBEBD3C36,
3D187E7CBF65CFAB3EE0C9DA,
BF67D0D03D93D31CBED61284,
BF6595FF3E4D2DCBBEC9F16B,
BEBD14E43F133E573F3ADCB1,
BD0F861ABF75E54BBE8D4802,
3EC61E4FBECAEE63BF55234F,
BD051EB8BF1F80DCBF480FBB,
3F3B4784BE30C5EBBF28D8ED,
BE2070B9BF1B775C3F4764AE,
3F1BA92ABDD888F8BF496DB1,
3F1BA92ABDD888F8BF496DB1,
BEE2B6AE3F42F05A3EF25D8D,
BE4FBA88BF7930163DDA31A5,
BE4FBA88BF7930163DDA31A5,
BF31057D3EA28F5CBF261D00,
BD9F8A09BDFAACDA3F7D4AA1,
BF75421CBD1DFB94BE916B12,
BED785733F67C8F33D61A60D,
BED785733F67C8F33D61A60D,
BE18DCDBBF10C73B3F4FA440,
3E883A54BF049EED3F501B86,
3E883A54BF049EED3F501B86,
3F4729B3BE86A6A03F1212D7,
BDE6FE723F4504813F20E411,
BF028976BF352C7CBEFA5F85,
3F6EEAC83E9C00543E42C12B,
BED0F909BD8A8C15BF6910A1,
BD63736DBF7F9A6B3B3A1F4B,
3EB7DE94BF1912993F377271,
3EC43AA8BF59A8AC3EB8C3F4,
3ED1EA36BF45D1A23EF816F0,
BF30F66ABEBD566DBF1EED67,
BEE55476BF0E6D9C3F332BFE,
3E2BA1F5BF1984A13F485144,
BE51F0C33F1473AC3F49D92B,
BF6DAEE63E8BEF4ABE80CDC8,
BEBFA97EBEBF44913F5945B7,
BF2F414A3F1243FEBEE7C1BE,
BF28092D3ED50C5FBF21187E,
BF28092D3ED50C5FBF21187E,
BEF7FE09BF1B4396BF2169C2,
3E9D10F53B6E8D11BF73A7DB,
3F6D92103DA09FE8BEBA79BC,
3EFED3D8BEFF84CBBF3599ED,
3EFED3D8BEFF84CBBF3599ED,
BF745EB3BE1F6018BE821C04,
3E81CAC1BF3F7F8D3F1D0332,
3F3A97E13F2CEC423DE49E45,
3ED652BDBF612839BE67C06E,
BF0088513F4B50B13EAF40A3,
BE516095BF6692F73EC44913,
3F719B913E2D13943E91743F,
3D1B4784BF7E98DDBDC79E5A,
3D1B4784BF7E98DDBDC79E5A,
3B06594B3EFC6A7FBF5EB9A1,
3E9426FEBF7499AF3D6CFE9B,
3E9426FEBF7499AF3D6CFE9B,
3DD5475A3F478E9FBF1E1EF7,
3F0A599FBF18E4B8BF17B7E9,
BF191B1EBE22FAD7BF4915DF,
BE3F40A3BD3A68B23F7B39C1,
3F607E7C3EEB3FA7BE1064ED,
BF79D14E3E559360BD84EF89,
BF79D14E3E559360BD84EF89,
BF6D0679BE457D18BEA656AC,
3D8BA1F53F7DB22DBDEBE8BC,
3F1983F9BE33F5303F47DC9C,
3EE20AFABF5412063EB081C3,
BF365BEA3F0E0AA6BEDC0C20,
BE001F753EDEEB703F643958,
BDF3E575BF43BADC3F222920,
BF689A02BBACAFF73ED5D4E9,
3C112989BF7D1E11BE18FEEF,
3F1FCE31BF47C8F33D12AD82,
3F152C7CBE6594AF3F47F8CB,
3EAF2E49BEA9B5203F6115DF,
3E3652BD3E3B4A233F778573,
BF3D57BC3E90E7FF3F1C523F,
BECAB3683EC38C54BF55C91D,
BF1B81D83F0BE9643F1392E2,
BF522BBF3ECAF3A1BED266BA,
BC7AACDA3E83A29CBF775CD1,
3E5D4BF1BE38D79DBF75A46A,
BF0CC2F83E7FF823BF4C06E2,
BF6F1B48BE952BD43E53B107,
3F0B61133EB70A3D3F4240B8,
3E838DA4BEA95E9EBF6875F7,
3E8AF102BE0A79BCBF73F338,
3E8367A1BE40BF5DBF72B021,
3E92031D3F1AA3053F3E81ED,
3E92031D3F1AA3053F3E81ED,
3F4110A13F255DA2BDF22D0E,
BD0774693EEBF4883F630942,
BF455715BE1A5658BF1E718B,
BE6AFCCE3F5CD20B3EE6D86F,
BEA499073F5C3D473ECA9153,
BEA499073F5C3D473ECA9153,
3F068C69BF1A8241BF197E13,
3F068C69BF1A8241BF197E13,
BED7BF1F3F6771223D9205BC,
3F419653BD8B48D43F269AD4,
BF29A027BEE594AFBF19945B,
BE4FC2653F30AFA33F31D1F6,
BF3D83A53F10956CBEBAB607,
3F10FF97BCE76C8BBF52DABA,
BF303516BEEA9E6F3F0FF6D3,
3E9B7564BF73D3C33CCF2CF9,
3EEE939FBF60FEEF3DD11F0C,
3EC38EF3BF21A805BF2CC059,
BF63CA97BDA44A623EE6002A,
BEFF4F0EBF3D45633EE7A8D6,
BF1D1E11BF268D11BEE501E2,
3EAB9F563F5EFDCABEB7D2C8,
BEB66278BF58F9B13EC9691A,
3F2288273F1361BBBF03E6C5,
BE919E303F61EC2D3EBFC3B5,
BF6F0CDDBEA7136ABE164D7F,
BE39D8843F1EDE55BF434A23,
3DEDFA44BF64408E3EE0125A,
3DEDFA44BF64408E3EE0125A,
3F50FE48BEDBC558BEC5D399,
3E966CF4BDEE0F3D3F72E297,
BF5D73EBBE6CAFF7BEE3FA6E,
BF01DF11BF3BAC71BEE7EE4E,
BD706F693F6C30D33EC32F45,
BDBB54A0BF6E06103EB691A7,
3EE229203ED13016BF4C78EA,
3F1E6BA53E61ECD53F41003F,
3E4FE47ABF082752BF5277C4,
BF0C58CDBEF840E1BF2E7232,
3D0B630BBEB0CB29BF701840,
B95C3372BF7BD902BE37ACC5,
BF4042313EA5B036BF13573F,
BF531D93BED37DE9BEC5D4E9,
3DE7B0B4BD897B74BF7DC67E,
BF136F7EBEDC193BBF32031D,
BF559946BEE90FF93E9F266C,
3F45028ABF10BF5DBE97EE4E,
BE35E743BF798E753E09EC2D,
BE35E743BF798E753E09EC2D,
BE147304BEA9D495BF6EA359,
BE147304BEA9D495BF6EA359,
BE7C30D3BE81F8A1BF6F73C1,
BD8A09033EC6BE38BF6B4B73,
3DE4302B3F410625BF25B963,
BE34BC6ABF7BF3E03C705A71,
BE34BC6ABF7BF3E03C705A71,
3E94C2F83F4DF5AEBF049AFE,
3F1C3D47BF45DCC63E31C6D2,
3F02BA9DBF54FAAD3E5E3001,
BF212AD8BF45013BBDDB1316,
BF5669053E8714BABEF4F8B6,
BECCBE62BEC7E282BF544A62,
BECAC5C13E3E8145BF663151,
BE8EFDCA3D80F12CBF7548AA,
3D61B08ABE6425AFBF792AD8,
BDF64AE03D0C3F3E3F7DFD8B,
BF12C472BF3E2A1BBEB100E7,
BE366278BF4663C7BF1B3C60,
BE9C25073F2C7A3A3F2C5048,
3E13E2D63F511C6DBF0EF933,
BD1B71763F7F227DBD95475A,
BF7983F93E48F0843DDBC558,
3E79A1773EC29DC73F6469D7,
BE147AE13E886834BF73F099,
BE5E5215BF5DE15DBEE5EC81,
BF2185F0BF44F7663DCC1FC9,
3E276C8B3F51D9D3BF0C855E,
BF3A75253F2D38473DDD2F1B,
3E3D21FFBE72E1EFBF74284E,
3D965D3ABF7E2EB23DBFB15B,
BDC2949ABF7D31BA3DE77C46,
3E611DBDBCEECBFB3F79A027,
BF742F833E18D25FBE856ABE,
BF712E1FBD7CB924BEA8BEB6,
3E8D78813DD16DB1BF74A2DB,
BF44F41FBF17BE773E73EAB3,
3EC4BB1BBF6A5A473DF52008,
3F6A4357BD46B26CBECCF56F,
3C71D3ED3F03EA0C3F5B5D25,
BF5EDDAD3E021188BEF363B2,
3B708462BF7EA0123DD3B8E5,
3B708462BF7EA0123DD3B8E5,
BE9EF34D3EAC1E79BF639FFD,
BF5F9485BE4F861ABEE2C669,
BF06186ABEC18698BF436D87,
BF06186ABEC18698BF436D87,
3EB94AF53F079336BF4465E9,
3EB94AF53F079336BF4465E9,
3EA50B0F3DC8850A3F71096C,
3F1388663F469AD43E838C54,
3F1388663F469AD43E838C54,
BF2DAF8EBF3C100E3BAF4F0E,
BE35C52E3EAE25853F6C6888,
3EF46349BE885B183F565FD9,
BE0D9168BF22AD823F427914,
3EA85F07BF6D2157BE3C5D64,
3E04F4C7BF7DCFAB3C4F1801,
BDFA43FEBF5B404FBF006595,
BEA501E2BEA074A73F64ACB0,
3D4EAF253F5222923F11A4BE,
3F0771C93EA23E183F498549,
BF481062BDF837B5BF1CAE00,
3F2714BABE83E964BF366666,
BECEBD90BECFF045BF51DC72,
3EF71DE7BF58A9BDBE66AFCD,
BF0615CABF5A1188BBF9096C,
3EF43D47BF420C4A3EE3C0C2,
3EBDCDB3BF6AA64CBE195810,
3EAFD36FBE979D0ABF642AED,
BD11A75DBF6408313EE7FCB9,
BE8D09183F245F5B3F372713,
BE26B50B3F444C593F1EF34D,
3E841744BF62D57C3EC52FC2,
3E841744BF62D57C3EC52FC2,
3E3B3A693F4020C53F2293F3,
BF1C84B63F0C61523F120E41,
BF7AFF6DBDDF7A4EBE279BBB,
BF7AFF6DBDDF7A4EBE279BBB,
3EA883BABF6FC45DBDF66A55,
3EA883BABF6FC45DBDF66A55,
3E8540CCBE89BE4DBF6D6388,
3E57D9553EEF290B3F5BD3C3,
BD75B813BDC678C03F7E54B5,
BF026A013F3B4ACBBEE7F0ED,
3EB007DDBF677B9EBE81B08A,
BF2BCA97BF2CA18CBE9DC1E8,
BF1D59B43BF8B589BF49ECD5,
3DE90ABB3F69F01C3EC79BBB,
BE919E303F61EC2D3EBFC3B5,
BF6B3B10BD12F6E83EC92CCF,
BEAB328BBF6BABC93E4E9A2C,
BEAB328BBF6BABC93E4E9A2C,
3E7BDA513EA84231BF697050,
3F247B89BF020275BF12E5DE,
3DFCE853BF1504813F4DBDF9,
BEE187E8BF22732EBF2291FB,
BEACAEA7BDFA58F73F6EF5ED,
BEACAEA7BDFA58F73F6EF5ED,
BE832DF5BF71D9D33E517ACC,
3E3280F13F4F93DE3F0F064F,
3F5F03083D44284E3EFA36E3,
BF7B6B903D2E2974BE3BDCF0,
3F48BC173F024010BEB5F30E,
3D7E86833E2A71DEBF7BED52,
3F719B913E2D13943E91743F,
BF024B34BBD4024B3F5C5B6C,
3EF007DD3F0FB0B4BF2E9A2C,
BF37BF1F3EA44E51BF1E30A9,
BD7FEB07BEDB33DBBF66CCA3,
BF31DF113E3928E1BF3232F4,
3D95182BBF70A6763EAA97E1,
BCCDDD6EBF381E26BF31C044,
BE96555C3CD495183F74A03C,
BF6C12AEBEBEB463BDD59B3D,
3EF1D3EDBCB4245FBF61930C,
BEAAEA743F68A1383E805293,
BF123D713F50F323BDB12C28,
3EF9E4503CF3F5303F5F4F0E,
BE5AA25EBEEA137FBF5D0529,
3F6FA4E8BEAA0514BDED527E,
BF03C16ABEC07DD4BF45436C,
3F52DF503F105D10BD71758E,
BF5AB94E3ED4C9863E9FB54A,
3EE13943BF394467BF08201D,
BF788EDEBE293F293E3143BF,
BF2CD35BBEE947063F14894C,
3EEAF8DF3C7D9FD3BF636998,
3F7514E43E3B74153E64ECEA,
3EDC73ACBF61CF573E43C9EF,
3EB0AE53BE9637373F643BF7,
BEABEF4ABE2771C9BF6D7929,
3EC516DB3F480A7C3EFB76B4,
BF18FC503F3DDCC6BE9BFDB5,
3F118C7E3E6C4EF9BF4A2489,
BF79D14E3E559360BD84EF89,
3E1E9E1B3EBF290BBF6A2728,
3F4309EA3EAD5CFB3F0D5BAB,
BDAEBC41BF260F3D3F419AE9,
BF4D21573F0262CCBEA0B8D0,
BF2B923A3EC3B107BF22DE01,
3E15BD51BE9CA81A3F70D456,
BDD19264BF51F55ABF101B86,
BDD19264BF51F55ABF101B86,
3F46CD4BBE9581063F0EEAC8,
BF095D4F3F3B89B53ED67232,
BE84BC6ABF0F27BBBF4996FB,
BE84BC6ABF0F27BBBF4996FB,
3F20BD66BEA2BFDBBF35DEBE,
BF64BF0ABDFF3E03BEDCD749,
BF2F95D53F31F01C3E5CB146,
BEABCBE63F59FB403ECE4F76,
BD398202BF77EB07BE7B05FB,
3EF6C615BF4B87BEBEBC8C93,
3F0525463EE8DF7A3F3911F1,
BD04577EBD286D723F7FA637,
BF3D44133ECA9153BF0B7BF2,
3E1581063F0ADEA93F53C9EF,
3E1581063F0ADEA93F53C9EF,
BED689CA3EC385C63F52E297,
BED689CA3EC385C63F52E297,
3E5923A33F0C710DBF4F0996,
3F1406E2BF4CBDBABE252E73,
3F1406E2BF4CBDBABE252E73,
BE50B3923EBF3CB4BF67AB75,
BE50B3923EBF3CB4BF67AB75,
BEA3A14D3E6FB7E93F6B0DD8,
BF78C2A4BE26516E3E2F88B9,
3F0C36113E9FF1953F46B26C,
3F0892CD3D23CC8E3F5848BF,
3DF51ACABF74970FBE8A2B17,
BEF5BAB2BE025AEEBF5E35E7,
3E013A93BE13404F3F7B458D,
3E013A93BE13404F3F7B458D,
3F2487FDBF3CD552BE53ED52,
BF52C12B3EFA0BA23E94284E,
BF7E0F3D3D8E3BCD3DCF95D5,
BF0432233F443D473EC3760C,
3D61B08ABE6425AFBF792AD8,
3E032767BD3BE22EBF7D9E84,
BF1860FE3EB38327BF39187E,
3F658ADB3ED1797D3E2D4025,
BECF23CD3CA7DAA53F6A0E41,
BECF23CD3CA7DAA53F6A0E41,
BEBC8605BF3E924FBF0E9835,
BEF7AF643F50EFDD3EA1CC10,
BF03AE68BEE74FB5BF3A99D9,
3EC4BB1BBF6A5A473DF52008,
BF34AFF7BF323055BE06E19C,
BF34AFF7BF323055BE06E19C,
BF6ED331BEAC4EF93E033483,
BE80FE48BF71F4B23E54EE39,
BED423103F68DCDB3CF91E64,
3F3AF2523E20AA653F2A378B,
3E00C73BBF7A9889BE2501E2,
3EB4F0D8BF5E72DABEB165D4,
3EB4F0D8BF5E72DABEB165D4,
BF360371BF1EDA66BEA963DC,
BF6C9AFE3E71CC10BE99A027,
3F33C9EF3D9412063F354C98,
BF312253BED67621BF168922,
BD97B2033F770ED43E80ABB4,
BEBFFEB0BF6C6738BDA69AD4,
BE3601793F7AF102BDB1DE6A,
3E83BB843F1F27BB3F3D62E1,
BE6E75793F524C833F054174,
BE6E75793F524C833F054174,
BE405E5F3F270AE53F3BEFF2,
BE3F16B13C83126FBF7B7803,
3DC92253BF7EB7023C9E3001,
BEE1BEF5BF650EFEBD90BB6F,
BED7B4A23E32E72EBF63D274,
BF799ED8BE28E0CABE17F8CB,
BC039043BF1A85883F4C17EC,
BC039043BF1A85883F4C17EC,
BE18DCDBBF10C73B3F4FA440,
BE08AC5C3E8DA661BF739F56,
BEF7FE09BF1B4396BF2169C2,
BF7AB40F3E4C63F1BD087A8D,
3E0ECE9A3C37FE093F7D7B20,
BED832763EB74BC73F553112,
BF5D9F2CBE871B48BED9C77A,
BDD7FB6A3EF19653BF6016F0,
BF45A5B93F1F2DA13E06B50B,
BDDDB22D3F33126FBF34D5FA,
BF2AEE63BF2826ABBEB35FC4,
BF002C91BF2853E3BF1020C5,
3F1F34D7BF2F16093EC3497B,
BD0F861ABF75E54BBE8D4802,
3DD05D10BF7E7818BD22877F,
3E1F6A943E995571BF70F9B1,
3EA1D14E3E0D8EC9BF704966,
BF50053E3E9842313F00533B,
BDD17D6B3F526AA93F0F707A,
BF3AD624BEDF7CEEBF06B11C,
BF3AD624BEDF7CEEBF06B11C,
BF5C41353D4DDD6EBF01D734,
BF37BF1F3EA44E51BF1E30A9,
BF5EDDAD3E021188BEF363B2,
3D986983BF7F34D73CD18D26,
3F60C5EBBC97E1333EF4DFCE,
BF7AD03E3E1A14CFBE074FB5,
BE9A29C73F31743F3F27A440,
3E89D8843F621038BEC4C836,
BF6C63F1BEB4284EBE1D0D06,
BE5F62B73F79CAC13C947065,
3D857D18BEA9F01C3F70E94F,
3D857D18BEA9F01C3F70E94F,
3ED305533EA890D6BF597C1C,
3E966CF4BDEE0F3D3F72E297,
BF088A483ED88B97BF3B890D,
3F7D6E053D060568BE0CCA2E,
3E59C8C93DE007DD3F789225,
3ED4B72CBF4280F13F0007DD,
BF5AB94EBEF82A99BE3FD0D0,
BC6AC860BF22B7FEBF459946,
BC6AC860BF22B7FEBF459946,
3E8B313C3F411E64BF18F66A,
BF0A3EC0BDD97F633F55BD51,
3E5CB6853C34B72C3F79F751,
3EECA03CBF3C1E79BEFE2824,
3F4921ABBEE9B5203ED5CD0C,
3F6E9100BE849E453E81FF2E,
BF74D4AA3E4DCB14BE5928E1,
3EA0A676BE2DDD6E3F6F2713,
3F6B165D3E9FD36FBE794856,
BEE4E26DBEB52BD4BF52511A,
3E82E87DBF1906CDBF4282E8,
3E82E87DBF1906CDBF4282E8,
3E2C100EBF4BA344BF150E56,
3DD0DAE4BF3DD2F2BF29C4DB,
BF00FBA93F577CEEBE468DB9,
BF5F64063EB9C4DBBEA7635E,
BF5F64063EB9C4DBBEA7635E,
3E6663C73F65D399BEC1E4F7,
3E21EA363F187B353F499C39,
3C8BEB5B3F2B17053F3E61D0,
BF0DEDD03F3452E73EE2F1AA,
BF0507213F3AC7113EE39FFD,
BBA57A78BF7E262D3DF588E3,
BF4135543F14CA2E3E9BCE85,
3CFCE3153F67396D3EDB2BFE,
3EF04D55BF488EDEBED0956C,
BED461FA3F3E1E4F3F06978D,
BEA2BFDB3F41A6B53F125508,
BF47822C3CC6BCE83F204B5E,
BF01A21FBF4A584FBEB08073,
3DF1A4BEBF0B0942BF54D20B,
BEF357E63EEB866E3F400000,
3F1B2420BEBFC5053F33A5E3,
BD701B863EB0092D3F6FEC57,
BD701B863EB0092D3F6FEC57,
BDC2DE013F13CF2D3F4F97CC,
BF1803EFBF47952DBE4BBC2C,
BF4936A4BF0055DABEB93DD9,
BF34F6BEBF321B5CBE028F5C,
BED1EF74BC5306A3BF697785,
BC2A10E03F266517BF428827,
BE99A6B53F3D5CFB3F1A30FD,
3DF967CB3F566CF43F08548B,
3F5853E33D196FA83F088CE7,
BEE594AF3F4143BF3EF50481,
BEBAE1483F688AF0BE50EFDD,
3E0617C2BF20D8ED3F445198,
3EE52935BF49CB683ED833C6,
3EE52935BF49CB683ED833C6,
BE806E1ABF76D9173DAEF0AE,
3E008312BF3B05FB3F2BD513,
3F24FCA4BE1288CE3F4048BF,
3F1CBC6A3F341A8B3EB8C005,
BCCC8DE3BF7FCAEABD00D1B7,
BCCC8DE3BF7FCAEABD00D1B7,
BEF302B43DD9945BBF5FAE14,
BF13606BBE920D99BF442B95,
3E2C08313F69ADEBBEBE94EE,
BF35B8133F191149BEBEA0BA,
BF35B8133F191149BEBEA0BA,
BF198A873F21F9F0BEFACC4F,
3DEA209BBF7C6003BDFB3FA7,
BF6A4BDC3E7F52FC3EA212D7,
BF6A4BDC3E7F52FC3EA212D7,
3F31D495BF288B97BE946349,
3F0253113DEEFB2B3F5A4F22,
3E98E9F73C9407893F7445CC,
3F5CB924BE186C22BEF7EA60,
3E718A87BF09057D3F4FA440,
3E97B0B4BE2DC5D63F709DF1,
3EE245F6BE5B573F3F5F0069,
3F4506793EAD20B03F0AA64C,
3F4506793EAD20B03F0AA64C,
3E8D0A673EE2E1EF3F5A6373,
3D7F822C3F32D2DDBF367D56,
3EA6C6153EA2584FBF640592,
BE5CF56FBF3741F23F2A0126,
BCE108C4BF7D90C13E0A0E41,
BF5F64063EB9C4DBBEA7635E,
BF399F80BF2231A53E8A2DB6,
BF399F80BF2231A53E8A2DB6,
BE940E173E2E3BCD3F712989,
BD55F99C3E7F4342BF778E9F,
3F6026AB3EB5B4243EA7C84B,
3D9609573F2D714CBF3B5B2D,
3EA0E172BF5B9B67BED0370D,
3DFE37DFBF715769BE9E7FF6,
3EA0E172BF5B9B67BED0370D,
BF15FD8B3E68CBD13F472086,
BF7B2A063C01450F3E45F30E,
BF1491D13D8AA10EBF4FC1BE,
BE2070B9BF1B775C3F4764AE,
BE2070B9BF1B775C3F4764AE,
3E888A483DD23A2A3F755326,
BF7398C8BE966BA5BDB9F01C,
BF681CD6BED43AA8BD9FE868,
3E0E2EB2BF782E88BE4F0308,
BE17E133BD25E3543F7CF4C7,
BD527E523F7C9AFEBE1D9FD3,
BF0B2CA5BF0C5E0BBF22ACDA,
BF34F0D83F0D75E2BEE22531,
3F7BB6ED3E1295EA3DE6E979,
BF7505293D0F861ABE933EFF,
BF742F833E18D25FBE856ABE,
BF742F833E18D25FBE856ABE,
BD3535013D6AA8EB3F7F544C,
BF3705A7BEA6FD22BF1E540D,
3E276C8B3F51D9D3BF0C855E,
BF1FAE143E015A08BF457732,
BF2D9168BEF32A06BF0FA051,
3F35F7A5BEAEDBB6BF1D6ABE,
3F35F7A5BEAEDBB6BF1D6ABE,
BED69D73BF3630A9BF1051EC,
BEAE6080BF14AF4FBF3D4802,
3EEE7FF63D161E4F3F6255B0,
BE18B5893E2D77323F79652C,
BF77822CBE684620BDF079E6,
BF62602DBED91FB4BE4833C6,
3E03D9A9BE8801F7BF74970F,
BF35D1A2BF0D9E84BEDEE782,
3EECA03CBF3C1E79BEFE2824,
3EECA03CBF3C1E79BEFE2824,
3F5478EABF098E75BE195FEE,
BF298D263F108C3FBEFC2657,
3F084C06BF2E62783F00A527,
3F084C06BF2E62783F00A527,
BF4F53A43E40AA653F0E3C75,
BE3DCF033F5A747EBEF97E13,
BE919E303F61EC2D3EBFC3B5,
BF2A7EFABF24C1A9BEC119CE,
BDF25C3EBF7DF1173D37414A,
BEEA8827BF638F9B3B3F5D79,
3E900BCC3E7DBF48BF6D53CE,
3EC604193F1721D5BF355CFB,
3F089F41BF4BE426BE9193B4,
3F1888513F48A9BD3E33165D,
BE23497BBEF83CF33F5C2507,
3E3CE8533D6848BF3F7B2FEC,
3E838DA4BEA95E9EBF6875F7,
3EC61E4FBECAEE63BF55234F,
BF2AD42C3D97A787BF3DB8BB,
BF2AD42C3D97A787BF3DB8BB,
3E17635E3F4EE9793F11EADD,
3EA83E42BEBEBEE03F5E2E0A,
3F44C3A0BDC61A613F21E258,
BD92EC6CBF6DA273BEBADC0A,
BD92EC6CBF6DA273BEBADC0A,
BEB9E98EBF5F14BABEA8DF7A,
BF364B883F31B3D0BDD7C1BE,
3F0354A03EB4F0D83F484231,
3EE9E300BE3B54A03F5EDC5D,
3F136ED6BF481B86BE7527E5,
3F1ADABABF3B126FBEA1FDDF,
3EE4E11E3EE919263F451E11,
BEAAEA743F68A1383E805293,
3E3696E6BEC70CDDBF6766A5,
BF439C0FBDAF9DB2BF23ADC1,
BE9BC5583EE5158CBF574A77,
3E9AA4FDBEDF51ADBF59003F,
3E9AA4FDBEDF51ADBF59003F,
3E45197A3F0752FCBF53A68B,
BE6F0D843EFFE9B8BF55859D,
3EB864453F3350B13F1DBD51,
3EB864453F3350B13F1DBD51,
3EB864453F3350B13F1DBD51,
3F0DF84DBB319A413F550679,
3E17C99B3F27AE143F3DAE3E,
BE683BA33F48C5433F13D70A,
BF7DB22DBDE8A1E0BD90FF97,
BEF6ABDE3E73FFACBF57E133,
BE9906CD3F1DA46A3F3AA10E,
BF2CA9693F278A093EAEFC7A,
3F113E81BD4284E03F527525,
3E13E2D63F511C6DBF0EF933,
BF7F6D33BC9ED7C73D832CA5,
BDD49A563F3218BD3F35F6FD,
BDD49A563F3218BD3F35F6FD,
BDDF99C43CEAF252BF7E5D3A,
BF3092CDBE33CDDDBF33D31C,
BE1832763E583A54BF7751AD,
BF1917D7BDF42EDC3F4AE536,
3F1BF530BE932618BF3D35A8,
BE9CA2DBBF0128393F4EB075,
BE99FD37BF7198F2BE0CC250,
3F62F7903EE1259A3E12EC6C,
3D93165DBD92C27A3F7EADD6,
BE950EFE3F6887013E99C77A,
3D89A0273E0B1705BF7D0B0F,
3E9B7564BF73D3C33CCF2CF9,
BD2F6E833DF593603F7DEA89,
BF77F434BE7CD35BBCF84CAD,
BF77F434BE7CD35BBCF84CAD,
3E7131663F6D90C1BE93D31C,
3E8C00543F22B6AE3F38D307,
BF123D713F50F323BDB12C28,
BDA915383F78FC503E5E8BC1,
3F419653BD8B48D43F269AD4,
BF394467BF304620BD3D5BAB,
3F0DFB943ECEDA663F3A3982,
3EA3D31C3ECA5F85BF5C6D1E,
BF32DE01BF36DEFCBD2070B9,
BF70201DBEA158B8BE13ED52,
3F43A3443F250918BC9E83E4,
3E72F987BD15AAF83F788312,
3E53FD0D3F7A3D71BD2599ED,
BE1B7BF2BF7D05D1BC06833C,
BF065215BEEACC4FBF379BBB,
BF065215BEEACC4FBF379BBB,
3F62CD9F3EE97B743DACFE9B,
3F6039AC3EDC6BCF3E5F290B,
3F642EDC3EB874003E8CE465,
BF318B2FBF0AE5DEBEF2AAE3,
BF0D4413BF2333DBBF09A36E,
3E929F17BE7ECD4B3F6CDC87,
BD7F23CDBE9B83CF3F736263,
3D1945B73E63D1CC3F79667B,
3E9ADC0ABF62A3AD3EB4D6A1,
3EA4ACB0BF0375643F4BA7DB,
3EA4ACB0BF0375643F4BA7DB,
3E8540CC3F019CE0BF52786C,
3F03328B3E1E5754BF583AFB,
3F0747D83ED05532BF3EBF87,
3EF44BB2BF1123A3BF2BE6C5,
3F7F01B83D9BF488BD34B72C,
3DA7429ABEE62A1BBF63B795,
3D0CDC87BF7FC5053CCA42AF,
BDAA5A473EE906CD3F62F3A1,
3EBDBF483F2176DEBF2E8A72,
3EE41744BEE0FE48BF47AF64,
3E228CBD3E662F5A3F761DA8,
BF474FB5BE7CAC08BF13B83D,
BF474FB5BE7CAC08BF13B83D,
3EB7DE94BF1912993F377271,
3EB7DE94BF1912993F377271,
3E7215773F004CADBF551A22,
3F2CA772BF12DABABEEDFE33,
3E99F6A93D9B280F3F736113,
3E50F51B3F55B1853F02EDBB,
3F57266CBE21DFB9BF04B33E,
BE553F7D3F76A162BE2CD9E8,
BE18DCDBBF10C73B3F4FA440,
BF12C472BF3E2A1BBEB100E7,
BF007DD4BF5CE076BD77D955,
3EE5AD97BF630A913DE23E18,
3EE5AD97BF630A913DE23E18,
BE3F60183E875B81BF72363B,
3F2C8C933E966A553F2D82FD,
3EF16335BF177A4E3F27674D,
3D130BE1BF7D9BE53E06B7AA,
3E7436B9BF72C860BE561E4F,
3E7436B9BF72C860BE561E4F,
BF171E8EBED135543F3234EC,
BF12DE01BE9251C23F4480C7,
BF212AD8BF18E758BEFE69AD,
3CC58256BF7F3C0C3D966CF4,
3DFAACDABF758106BE82DF50,
3E1E6EEBBF0B9581BF52E925,
3F03A5E33CF972473F5B6AE8,
3F4A0514BEFA5E353EBE4CD7,
BF15CDB33EBF7A4EBF38331E,
BF14764BBE222920BF4C93C9,
3F1E6BA53E61ECD53F41003F,
3EB913E83E37CC3A3F6A3982,
3EE8F8623EBD77323F4F58E2,
3D828A1E3F5DB0363EFDF655,
BF25ED29BF15BAB2BEF9AFE2,
BD4710CB3F22A8443F454AA1,
BED53261BE7F7271BF5FD178,
3D7064EDBEB50093BF6EFFC1,
BE96E58A3F4950DB3F0AFAD7,
3D02F2FA3EFC0981BF5EAF25,
3EE13943BF394467BF08201D,
BF20D4FE3EC906CDBF2BF291,
3F20E2C1BF031EE2BF15DCC6,
BE39D8843F1EDE55BF434A23,
3F6F8FEF3D8E26D53EB0F909,
BE001CD6BE253E2D3F7A9B28,
3E8BE37E3E8EE2433F6BAB22,
3E8BE37E3E8EE2433F6BAB22,
BF03D1243C44C597BF5B6ED6,
BF531D93BED37DE9BEC5D4E9,
BF531D93BED37DE9BEC5D4E9,
3D88BEB6BF73D9A93E980F13,
3E1A63733DD37F393F7BB060,
BF380BCC3F1C3D47BEAA511A,
BF78346E3E71758EBD874FB5,
BF78346E3E71758EBD874FB5,
BF57D75EBEA5D24ABEDBC2B9,
3F60956C3DACD4AA3EF1EB85,
3EA8D8EDBF6B3D08BE5DB4CC,
BF76DE553E84577E3D69EC2D,
BF76DE553E84577E3D69EC2D,
BE4ADD59BF44408E3F1C5CBC,
3F767AB73E7746883DF82D38,
3F4BFFAC3F0F5C293E68240B,
3EF71DE7BF58A9BDBE66AFCD,
BCCF03083EAE0C9EBF70AB0D,
BD8A28783C98F1D4BF7F5F70,
BE832DF5BF71D9D33E517ACC,
BF4B8BACBECA6CA0BEEB7803,
BE361134BF7927913E14F0D8,
BF7848BFBE33ABC9BE2D1B71,
3F42B40FBCA75CD13F2620EF,
BEA2F8383F6DDA273E40C73B,
3ECF67F5BF6A085B3C4A2DB6,
BE06EC18BDF1F3623F7BF5D8,
BD9E79683F2361BB3F44169C,
BF409D493F232FEC3E29F6A9,
BCA29C783EB6CB533F6F136A,
BF607E7CBEF5A709BCE81451,
3E83A29CBF6669ADBEB4284E,
3E83A29CBF6669ADBEB4284E,
3C815A083F5DF5063EFEFC7A,
BF421188BF001F753ED61523,
BF4046C73F1249E43EA94C44,
BE9D05293C35B2D53F73A5E3,
BD243FE6BE593DD93F79F601,
BD243FE6BE593DD93F79F601,
BF4582563E9723253F104620,
BE60A5273F5ED677BEE19CE0,
BF3E978D3F17FAC2BE9C6003,
BE2C0D6F3E3D3C36BF77E32A,
BEFA511ABE93AE68BF52C1D3,
BD1704FFBF7F4D163D82FD76,
3F18F27C3DEF4F0E3F4B18FC,
3F18F27C3DEF4F0E3F4B18FC,
3F019115BF584F4C3E310774,
BD505D103F0D9C8DBF54DDD7,
3F6D94083EB87FCC3DC10B63,
BF77D220BE155EF23E50DAE4,
BF77D220BE155EF23E50DAE4,
3F362B6B3E24EF89BF2F12C2,
BEC6A162BF60826B3E912989,
BF68B242BEBEE8D1BE3EDA66,
BEF76C8BBEFAF790BF39B3D0,
BEF76C8BBEFAF790BF39B3D0,
BF507161BF03D9A9BE892791,
3EAF2E49BEA9B5203F6115DF,
3EB39C0F3F524E7B3EE6277C,
3EAE4CD73F2C0B78BF285921,
BD935A86BEBA63733F6DB8BB,
BE9D48023DC59210BF725D8D,
BE72BA9D3EE5FC3B3F5C8605,
3D09AAA43F253D863F435697,
BE90ABB4BE022681BF7366F9,
BF73D85ABE95B2D53DAE04C0,
3E1EA897BE212AD8BF79ADEB,
BF2D7492BF0ABDE4BEFE8FB0,
3E85E0B5BE265BEA3F739192,
3E85E0B5BE265BEA3F739192,
3E26F694BD4B9CB73F7C408E,
3F1ACD9F3B93C89F3F4BE37E,
3DAADD59BE03BA343F7CF95D,
3D187E7CBF65CFAB3EE0C9DA,
3F5CB924BE186C22BEF7EA60,
BD91EB853F1B923ABF4A7C5B,
BE15AAF83ECB3D08BF67F823,
BD31EE24BD49BA5E3F7F7271,
3F0EA897BD40F66ABF543958,
3F0EA897BD40F66ABF543958,
3F3738C5BB77B9E03F32C908,
3F06F49DBF316095BEFBDF8F,
BF48ADACBF0F4A773E89930C,
BF33497BBF350EFE3DC59210,
BF00811B3F2E35E73F08A71E,
BF00811B3F2E35E73F08A71E,
BF3C17443ECC12AEBF0C855E,
BF1BADC13DCD3AE7BF4998F2,
3EBC7A3A3E5CDDD7BF678812,
3EB58A33BF5700693ED26FE7,
BF74A7723ACF1801BE96BA49,
BEAAAF793E21DFB9BF6DF06F,
3D25C3DF3F2DAE3E3F3BC947,
BF43B44E3E0B6AE83F214EE4,
BEFA68B23F3134053F07DD44,
3F5D55C53EA337223EC6DEFC,
3F3361BB3F365FD9BD1DFB94,
3F2FB8913E94E65C3F2AA1B6,
3E707F243EB95FEEBF66EEB7,
BF37BF1F3EA44E51BF1E30A9,
3ECF67F5BF6A085B3C4A2DB6,
3F4D5B033F00E4B8BEA4577E,
BE89D1F63E2B1C433F72CF96,
3F51172F3EA0FBA9BEF7B203,
BECF4491BEB9DC723F56D917,
3E9DAA503EC8E8A73F5DE0B5,
3F1C8F323F230BE1BEF05682,
BF69E1B1BEC639D63DFE76C9,
3ED1EA36BF45D1A23EF816F0,
3EF01E26BF553E2DBE96516E,
3F726DF0BE96FD22BE0284E0,
BF024B34BBD4024B3F5C5B6C,
BF024B34BBD4024B3F5C5B6C,
BF20CA82BEE64AE0BF228D65,
BEB66278BF58F9B13EC9691A,
BF0D4413BF2333DBBF09A36E,
BF6985F0BED13FD13CEFC7A4,
BF6985F0BED13FD13CEFC7A4,
BF4BA7DB3DDD9D343F189E99,
BF6A363BBE923B79BE921427,
3F337B4ABD8C985F3F35B22D,
3E920EE93E1AAF79BF724BDC,
3F30C543BEAAC322BF244FA0,
3F30C543BEAAC322BF244FA0,
BE73C0C23E78476F3F70C543,
BE73C0C23E78476F3F70C543,
3E0FAD6DBE5778573F77AD6D,
3E9B7564BF73D3C33CCF2CF9,
BD826AA93F7F5F703CEEB702,
BE272DA13F7BFBBDBD88E8A7,
3E0BF0993F5645A2BF07A4E8,
3EC4EA4BBF16A7F03F360E95,
3EC4EA4BBF16A7F03F360E95,
BF15AD973F4F9336BCD7DBF5,
3E03BA343E9549F9BF72A6F4,
BDB02B413F20053E3F469B7C,
BD1279143F3C801F3F2CF8B6,
3EC3B795BF62D42CBE864AE0,
3F00125A3EF7635E3F37F045,
BD419E303F75AD973E8DDD6E,
BE8CE4653F540F673EF9D346,
BE8CE4653F540F673EF9D346,
3C04B5DD3E9AAF793F7406E2,
BEB2DE01BF488B973F039A17,
BEB2DE01BF488B973F039A17,
BF0F88123F3E7FF6BEB9F2BB,
3F29C582BE8EDD05BF31CB68,
BDCA0903BE77952D3F771DE7,
BD124F223EBF27BB3F6D4FDF,
BEE818403E88C5433F59B281,
BEEB72C5BF629889BD919264,
BF78307FBDA353F8BE6D5CFB,
3F50FE48BEDBC558BEC5D399,
BE8471B4BE88CE703F6DA31A,
BECF4491BEB9DC723F56D917,
3DDEB314BE721D543F772DA1,
3E1842313C3A1F4BBF7D234F,
BE0BC409BF6CBD123EB5E204,
3F608B973EF5A7093CAD03DA,
BF51D53DBF0974E63E4C692F,
3E69A2C63F545D643F027BB3,
3DAC51983F6619B93EDC3B4F,
BE8FC654BF1537A0BF433333,
BCBAB2183EB7E5213F6ED86F,
3DB2378BBF7E8534BD80DC33,
3ED652BDBF612839BE67C06E,
3E95EDD03F0DB9633F479336,
3F0C6499BDE9B7BF3F5410B6,
3F1FA82F3E95DA27BF398F1D,
3F1FA82F3E95DA27BF398F1D,
BE4DCB14BF79D14EBDAF4491,
3F4A40B83EC269593EF66CF4,
BF61F9F0BEB2641BBEA16F00,
BF426AA93E4BD1243F1E9058,
BF426AA93E4BD1243F1E9058,
BF5F121BBEA6BB99BEBBE4CD,
3DD02DE0BEAE22E6BF6F544C,
BF20DF7A3EABB6EDBF33ADC1,
BF20DF7A3EABB6EDBF33ADC1,
BF7F3CB43D0216C6BD90092D,
3ED305533EA890D6BF597C1C,
3E0C34C23F43FA6EBF20EF35,
BC85B1853F3FFC11BF294AF5,
3E059F2C3B8073583F7DCF03,
3D9AE9253E798F1D3F77861A,
BF62DA123E69CCB8BECE7818,
BE8134053F04154D3F518FC5,
3B811B1EBE62046C3F79AF3A,
BE7D95573E933094BF6CDB38,
BE7D95573E933094BF6CDB38,
BF712E1FBD7CB924BEA8BEB6,
BF70B6D83EA3B2573DEF1562,
BF70B6D83EA3B2573DEF1562,
3E6110A13EF5AD973F5970F8,
BF3A8199BF2F1DE73D141C82,
3F2288273F1361BBBF03E6C5,
3F5D3AE73ECBB0603E9DBF48,
3EA719F83F10E2193F41D0A6,
BF198A873F21F9F0BEFACC4F,
BF198A873F21F9F0BEFACC4F,
3F1CD0BBBF173F533F066BA5,
BE444A623E0A18BDBF78DED3,
3F6E9100BE849E453E81FF2E,
BF4D79293EA400FC3F00D068,
BED423103F68DCDB3CF91E64,
BED423103F68DCDB3CF91E64,
3EA379FBBF6CC250BE53A3EC,
3EA379FBBF6CC250BE53A3EC,
3F53BF723F0FD9553C2209AB,
BE7B7BF2BF5DC67E3EDEB314,
BD3352A8BEAABB453F711687,
BF7EF2A6BDAE147B3D003EEA,
3F2C62A2BC1081C3BF3D3ED5,
BEDCBA73BF3DEA89BF037BF2,
BEDCBA73BF3DEA89BF037BF2,
3E52DCB1BF60CD21BEDD1A22,
BF27C116BEC859C9BF25681F,
3F3B0015BF271E8EBE4D6CB5,
BD94FDF43F6338713EE8E369,
BDD2C7B93F100496BF52007E,
BDCD4AA13E5EDD05BF788AF0,
BF79CE07BE582A99BD696E59,
BF6748803EDAFB7F3CEE6320,
BF6748803EDAFB7F3CEE6320,
3E5F8CA83EC4F228BF659946,
3F02FD76BE466BA53F564841,
3EC4801F3C56F545BF6C5F5B,
BE1C91D13F3D2F1B3F27F77B,
3EE9667B3E79042E3F5B2F45,
BDEBA4943F7DD3993D78769F,
BF5F2E493D9EECC0BEF7A4E8,
3B026AA9BD96C0D7BF7F4E66,
3B026AA9BD96C0D7BF7F4E66,
3F0333333F268E61BF0F7660,
3E129B28BF7C2D8C3DC3E426,
3D86D1E13E6BD3C3BF788C3F,
3F5689223DD68C693F091538,
3E2CBD12BE3EA0BABF77CA43,
3F05DEBEBB9CA18C3F5A3444,
BF2DC7263F3BFA6EBB5ED289,
3D7ACC4F3F787FCCBE6DEA89,
BF7660803D256FFC3E898202,
3E7E3FBCBDBAF640BF76E19C,
3E7E3FBCBDBAF640BF76E19C,
BEE3A53C3E2F3A15BF611490,
BEC72863BF6A085B3DE90FF9,
BF06FF19BF591FB4BD503D9B,
3F493C8A3E5251C23F153F7D,
3F6E7CAF3D7247453EB7A4E8,
BDBCB9243E8A0A52BF756388,
BDF7B4A23E24C836BF7AC27A,
3EAFD36FBE979D0ABF642AED,
BF0C61523F2A602DBF019ED8,
BF075D793F50F51BBE6E4B88,
BE90ABB4BE022681BF7366F9,
BD66AFCDBF6911493ED1D53D,
BC2B606B3F0CD6A1BF55C28F,
3E888A483DD23A2A3F755326,
3F460FE43E8A2C673F12BF34,
3F460FE43E8A2C673F12BF34,
BEDF2A5A3F03E0DF3F3CED91,
BF2DD788BE895AAF3F2EECC0,
3ECD7B20BD98D25FBF69B329,
3ECD7B20BD98D25FBF69B329,
3F11187EBE5D90193F4B81D8,
BEAB8130BEDB5C7D3F56D528,
3F3EFBD2BF29B5C8BD8100E7,
3DE695963E1F14123F7B3E57,
3D834C1B3E2894C43F7BF91E,
BB9AFE1E3F6257A83EEF30E8,
3E41F9F03F40DD833F2134AD,
BF744D01BCFCF80EBE983276,
BEF8216CBC3020C5BF5FE9B8,
3E9F11733F1F08EE3F382B41,
3E9F11733F1F08EE3F382B41,
BE3818403EB699853F6AB218,
BF31057D3EA28F5CBF261D00,
3F2DDB77BF19FF2E3ED75B81,
3EA291FB3E733DB0BF6B035C,
3E3DC487BEFE392EBF59172F,
BF656ABE3DDB5C7DBEDC7A3A,
3F4383CF3F03DCF0BEC736CE,
BEDA8D65BEDC23B8BF4BAA7A,
BF2C45CCBF2B3EFFBEA1A60D,
3F36ECC0BE06594B3F2FEA60,
3E1EA897BE212AD8BF79ADEB,
BCF2A5A4BF7FBF1FBD0769EC,
3E2FB54A3F25681F3F3E6278,
3F3ED2893DEABDE43F281CD6,
BEA1B08A3F5E516E3EC3B257,
3E323CC9BF3FCB923F239970,
3E818A873F43DC483F17967D,
BF522292BEA7B2033EEF91E6,
BE136A403E91EB853F7299D9,
3AFA58F7BF78F5C3BE6E7D56,
3EE051443E86C8B43F5C08D9,
BF61DE6A3E036651BEE7DBF5,
3EB8C7E3BF317050BF1FBBD8,
3EE9B90FBF0B3BB8BF344285,
3E0E2EB2BF782E88BE4F0308,
BE9B05FB3F5A7BB33ED930BE,
BEDE7EA6BF6212303E352FC2,
BE5EFC7A3F5B7FE13EEEBC41,
3F4110A13F255DA2BDF22D0E,
3CA176DE3E0752543F7DB424,
BF6A493D3EB0AA653E554F37,
3F03443D3D99A9543F5AF1AA,
3E6C17ECBF58B7803EF5A709,
BED423103F68DCDB3CF91E64,
BED423103F68DCDB3CF91E64,
BED5A9A83F1520B03F328F5C,
BF434E123EF2F1AABEE0D456,
3EF43D47BF420C4A3EE3C0C2,
BF5257A8BF0018E7BE8BC16A,
BF2A7EFABF24C1A9BEC119CE,
BF3268B2BF3795D5BBBDBA0A,
BEEE939FBF01D0A6BF399E30,
3EE619113F4635E73EE4245F,
BF50346EBE8F97243F028241,
BE658CD2BE4EF34D3F74100E,
3F4423B8BE76B3BCBF188462,
3F4423B8BE76B3BCBF188462,
BED461FA3F3E1E4F3F06978D,
BF2B404FBF3531BA3E6877EE,
3EE53E2D3E9DA273BF56E8D1,
3D4E464A3F0EC17F3F541BDA,
3E8E7C073F75E0B5BC09CA19,
BF769B7CBE76ED673DF15619,
BE91B3293E3D590CBF70CE70,
3F28FDA03F3A680ABE3CE853,
3B7F9724BE25FD8B3F7C9CF5,
BF6DBC023CC5C140BEBD86EC,
BF2427A63EB9B131BF2D1D69,
3F3B0015BF271E8EBE4D6CB5,
3D7837B53EDDDACF3F6632A0,
3E861284BECBCFD5BF611299,
BF1CF766BF4253113E5FFD61,
BF1AFD76BF4B83CFBD1BDA51,
BF007DD4BF5CE076BD77D955,
3EBA469D3F26DDAD3F2A57A8,
3F0039043E85974EBF53443D,
3F0039043E85974EBF53443D,
BF6ED331BEAC4EF93E033483,
BEB288CEBF6E2196BDEAB8A6,
BDE9984ABF2D88E33F39ED7C,
3EC333333D2BE8BC3F6C6BCF,
3F01CFFFBECE6AFD3F430553,
3F09057D3E30AE533F53AF10,
BCFA82E8BE6730403F794467,
3EBE50C6BDD1EB853F6C341A,
3DE6AFCDBF3B6E2FBF2BF91E,
BED8BEB6BEAC7F78BF574BC7,
BE9696E63D72B0213F7434C2,
BF4C6A7F3F0ADB62BE85B424,
BE93775C3F282C913F325F85,
BE93775C3F282C913F325F85,
BF71B8673E9D09183DF588E3,
3EEE1B09BF4D09C03EC119CE,
3EEE1B09BF4D09C03EC119CE,
3EEDD441BF031A4C3F38F3CB,
BECB0DD8BE69EC2DBF639D5E,
BD1F94853F71AF3ABEA7A398,
BEADB4CC3F56EC183ED94467,
3D82656BBF71C582BEA52008,
BF312253BED67621BF168922,
3DB1465FBF6B497BBEC4D2B3,
BE84BC6ABF0F27BBBF4996FB,
3F260FE4BE96B26CBF33ABC9,
BC42A4553F17F1953F4E0221,
3F300A7CBEB39C0FBF22B9F5,
3D9F4B1FBE89CF573F75BF48,
BF7681EDBE4A10E03E3C6003,
3D3055323DC34C1B3F7E9835,
BE092CCF3B87A8D6BF7DB0DE,
BE092CCF3B87A8D6BF7DB0DE,
BE16555C3EAEAC86BF6DB036,
BE2C764B3ED887A93F63EFF2,
BEA09D493F48AA653F092F6F,
BEA09D493F48AA653F092F6F,
BEB52A843CBB1AF4BF6F5E20,
BEC5143C3F0D4FDFBF3D5BAB,
BF62E9CDBE46D71FBED72DA1,
BE2B33DBBF1216C6BF4DD24A,
3E85CFABBF69EA363E9F4C6E,
3E0D96A7BEAA25D9BF6ED7C7,
BF190ABBBEB41DD23F38663C,
BE76FFC13F64C6E7BEC1BDA5,
3F04FAADBF4D0481BE9894C4,
3F04FAADBF4D0481BE9894C4,
3F1A9E6FBF43EA0CBE63EC03,
BF2D7492BF0ABDE4BEFE8FB0,
BE0F3776BF26DD05BF3ED091,
BD249E453ED44BB2BF68BAC7,
3F068C69BF1A8241BF197E13,
BEFD5E4ABF2582FD3F14A383,
BEFD5E4ABF2582FD3F14A383,
BE9EF34D3EAC1E79BF639FFD,
3F0CACB03C609FE8BF55DB77,
3E7028A2BE1D6627BF75BAB2,
3E7028A2BE1D6627BF75BAB2,
3E249BA63E524F223F7723CD,
BEFB3FA73F45B4243ECE924F,
3F06E782BD9D1F603F58AE53,
3E222BBFBEB35E74BF6C52E7,
3F7E85343DDA07B33C624357,
3CA8826BBF7FC30D3D1AD42C,
BECF266C3F43B257BF007F24,
BF7608AF3E5ECFEABE2E6080,
3F48A5CE3EAD03DA3F056430,
3F3DACEFBE2B55EFBF268145,
BF0B2CA5BF0C5E0BBF22ACDA,
3EA2AD823ED7F8CB3F5963DC,
3F51081CBD3EA0BA3F134F61,
3F51081CBD3EA0BA3F134F61,
BEF5BFF0BF2FD75E3F0BB44E,
BE940F67BF63328B3EB7B4A2,
BF31DF113E3928E1BF3232F4,
BF31DF113E3928E1BF3232F4,
3E312EC7BF493FD1BF17E5C9,
3E312EC7BF493FD1BF17E5C9,
3DA862F63DCC1FC93F7DDACF,
3E339970BEEC61523F5E9985,
BF0F14BABEFFF9723F295BFF,
BF421188BF001F753ED61523,
3F7CA7723E24D552BBE9A2C6,
BF651B713ED6833C3E1D1245,
3F23EAB3BF433B10BDBBFC65,
3E920EE93E1AAF79BF724BDC,
3F2487FDBF3CD552BE53ED52,
BF2B404FBF3531BA3E6877EE,
BDF3E575BF43BADC3F222920,
3D4DB37D3F5622E6BF0BB3A7,
3F42B40FBCA75CD13F2620EF,
3F11F213BE34C1A93F4D696E,
3EC0C0AD3E9189373F61B9B6,
BEE46349BF65143C3C8793DE,
BE9BC5583EE5158CBF574A77,
BE3818403EB699853F6AB218,
BEE14F8BBF4D81AE3ECE04C0,
3F497A25BE2FF6D33F17AEBC,
3F497A25BE2FF6D33F17AEBC,
3E4703B03F02DB623F56540D,
3E4703B03F02DB623F56540D,
BF18FC503F3DDCC6BE9BFDB5,
BF4EEB703E5DBF48BF0C2B95,
BEBCCCCDBE8234ECBF64E1C6,
BF5C50483E91ADEBBED84231,
BF5C50483E91ADEBBED84231,
BF41B5C83EE28E0DBEF66BA5,
BF3DC098BEAD8EC93F14523F,
BF3DC098BEAD8EC93F14523F,
BDD80B243F24577E3F426B51,
3D4D40253E965FD9BF745F5B,
BBFCA42BBE573C0CBF7A45F6,
3E8E7D563ED0AE53BF5EA6A0,
3E489CA23E7136A43F73B060,
BEE482BFBEC11C6D3F4FBF1F,
3CCEAF25BEB2FEC5BF6FC265,
3CCEAF25BEB2FEC5BF6FC265,
BEFCD8993F597EBBBE3DB22D,
BEFCD8993F597EBBBE3DB22D,
BE65A1CBBF57C06E3EFA8827,
BE65A1CBBF57C06E3EFA8827,
3F099D883E5B8BAC3F50C543,
BF559946BEE90FF93E9F266C,
BEF76C8BBEFAF790BF39B3D0,
BEF76C8BBEFAF790BF39B3D0,
BF45E93ABDA5E3543F210CB3,
3D6540CCBEDED677BF660957,
3D7E86833E2A71DEBF7BED52,
3E0F9B133ED353F83F666517,
BE84E50CBDFA05143F753E2D,
BE84E50CBDFA05143F753E2D,
3E900150BE51CEAF3F700000,
BF4C32CABE914A4DBF083D9B,
3F750093BD4B6849BE9244A6,
3E01DFB9BF41F16BBF23EA0C,
3E01DFB9BF41F16BBF23EA0C,
3F604B5E3E1468883EEB630B,
3EBB5C7D3F219264BF2F1562,
BE557BC83F7A21EA3D3035BD,
3E370260BDD47065BF7A79BC,
3E3E5F31BF6DC5D6BEA42310,
3E3E5F31BF6DC5D6BEA42310,
3D8FFEB03EF47AE13F603516,
BD94B9CB3ED558643F67F8CB,
BEA05BC03E6ECBFBBF6BAD19,
BF354174BE6EFB2BBF2A9FBE,
BF1C100EBEDAC9B0BF2AEB1C,
BF1C100EBEDAC9B0BF2AEB1C,
3E17F0EDBF789763BE3F9F02,
BF759019BE89C77ABDB0ED3E,
BECE3E6CBD5E54B5BF69E647,
BEDDF6553E582FD7BF604578,
BE7A7DAABF45FB94BF15BA0A,
BF34299E3E32DA12BF304A0E,
BF34299E3E32DA12BF304A0E,
BDAD5CFBBF45AC473F2137F4,
BED7BF1F3F6771223D9205BC,
BED7BF1F3F6771223D9205BC,
BD31EE24BD49BA5E3F7F7271,
3F58385C3EF0D1B7BE82EF0B,
3E8AF7903F05FF823F4EC4C6,
3F1E6BA53E61ECD53F41003F,
3F336502BF2EBB99BE547D80,
3E9426FEBF7499AF3D6CFE9B,
BF0507213F3AC7113EE39FFD,
BF1A2920BEB1A8ACBF38110A,
3E0C73ACBF7D8A333C9018E7,
BD9BCFD53F33C4B1BF353847,
BF38902E3E3CF2D0BF2B0015,
3F0F90973EBECD4BBF3D4563,
3EF83BA3BE73B646BF577319,
3EF83BA3BE73B646BF577319,
BF0562E1BCDF8F47BF5A64C3,
3D7F822C3F32D2DDBF367D56,
BBF1800ABE650EFE3F79815A,
BF7A38DABCF98740BE560BF6,
BF7A38DABCF98740BE560BF6,
3E2AF252BE9A415FBF7055DA,
3E2AF252BE9A415FBF7055DA,
BEB0092DBE9C63F13F635200,
3F2848173F3BCB3E3E30ABB4,
BE8295EABEDB367ABF5DF1BF,
3F52C519BF049A56BE6D96A7,
BF0CAFF73C0A71DE3F55DD6E,
BF32EF0BBF315D4F3E3590C1,
3F6AF4493EB83F92BE2BD902,
BF04AAB9BF0F6018BF257732,
3D86D1E13E6BD3C3BF788C3F,
3E940789BF71AD433E2277C4,
BE93E187BDAF1AA0BF741BDA,
BE47064F3F42E3E73F1E5C92,
3E815A08BE16D86FBF74CEC4,
3E815A08BE16D86FBF74CEC4,
3E9EE8D1BE8DDD6EBF68CA82,
3F2CF3773E72E48F3F32B55F,
BF1BA0A53F0D0721BF12617C,
3F17D220BF2CB87C3EE0FBA9,
3EEA6DF0BF6368F13D1018E7,
BF1F74693F47C1BEBD66E43B,
BE812C28BE895FEEBF6E0179,
BF2B4396BE5930BEBF365D3A,
BF4DD4413EC6A93FBEE6AFCD,
3DD0C0ADBD05F06FBF7E87D3,
3D27136ABEFC764BBF5E7818,
3E3D92B8BD96ABDEBF7ADEA9,
3EA27D03BE232A063F6F505D,
3BA03C4BBEFC59753F5EBE38,
3BA03C4BBEFC59753F5EBE38,
3F460FE43E8A2C673F12BF34,
BF7815A0BE7BB83D3CB00BCC,
BF6ED331BEAC4EF93E033483,
BE1C91D13F3D2F1B3F27F77B,
BF136F7EBEDC193BBF32031D,
BF369835BF1BA29CBEB295EA,
BF2B81D8BEDA14CFBF1BAA7A,
BDBCF80E3F559C8D3F0B18FC,
BEA83CF33D525EDDBF716DB1,
BEA83CF33D525EDDBF716DB1,
BE71244A3F02F6E83F538B05,
3E9ADC0ABF62A3AD3EB4D6A1,
3E9ADC0ABF62A3AD3EB4D6A1,
BEBB04ABBEF89B52BF4B5350,
3EEAC8603F24FE9BBF1CA0E4,
BF49D68CBF1BBC2C3DBA732E,
BF7777AFBE830A913BC447C3,
BEB2FC263F006595BF4A95EA,
BEAD306ABF68548B3E7EE243,
3E2F6E833F6F3B643E9FC116,
3E2F6E833F6F3B643E9FC116,
BE80FE48BF71F4B23E54EE39,
BE0AF4F13F001B86BF5AE686,
BEDCBA73BF3DEA89BF037BF2,
BF6743423D8A3832BED8D79D,
3F502A993D1AE9253F14B146,
BEF302B43DD9945BBF5FAE14,
3F657BC83EDD4FDF3DC87FCC,
BF1DA123BE1EB0753F45C67E,
3EDEE2433E0602C9BF640592,
BD5EC80CBF01906DBF5C5A1D,
BD5EC80CBF01906DBF5C5A1D,
BEDF27BB3E9DA1233F58811B,
3E8D3459BF7486ADBDDC3DEE,
3E8D3459BF7486ADBDDC3DEE,
3EA2AD823ED7F8CB3F5963DC,
BF1749CFBE31758E3F49B131,
3F1687D3BD415F46BF4EB65B,
3F2A656B3E82D624BF338088,
BC5898B33EBFF434BF6D4DE8,
3EB609573CC1BDA53F6F3238,
3F37A249BE85F84D3F254F37,
BE959F2CBF6DE69B3E67429A,
BF131466BF446F15BE91D7DC,
BE96E43BBF6D9E84BE689763,
3EB1F7513EFD0BB73F4BFC65,
3EB1F7513EFD0BB73F4BFC65,
3E0022143F4C2657BF171B48,
3DEBD3C3BF7E2CBABCFCCE1C,
3F515BFF3F0A8CBD3E485879,
3C92A3053F54E8533F0E132B,
3EC6887BBF3F8812BF09D5E5,
3F1EAC86BCBC169C3F48CF18,
3CDE7EA6BF7335D23E9F3626,
BD4D7F0FBF127A63BF518F1D,
3F1C8605BCD0FA59BF4A786C,
BD8BB6ED3F22D624BF44C3A0,
BEFC6FBDBF5E33F0BD736CDF,
3E9F62B73F4FC1BEBEFD288D,
BF12FB7FBF4FEEF63DD320DA,
BED191153F6139EBBE778AB1,
3DF51ACABF74970FBE8A2B17,
BF5AB94EBEF82A99BE3FD0D0,
3F62F7903EE1259A3E12EC6C,
3EF323793ECAF4F13F4924F2,
BF600F13BE9E3D1DBEBE8295,
BF405879BEC0A7C6BF0AC7B9,
BF405879BEC0A7C6BF0AC7B9,
BF0BA4943E5B42463F4F707A,
BF0562E1BCDF8F47BF5A64C3,
BE05E0B5BF78FCF8BE44CAD5,
BE05E0B5BF78FCF8BE44CAD5,
3F2F0E2CBDBEC56D3F3943BF,
BEDF2A5A3F03E0DF3F3CED91,
BF0BA4943E5B42463F4F707A,
BE17E133BD25E3543F7CF4C7,
3DD3DD98BF1C38B0BF4911F1,
3DD3DD98BF1C38B0BF4911F1,
3EA70B8D3F1793DEBF3CA2DB,
3F0A97393D80A287BF56A401,
BD4692F73F018B2F3F5C7454,
BE898351BDE4302B3F74F030,
3F19C62A3F24562E3EF3FE5D,
BF5BC4093E9A88273ED450F0,
3ECE8FB0BF60FCF83E82602D,
BC24A8C13DED91683F7E425B,
BCA305533F189AAABF4D7A78,
3ED6C7653CAB606B3F68533B,
BF1FAE143E015A08BF457732,
3EB86595BF34B09F3F1C2A45,
3EB86595BF34B09F3F1C2A45,
3EAE8BC13E89945B3F66A012,
BEAB573FBEA77D953F623CC9,
BEAB573FBEA77D953F623CC9,
BF0995AB3F49930C3E9A9692,
BF4584F53F22D96ABBC0053E,
BF4584F53F22D96ABBC0053E,
BF1FE32A3F039581BF1685DB,
3F6335D2BA8AEFB33EEBE4CD,
3F5E15CA3E4708EE3EEA6B51,
3D8678C0BDCC4EF9BF7E2AC3,
BF0507213F3AC7113EE39FFD,
3EA307F23E201A373F6F5A32,
3E9B7564BF73D3C33CCF2CF9,
3E9B7564BF73D3C33CCF2CF9,
3F2FB8913E94E65C3F2AA1B6,
3EFF9F02BED0A1383F43C0C2,
3EB58A33BF5700693ED26FE7,
3E11FDDF3727C5AC3F7D62E1,
BE68BEB6BF3385C6BF2CFAAD,
3EF58A333DCA6224BF5F3626,
3D9AE9253E798F1D3F77861A,
BF1BE61D3F4390EB3E5A9004,
3E9F7271BF66B3143E9A5F85,
BE022BBFBF5EF1FEBEF3150E,
3EA7D1783F044DA9BF4A7675,
BED7CED93E09691ABF65974E,
BED7CED93E09691ABF65974E,
BF4B2F45BF0E26D53E7E670E,
BF639B67BE00663C3EE16484,
BF4D21573F0262CCBEA0B8D0,
3E95182B3DCA137F3F739970,
3E95182B3DCA137F3F739970,
3EC1D3ED3EB974E63F5A0C4A,
3EC1D3ED3EB974E63F5A0C4A,
BF704D55BEA8A9BD3DD07747,
3E37689D3E8E7968BF7193B4,
BD8E171ABF479F02BF1F4928,
BE6070B9BF0A91FBBF4FCF81,
3EDBCFD5BF6505D13DFDA512,
3EDBCFD5BF6505D13DFDA512,
BEA58E223DEEA748BF70678C,
3E8DCC643F599E303EE55C53,
3E8A90043D79D0A63F75F3B6,
3E97689D3E499D883F6F4D16,
BF607161BECEE4E2BE858F71,
BF607161BECEE4E2BE858F71,
BF79A9543E29F6A9BE15A31A,
BF245B6CBF43295FBDA6BA49,
BF61F2BBBEDEA748BE36D86F,
3F716484BC26CA043EAA64C3,
3E838DA4BEA95E9EBF6875F7,
BE69B7BF3F3A26813F25BDF9,
BEAAEA743F68A1383E805293,
BD1D9D34BEE45CBCBF64EA4B,
3F4622E6BEBFE47ABF02A8EB,
3F0306A33E3E5F313F56B702,
BEBC8B443F008EDEBF484D55,
BCA454DE3F68F4733ED40E17,
BF4EBEE0BB92CCF7BF16F7E4,
BDEB26C0BF5E9A2C3EF5EC81,
3DBC74FBBF7A09ABBE467DFE,
3E1F60183D9F2BAABF7C1893,
BE523CC93E6708EE3F73CC8E,
BF3729B3BE861523BF25CF03,
BF69A8ACBEB1AB4B3E5CD0BB,
3D9F4B1FBE89CF573F75BF48,
BDC2949ABF7D31BA3DE77C46,
BF1FAE143E015A08BF457732,
3DEBD3C3BF7E2CBABCFCCE1C,
3F10E7583DE90FF9BF51057D,
3E4322293E47D0293F764B88,
BF5E3A7EBEF44674BE0C710D,
3F1888513F48A9BD3E33165D,
3F1888513F48A9BD3E33165D,
3E49A805BF763886BE42BBED,
3EF3F291BE447C31BF5BA5E3,
BCF12C283F7C8B44BE24EF89,
BF3D7B20BEE134053F023444,
3E77DBF53F61FE873ECE2196,
3EDFB3FA3EBA18BDBF52A305,
3EDFB3FA3EBA18BDBF52A305,
3D02F2FA3EFC0981BF5EAF25,
BF1139433F34486BBEDA93F3,
3F4BF9C6BE7D5E4A3F0D2157,
BF0F14BABEFFF9723F295BFF,
BE99A6B53F3D5CFB3F1A30FD,
BE99A6B53F3D5CFB3F1A30FD,
3E174BC73F3277C4BF3398C8,
3F7F01B83D9BF488BD34B72C,
3E7E3FBCBDBAF640BF76E19C,
3E2C08313F69ADEBBEBE94EE,
BED689CA3EC385C63F52E297,
BED689CA3EC385C63F52E297,
BDF4299E3E85A31A3F753C36,
BDF4299E3E85A31A3F753C36,
BE8D09183F245F5B3F372713,
BF0995AB3F49930C3E9A9692,
3F4F7510BECEEA21BED9320E,
BDD2C7B93F100496BF52007E,
3E475A32BEB048173F6B1F8A,
BF3000A8BE5D3ED5BF317ACC,
BE32007E3F798BD6BE0F4491,
BEBFFEB0BF6C6738BDA69AD4,
BF3F9A6BBF152935BEA22D0E,
BF5FA58FBE8C0592BECE132B,
3B55A5B9BF7FF972BC5F7A4E,
3DC92253BF7EB7023C9E3001,
3E41C0443EDC26573F61FE87,
3E8FA97EBDBD21FFBF749321,
BE7DA273BF71CC103E5CE076,
BF34F0D83F0D75E2BEE22531,
BF34F0D83F0D75E2BEE22531,
3EF07B35BF602A99BDE6277C,
3F2FD0293E9CC2503F28C49C,
3F218698BE8984A13F3A53B9,
BF6D6E053D7620EFBEBCF6BE,
3F6DC7CE3E18769F3EADB61C,
3EB9042EBF11ED7CBF3CE65C,
BE02CE46BE52A5A43F7861A6,
BE7EEA21BF639ABFBEC4AE00,
BEEFEEF63F544913BE9BEF4A,
BCBBECAB3E21DD1A3F7CB685,
BE7D63883DF21816BF762F5A,
BE8562E13E0DA900BF749C4E,
BE8586443D0C0054BF76FC7A,
3D88BEB6BF73D9A93E980F13,
BCD2DCB1BF7FE2823C7D75E2,
BF5D5B03BF00941D3C13F291,
BF769B7CBE76ED673DF15619,
3DD0DAE4BF3DD2F2BF29C4DB,
BDCE9A2CBF086834BF571609,
BF69C821BE033C60BEC60D45,
BF6E108C3E9C4EF93E51E647,
3E8540CC3F019CE0BF52786C,
3F7AC0833DE8240B3E2A8438,
3F109D49BF1A79143F1015A0,
3D9D883CBF0712C2BF589225,
BF1FAB753EBBD1243F30B2EA,
BEF522A7BE27A398BF5CCEC4,
3E0840E13F7DB0363C88E369,
3F19BCFD3EEC471B3F2729B3,
BEF357E63EEB866E3F400000,
3C8FB00C3F5F64AE3EF9E450,
3C8FB00C3F5F64AE3EF9E450,
BF319E30BF2C26FEBE83F141,
BF319E30BF2C26FEBE83F141,
3D33482C3F7A81993E4E3151,
3F58385C3EF0D1B7BE82EF0B,
BF78C2A4BE26516E3E2F88B9,
3F399A413EE28B6E3F071DE7,
BEF6CCA33F45C5D63ED39ABF,
3F1CA969BE8B52003F3E1B09,
3E17635E3F4EE9793F11EADD,
3D95182BBF70A6763EAA97E1,
BDDED7C73ED6BA49BF66B8FA,
BF2F95D53F31F01C3E5CB146,
3F3D37A0BED1815ABF08F7BA,
3ED9D3463D848BEBBF671562,
3F491687BC5ED289BF1E63C7,
3F3E6F933E92E1EFBF1A8588,
3DF7BF1F3F482F303F1C88A4,
BF0ED1E1BE7F4342BF4AA5A4,
BF7110A13E9EBD903E061523,
BF72C27A3DDA9004BE991149,
BF4F75B8BEA192643EFCBFB1,
BF4F75B8BEA192643EFCBFB1,
BF63D70A3DD8201D3EE31CEB,
BF4C1BDABF1A47453D096BBA,
3EF04D55BF488EDEBED0956C,
3EF70B8D3EA667B6BF50385C,
BF0B458DBF56C95CBC279BBB,
3F0BECAB3EEA99313F337026,
3F2CCAD5BF34E9A33E594318,
BF0615CABF5A1188BBF9096C,
BE5DD6E0BEEDAA503F5BDC48,
BD74D163BEA02B413F72AB8A,
3F4D5B033F00E4B8BEA4577E,
3F493C8A3E5251C23F153F7D,
3F593C8ABD0EF34D3F0725C4,
BF5255B03E2B55EFBF0B8088,
3EB862F63F06FFC1BF4501E2,
3F32B7FEBF18A5CEBECAEBC4,
3F458B82BEF6BE383ED486AD,
BB9AFE1E3F6257A83EEF30E8,
BB9AFE1E3F6257A83EEF30E8,
3F3E6A55BF14E26D3EA8A71E,
BE9B15B5BD86AD2E3F73645A,
3F0318FCBF01E1B13F316D09,
3F0318FCBF01E1B13F316D09,
BF4A0F91BE97381DBF09CEAF,
BF3CAA11BE636B90BF236E2F,
3E47136ABDBB938A3F7A046C,
BE8846203DE23E183F7523F6,
BEBAE1483F688AF0BE50EFDD,
BF28403A3EFD013BBF11AFE2,
BE65436C3EBD273D3F66E19C,
3EEE392EBDB0D307BF618549,
3E9A6F3FBF737DE93D8710CB,
BE443D473F6681453EC7F77B,
BE443D473F6681453EC7F77B,
BF0CAFF73C0A71DE3F55DD6E,
3E870111BEEC3C9F3F58DB8C,
BF7E6E443D042D8C3DD88E37,
BEE9F7F9BE94E11E3F573238,
BE85A07BBF0A83903F4CA8C1,
BE85A07BBF0A83903F4CA8C1,
3E18F9B13EB1A4BE3F6D07C8,
BDD8E7583F061BB03F585E5F,
3EF1D3EDBCB4245FBF61930C,
BF198A873F21F9F0BEFACC4F,
BF1D9DDC3F3315B53EB9B3D0,
BF6748803EDAFB7F3CEE6320,
BEA83CF33D525EDDBF716DB1,
BD8029F13E94A8C13F74725C,
BDC9A027BD1E4F763F7E9058,
3D98E219BD5D8D7A3F7EE8D1,
3D98E219BD5D8D7A3F7EE8D1,
BE23497BBEF83CF33F5C2507,
BE68BEB6BF3385C6BF2CFAAD,
BE68BEB6BF3385C6BF2CFAAD,
3D88BEB6BF73D9A93E980F13,
BF677D95BDF8E9F73ED193B4,
BF2491D13F4183F9BDFD805E,
3F7D6E053D060568BE0CCA2E,
3F3D4DE8BF267C07BE321816,
BDBDC4873F19FC8FBF4B20DA,
BDDA415FBF7DEBD93D8E2196,
3F083F92BF27C5ACBF0934AD,
BF32AB8A3E89B3D0BF29EB85,
BE30A6763F00995B3F58E7FF,
3E8540CCBE89BE4DBF6D6388,
3E8540CCBE89BE4DBF6D6388,
BE08AC5C3E8DA661BF739F56,
BF04985FBEBAA64C3F461A61,
BEFF7CEEBF4CCC25BEAA97E1,
BEFF7CEEBF4CCC25BEAA97E1,
BF01A21FBF4A584FBEB08073,
BF01A21FBF4A584FBEB08073,
BF2532613F05FAEC3F0E7579,
BF40B04B3EA928E13F11C971,
BF2427A63EB9B131BF2D1D69,
3F303EEABE1835163F35BA0A,
3F303EEABE1835163F35BA0A,
BEA32B56BE58F1D43F6C8366,
BE16A4013EEDD97F3F5F8CA8,
3F06E782BD9D1F603F58AE53,
3F06E782BD9D1F603F58AE53,
3DA7D5673F6E848C3EB52BD4,
BDCB3919BF75E54BBE85104D,
BDCB3919BF75E54BBE85104D,
BC2ED139BEFA0E413F5F6018,
BF6FD0D0BE5F9F02BE8BFB16,
BF6FD0D0BE5F9F02BE8BFB16,
BE7A6613BF34F180BF29EECC,
BF2CA9693F278A093EAEFC7A,
3E89C4DBBE71E647BF6F06F7,
BE23A29C3EA356973F6F266C,
3DE7B0B4BD897B74BF7DC67E,
BDAA161E3F0DB036BF5426FE,
3EE20AFABF5412063EB081C3,
BF40F27C3EE5F1BFBEF5AC47,
BF40F27C3EE5F1BFBEF5AC47,
BF399F80BF2231A53E8A2DB6,
3F4729B3BE86A6A03F1212D7,
3EA291FB3E733DB0BF6B035C,
BDBCF80E3F559C8D3F0B18FC,
BE026AA93F30216CBF36E4E2,
BE38F1D43EF648413F5B9F56,
BF00307F3F48198FBEBE670E,
3ED079E63F4271DEBF01D9D3,
BF30F66ABEBD566DBF1EED67,
BD15421CBEBB1D93BF6E1BB0,
BE3EECC0BECE718BBF655A5C,
3DF1A4BEBF0B0942BF54D20B,
3DE6AFCDBF3B6E2FBF2BF91E,
3DE6AFCDBF3B6E2FBF2BF91E,
3F2836653F31CD603E9606B8,
BF1247453E6769ECBF49F7F9,
3F26BF87BE919CE03F34154D,
BDD80B243F24577E3F426B51,
3F1E848CBF137FE1BF0892CD,
BCFC115E3F5486ADBF0E7FF6,
3851B7173F6230FDBEEFC7A4,
BF1687D33F28C3F43EEFF434,
BF78B8D03E71A21F3C9E6EEB,
BF78B8D03E71A21F3C9E6EEB,
BF1505D1BF50110A3CC05921,
BDC0C73BBEEC0981BF61E450,
3F55E69B3F0388663E474539,
BF704D55BEA8A9BD3DD07747,
BF341FC93D44912A3F357F0F,
BD0A5CE6BE32862F3F7BEEA2,
3EA379FBBF6CC250BE53A3EC,
3EA379FBBF6CC250BE53A3EC,
3F7E1B093DAD86ECBDB2031D,
3ED97E13BEC0980B3F52CCF7,
BDF861A63F7C43D43DF482BF,
3F0E8FB03F4F3387BE3EF73C,
BEAA8D65BEA075F7BF63A7DB,
BF1D59B43BF8B589BF49ECD5,
BD6ADD593F7F64AE3D1BBADC,
3E41FC8F3F2DEFC83F3577D9,
3F4B33333C21DFB9BF1BB060,
3F4B33333C21DFB9BF1BB060,
BEEFEEF63F544913BE9BEF4A,
3EA079E63EB37F393F61ED7C,
3C8366513ED9D7343F67A2F0,
3C8366513ED9D7343F67A2F0,
BF2E1E4F3D938EF33F3AC27A,
3E6C17ECBF58B7803EF5A709,
3F33C9EF3D9412063F354C98,
BD91EB853F1B923ABF4A7C5B,
BD67DFE33E3D39973F7B2CA5,
3E03BA343E9549F9BF72A6F4,
BF62DF503EEB66F9BD68BC17,
BF2B9970BE1CC3A03F39E300,
BF2B9970BE1CC3A03F39E300,
BF175254BF2D2F1BBEE0E560,
3ECE939F3E2FBFC6BF66147B,
3D7E86833E2A71DEBF7BED52,
3D7E86833E2A71DEBF7BED52,
3E475A32BEB048173F6B1F8A,
3F73C7F7BE9B3BB8BD1172EF,
3CCAC0833F0ABB453F570E2C,
BF42339CBF140B78BE99AD43,
BF42339CBF140B78BE99AD43,
3E83E426BF119A413F47F77B,
3F61E2583EED0679BDACC4F0,
3EBBC558BE3913E83F69A027,
3EE70260BE4804963F5EEC18,
3F60C5EBBC97E1333EF4DFCE,
BF72DFF8BCD81ADFBEA1450F,
BD8A09033EC6BE38BF6B4B73,
BF31E300BF14D0BB3ED8C2A4,
BEFEA9E7BF5DEFC8BD0331E4,
BEFEA9E7BF5DEFC8BD0331E4,
BEA749283E9B3BB83F6529DC,
BDCF18013E230A91BF7B67A1,
3E70B3923E98240B3F6CEA4B,
3E490D5A3F108AF0BF4D3997,
3E060D453F01D68CBF5A1230,
BE8CB3E53F599E303EE60957,
BDB7B4A23F6B22293EC53112,
BE9295EABF70CDC8BE3AACDA,
BEE8C693BF63DA51BD08AEFB,
BE7CE5B4BE9F32383F6AF3A1,
3E47B5F2BF34CD75BF2E392E,
3E215CA7BF1C5D64BF46A401,
3E8D0A673EE2E1EF3F5A6373,
3E98A5CEBE4C9321BF6EF1FE,
BF00307F3F48198FBEBE670E,
3E835A863EFC2A45BF54E5B4,
3F0CC0593EB6B7AABF415571,
3F3F1023BDEF8DF8BF27BBD8,
3F6AF4493EB83F92BE2BD902,
3F2CCAD5BF34E9A33E594318,
BF0C5A1DBF4D551DBE728B6E,
BDF2E9CD3F669EC33ED5CE5B,
BCB4CC25BF7DA512BE08BEB6,
BE6F34D73D8FB54A3F7844D0,
BEE6887B3E8CC8DE3F59797D,
3E718A87BF09057D3F4FA440,
BE97928EBF1ECA043F39F40A,
BF04985FBEBAA64C3F461A61,
BD2602C93F422142BF268F08,
3EEA8C15BE8E44FA3F582752,
3D95182BBF70A6763EAA97E1,
3F00125A3EF7635E3F37F045,
BF1EC765BDB28B6EBF47913F,
BF06AC86BF5506793E33B8E5,
BEDA8D65BEDC23B8BF4BAA7A,
BF26887BBCD25EDDBF4251C2,
3EEDD441BF031A4C3F38F3CB,
3EEDD441BF031A4C3F38F3CB,
3F56410BBED5681F3EB59B3D,
3EC7D9553F629739BE81BDA5,
BF7A71DE3E4DC098BD4F80DC,
3F51D1F63F111E64BDAA161E,
BD8A38323F1399703F507358,
3EF0053E3F5982AABE775105,
BD78E9F73F6B3483BEC7BB30,
BEAB43963F13D1CCBF3EA93F,
BD26B50B3F4B367A3F1B57E6,
BD26B50B3F4B367A3F1B57E6,
3D430D30BF7FB3FABBF1D3ED,
3D430D30BF7FB3FABBF1D3ED,
3E7D1245BF5B4D6ABEE7DBF5,
BD706F693F6C30D33EC32F45,
BF38A138BF2B9B673E32DCB1,
BE4DCB14BF79D14EBDAF4491,
BE523CC93E6708EE3F73CC8E,
BE89FD373D6BE37EBF7615CA,
BF03AE68BEE74FB5BF3A99D9,
BF03AE68BEE74FB5BF3A99D9,
3F3E58A3BE37C45D3F24E7AB,
BEFABF34BF5398C8BE8E0C9E,
BEFABF34BF5398C8BE8E0C9E,
BE774928BF73C16ABE3FBBD8,
BE774928BF73C16ABE3FBBD8,
3F38EE8DBF27C6FC3E61CD60,
3F38EE8DBF27C6FC3E61CD60,
3F0C0B783E978423BF48754F,
BF5842313E1DDC1EBF033094,
3EA83E42BEBEBEE03F5E2E0A,
3E1F1E8E3D778FEF3F7C6A7F,
BEE482BFBEC11C6D3F4FBF1F,
BF60EF353E6BD124BED624DD,
BF6F72713EAC4EF93DDF45E1,
BE553F7D3F76A162BE2CD9E8,
BF341FC93D44912A3F357F0F,
BE8E69AD3D1522A7BF75B8BB,
BE5290ACBF34BF0ABF2D7B20,
3EA85B18BF268922BF2F429A,
3F3B37CA3F2D306ABDB165D4,
3F3B37CA3F2D306ABDB165D4,
3F6B71763EB47842BE310F52,
3F6B71763EB47842BE310F52,
3EBB26C03EA6E2EBBF5F3238,
3E9C62A23E71F6013F6C245F,
BE8EECC0BE569EC3BF6FE521,
3EB30A913E554C98BF69D5E5,
BCEDA6613EF04578BF61F01C,
BE953B8E3F064452BF4CCB7D,
BE65436C3EBD273D3F66E19C,
BDCD4AA13E5EDD05BF788AF0,
3F4488A4BE5BD274BF1A90AC,
3F27B891BE0E4B88BF3E1B09,
3F3D249EBE0108C4BF29782D,
3E013FD13F78D4563E4B04AB,
BCE108C4BF7D90C13E0A0E41,
3F58FBA93E7ACEEE3EF10625,
3F46CD4BBE9581063F0EEAC8,
BF365BEA3F0E0AA6BEDC0C20,
3F0B23793E841DD23F4C7B89,
3F03035CBF5228783E81B329,
3EB8C7E3BF317050BF1FBBD8,
3EB8C7E3BF317050BF1FBBD8,
BF1BE61D3F4390EB3E5A9004,
BCE392E23F2669ADBF426762,
BF65C0983E390EAABECE00D2,
BE92E33F3F1CCEC43F3C8E8A,
BDB55EF23F24115E3F433333,
3F2D0870BE0B2E9DBF396E59,
3F304CAD3DE1EA363F377510,
3F304CAD3DE1EA363F377510,
BF4B923ABEC7635E3EEDF506,
3E9CFBFCBE0E703B3F710E02,
3E9CFBFCBE0E703B3F710E02,
BF0C58CDBEF840E1BF2E7232,
BF322C67BF333483BE23C212,
3F147E28BF3769EC3EC670E3,
BF77822CBE684620BDF079E6,
3EFA9692BF5F1BEF3CF6E829,
BF77F38C3E4BC6A83E18DA3C,
BF533BB8BF10902EBC870111,
3F44779ABD1244A63F23DE40,
BEEB7953BEFF16B1BF3C2AED,
3EAA12303F6EEE0FBE0B8A5D,
3E8367A1BE40BF5DBF72B021,
3E8367A1BE40BF5DBF72B021,
3F5AAC32BC47B891BF0512EC,
3F5AAC32BC47B891BF0512EC,
BF550529BF0D7D183D3CD35B,
BF660DEDBEDF5AD93D3D273D,
3E3B3A693F4020C53F2293F3,
BF79CE07BE582A99BD696E59,
3F21BB06BE9E78183F35EFC8,
3D7064EDBEB50093BF6EFFC1,
BE1640643F4721D53F1C6F15,
BD4710CB3F22A8443F454AA1,
3E0EE632BF7AFC263E0E5DE1,
3E0EE632BF7AFC263E0E5DE1,
3E0C73ACBF7D8A333C9018E7,
3E0C73ACBF7D8A333C9018E7,
3E1318FCBF1C5D64BF4754F3,
BE8E58A33F618DCE3EC3EC03,
BE8E58A33F618DCE3EC3EC03,
3E36D331BF7B760C3D6A7EFA,
3F304817BF39800ABCE2AC32,
3F304817BF39800ABCE2AC32,
3F72617CBA8D8EC9BEA4C6E7,
BE9AAF79BF67E1DABE981ECD,
BE9AAF79BF67E1DABE981ECD,
3F141F21BE69BF9CBF487400,
BD9BCFD53F33C4B1BF353847,
3EF6C615BF4B87BEBEBC8C93,
BE36F2A6BF296FA83F3A602D,
3DA63C753C9CB685BF7F1BEF,
3F4473ACBE3BDA51BF1D475A,
3DF449133F76BAF13E743E96,
3ED32B56BF3842D93F0EF3F5,
3ED32B56BF3842D93F0EF3F5,
BE3A31A5BF7B5350BD64CD75,
BDAD5CFB3DC9320E3F7DD6E0,
3EC6AE7D3E6AD57C3F6484B6,
3DEC0D6FBF79D53D3E3DB22D,
3DEC0D6FBF79D53D3E3DB22D,
BE2014F9BF184620BF49DBCB,
BE2014F9BF184620BF49DBCB,
3F400496BD8A137FBF286CCA,
BF3E6EEBBE6F1FDE3F204D55,
BCFEC56DBF71E3A83EA6E04C,
3F1E848CBF137FE1BF0892CD,
BE7916873F24D899BF39B281,
BDCA28783F16A93FBF4D6CB5,
BDCA28783F16A93FBF4D6CB5,
3F03443DBDFD9FD33F597C1C,
3E0538EF3F67F8CB3ECE11DC,
BF088A483ED88B97BF3B890D,
BF088A483ED88B97BF3B890D,
3F29EADD3D9916873F3E848C,
BE4A4FCA3EB26D483F6A8F5C,
3D75104D3F1B85C63F4AC472,
3D75104D3F1B85C63F4AC472,
BF42C322BF216873BE1D883C,
BCB43958BED25AEEBF695422,
BCB43958BED25AEEBF695422,
3DC5681FBEDEB463BF65306A,
BD75B813BDC678C03F7E54B5,
BD75B813BDC678C03F7E54B5,
3F0F90973EBECD4BBF3D4563,
BDB620EFBF746FBDBE912989,
3F62F7903EE1259A3E12EC6C,
BED33722BEEAB6073F498549,
3D202752BF7CC2503E1D6B66,
BEDB1C43BEE4BF0ABF49205C,
BEDB1C43BEE4BF0ABF49205C,
BEDC9D9D3EA4538FBF57E910,
3F5CB924BE186C22BEF7EA60,
BD9CE5B43EAC8366BF703AFB,
BD9CE5B43EAC8366BF703AFB,
3EFB8E4C3F0C45CC3F2D51D7,
3EB7342FBF07F6D3BF449E45,
3E8BA8823F754BF13DB10774,
BE8E69AD3D1522A7BF75B8BB,
BE01B3293F6F0F7C3EAB4A23,
3F6831273ED14A4D3DCF6167,
3F07121B3D4039AC3F5922FB,
BD90B0F23F33DF8FBF35421C,
3E940789BF71AD433E2277C4,
BE03736DBE925AEEBF731B9B,
3E3D21FFBE72E1EFBF74284E,
3D45AC47BF6FDE943EB12989,
3B5B8BAC3F2D234F3F3C91D1,
3D777AF63F4B443D3F1ADA12,
BF77CE313E708C3F3DB52008,
3F696A6A3E99B6703E8F77AF,
BF20D4FE3EC906CDBF2BF291,
3F0674D13F0D3D863F25DB77,
BF01DF11BF3BAC71BEE7EE4E,
BE9AA79CBF6D6777BE621EA3,
3F260FE4BE96B26CBF33ABC9,
BF659210BD0BC16ABEE1E647,
BD72A5A43F4958103F1D5F9A,
3F72617CBA8D8EC9BEA4C6E7,
BED45A1D3F43313CBEFE43AA,
BED45A1D3F43313CBEFE43AA,
BE422E5EBF0D5A5CBF4FD806,
BE893F293EB19CE0BF661672,
3EA87A8DBE541F21BF6BDAF9,
BF4C1BDABF1A47453D096BBA,
BF4C1BDABF1A47453D096BBA,
BF3430D3BE93E426BF262196,
BF08D3AEBF4B90EBBE92A305,
BF0D68C7BF4A8AC6BE866666,
BF29F01CBF28476FBEB6A401,
BE9E392EBF2F9485BF28AB0D,
3DE695963E1F14123F7B3E57,
BC3D90193F0E9E1BBF549279,
BF1247453E6769ECBF49F7F9,
3F217785BE78E4B83F3CA8C1,
BF424357BF22B1703E11CEAF,
3F0FF62BBF52CC4F3D9AFE1E,
BF6D6B663EAA708FBE2E9F6B,
BF6D6B663EAA708FBE2E9F6B,
BF6AF8DFBDDEECC0BEC36CDF,
BDCB3919BF75E54BBE85104D,
BF17EC573F4D9360BD5F1173,
BF17EC573F4D9360BD5F1173,
BF2F64063F2238323EB7F0ED,
3F09D92BBDDB42463F55F84D,
3F3DA273BF020AFABEE110A1,
3F20E2C1BF031EE2BF15DCC6,
3DBE47993CFB7E91BF7EC56D,
3E82D624BF204A0EBF3C9518,
3E030A91BF675AD93ED12989,
3E1D7881BF3BC947BF297A25,
3F4E57FBBC902DE0BF1773C1,
3E82E87DBF1906CDBF4282E8,
BF15CDB33EBF7A4EBF38331E,
BF237AA23F3BF2913E6C2CE4,
3F38DA3CBDEA4A8CBF2EAA8F,
3EA719F83F10E2193F41D0A6,
BECC67E03F6606B8BE3AB218,
BF1860FE3EB38327BF39187E,
3EC516DB3F480A7C3EFB76B4,
BCF78FEF3F2310773F453261,
3DD192643F1BCE85BF496E59,
3D0F27BB3EFA6CA03F5F1BEF,
3D0F27BB3EFA6CA03F5F1BEF,
BF7110A13E9EBD903E061523,
BD94B9CB3ED558643F67F8CB,
3ED280F13F6786C23DE9BCFD,
3CE0C9DABF7928393E6980B2,
3F66CCA3BDFBECAB3ED460AA,
BE9BD3C33F3E5B42BF186983,
3EFC36113E305FAFBF5A60D4,
BF5BAB22BDC7ECFFBF0110A1,
BE89D1F63E2B1C433F72CF96,
3F2C8C933E966A553F2D82FD,
BE11B7173F767D563E6B04AB,
3CCEAF25BEB2FEC5BF6FC265,
BE9C6D1E3F69D8843E899D88,
BDF3E575BF43BADC3F222920,
BDF3E575BF43BADC3F222920,
BE0BC409BF6CBD123EB5E204,
3F02BA9DBF54FAAD3E5E3001,
3F56353FBBE7FF58BF0C2B95,
3EF98C7EBF09B281BF301648,
3F4C74FB3F0FDDEC3E5C6541,
BF065215BEEACC4FBF379BBB,
BF065215BEEACC4FBF379BBB,
BF494CECBF03B7953EAF1801,
3E7F0ED4BF75F8F4BDF8D4FE,
BE001A373F674F0E3ED1D3ED,
BCC3760CBE82DA12BF776C8B,
3F7D7D18BE029C78BD6A0126,
3F6ABE8CBD4D35A8BECAA64C,
3F66CCA3BDFBECAB3ED460AA,
BDC29F173F0342463F5A6FE7,
BDC29F173F0342463F5A6FE7,
3CC88A48BC257A783F7FE910,
BDA4F766BF58F3CB3F065215,
BF4128393A3CBE623F2801F7,
3F66464A3E6F90973EBCEAF2,
3F0EFC7A3E049668BF51BE4D,
BF0BA4943E5B42463F4F707A,
3F3C95183F29BEF53E0826AB,
BD94FDF43F6338713EE8E369,
BD94FDF43F6338713EE8E369,
BEBD14E43F133E573F3ADCB1,
BEF76C8BBEFAF790BF39B3D0,
3E8B313C3F411E64BF18F66A,
BF15FD8B3E68CBD13F472086,
3F217ACC3F2E1672BEBF583A,
BEA4BDBABE0D64D83F6FCB92,
BE377319BEBEF0AEBF690FF9,
BEFEA0BA3EAF266CBF4C1A8B,
3E7F5D79BDD3E8143F767DFE,
3E32F1AA3F2A99313F398E75,
3F20E2C1BF031EE2BF15DCC6,
BE6BA9D2BF31F16BBF2E5C92,
BECE8E613E94B87CBF5E2047,
3F7223E23DC73FFB3E9E8BC1,
3F7223E23DC73FFB3E9E8BC1,
BF198A873F21F9F0BEFACC4F,
3D828A1E3F5DB0363EFDF655,
3F1793DEBF238F9BBEFB7564,
3F4EF0AEBF08F12CBE7BA882,
3EDC0EBFBF36CCA33F0D7929,
BE4ADD59BF44408E3F1C5CBC,
3F1BAD19BF327D03BEC25AEE,
3F1BAD19BF327D03BEC25AEE,
3EA75A32BEE22531BF55E354,
BE89FBE7BF6DD7883E81BDA5,
3E8E69ADBEA4F0D8BF67A787,
3E03FE5D3EC19F80BF6AAE29,
3E03FE5D3EC19F80BF6AAE29,
BF0FE47A3F1B34833F10053E,
BE7544BB3F6FDBF5BE8249E4,
BF7848BFBE33ABC9BE2D1B71,
3F5148FEBE358106BF0C4674,
3DE978D53E840F673F759C8D,
BF3FCF81BF1DA07B3E79C38B,
3D61B08ABE6425AFBF792AD8,
BD29003FBF2AB1703F3E7EA6,
BD29003FBF2AB1703F3E7EA6,
3F70678CBEA15769BE0C8366,
3F1F06F7BF488E37BC9BBADC,
3F1F06F7BF488E37BC9BBADC,
BE1D028ABDB5BD513F7BF338,
BF78B8D03E71A21F3C9E6EEB,
3D5072083F435D253F24EB9A,
BE405E5F3F270AE53F3BEFF2,
BE405E5F3F270AE53F3BEFF2,
BF3DC098BEAD8EC93F14523F,
BEBBC7F7BF5FD2203EA2C908,
BF7EF2A6BDAE147B3D003EEA,
BE092CCF3B87A8D6BF7DB0DE,
BD9FF2E5BF6D74923EBB1855,
3F5D5A5CBEFEB9A13D8EAF25,
3F300A7CBEB39C0FBF22B9F5,
3F300A7CBEB39C0FBF22B9F5,
3E254B49BF7928393E274FB5,
BE553F7D3F76A162BE2CD9E8,
BF6595FF3E4D2DCBBEC9F16B,
3F5689223DD68C693F091538,
BF75883CBE0AA8EBBE7E8145,
BD8029F13E94A8C13F74725C,
3F1147063F419B913EA6B26C,
BED0F66ABDB482BF3F689DF1,
BF3463F13CC74FB53F358A33,
3F0F0069BF086AD3BF22B756,
3F0F0069BF086AD3BF22B756,
BE01B3293F6F0F7C3EAB4A23,
3E88240B3EB35BD53F65E9E2,
BEEF6A94BF2F7469BF0EE782,
3EE8F8623EBD77323F4F58E2,
3F7F9A6BBC5D2F1BBD5CE5B4,
3F5148FEBE358106BF0C4674,
BF7E48413CD7DBF5BDE69596,
BDA20EE9BD26D4803F7EFBD2,
BF032F453EE894C4BF3A8EB4,
BEFCFD4CBE64816F3F571BEF,
BEFCFD4CBE64816F3F571BEF,
3E17C99B3F27AE143F3DAE3E,
3E7BFC653F7379533E3F559B,
BDBCF80E3F559C8D3F0B18FC,
BF53FF043E8FFEB0BEF8476F,
BD6560423E2516DB3F7C3E96,
BE9639D6BE16C8B4BF71CFFF,
BE65BEA1BF50BF5D3F089B52,
BE8CB3E53F599E303EE60957,
BEC2641B3F5B84773EB1C582,
3DFAACDABF758106BE82DF50,
3DFAACDABF758106BE82DF50,
3E7D1245BF5B4D6ABEE7DBF5,
3E7D1245BF5B4D6ABEE7DBF5,
BF4CD014BE70307FBF0D5BAB,
3E030A91BF675AD93ED12989,
3E030A91BF675AD93ED12989,
BE99FD37BF7198F2BE0CC250,
BE99FD37BF7198F2BE0CC250,
3DC92253BF7EB7023C9E3001,
3E7559B43F64AAB93EC2C7B9,
3E63CC8EBF753309BE3A53B9,
3DD8EC963EEC5D64BF6176DE,
BD24F2283F596C613F06BF87,
3E65D399BF404578BF1EF49D,
BE959C8DBF13CE853F432CA5,
BE959C8DBF13CE853F432CA5,
BEAB8130BEDB5C7D3F56D528,
3E97CED93EEFFD613F5503DA,
3F7119263EA7F0ED3D96EAC8,
3E6868343F32ACDA3F2DE204,
3E8978D5BF7185493E472B02,
BF4128393A3CBE623F2801F7,
3F5148FEBE358106BF0C4674,
BE5DD1A23F06978D3F529542,
3E9BDF8F3D055326BF73B44E,
3E7BFC653F7379533E3F559B,
3F1CDDD73F3D8EC93E8D6239,
BF455715BE1A5658BF1E718B,
BE3FDB4DBEA10CB33F6E39D6,
3E2FA58FBE1A34443F793DD9,
3F0D5DA2BF3F45E1BEBD60E9,
3EEE685E3DD4F377BF60FBA9,
3F425F853E4A55083F1EBC41,
3EA8D8EDBF6B3D08BE5DB4CC,
3F7119263EA7F0ED3D96EAC8,
BED956C1BE54FB553F6197A2,
BED956C1BE54FB553F6197A2,
BED956C1BE54FB553F6197A2,
BE99BE4DBC503D9BBF742A45,
BB8AEFB33F0BE6C53F5663C7,
3F5D74923DAB4B733EFD4174,
3F604B5E3E1468883EEB630B,
3F1BC2B93D53ED523F4ABA9D,
3E0F9B133ED353F83F666517,
3E42F05ABF7ABC94BD8894C4,
3C72F9873DFC5048BF7E0568,
BF08FC503EDFCCE2BF3910A1,
BF43EEA2BF0DAAF8BEA83E42,
BF380BCC3F1C3D47BEAA511A,
BEAB5DCCBF6C34C23E44063A,
BF761BB03E8176DE3DDEF1FE,
BF761BB03E8176DE3DDEF1FE,
BE6A96923E9F7A4E3F6C1744,
BE953B8E3F064452BF4CCB7D,
3F409FE8BC1CA18C3F28995B,
BF5C9EEDBEDDA7B13E875A32,
BF5C9EEDBEDDA7B13E875A32,
BF7F822C3D5512ECBD092CCF,
BF7F822C3D5512ECBD092CCF,
3F61984A3EEC3B4FBDD2641B,
3EE1758EBF65D4413C20BA1F,
3EE1758EBF65D4413C20BA1F,
BDDDF117BE4666663F799CE0,
3DD379FB3DB25C3EBF7DA709,
BD5CDB38BF7F7C463D08509C,
3D06AD2EBF7F3ABD3D8FB00C,
BF2E52BD3E8C692FBF2DD591,
3F442310BE4EE632BF1C2D8C,
3EFED3D8BEFF84CBBF3599ED,
3EFED3D8BEFF84CBBF3599ED,
BF5D49F9BEAB6ED6BEC0092D,
BF70B6D83EA3B2573DEF1562,
BF54B2963F09AF3ABE125461,
3F02E2973F0F3B64BF270069,
3ECE939F3E2FBFC6BF66147B,
BF759019BE89C77ABDB0ED3E,
3F4423B8BE76B3BCBF188462,
BF1C2C3DBF3C2C3DBE977D95,
BF2DAF8EBF3C100E3BAF4F0E,
3D4D40253E965FD9BF745F5B,
3F4B736D3E248BEBBF15D6E0,
3EFAB9F53F3DB76BBEEB2E9D,
3EFAB9F53F3DB76BBEEB2E9D,
BD4299D9BF7FAE143C816F00,
BE6B2BFEBF791C6DBC9A9542,
BEEE98DD3E956D5DBF55D399,
3E69A2C63F545D643F027BB3,
3F45B0363F17BC7F3E6A4D2B,
3DB2378BBF7E8534BD80DC33,
3DDE54B5BF7DB185BDA08AF0,
BEE5DA273E439D5EBF5F7708,
3F2E978D3E98C005BF2AF05A,
BE30A6763F00995B3F58E7FF,
BDEA3055BDB1C971BF7D590C,
3DA9E6EFBF7EC95C3D4F8B59,
BF70A1E0BEABD662BD7D36F8,
BF70A1E0BEABD662BD7D36F8,
BEF046C7BE3FD8AE3F5CE9A3,
3E8BFF04BE66AD2EBF6F6556,
3EABE22E3E773EABBF6915DF,
BE39FD373F33923ABF306EC1,
BF1F3776BD9888F8BF478E9F,
3E3148FE3F44BC6ABF1DB185,
3F4B1CEB3F0F9B13BE71F362,
BE4685DBBEC55B03BF66F1FE,
3F69D1F63EBF7F8D3E24B87C,
3F69D1F63EBF7F8D3E24B87C,
BECEF88C3F6404433E54FDF4,
BECEF88C3F6404433E54FDF4,
BF03A7DB3F59C582BDDF3626,
BF03A7DB3F59C582BDDF3626,
BECAB3683EC38C54BF55C91D,
BF1EC765BDB28B6EBF47913F,
BF7FC99BBBEC95C0BD23EC03,
3EEEE782BE61ADEB3F5B4784,
3EEEE782BE61ADEB3F5B4784,
3F050481BE9EF34D3F4BC7F7,
BD94B9CB3ED558643F67F8CB,
3E1D7881BF3BC947BF297A25,
3E1D7881BF3BC947BF297A25,
BE7313BEBE76B65B3F70E9F7,
BF0EF5453E60E411BF4CC986,
3E45143CBE6B606BBF743958,
BF2FEDA63E1FDB4DBF35A07B,
3F4AAE293CEE78183F1C3569,
BF6A52693DDA2728BEC6DB0E,
BF67B54ABE884F4C3EA9BBAE,
3F4839043E9677703F0CAAB9,
3F4839043E9677703F0CAAB9,
BC9DB22D3F2BAC71BF3DD788,
BD7689CA3F499F80BF1CFDF4,
3EA50B0F3DC8850A3F71096C,
BE8DF117BE3F1E8E3F7147AE,
BE8DF117BE3F1E8E3F7147AE,
BE1BBD7B3F793BE2BE2E72DA,
BE9BE76D3F73B59EBD013016,
3F1B8866BE0DE54BBF4837B5,
3F1B8866BE0DE54BBF4837B5,
3EE9667B3E79042E3F5B2F45,
BEA2602D3F2AAD82BF2CAA11,
3F0B23793E841DD23F4C7B89,
3E2949A5BEA46B273F6EB7AA,
3E2949A5BEA46B273F6EB7AA,
BEFA511ABE93AE68BF52C1D3,
BE778573BF786834BB195AAF,
BE922681BF6FF23D3E4CD4AA,
BEAE6080BF14AF4FBF3D4802,
3ECB5200BF27D1783F246E6E,
BDE499073EB4577EBF6DE204,
BF5F8CA83D7583A5BEF7991C,
3E8F876A3F0C78423F49A0CF,
BF419D883E972EF13F15729B,
BF419D883E972EF13F15729B,
3F702A993EA7F62BBDE2B6AE,
3F702A993EA7F62BBDE2B6AE,
BF7A71DE3E4DC098BD4F80DC,
BF7A71DE3E4DC098BD4F80DC,
3D45AC47BF6FDE943EB12989,
3D45AC47BF6FDE943EB12989,
BE6E2EB2BF42A9933F1B3B10,
3F7FFA1ABB694EE4BC567770,
BF6C5AC43EA052933E63EC03,
BF3E978D3F17FAC2BE9C6003,
BD4692F73F018B2F3F5C7454,
3F70C155BE916873BE3F505D,
BF5F9485BE4F861ABEE2C669,
BE8718A8BF0F04FF3F494A4D,
BF4DD4413EC6A93FBEE6AFCD,
3E0F9B133ED353F83F666517,
3F4F03083EB3F5303EF18A87,
BF077660BEB57D18BF455C53,
BCB4F616BF7EF9333DB19503,
BEAAAF793E21DFB9BF6DF06F,
BEAAAF793E21DFB9BF6DF06F,
BF421188BF001F753ED61523,
BC2BB44EBE98F862BF744B0A,
3EDFB3FA3EBA18BDBF52A305,
BEDE11DCBEB18FC53F54E5B4,
BF3DC098BEAD8EC93F14523F,
3F1710CB3F4AF2523E1C5AC4,
3F225F853D37D417BF459557,
3DF593603F7CC059BDD54C98,
3EEE1B09BF4D09C03EC119CE,
3E3DF8F43F0FEEF6BF4E4ECF,
BE0AD03E3ECCB535BF68110A,
BF3D44133ECA9153BF0B7BF2,
3F4F7510BECEEA21BED9320E,
BF0E56043F06EEB7BF2487FD,
3F0333333F268E61BF0F7660,
3F0E8FB03F4F3387BE3EF73C,
BF68DAE43EC339C13E290FF9,
BDF871613F10D1B73F50CDC8,
3E81B9B63ECAC7113F61F0C3,
3ECA5269BF0D77D93F3BDA51,
3ECA5269BF0D77D93F3BDA51,
BE26B50B3F444C593F1EF34D,
3E280496BE0A0BA2BF7A2920,
3E367CAFBF077857BF546003,
3E367CAFBF077857BF546003,
BF4CF7663EA2FAD73F01F01C,
3D59FD373EE8FEEF3F638CFC,
3E3B3A693F4020C53F2293F3,
BEA70111BE8A07B33F67F2E5,
3F098FC5BF078DF83F280A7C,
BF43760C3ED6CCA3BEFB5DCC,
3EF9389BBD104D55BF5F7122,
BF3C6888BF2BC750BDB83CF3,
BF11C4DB3F3EE782BEB11F0C,
BEE25D8D3EB7D6B6BF526B51,
BF52862F3F065A9BBE6100E7,
BF4BD70A3E6A2878BF0F6167,
BF4BD70A3E6A2878BF0F6167,
3F67AC1D3E885DB73EA9E1B1,
3F67AC1D3E885DB73EA9E1B1,
3F7DE9E23D3E5754BDF2E9CD,
BE378FEF3F245EB3BF3ED1E1,
BE378FEF3F245EB3BF3ED1E1,
BF61BA5E3ECC30D3BE80FCF8,
BF0A3EC0BDD97F633F55BD51,
3F62CD9F3EE97B743DACFE9B,
BF11EF743E4B8F9BBF4C14A5,
BF11EF743E4B8F9BBF4C14A5,
BF1512ECBE93E426BF428A1E,
3F51B4783F0DBD51BE195FEE,
3F51B4783F0DBD51BE195FEE,
3E7215773F004CADBF551A22,
BF7C855E3D9E20473E1482BF,
BF7C855E3D9E20473E1482BF,
3E7436B9BF72C860BE561E4F,
3EF71DE7BF58A9BDBE66AFCD,
BECC50483F5D5DA2BE9C2B95,
BF0F4730BF4473AC3EA02DE0,
3F48A5CE3EAD03DA3F056430,
BF230C893F2E30013EB9945B,
BE8562E13E0DA900BF749C4E,
BECA28783F2EF7E43F1D2DCB,
BE9D81AE3F4328B7BF11C38B,
BF25ED29BF15BAB2BEF9AFE2,
BF25ED29BF15BAB2BEF9AFE2,
BF0540CCBF2E45A2BF03F141,
BEBCCCCDBE8234ECBF64E1C6,
3F6654B53DB1D3ED3EDAFCCE,
3EE49907BE5AFE1E3F5E6D9C,
3F5948563F03A4943DFC5586,
3F6654B53DB1D3ED3EDAFCCE,
BEE1F4B2BEB2AAE33F53A3EC,
3E7436B9BF72C860BE561E4F,
3F2848173F3BCB3E3E30ABB4,
BF4EEB703E5DBF48BF0C2B95,
BF280FBBBE232767BF3CC059,
BF72DFF8BCD81ADFBEA1450F,
3E2E4E27BE7FB9393F740789,
BD2934ADBEF53A3FBF6079E6,
BD44523F3EF262CCBF6128E1,
3E0582563F7DC337BCA469D7,
3EA3DEE83E3827FA3F6E1F9F,
3EA3DEE83E3827FA3F6E1F9F,
BE92A5A4BF733A69BDFCF80E,
BDEE04C03D3813013F7E0179,
BF7A085B3B860568BE5BC7F7,
3F1B2420BEBFC5053F33A5E3,
3EABE22E3E773EABBF6915DF,
BEE2B6AE3F42F05A3EF25D8D,
3F5F357EBE1A5B96BEEE87D3,
BEACF80E3F6AC860BE58A86D,
3E37689D3E8E7968BF7193B4,
3E854C983F6DF6FDBE85A709,
3E1581063F0ADEA93F53C9EF,
BE6E075F3F1F1E8E3F3F822C,
BDA4A8C13F42B607BF24ECEA,
3E552FC2BEBA9542BF685C68,
BEBB04ABBEF89B52BF4B5350,
3EE52BD43EF81840BF4066E4,
BD0F861ABF75E54BBE8D4802,
3F688312BED43AA8BD69B7BF,
BF1F0457BF088EDE3F12F987,
BF1F0457BF088EDE3F12F987,
BE959C8DBF13CE853F432CA5,
BEE73C0C3CE7429A3F644A62,
3F4A07B3BF069835BEA288CE,
BF52862F3F065A9BBE6100E7,
BF38902E3E3CF2D0BF2B0015,
BF51A60DBE3E28243F0B02B4,
3F03443D3D99A9543F5AF1AA,
3F03443D3D99A9543F5AF1AA,
BF077660BEB57D18BF455C53,
BEEFF6D33CCB295FBF620D99,
BED689CA3EC385C63F52E297,
BE76FFC13F64C6E7BEC1BDA5,
BE30A6763F00995B3F58E7FF,
BF5E94463ED2617CBE8C6BCF,
BF1CD9E83F48E7583DBF23CD,
BE89D1F63E2B1C433F72CF96,
BED454DE3E6A161E3F617A25,
3EEAF6403EA37C9A3F544135,
3EEAF6403EA37C9A3F544135,
BF6822143E5926423EBA93F3,
BD9C4DA9BE5AE6863F795183,
BF48ADACBF0F4A773E89930C,
BF30FBA9BF0BD5BB3EF22681,
3F542C3D3E6F47303F022728,
3E426D483F74B5DDBE65729B,
3EFBC2B9BF592F6F3E48D3AE,
BF742F833E18D25FBE856ABE,
BEE2949A3DF27BB3BF638EF3,
BE1DB4CC3DB48D3BBF7BEFF2,
BE0C3761BF3C1206BF2A1B5C,
BE0C3761BF3C1206BF2A1B5C,
3E51D68CBF0E3BCDBF4E48E9,
BD65F30EBF7F6018BD2A1B5C,
BD00346E3E4E8FB0BF7A9BD0,
3E7131663F6D90C1BE93D31C,
3E7131663F6D90C1BE93D31C,
BE5D9019BEC2324DBF664D7F,
3ECD7B20BD98D25FBF69B329,
3EC7991C3EF91D15BF482752,
3E94C2F83F4DF5AEBF049AFE,
3CE368F13F7FBB303D158106,
3CE368F13F7FBB303D158106,
3B09A027BF4D14E43F193943,
BF660179BDE53B8EBED95FEE,
BF0B2CA5BF0C5E0BBF22ACDA,
3F0CACB03C609FE8BF55DB77,
3F0CACB03C609FE8BF55DB77,
BEC421C0BEBA747EBF595183,
BF4777AF3F12CAFF3E819E30,
BF4777AF3F12CAFF3E819E30,
BF0121ABBF56A6A0BE532379,
BDAA5A473EE906CD3F62F3A1,
3F4A40B83EC269593EF66CF4,
BF42339C3E85FC3B3F18C155,
BE523CC93E6708EE3F73CC8E,
BE64302BBF0989DF3F503D9B,
BE5F62B73F79CAC13C947065,
BE8CF80E3EAD41743F665A9B,
BEC3D1CC3F398E75BF12B0C9,
3F608B973EF5A7093CAD03DA,
3D7064EDBEB50093BF6EFFC1,
BF33DE40BF2FA051BE416F00,
BF4487FD3EE10F52BEEEBAF1,
BF712A303E7C5586BE6917D7,
BF712A303E7C5586BE6917D7,
BF720A523E9E43AABDD2599F,
BF6279BC3EE19264BE1C23B8,
BDB55EF23F24115E3F433333,
3F31B5203E595FEE3F3013A9,
3F60255BBEDDC5D6BE5B089A,
3F4D288D3BA6223E3F191D15,
3EAA0BA2BE0C12AE3F6EEA21,
BF5B06A3BDFDC9C5BF00ADAC,
BF6EABDEBEB3F7CF3DAE48E9,
BF06AC86BF5506793E33B8E5,
BF5947AEBD525461BF06BAF1,
BEB13554BF6F3E03BDA95422,
3F3A97E13F2CEC423DE49E45,
3F2536F8BF2FDBF5BEAB089A,
BEC1E2583CD4BF0ABF6CD749,
BEC1E2583CD4BF0ABF6CD749,
3F6654B53DB1D3ED3EDAFCCE,
3E339970BEEC61523F5E9985,
3F568FB0BC96E58A3F0B8F9B,
3E37689D3E8E7968BF7193B4,
3E4634983EE3775C3F5FEEF6,
BC5898B33EBFF434BF6D4DE8,
3E2949A5BEA46B273F6EB7AA,
3E920EE93E1AAF79BF724BDC,
3E207B35BD9E0610BF7C100E,
BE16A4013EEDD97F3F5F8CA8,
BEFA68B23F3134053F07DD44,
3F7A2C673D32FEC53E549279,
3EAD1245BE4CDC873F6B6C37,
BCD3458D3F18BEB6BF4D551D,
BF002C91BF2853E3BF1020C5,
BEDC9D9D3EA4538FBF57E910,
3D7837B53EDDDACF3F6632A0,
BF5EA0BABDE46F15BEF63B25,
3DBC74FBBF7A09ABBE467DFE,
BF71B8673E9D09183DF588E3,
3E38CA823D72B021BF7B573F,
BF5BC4093E9A88273ED450F0,
3EAF62B73F6081C33EAC8B44,
3EC97E13BE50B8D0BF657C70,
3E96EAC8BE2CFE9BBF70C5EB,
3E95AD97BE5E718B3F6E6AFD,
BF5D49F9BEAB6ED6BEC0092D,
3E36D331BF7B760C3D6A7EFA,
3DA7D5673F6E848C3EB52BD4,
3F099D883E5B8BAC3F50C543,
3F099D883E5B8BAC3F50C543,
3F24FCA4BE1288CE3F4048BF,
3F26BF87BE919CE03F34154D,
3F2D9946BE4ED1393F34E704,
3F09D92BBDDB42463F55F84D,
BE1C7A3ABF6451983ED9F55A,
3E32F1AA3F2A99313F398E75,
3EA307F23E201A373F6F5A32,
BF34AFF7BF323055BE06E19C,
BCD0D0683F0740A33F5941C8,
BF5AF6E83ECE6320BEA6A401,
BF5BBCD33E32CCF7BEF70260,
3F184189BE0939EB3F4AEBC4,
3F184189BE0939EB3F4AEBC4,
3B55A5B9BF7FF972BC5F7A4E,
3F0EBD903EB995AB3F3F2EF1,
BEA32B56BE58F1D43F6C8366,
3EF9389BBD104D55BF5F7122,
BE46B50BBE6BB44E3F741F21,
BE630FD03F5092253F092791,
BE630FD03F5092253F092791,
BF019CE0BE15475ABF599653,
3E3DC487BEFE392EBF59172F,
3F362B6B3E24EF89BF2F12C2,
3E5D70A43DC39FFD3F78BE0E,
BD9F6FD23F1BC16A3F4A2FAD,
BD9F6FD23F1BC16A3F4A2FAD,
3F5AFCCE3EDA3C213E96A6A0,
BEDF27BB3E9DA1233F58811B,
3D130BE1BF7D9BE53E06B7AA,
3D130BE1BF7D9BE53E06B7AA,
BEF842313EEF66A53F3D3501,
3F702A993EA7F62BBDE2B6AE,
BDDDB22D3F33126FBF34D5FA,
3E0D4D403EE05E5FBF6361BB,
BF040AD0BF43B8E5BEC5EDD0,
3F2CF3773E72E48F3F32B55F,
3E66CA043F2165D43F3E26D5,
3E9728633ED663C73F5BD902,
3B5B8BAC3F2D234F3F3C91D1,
BEAC41DDBE6DE54BBF69A027,
BF5BAF10BEB197A2BEC1CD60,
BDA18BD63E91CC103F7491D1,
BDA18BD63E91CC103F7491D1,
3F7DC9C5BE0499073CAB8A5D,
3D99FD37BEF588E3BF5FD0D0,
3BE26D48BF7620EF3E8CC3A0,
BD3352A8BEAABB453F711687,
BEC6B7AABF3EC02FBF0AD8C3,
BD7A786C3D7505D1BF7F1023,
3F443223BE988E37BF11AFE2,
3EA50DAEBE07A0F93F6FF2E5,
3DAA4A8CBF535D25BF0EDBB6,
3F10C005BF4620EF3E91FC8F,
BF759DDCBE48E608BE4F4F0E,
BF1E7F4EBED63DC53F2A1DFC,
3F789614BE4BFDB53E0708EE,
BF6648413EBCC4F03E6FEC57,
BF7B1E3ABD06F694BE442071,
3F3EFBD2BF29B5C8BD8100E7,
BECF7E3DBE109BFABF673A15,
BE11B7173F767D563E6B04AB,
3EA0A676BE2DDD6E3F6F2713,
BF095D4F3F3B89B53ED67232,
BF0DF99C3E825461BF4ACF96,
3EBBC558BE3913E83F69A027,
BF3309EABC267621BF36F5ED,
BF0CAFF73C0A71DE3F55DD6E,
BD36F7E4BF3C692FBF2CEF89,
BD36F7E4BF3C692FBF2CEF89,
3F2CE26D3C350B0F3F3CC836,
BD3B7953BEBA64C3BF6E24DD,
3ECDBA0A3EBFB69A3F55EE78,
3ECDBA0A3EBFB69A3F55EE78,
BE919E303F61EC2D3EBFC3B5,
BD6262CCBF7C970F3E1CB146,
3F493C8A3E5251C23F153F7D,
BE260AA63F726224BE8E50C6,
BEE04AB6BF2DDC1E3F16C56D,
BF4A1C043D669AD43F1C75A3,
3F6DB0363E82324D3E8A97E1,
BF479E5A3EA814513F0879E6,
3F197636BD51AC9BBF4C7C31,
BE00E1723F2DF6FDBF390625,
BF6E0B4E3DEF837B3EB299D9,
3F05D8D8BD7D2C7C3F59A565,
BECF7E3DBE109BFABF673A15,
3DD7ACC53F1D8C2ABF47F8CB,
3EF9E4503CF3F5303F5F4F0E,
3E5923A33F0C710DBF4F0996,
3E9C62A23E71F6013F6C245F,
3E9C62A23E71F6013F6C245F,
BEB0E560BE24039BBF6CB5DD,
3F657BC83EDD4FDF3DC87FCC,
3E26F6943F2911493F3BA53C,
BE92FEC5BF742AEDBDB5C28F,
3F4A40B83EC269593EF66CF4,
BF0F65563F24D6A1BF056CB5,
BED9F7F9BDC48BEB3F665604,
BF28BF5D3EA69058BF2D9019,
BF28BF5D3EA69058BF2D9019,
BF5F64063EB9C4DBBEA7635E,
BF5F64063EB9C4DBBEA7635E,
3EE5F45E3EB869833F515183,
BE9C6D1E3F69D8843E899D88,
3F1BAD19BF327D03BEC25AEE,
3F1BA92ABDD888F8BF496DB1,
3F0732DF3E939043BF4C7B89,
3E0A25D9BE870CDD3F74816F,
3F336502BF2EBB99BE547D80,
BF3430D3BE93E426BF262196,
BF75859D3CD31B9BBE90639D,
BF7B736D3E3FE32ABC279BBB,
3D05B185BE7FFD61BF77BB30,
BD7CCE1C3F4365AABF24A383,
BED191153F6139EBBE778AB1,
3E944A62BE75E4A4BF6D3112,
BF62DF503EEB66F9BD68BC17,
BF4829F1BE20A5273F1A7525,
BE2C764B3ED887A93F63EFF2,
3ED1EA36BF45D1A23EF816F0,
3F7C8C933E2533B1BCE075F7,
3F0333333F268E61BF0F7660,
3F7BCF2D3D1C38B03E34562E,
BEEB7953BEFF16B1BF3C2AED,
BD97B2033F770ED43E80ABB4,
BE9B05FB3F5A7BB33ED930BE,
3E8AF102BE0A79BCBF73F338,
BF5F3190BE832618BED5BC02,
BED82A993F674D16BD966278,
3F3887013F30ABB43D841DD2,
BB8F32383EC15B57BF6D0A67,
3DEC0D6FBF79D53D3E3DB22D,
3E44DA90BF777660BE2D4025,
BDA4A8C13F42B607BF24ECEA,
BF52862F3F065A9BBE6100E7,
3DD7ACC53F1D8C2ABF47F8CB,
BF08B780BEC5C52EBF408659,
3ED652BDBF612839BE67C06E,
3C89A0273EF18BD63F61ADEB,
BE0F3776BF26DD05BF3ED091,
BF34299E3E32DA12BF304A0E,
BF5A07B3BEB7357EBEC40A28,
3E1F1E8E3D778FEF3F7C6A7F,
BBFCA42BBE573C0CBF7A45F6,
3EAE108C3F0D512F3F42E9CD,
BEF23B79BF377B9EBF032767,
BEF23B79BF377B9EBF032767,
BF384578BEBCED91BF1685DB,
BF4936A4BF0055DABEB93DD9,
BF7924F2BD18BD66BE684B5E,
BD66AFCDBF6911493ED1D53D,
3EF8F084BE0C6152BF5CEEE1,
3EC72086BF6860573E213554,
3E95EDD03F0DB9633F479336,
BF78307FBDA353F8BE6D5CFB,
3E97689D3E499D883F6F4D16,
BB96BB993F63B6EDBEE9ED7C,
BE9509C0BEB7136ABF632A06,
BE2EA748BE4FE1DABF76D677,
3F0B55EF3EC277C43F3F7CEE,
3F40A3D73EBE353FBF0B3722,
3F4110A13F255DA2BDF22D0E,
3ED1C5823F0245F63F41CFFF,
3F442310BE4EE632BF1C2D8C,
3ED3F67FBE462CBA3F63B44E,
3E6DEFC8BEE851EC3F5C3C9F,
3E6DEFC8BEE851EC3F5C3C9F,
BEA92642BF6B2B56BE5DEE78,
BEA92642BF6B2B56BE5DEE78,
3F0864EDBF018D263F2DA273,
3DEEBC413F732E9D3E946F15,
3EB40F67BEAA93F33F5FF4DC,
3EDDCF03BDB1758EBF65A900,
BF7FEA603C30C88ABCC04428,
BEE5DA273E439D5EBF5F7708,
BDAEBC41BF260F3D3F419AE9,
BF0C61523F2A602DBF019ED8,
BE798202BD90EFDD3F779FA9,
3E9BDF8F3D055326BF73B44E,
BF56E4E2BE2E8534BF041B33,
BF75A3C23DCD4AA1BE86BB99,
3E8BAB223F74DF263DD35009,
3F1BE964BF2203C53EF4C836,
3F392C28BEDDF3B63F0997A2,
BD26B50B3F4B367A3F1B57E6,
3F2236E33EA7C06E3F3368F1,
3DD6CB53BE7557153F7716B1,
3DA862F63DCC1FC93F7DDACF,
BE54C6E73E027525BF78476F,
BE54C6E73E027525BF78476F,
BE54C6E73E027525BF78476F,
3F2FA58F3D88D3AE3F3972EF,
BF5BCD363E12FEC5BEFBFB16,
BE938866BF6D2546BE786983,
BF42FC26BF1D6388BE5197A2,
3CB8F9B1BF7FA6DF3D402F30,
BEDD6627BE2AE5363F62D6CB,
BEDD6627BE2AE5363F62D6CB,
3EF6F3F5BEF44BB23F3C115E,
3D33482C3F7A81993E4E3151,
3E013FD13F78D4563E4B04AB,
BEE00000BF4D00933ED17050,
BEE00000BF4D00933ED17050,
BF42339CBF140B78BE99AD43,
3F41FA983EF8D8EDBEDEF34D,
3E42584F3E9BBECBBF6EFB2B,
BEC0B0F2BEAD4413BF5CCA2E,
BEFF4F0EBF3D45633EE7A8D6,
3D5E15CABF7F53A43D4523F6,
3D5E15CABF7F53A43D4523F6,
BF59AF3ABDE4063ABF03AB22,
3F1B6B90BF3FB2033E88240B,
3E516DB13EEABC94BF5D6777,
3E516DB13EEABC94BF5D6777,
BF69E1B1BEC639D63DFE76C9,
BE557BC83F7A21EA3D3035BD,
3F4B79FBBF091F0C3E92070C,
3F238DA43E2420713F409F41,
BF7C5C143D49667BBE248E8A,
3D5FB939BD9CCB7D3F7EDDAD,
BF2D9168BEF32A06BF0FA051,
BEB815A0BF655E4ABE857D18,
BEB815A0BF655E4ABE857D18,
BF6C024BBEC5D7883CE48E8A,
3F45028ABF10BF5DBE97EE4E,
BB07A8D6BF7FA249BD5AC472,
BF3484B63E97952DBF24F030,
BE19E300BF7BDA513DC82BE9,
BF4085B2BE17928E3F246C76,
3E04F4C7BF7DCFAB3C4F1801,
BF5C41353D4DDD6EBF01D734,
3F502A993D1AE9253F14B146,
3E870111BEEC3C9F3F58DB8C,
3F32BD3C3EA5FAEC3F2367A1,
3D6944673EE30165BF64FFEB,
3D6944673EE30165BF64FFEB,
BF1C41353F108C3FBF0E37DF,
BD15421CBEBB1D93BF6E1BB0,
BF36C6153ED837B5BF0EF9DB,
BF36C6153ED837B5BF0EF9DB,
BF52C12B3EFA0BA23E94284E,
BE92A5A4BF733A69BDFCF80E,
3E3DC487BEFE392EBF59172F,
3E3DC487BEFE392EBF59172F,
BE2FDC9CBF503AFB3F0E4799,
BF5BCD363E12FEC5BEFBFB16,
BF1F3ABDBF11A36E3F09BC56,
3EA3EFF23F52680A3EF136A4,
3E326BF83E4865953F770E2C,
3F400496BD8A137FBF286CCA,
3E9E94EEBCF1A9FC3F734B73,
3C9984A13F1EA897BF48D994,
3E944A62BE75E4A4BF6D3112,
3E815A08BE16D86FBF74CEC4,
3E11A21F3F75696E3E7C779A,
3EA18A873EEFF5843F533A69,
BF0615CABF5A1188BBF9096C,
3F4126E9BD9AE3E73F26E4E2,
3F1388663F469AD43E838C54,
3D27FA1ABF78F9B1BE6A8199,
BE553F7D3F76A162BE2CD9E8,
BF2E89CABEA5C52E3F27EF9E,
BE7A7DAABF45FB94BF15BA0A,
BF58E3693ED7952DBEA5D8D8,
BF374C6E3DD6238EBF30B242,
3E99F9483E42B94EBF6F3F53,
3E802B41BE6FA82F3F707FCC,
BEBF212D3F673776BE58FC50,
3F1811B23F3198F23ED08462,
BE9C25073F2C7A3A3F2C5048,
3EC1B3293F5C1BDA3EAF9724,
3D322D0E3F4B3B103F1B458D,
3F50FE48BEDBC558BEC5D399,
3D88BEB6BF73D9A93E980F13,
3F5E15CA3E4708EE3EEA6B51,
3F52C5193E174E663F0C49BA,
BF51A60DBE3E28243F0B02B4,
3C279BBBBF7FE2823CE61D00,
3D45AC47BF6FDE943EB12989,
3F4BFFAC3F0F5C293E68240B,
BF3C63493EFF0D843EEACC4F,
BF7AA25E3DA1719F3E404EA5,
BF03F5D8BEB44FA0BF47FCB9,
3EE8E2193E9D288DBF560419,
BF3BD31C3F11667BBEBEF5ED,
BF3BD31C3F11667BBEBEF5ED,
BCF1A9FCBD95BAB23F7F342F,
BE1B7BF2BF7D05D1BC06833C,
BE1B7BF2BF7D05D1BC06833C,
BF03C16ABEC07DD4BF45436C,
BF09758E3E80BE0EBF4E262D,
BF09758E3E80BE0EBF4E262D,
BF3C4285BF28A5CEBE229739,
3E989CA23DF2F9873F7277C4,
BF5947AEBD525461BF06BAF1,
3EE98890BF5BA494BE71F601,
3EE98890BF5BA494BE71F601,
BF55BCA9BB09A0273F0CE65C,
3E13ABC93E26B7AABF79DF11,
3EE115DFBE14E11EBF62E72E,
3EE115DFBE14E11EBF62E72E,
BDF3E575BF43BADC3F222920,
BF20B6D83EE8850ABF21D5E5,
3CD0678CBF7DEC813DFF0996,
3F7097633E8657FBBE6024B3,
BED82A993F674D16BD966278,
BF1CD9E83F48E7583DBF23CD,
BF237AA23F3BF2913E6C2CE4,
BF36594BBF23EEA2BE931E3A,
BF36594BBF23EEA2BE931E3A,
BF754C98BE8AD6CBBDBAD18D,
3DE65BEABF7E45A23CE86834,
3ED031CF3F1CC4483F2D9019,
BF12C472BF3E2A1BBEB100E7,
3EDF3238BE404EA5BF6152D2,
3EDF3238BE404EA5BF6152D2,
3E7F5D79BDD3E8143F767DFE,
BF1A2920BEB1A8ACBF38110A,
3E9ADC0ABF62A3AD3EB4D6A1,
3EA2AD823ED7F8CB3F5963DC,
3F1009D53E3497B73F4EC376,
3EA85B18BF268922BF2F429A,
BF23C6003F2D4563BEBA747E,
BF23C6003F2D4563BEBA747E,
3F591F0CBD9DC1E83F062F5A,
3F41D1F63C99C38B3F272C52,
3F273D5C3E82E0A03F3670E3,
3F052D233E913D32BF4E37DF,
BE38C5433F6FD75EBE995810,
3D7064EDBEB50093BF6EFFC1,
3F55B4243F0CE26D3C8B19A4,
BF6A363BBE923B79BE921427,
3F21BB06BE9E78183F35EFC8,
3ED9D0A6BF371FDEBF0DEB31,
3ED9D0A6BF371FDEBF0DEB31,
BD9A60D43EFA79BCBF5E703B,
3DA4A8C13E52C7B93F79ABF3,
BF38A138BF2B9B673E32DCB1,
BF38A138BF2B9B673E32DCB1,
3DCB4396BF766D9CBE810CB3,
3DCB4396BF766D9CBE810CB3,
BF673ABD3DD8FC503ED4E8FB,
BF31E300BF14D0BB3ED8C2A4,
3F476167BE9952D23F0D16DB,
3D0CDC87BF7FC5053CCA42AF,
3D0CDC87BF7FC5053CCA42AF,
3DD389B5BF7315B53E979FA9,
3F714E3C3E8C6FBDBE4307F2,
BEE5768ABC7BFC65BF64D163,
BE16AE7D3E9945B7BF7156C1,
3EAAE297BEC7EF9E3F5BA3EC,
BE57C45D3F1836653F46A401,
BF32DE01BF36DEFCBD2070B9,
3DD91BC5BF7E6E44BCFFD60F,
3F52339C3F06D528BE61450F,
3F52C519BF049A56BE6D96A7,
3F61E2583EED0679BDACC4F0,
BF5F212DBE888659BED29C78,
3E215CA7BF1C5D64BF46A401,
3E215CA7BF1C5D64BF46A401,
BEAAC860BF6D7732BE2C3F3E,
BF65E54BBED63C75BE0B1705,
BF65E54BBED63C75BE0B1705,
BE46B50BBE6BB44E3F741F21,
BF0903863F255087BF0B6849,
BEC74D16BBBD6627BF6BCDDD,
BEF415F4BF367EA63F03AB22,
BEF415F4BF367EA63F03AB22,
3D986983BF7F34D73CD18D26,
3EE20AFABF5412063EB081C3,
3F0A511A3EB63C753F43328B,
3F1687D3BD415F46BF4EB65B,
3F14AE003E3EEA21BF4ADC0A,
3D81259A3E5B98C83F7985F0,
BE7B7BF2BF5DC67E3EDEB314,
3F2163DCBEB6F0073F306AD3,
BF3915383EC2A5A4BF13AD19,
3E3D92B8BD96ABDEBF7ADEA9,
BF280FBBBE232767BF3CC059,
3F098FC5BF57DBF5BC88B978,
BF5255B03E2B55EFBF0B8088,
BEF357E63EEB866E3F400000,
3F039431BEF753A4BF357732,
BE7C3DEE3E1F2BAABF74E65C,
3D5AB9F5BE2A64C33F7C0F67,
3F73C7F7BE9B3BB8BD1172EF,
BF1454373F3170F83EDB8A5D,
BEFE79683EF277C43F3A2489,
BF08B780BEC5C52EBF408659,
3DA8D10FBF7E9E1BBD8115DF,
BE16AE7D3E9945B7BF7156C1,
3CB8F9B1BF437D41BF252FC2,
BED57A78BF6746883DCCA2DB,
3E4EA20ABDD67770BF794C44,
BD65F30EBF7F6018BD2A1B5C,
3E059F2C3B8073583F7DCF03,
BE938866BF6D2546BE786983,
BDAEBC41BF260F3D3F419AE9,
BE516095BF6692F73EC44913,
BEFC985FBE1F6A943F5B150E,
3F483665BE8A9E6FBF0FB0B4,
BEAD306ABF68548B3E7EE243,
BDD49A563F3218BD3F35F6FD,
BDD49A563F3218BD3F35F6FD,
BF1C2C3DBF3C2C3DBE977D95,
BDBCB9243E8A0A52BF756388,
BDBCB9243E8A0A52BF756388,
BE95753A3E7DEE78BF6C7A3A,
BF78639D3DD921043E5EC56D,
3D93165DBD92C27A3F7EADD6,
3D93165DBD92C27A3F7EADD6,
3F6BDEE83EA584F53E5CFAAD,
BEC725C4BF2E29743F1F064F,
BE7CE5B4BE9F32383F6AF3A1,
3DAA3593BF77DD44BE718D26,
BF2491D13F4183F9BDFD805E,
3E37928E3F756580BE629F17,
BF45BEA1BE6698353F18053E,
3F46D3313E589DF13F17E521,
BF6964843E02046CBEC811B2,
BF3A9DC73F16B4633EB2DCB1,
3CA176DE3E0752543F7DB424,
3E22E87D3E0836653F7A6F3F,
BCF72713BF175EC83F4E4ECF,
3F3DA273BF020AFABEE110A1,
BEE8C693BF63DA51BD08AEFB,
3F348D3BBE5AEE633F2D0918,
3EB7342FBF07F6D3BF449E45,
3EEAF8DF3C7D9FD3BF636998,
BE9F6944BF3FE7C0BF15844D,
3D4EAF253F5222923F11A4BE,
3E830D30BE2A6762BF73C750,
3F591F0CBD9DC1E83F062F5A,
BDDDF117BE4666663F799CE0,
3DE4302B3F410625BF25B963,
3F4052933EE04AB63EFCC250,
3F4052933EE04AB63EFCC250,
BF3309EABC267621BF36F5ED,
BE231A4CBEE4538FBF617A25,
BF79042EBE02C908BE464990,
BF79042EBE02C908BE464990,
3E4CA2DBBE420C4ABF7619B9,
3F7E0DED3DF4D1633CEFF195,
BF68624EBE60A7C6BEB7136A,
BF05C67EBD81DD1A3F59A954,
3E3652BD3E3B4A233F778573,
3E3652BD3E3B4A233F778573,
BF08B780BEC5C52EBF408659,
BF32EF0BBF315D4F3E3590C1,
3F51FFD6BE9D71F3BEF6E58A,
3F6BDEE83EA584F53E5CFAAD,
BD3573EB3E99EECC3F73E4CD,
BD6560423E2516DB3F7C3E96,
3F1921ABBF3B923A3EA62E0A,
3E6361133F69D884BEAE978D,
3EAB9F563F5EFDCABEB7D2C8,
3ED652BDBF612839BE67C06E,
3CB8F9B1BF7FA6DF3D402F30,
3F0D59B43EC33EFF3F3DCE5B,
3DBCCE1CBEDBDA51BF65FD8B,
3DBCCE1CBEDBDA51BF65FD8B,
BD1407893EE56EAD3F64AC08,
BD1407893EE56EAD3F64AC08,
BE9F72713F227A633F350E56,
BE71244A3F02F6E83F538B05,
3DF756433F0180B23F5AA6F4,
3DF756433F0180B23F5AA6F4,
BDE0F3CBBE14A4D33F7BB8E5,
3F180C74BCEBEDFABF4DD2F2,
BF762585BE3295EA3E596D09,
3DDC82173EA0624E3F718C7E,
BF79C77ABC84DFCEBE5FC3B5,
3E0CCCCD3F14FBFC3F4D2F1B,
3E17F0EDBF789763BE3F9F02,
3F6C56D63E856EADBE909FE8,
3F75B1853E8CCA2E3D6ABDE4,
BF065215BEEACC4FBF379BBB,
BF065215BEEACC4FBF379BBB,
BEEF6A94BF2F7469BF0EE782,
BE2C764B3ED887A93F63EFF2,
3EF1B5C8BEB8D10F3F4DE3FC,
3F3E58A3BE37C45D3F24E7AB,
3F245CBC3F23A3443ED8BD66,
BEA84F4C3F5CCC253EC501E2,
BEA84F4C3F5CCC253EC501E2,
BE7561913F16E2EBBF457FB7,
3EC97E13BE50B8D0BF657C70,
3EC97E13BE50B8D0BF657C70,
3D8E94EE3EB6C3763F6E7818,
3F1692F73F46E979BE65B6C3,
BD566CF43E0E5365BF7D2935,
3CA64C303F6E17C23EBBD513,
3CA64C303F6E17C23EBBD513,
3E47B8913F52D2DDBF085E5F,
BE39FD373F33923ABF306EC1,
3C8C3F3EBF7FF0EDBC56238E,
BF7C56D6BE27BDCFBD21AB4B,
3EB913E83E37CC3A3F6A3982,
BF0CA8C13F47EE4EBE980885,
BF5A0EE93F060DEDBC809D49,
BE90902E3F1F3CB43F3AF640,
BE23497BBEF83CF33F5C2507,
BE23497BBEF83CF33F5C2507,
3E9C62A23E71F6013F6C245F,
BE86887BBF5438093EFCC8DE,
BF45BFF0BF208AF0BDCD10F5,
BE147AE13E886834BF73F099,
3EB2DA12BEC2E72E3F5B2FEC,
BF6C63F1BEB4284EBE1D0D06,
BF6C63F1BEB4284EBE1D0D06,
BEAAF8DF3F432D4D3F0DE4A4,
BE1323793F0B68F1BF5389B5,
BE7532613DF251C23F76B314,
3F0A97393D80A287BF56A401,
3F0A97393D80A287BF56A401,
BE15B036BF7D20B03CFCA42B,
BE15B036BF7D20B03CFCA42B,
3F0738C53E0B0F28BF56939F,
BE36F2A6BF296FA83F3A602D,
3DA26D48BE5F8F47BF78FF97,
3F3AB4B7BD1D73433F2EDEFC,
BE38C2A43F4685DBBF1AE3E7,
BF5949A5BECCEAF23EB0E6B0,
BEB3B107BEB50C5F3F5DF7A5,
3F1811B23F3198F23ED08462,
3D0E02213C3A493D3F7FD417,
3CCAC0833F0ABB453F570E2C,
3C21DFB93ECED139BF6A2BBF,
3F40A3D73EBE353FBF0B3722,
3D0E02213C3A493D3F7FD417,
3E5780343F132CA53F4A6B51,
3CB97785BF7F2B023D9E54B5,
BF4BE814BF0B44E5BE8718A8,
BF303C4BBF332420BE435BD5,
3EEFE1DA3D4A42AFBF61CF57,
3EEFE1DA3D4A42AFBF61CF57,
BEF566CF3F457D18BED646F1,
BEF566CF3F457D18BED646F1,
BF3D7B20BEE134053F023444,
3EF28E0D3F4E132BBEB6E04C,
3EF70B8D3EA667B6BF50385C,
BE82E1EFBDE37DE93F75DACF,
BDA6A0123EFC2507BF5DD441,
3F2FB00C3DC1CD603F389D49,
3F098FC5BF57DBF5BC88B978,
3EA8294ABF603A54BEB4FA05,
3C71D3ED3F03EA0C3F5B5D25,
3C71D3ED3F03EA0C3F5B5D25,
3E0538EF3F67F8CB3ECE11DC,
BE814270BE79335D3F6FBE77,
BF6BD31CBEA27914BE669596,
3F6C8BEB3E93126F3E813554,
3F719B913E2D13943E91743F,
3E07FF583F6B4C1B3EBDE54B,
BE8EFDCA3D80F12CBF7548AA,
BE8EFDCA3D80F12CBF7548AA,
BECAC5C13E3E8145BF663151,
BEAAAF793E21DFB9BF6DF06F,
BF69A8ACBEB1AB4B3E5CD0BB,
3E03D9A9BE8801F7BF74970F,
BF43760C3ED6CCA3BEFB5DCC,
3E8CD7493E8D1783BF6BCBE6,
BE5F62B73F79CAC13C947065,
3E8CD7493E8D1783BF6BCBE6,
BEF046C7BE3FD8AE3F5CE9A3,
3F0A511A3EB63C753F43328B,
3F0A511A3EB63C753F43328B,
3E6B2E9DBF139C0FBF48B978,
3E6B2E9DBF139C0FBF48B978,
3ED19CE0BE337C9A3F653650,
3E12378BBE76C8B43F75BFF0,
BF1454373F3170F83EDB8A5D,
3DF449133F76BAF13E743E96,
3F0732DF3E939043BF4C7B89,
3E70A676BC412AD83F78CFC0,
BF613405BEE6FD223E19E59F,
BF3C6888BF2BC750BDB83CF3,
BF1687D33F28C3F43EEFF434,
BF1687D33F28C3F43EEFF434,
3F61984A3EEC3B4FBDD2641B,
3DD1B7173E8E7EA63F747C31,
BE001F753EDEEB703F643958,
BF0995AB3F49930C3E9A9692,
BEFDE2AC3E682E88BF5698DD,
3F0CEF893DBBF7273F546A7F,
3F0CEF893DBBF7273F546A7F,
3E80DAE4BE25A1CBBF744674,
BEC48BEBBEB44D013F5A8588,
3F08B6313F24E9A3BF0C2D8C,
3F04C63F3F11D1F6BF233A69,
3C127914BF3D79D13F2C2268,
3F3E1D00BD87A8D63F2A9A80,
3F5A5AEEBD804EA53F04AAB9,
BF27861ABF054DE83F0C5CBC,
3DAD2DCBBF402FD7BF27B939,
3DAD2DCBBF402FD7BF27B939,
3E966CF4BDEE0F3D3F72E297,
3EC72C52BCF32379BF6BB6ED,
3F51081CBD3EA0BA3F134F61,
3F51081CBD3EA0BA3F134F61,
3EC080733F249321BF2AD773,
BF3F30E8BEF7DE943EE96E59,
BE94F0D83DD384773F737F39,
3F7D99EDBE0AF790BC798740,
BF1B9C0F3EFA30553F203A54,
BF0DF99C3E825461BF4ACF96,
BF0DF99C3E825461BF4ACF96,
BE001F753EDEEB703F643958,
BE861E4FBD06B7AABF76EAC8,
3D035159BE82085BBF777857,
3D035159BE82085BBF777857,
BEEB43963EBF6944BF4E4064,
BF141A8B3F1A1816BF0CEA4B,
3DD7ACC53F1D8C2ABF47F8CB,
3F75E892BC3A1F4BBE8E37DF,
BF69A8ACBEB1AB4B3E5CD0BB,
3D81259A3E5B98C83F7985F0,
3E4EA20ABDD67770BF794C44,
BE9EF34D3EAC1E79BF639FFD,
BF647454BEE58F71BD50678C,
BF0615CABF5A1188BBF9096C,
BF798A873E649668BA0D8EC9,
BF798A873E649668BA0D8EC9,
3F23EAB3BF433B10BDBBFC65,
3C967CAF3F5DE69B3EFF227D,
BF6E0B4E3DEF837B3EB299D9,
BE6602C93E06F3F5BF772A5A,
3F2588E3BF3935543E779FA9,
BF1E7F4EBED63DC53F2A1DFC,
BF704D55BEA8A9BD3DD07747,
BF7398C8BE966BA5BDB9F01C,
BF7398C8BE966BA5BDB9F01C,
BF5E3A7EBEF44674BE0C710D,
3D25C3DF3F2DAE3E3F3BC947,
3E1FBE77BD4D2B2CBF7C8A9C,
3EB2DA12BEC2E72E3F5B2FEC,
BF09EC2DBF2678C0BF091D15,
BED87400BF3F0111BF03AF10,
BF7774693E826AA9BCE28241,
3F55B4243F0CE26D3C8B19A4,
BD8E21963F68980B3ED2E9CD,
3E2947063F08ABB43F5449BA,
3E40F9093D2C51983F7B2E9D,
BD2934ADBEF53A3FBF6079E6,
BF1687D33F28C3F43EEFF434,
3F2D7C703ECFF823BF1CECEA,
3CA6DEFC3EB121ABBF7022BC,
BD36F7E4BF3C692FBF2CEF89,
BF481062BDF837B5BF1CAE00,
3F1993B43E5C89F43F45421C,
BF1B1EE2BF17C45DBF07CB92,
3F39C6D2BD6F2A5ABF2F7F8D,
BF0EF5453E60E411BF4CC986,
BD5681EDBF7F52543D4EA4A9,
BE19E300BF7BDA513DC82BE9,
3F09FB40BEFBF7273F2EFFC1,
3F6D92103DA09FE8BEBA79BC,
BEDE11DCBEB18FC53F54E5B4,
3D857D18BEA9F01C3F70E94F,
3F37A249BE85F84D3F254F37,
BCD0D0683F0740A33F5941C8,
3E77DBF53F61FE873ECE2196,
BF409D493F232FEC3E29F6A9,
3E3DC487BEFE392EBF59172F,
3E6169C23F03FB163F53FE5D,
3E6169C23F03FB163F53FE5D,
3D4356973E9DA2733F734246,
BF0C58CDBEF840E1BF2E7232,
3EF9D495BF50A9BDBE9FE868,
3EF9D495BF50A9BDBE9FE868,
BDEB26C0BF5E9A2C3EF5EC81,
3E9F6E833F71ECD53DCC9321,
BEFABF34BF5398C8BE8E0C9E,
BC97396D3E21450F3F7CC2F8,
BC97396D3E21450F3F7CC2F8,
BE92A5A4BF733A69BDFCF80E,
3F07C2653EDA4E7B3F3B9820,
BF4A0F91BE97381DBF09CEAF,
BF37CA43BF066C4CBEE9FBE7,
BE01DFB93BB588E33F7DEDD0,
BE01DFB93BB588E33F7DEDD0,
BD7F23CDBE9B83CF3F736263,
BF5255B03E2B55EFBF0B8088,
3EC7D9553F629739BE81BDA5,
BCC970F83F4780DCBF204C06,
3F21BB06BE9E78183F35EFC8,
3E1DBA0A3E9081C33F72680A,
3ECFB15BBCA2339C3F69F01C,
3E934D6A3F7070113E3FE32A,
BF280FBBBE232767BF3CC059,
BF280FBBBE232767BF3CC059,
BF44F41FBF17BE773E73EAB3,
3F74154DBD36A401BE98B04B,
BD3573EB3E99EECC3F73E4CD,
BE1C91D13F3D2F1B3F27F77B,
BCAEA7483EFDFB94BF5E368F,
3EA1D14E3E0D8EC9BF704966,
BF585F07BEDDDEBEBEA029F1,
3F2D7C703ECFF823BF1CECEA,
BF4094C4BF0F7B9E3EB154CA,
BF5C9EEDBEDDA7B13E875A32,
3F5CF616BD5197A23F009CA2,
BF30B6D83F390C0BBD011B1E,
3F607FCCBE82363BBED0C88A,
3E4703B03F02DB623F56540D,
3E5923A33F0C710DBF4F0996,
BF01BDA53F49667BBEB47304,
BF01BDA53F49667BBEB47304,
BF606F69BEC85DB73E8F3A15,
BCAEA7483EFDFB94BF5E368F,
3EF64ECF3E2C8605BF5C3F3E,
3EE6C6153E7DC9C5BF5B890D,
3EA0A676BE2DDD6E3F6F2713,
3EA0A676BE2DDD6E3F6F2713,
BF59AF3ABDE4063ABF03AB22,
BF6D013BBE36B3BCBEAA9FBE,
BEEC4DA9BDF0F27CBF611926,
BDDBCA97BF34A18CBF335009,
BE1640643F4721D53F1C6F15,
BE7EA0BA3F73020C3E453650,
BEFEA0BA3EAF266CBF4C1A8B,
3D6D71F33F743BF7BE9689CA,
BF660BF6BE1F9F02BED1F9F0,
BF660BF6BE1F9F02BED1F9F0,
BF5A07B3BEB7357EBEC40A28,
BF6E94EE3CAB4B73BEB952D2,
BDAC764BBE28FB013F7B9192,
BDAC764BBE28FB013F7B9192,
BEE8A47F3F6139EB3E0F0846,
BF660DEDBEDF5AD93D3D273D,
BF660DEDBEDF5AD93D3D273D,
3EC6E04CBF62F1AABE80BF5D,
3EC6E04CBF62F1AABE80BF5D,
BCAEA7483EFDFB94BF5E368F,
BE4FA051BF7517833E529B28,
3DC486AD3E80FA59BF7685DB,
BF2DFAEC3DD88E373F39D53D,
3E9D5BABBF423E183F130553,
BD2602C93F422142BF268F08,
3F05F99CBF425508BEC63737,
3EFF9F02BED0A1383F43C0C2,
BF651B713ED6833C3E1D1245,
3C67AB753E88EC96BF76A5F8,
3E7BDA513EA84231BF697050,
3E35A5B93EFECBFB3F595AAF,
BF176FD2BF364064BEC1C582,
3F0BCF2D3CD566CFBF56594B,
BEAB43963F13D1CCBF3EA93F,
BEAB43963F13D1CCBF3EA93F,
3F2588E3BF3935543E779FA9,
3F2588E3BF3935543E779FA9,
BF7608AF3E5ECFEABE2E6080,
BD681ECD3F22EF0B3F44EC42,
BD681ECD3F22EF0B3F44EC42,
3F7D60423D94CEC43DFBDCF0,
BF5BCD363E12FEC5BEFBFB16,
BF5BCD363E12FEC5BEFBFB16,
BF6AD2353E6DA123BEA5B813,
3E059F2C3B8073583F7DCF03,
3F23EAB3BF433B10BDBBFC65,
BED1EF74BC5306A3BF697785,
BEF2DA12BF3BF91EBEF8A86D,
BF6D6E053D7620EFBEBCF6BE,
BF2491D13F4183F9BDFD805E,
BE814270BE79335D3F6FBE77,
BF4CD1633F0A7DAABE84C059,
BF4CD1633F0A7DAABE84C059,
BF06703B3F3F2C523ED0F3CB,
BF06703B3F3F2C523ED0F3CB,
3EBC7CD9BF59D3ED3EBFE1DA,
BF57CCE2BEEAC8603E90029F,
BF37F8CB3F2458CDBE88D4FE,
BF4ADE013E2915383F1650C6,
BF6C3BF7BE97F77BBE7B9629,
BF2EFA83BF2E3C75BE870F7C,
3F09057D3E30AE533F53AF10,
BEB9E98EBF5F14BABEA8DF7A,
BEB9E98EBF5F14BABEA8DF7A,
BE9A29C73F31743F3F27A440,
3E68B6D8BD9A3C213F788E37,
3E68B6D8BD9A3C213F788E37,
BEFE79683EF277C43F3A2489,
BDEB1C433D27136ABF7E17C2,
BE947ED0BF51ECD53EFC9EED,
BE5D273DBF62B0213ED2A1B6,
BD9BCFD53F33C4B1BF353847,
BD9BCFD53F33C4B1BF353847,
3F2A209B3F10572A3EFB0F28,
3F2AE87D3ECF6A94BF1FE910,
3F1FA82F3E95DA27BF398F1D,
3F336502BF2EBB99BE547D80,
3F336502BF2EBB99BE547D80,
BF77F434BE7CD35BBCF84CAD,
BE1782D43F627E523EE249E4,
3CB9CB68BF25EF20BF42DABA,
BF1F3ABDBF11A36E3F09BC56,
3EC333333D2BE8BC3F6C6BCF,
3E370260BDD47065BF7A79BC,
BEFA68B23F3134053F07DD44,
3F23C409BF1E1E4F3EEA3982,
BE523CC93E6708EE3F73CC8E,
3F1C8605BCD0FA59BF4A786C,
3F38DA3CBDEA4A8CBF2EAA8F,
3F38DA3CBDEA4A8CBF2EAA8F,
3F1C2B95BF17B4A2BF06A7F0,
3F1C2B95BF17B4A2BF06A7F0,
BEE8A47F3F6139EB3E0F0846,
3EF0053E3F5982AABE775105,
BEC7DD443DF16B12BF69BF9C,
3E21EA363F187B353F499C39,
BEF566CF3F457D18BED646F1,
BF6E94EE3CAB4B73BEB952D2,
BF6E94EE3CAB4B73BEB952D2,
3EA70B8D3F1793DEBF3CA2DB,
3E63B2573F2ACD9F3F35FEDA,
3E63B2573F2ACD9F3F35FEDA,
BE392B803F25E4A4BF3D66CF,
BF230C893F2E30013EB9945B,
BF4E1C583F02CA583E9A415F,
BF4E1C583F02CA583E9A415F,
BF702E883E94538F3E41DFB9,
BF1A2920BEB1A8ACBF38110A,
3E552FC2BEBA9542BF685C68,
3E552FC2BEBA9542BF685C68,
BEE5768ABC7BFC65BF64D163,
BF2DD788BE895AAF3F2EECC0,
3E69A2C63F545D643F027BB3,
BF1DEDD03F47212DBDF583A5,
BF1DEDD03F47212DBDF583A5,
3C92A3053F54E8533F0E132B,
3C92A3053F54E8533F0E132B,
3E567F4E3F500BCC3F0B33DB,
BF647A3ABEC25072BE799ED8,
3F5C36B93E80403ABEE36B90,
BF670ED43ED833C6BDAC2268,
3E3DF8F43F0FEEF6BF4E4ECF,
3F6039AC3EDC6BCF3E5F290B,
3F70DED3BDC4912A3EA64990,
3F70DED3BDC4912A3EA64990,
BEF871613ECB2E9DBF4775B8,
BEBC7B893E186983BF6AF3A1,
3F383516BDB280F13F305E5F,
3E222BBFBEB35E74BF6C52E7,
BD249E453ED44BB2BF68BAC7,
3EBB5C7D3F219264BF2F1562,
BF322C67BF333483BE23C212,
3ECC9D9D3D74C6E7BF6A2B17,
BEBF212D3F673776BE58FC50,
BF713DD93E44B87CBE8C49BA,
BF69B9B63AEBEDFABED0E411,
3E63CF2DBEE6A2B13F5D590C,
3E63CF2DBEE6A2B13F5D590C,
BF516F00BE980885BEFC2657,
BF516F00BE980885BEFC2657,
BF655BABBEBACAFF3E81BDA5,
BF655BABBEBACAFF3E81BDA5,
3CDE7EA6BF7335D23E9F3626,
BEB41C823EB84381BF5D37A0,
BEB41C823EB84381BF5D37A0,
3D0EBEE0BF7A6E98BE516095,
3D0EBEE0BF7A6E98BE516095,
BD55F99C3E7F4342BF778E9F,
BD55F99C3E7F4342BF778E9F,
3F2CE26D3C350B0F3F3CC836,
BE1DFE333F3A14273F2B5200,
BD0A5CE6BE32862F3F7BEEA2,
BD0A5CE6BE32862F3F7BEEA2,
BE7257003E8FEEF63F6E1672,
BE7257003E8FEEF63F6E1672,
3ECE8FB0BF60FCF83E82602D,
BE51758EBF4874A7BF165F31,
3EB147AE3F3E3151BF12A5A4,
3E17C99B3F27AE143F3DAE3E,
3EF1D3EDBCB4245FBF61930C,
3EC0980B3E65A1CBBF662585,
3E67FCB93E7BE76D3F714270,
BE7C30D3BE81F8A1BF6F73C1,
BE7C30D3BE81F8A1BF6F73C1,
BEA83CF33D525EDDBF716DB1,
BE6A137FBEA927913F6A6E98,
BF319E30BF2C26FEBE83F141,
BF319E30BF2C26FEBE83F141,
BF3452E7BF222292BEA415F4,
3F12BF34BE09906D3F4EED67,
3ED1C5823F0245F63F41CFFF,
3F1921ABBF3B923A3EA62E0A,
3E630A913F74DA90BE42602D,
3F1E848CBF137FE1BF0892CD,
BF7924F2BD18BD66BE684B5E,
BF0A9692BF4555C53EABE61D,
3F46B65BBE8972473F1209AB,
BF75883CBE0AA8EBBE7E8145,
3F392C28BEDDF3B63F0997A2,
3F62E297BE607358BED0E94F,
3F1F30E8BD952D233F479DB2,
3F3E6F933E92E1EFBF1A8588,
BF79691ABDC72086BE503D9B,
BF2532613F05FAEC3F0E7579,
3E43E4263F4B40F63F13BB84,
3E43E4263F4B40F63F13BB84,
3E16BE383F277708BF3DED29,
3E16BE383F277708BF3DED29,
3EC79BBB3E9000003F607A8D,
BF38A138BF2B9B673E32DCB1,
BED87400BF3F0111BF03AF10,
BED87400BF3F0111BF03AF10,
BF2C92793E8AF3A1BF2FDD44,
3F53B2FFBE9D6777BEF10CB3,
3ED6F2A63F204189BF283CF3,
3E4809D5BF46DB0E3F19450F,
BE6F0D843EFFE9B8BF55859D,
BED0D1B73F69945B3D0AE536,
BED0D1B73F69945B3D0AE536,
BF0DC67E3EDEE2433F35B424,
BF52E72EBF0C9F95BE0F27BB,
BF2C7AE13E5F23CDBF34C2F8,
3E18F9B13EB1A4BE3F6D07C8,
3EC85DB73EE95033BF4CAC08,
BF68DAE43EC339C13E290FF9,
BF68DAE43EC339C13E290FF9,
3F4A47453F1B497BBDB3E575,
3ECA9FBEBF5AD96ABEABC558,
3F05F99CBF425508BEC63737,
BF6A0BA23EB96A6ABE3A0F91,
BF3E06B83E25FD8B3F267232,
BF31E300BF14D0BB3ED8C2A4,
BD9F6FD23F1BC16A3F4A2FAD,
BD8AD57C3EB23E18BF6F5B81,
BD8AD57C3EB23E18BF6F5B81,
BF1B9EAE3E95421CBF3D12EC,
3F6039AC3EDC6BCF3E5F290B,
BEAAEFB3BF6C6349BE41F9F0,
BEAAEFB3BF6C6349BE41F9F0,
BF34AFF7BF323055BE06E19C,
BF1CB87C3F0F45E1BF0EFE72,
3EB026033F6FCA433D85DB77,
BDD17D6B3F526AA93F0F707A,
3EBC3DEEBEFCE7043F49B670,
3EFA5B963EE30FD0BF404B5E,
BE3F822CBE82F6E83F72CEEE,
BE3F822CBE82F6E83F72CEEE,
BB8AEFB33F0BE6C53F5663C7,
BF7F6D33BC9ED7C73D832CA5,
3F7BB6ED3E1295EA3DE6E979,
3D6944673EE30165BF64FFEB,
3F0CC0593EB6B7AABF415571,
BE686595BECF8F47BF62B170,
3E8CBA733EB09D49BF65C140,
3CB9CB68BF25EF20BF42DABA,
BE3DE3FC3E8E075FBF715422,
3F6B165D3E9FD36FBE794856,
BF6B7B4ABE0A9BD0BEBC8217,
BF62E9253D9E0610BEE9BBAE,
BF62E9253D9E0610BEE9BBAE,
BEA16C61BE9BF1E93F6617C2,
BE12E9CDBDF23CC93F7B890D,
BE959F2CBF6DE69B3E67429A,
3E5FF045BD20A527BF799A41,
BF2D0E56BF3B82803DA56ABE,
BF30F66ABEBD566DBF1EED67,
BD2AD81B3F38AE53BF30F5C3,
3F0FD806BEE6F6943F318202,
BF2E0B4E3EEDEE78BF113B3A,
3E6786C2BF50307FBF094467,
3E6786C2BF50307FBF094467,
BF4BB6ED3F1AC5C13D10E022,
BE740CC83F5CE8FB3EE42310,
BE4685DBBEC55B03BF66F1FE,
BE4685DBBEC55B03BF66F1FE,
3F06E782BD9D1F603F58AE53,
3E1F290B3F11ED7C3F4E89CA,
3E1F290B3F11ED7C3F4E89CA,
3F273D5C3E82E0A03F3670E3,
3F2B3DB03EB2C3CA3F27FF58,
3F2B3DB03EB2C3CA3F27FF58,
3F23EAB3BF433B10BDBBFC65,
3D777AF63F4B443D3F1ADA12,
BECC0AD0BF64CAD5BE52FC26,
BE4F73C13E51EB85BF75234F,
3E6995AB3D9EECC0BF78754F,
3E6995AB3D9EECC0BF78754F,
BE8846203DE23E183F7523F6,
BD1704FFBF7F4D163D82FD76,
BE9EE0F4BEB5DE163F61BC56,
BE878961BF76D5D03C813016,
BED1EF74BC5306A3BF697785,
BF1DC3DFBDE0EE8DBF47A398,
3E8F876A3F0C78423F49A0CF,
3ED4B72CBF4280F13F0007DD,
BEBC8605BF3E924FBF0E9835,
BF7681EDBE4A10E03E3C6003,
3F6F71C93EA716093E0BE37E,
3F2DAA50BD96E58A3F3B22D1,
BE50B3923EBF3CB4BF67AB75,
BF1917D7BDF42EDC3F4AE536,
BF08D3AEBF4B90EBBE92A305,
BF15DCC6BF34EAF2BECB6ED6,
BEA9E1B1BEBECFEABF5DDA27,
BE8D64D8BF0BE37EBF4A68B2,
3CC88A48BC257A783F7FE910,
BE92FEC5BF742AEDBDB5C28F,
BDE7B5F23F3D82FD3F29A75D,
BDE7B5F23F3D82FD3F29A75D,
BF2B00BDBF0D97F6BEFEEB70,
BF2B00BDBF0D97F6BEFEEB70,
3E1E6EEBBF0B9581BF52E925,
3E1E6EEBBF0B9581BF52E925,
BF2491D13F4183F9BDFD805E,
BF2491D13F4183F9BDFD805E,
BDE6FE723F4504813F20E411,
3F0CD0143EE8793E3F336F7E,
BF1CB87C3F0F45E1BF0EFE72,
3F5432233F02B1703E6A3832,
3F5432233F02B1703E6A3832,
3F73C7F7BE9B3BB8BD1172EF,
3F4A07B3BF069835BEA288CE,
3EEAEE633F615422BDF8811B,
BF60255BBE7CCB7D3ED49BA6,
BF761BB03E8176DE3DDEF1FE,
BF52E72EBF0C9F95BE0F27BB,
BF1917D7BDF42EDC3F4AE536,
BCD859C93F31D3463F380885,
3EE9667B3E79042E3F5B2F45,
BE16A4013EEDD97F3F5F8CA8,
BE16A4013EEDD97F3F5F8CA8,
3E42584F3E9BBECBBF6EFB2B,
3E8487FDBE79C38BBF6F429A,
3F723E183E9995ABBDF78573,
3F02FE1E3EF2046C3F37AACE,
BD826AA93F7F5F703CEEB702,
BF585E5FBD69D734BF080A7C,
BEEF1562BCF5C28F3F623EC0,
3E95475A3E1A39823F71D29E,
BE209FE8BE60DC333F76809D,
BF216873BF43BC2CBE08E8A7,
3E155EF23F622920BEE3FA6E,
3EE858793F6103863E1628CC,
BF37CD8A3E844BB2BF25753A,
BE6070B9BF0A91FBBF4FCF81,
BED53261BE7F7271BF5FD178,
BF7F6D33BC9ED7C73D832CA5,
BF7F6D33BC9ED7C73D832CA5,
BF33497BBF350EFE3DC59210,
BF33497BBF350EFE3DC59210,
BCD2DCB1BF7FE2823C7D75E2,
3EDD03DA3F03F9C63F3D7D18,
3F57F584BEB66128BECDBCA9,
3EF1D3EDBCB4245FBF61930C,
3EACE4653F36CBFBBF1CFF43,
BF6DF99CBEBCB1463BE2C12B,
3ED4299E3E9732DFBF5C6152,
BF7DD3993DB4FB553DC33C60,
3F336F7E3F02BDE43EFEEA21,
3E8540CC3F019CE0BF52786C,
3E47B8913F52D2DDBF085E5F,
3F7CE9A33E15D7883D4F56EB,
3F7CE9A33E15D7883D4F56EB,
3F7FFA1ABB694EE4BC567770,
3F0C0B783E978423BF48754F,
3DC5E0B53F2F2E49BF390774,
3E3805E6BE59652CBF75E5F3,
BDC1ADEBBF32C5193F35A273,
BDC1ADEBBF32C5193F35A273,
3E3148FE3F44BC6ABF1DB185,
3E8F80DCBDD3B3A7BF744FA0,
BDB611343F49F6013F1BA882,
3DF967CB3F566CF43F08548B,
3DF967CB3F566CF43F08548B,
3F1710CB3F4AF2523E1C5AC4,
3EC1B3293F5C1BDA3EAF9724,
3EC1B3293F5C1BDA3EAF9724,
BE60A5273F5ED677BEE19CE0,
BE60A5273F5ED677BEE19CE0,
3E0F9B133ED353F83F666517,
3EC6887BBF3F8812BF09D5E5,
3DC115DF3F7514E43E8BD7B2,
3F4052933E91D68C3F186AD3,
3CE0C9DABF7928393E6980B2,
BF677D95BDF8E9F73ED193B4,
3E7436B9BF72C860BE561E4F,
3EF323793ECAF4F13F4924F2,
3F4F03083EB3F5303EF18A87,
3F23ADC13EDC02F33F233B10,
3D09AAA43F253D863F435697,
3D09AAA43F253D863F435697,
BF30B6D83F390C0BBD011B1E,
3E3CE8533D6848BF3F7B2FEC,
BE7765FEBE6DF267BF713016,
BE7765FEBE6DF267BF713016,
3F1692F73F47064F3E642071,
3F128F5C3F515CA73D6F5EC8,
BEB815A0BF655E4ABE857D18,
BF051D69BF1041893F2456D6,
3C72F9873DFC5048BF7E0568,
3DAA89763F412104BF26AE7D,
BC9DB22D3F2BAC71BF3DD788,
BCAEA7483EFDFB94BF5E368F,
3E9C115E3F3B83273F1BD70A,
3BE26D48BF7620EF3E8CC3A0,
BF522292BEA7B2033EEF91E6,
BF4683E4BE54A7723F18A5CE,
BF4683E4BE54A7723F18A5CE,
BF061D003F24FBFC3F0E9596,
3F6E3E6CBEB7CED93D9148FE,
3F6E3E6CBEB7CED93D9148FE,
3F6AF102BE6F8DF83EA4577E,
3F6AF102BE6F8DF83EA4577E,
BF2F95D53F31F01C3E5CB146,
3F0EBD903EB995AB3F3F2EF1,
BE70DAE43EF52A843F588701,
BE70DAE43EF52A843F588701,
3F0A97393D80A287BF56A401,
3F400496BD8A137FBF286CCA,
BF4296923E60639DBF1C9A56,
BF0CA8C13F47EE4EBE980885,
3DFA1A0D3DE0BA1F3F7C86AD,
3EC4ECEABE50DAE43F667770,
BDAC5198BD1BA5E3BF7EE829,
BDAC5198BD1BA5E3BF7EE829,
BE7C3DEE3E1F2BAABF74E65C,
BEEDEA89BE989225BF5575E2,
BEEDEA89BE989225BF5575E2,
3E29F40ABF722BBFBE8E9B7C,
3E29F40ABF722BBFBE8E9B7C,
3E64BDBABE497E13BF746499,
3E64BDBABE497E13BF746499,
3E53D85ABE50EFDDBF74F41F,
BD7A786C3D7505D1BF7F1023,
BE09C4DB3F63F91EBEDE83E4,
BF09758E3E80BE0EBF4E262D,
3E207B35BD9E0610BF7C100E,
3E207B35BD9E0610BF7C100E,
BDE9984ABF2D88E33F39ED7C,
BDE9984ABF2D88E33F39ED7C,
3E83497B3F338716BF2A4895,
3ED6ABDEBF5DFB943E89AFE2,
BF6B8130BE974D16BE83E964,
3E83497B3F338716BF2A4895,
BD8FF972BF7DE892BDDA1230,
3D854DE83EAB6D873F70A5CE,
3E4EA4A9BD68E608BF7A4F22,
3F715BFF3EA919263D38BAC7,
BE959C8DBF13CE853F432CA5,
BF6D6E053D7620EFBEBCF6BE,
BF6D6E053D7620EFBEBCF6BE,
3DE6AFCDBF3B6E2FBF2BF91E,
3EAD0FA6BF3C4BB2BF164F76,
BF3D44133ECA9153BF0B7BF2,
BF3D44133ECA9153BF0B7BF2,
BF37BF1F3EA44E51BF1E30A9,
3EF2D4D43E2D7F0F3F5D29DC,
BF1D0A673EF843813F1F93DE,
BF35CD0C3B8B43963F343B4F,
BEC30BE1BE974688BF6048BF,
BF0DC91D3F5522A73C19AE92,
BF0DC91D3F5522A73C19AE92,
BF002C91BF2853E3BF1020C5,
3CCEAF25BEB2FEC5BF6FC265,
BF559946BEE90FF93E9F266C,
BEE9F7F9BE94E11E3F573238,
3E059F2C3B8073583F7DCF03,
3E243569BE4DF2673F7762B7,
BF64710DBEE4E65C3D7DFE33,
3D3222923F0EE8D13F541B33,
3F35805EBE1C1BDA3F3044D0,
3F10C005BF4620EF3E91FC8F,
3F10C005BF4620EF3E91FC8F,
3F31FDDFBF3757933D78572A,
3F31FDDFBF3757933D78572A,
BED0C88A3E9D0679BF5C2B95,
BF4B83273C5234EC3F1B443D,
BF190ABBBEB41DD23F38663C,
BF190ABBBEB41DD23F38663C,
3B811B1EBE62046C3F79AF3A,
3E835A863EFC2A45BF54E5B4,
3F409FE8BC1CA18C3F28995B,
3F409FE8BC1CA18C3F28995B,
BE89FBE7BF6DD7883E81BDA5,
BEE6887B3E8CC8DE3F59797D,
BEE6887B3E8CC8DE3F59797D,
3E099D88BE6531123F771F36,
3EC4ECEABE50DAE43F667770,
3EC4ECEABE50DAE43F667770,
3E813FD1BE20639D3F74710D,
BED111F1BED540CC3F4FF0ED,
BF21800ABDC27525BF45234F,
3EF754F33EC29DC73F49ECD5,
3E413016BEEE91003F5D4D40,
BD8CF1803F1E2585BF4889A0,
BD8CF1803F1E2585BF4889A0,
3F23ADC13D2804963F448F32,
BF605B183EB00BCCBEACA81A,
BF605B183EB00BCCBEACA81A,
3F608B973EF5A7093CAD03DA,
3F6831273ED14A4D3DCF6167,
BE686595BECF8F47BF62B170,
3F21D92B3D6DFA443F45C9C5,
3F21D92B3D6DFA443F45C9C5,
BF1F9FA93F1CA57ABEF923A3,
BF1F9FA93F1CA57ABEF923A3,
BF11EF743E4B8F9BBF4C14A5,
BF1D36503EF5E892BF2051EC,
3EA4ACB0BF0375643F4BA7DB,
3E0538EF3F67F8CB3ECE11DC,
BF4B923ABEC7635E3EEDF506,
BE6CD9E83E86D9BE3F6FC1BE,
BDE1EF743EF9B3D03F5DB2D5,
BF761C583DAAC3223E864D7F,
3F29EADD3D9916873F3E848C,
3E81CAC1BF3F7F8D3F1D0332,
3E3280F13F4F93DE3F0F064F,
3E72CF96BE154F373F75E204,
3E059F2C3B8073583F7DCF03,
3DB1E3A8BEF2B1703F604FF4,
3E938088BEE945B7BF579FA9,
3E938088BEE945B7BF579FA9,
BEB8D64D3ECC26573F57D0D0,
BEC17ACC3F312E1F3F1D6EAD,
BEC17ACC3F312E1F3F1D6EAD,
BCE5F30E3F050721BF5A9A80,
BF0D6388BE5935FC3F4E6320,
3E1426FEBEFC8F32BF5B9629,
3ED49E45BF16D289BF317247,
BE16AE7D3E9945B7BF7156C1,
BF70307FBEAD3459BD94AF4F,
BEBB1C43BF65F7A53E79BE4D,
BEBB1C43BF65F7A53E79BE4D,
3F3B55EF3F253261BE60902E,
3F3B55EF3F253261BE60902E,
3F1BA5E33F421AB5BE71172F,
3CFAD6CB3F7FB9E0BD0E0221,
3F7CC78FBE0FF4343D9421C0,
BDB55EF23F24115E3F433333,
3E5923A33F0C710DBF4F0996,
BC13F2913F149BA63F507011,
BF79042EBE02C908BE464990,
3F666BA53E7450F0BEBAACDA,
3F6FE5C93D0E75793EB1D3ED,
3CDE7EA6BF7335D23E9F3626,
3F593C8ABD0EF34D3F0725C4,
3D035159BE82085BBF777857,
3E29F40ABF722BBFBE8E9B7C,
BDC4B5DDBF65DE16BEDBEF4A,
BF12FB7FBF4FEEF63DD320DA,
3CFAD6CB3F7FB9E0BD0E0221,
3F3EF3F53DB28B6EBF290ABB,
BDC2D384BF7EBA493CF212D7,
BF54D402BF099F80BE10307F,
BF1D0A673EF843813F1F93DE,
BF1D0A673EF843813F1F93DE,
BF365BEA3F0E0AA6BEDC0C20,
BE0B46353F3C577EBF29DB23,
BD9BCFD53F33C4B1BF353847,
3F7AC0833DE8240B3E2A8438,
BE1F77AF3F619E30BEE469D7,
BF1F064F3E22AC32BF4473AC,
BC7323793EAF2A5ABF7085B2,
BC7323793EAF2A5ABF7085B2,
BF58ED3E3D8D0BB7BF06CAAC,
3EF8A1E0BDE58A333F5DF117,
3EF8A1E0BDE58A333F5DF117,
3EC36A403D839ABF3F6C0C20,
BE5F40A33EFABF343F581B86,
BF19AF3ABEB0CB293F38ABB4,
3D4356973E9DA2733F734246,
3E3F65563F7A9DC7BDA7620F,
BF2E5D3ABE912AD83F2CD0BB,
BF0F88123F3E7FF6BEB9F2BB,
BF0F88123F3E7FF6BEB9F2BB,
BE260AA63F726224BE8E50C6,
3E9A771D3E568C693F6E1B09,
3EA18A873EEFF5843F533A69,
BE05AEE63F3326C03F33C947,
3CDE7EA6BF7335D23E9F3626,
3CDE7EA6BF7335D23E9F3626,
BF0C6BCF3F406A2BBEBB8F9B,
BF7FAEBC3D3866E4BCADFF82,
BF4DFCE33F055BABBE91E109,
BF1F60BF3F2BB59EBECE670E,
3BDF266C3F60A138BEF58E22,
3E0F8DF83EF368F13F5E57FB,
BF04AAB9BF0F6018BF257732,
3C127914BF3D79D13F2C2268,
3EB61523BE7B2D4DBF66E04C,
3E81B9B63ECAC7113F61F0C3,
BE12A5A43ED1450F3F66BEE0,
BE579D0A3F4E978DBF0D3ED5,
BF2EB3BCBF37BFC63E0D7F0F,
3C247ED0BEDDB61CBF66BCE8,
BF009CA2BEB21965BF4AA4FD,
BF009CA2BEB21965BF4AA4FD,
BE4A4FCA3EB26D483F6A8F5C,
3E0EE632BF7AFC263E0E5DE1,
BF1D9DDC3F3315B53EB9B3D0,
BECFA0513F562CBABEBC8DE3,
BEABCBE63F59FB403ECE4F76,
BEABCBE63F59FB403ECE4F76,
3F1C5F5B3F48B6D8BDE1FF2E,
BDBA39823DE50C5F3F7D53CE,
3EFF9F02BED0A1383F43C0C2,
3E5A82E83EC55715BF65D0FA,
3F2183513DF111F1BF445198,
3F21C2E3BEBC692F3F2EA0BA,
3F72617CBA8D8EC9BEA4C6E7,
BE810386BF5FAD6D3ED501E2,
BF275EC83F0D64D83F0467E0,
BCCF03083EAE0C9EBF70AB0D,
3DAA3AD2BF7E81453D8CF6BE,
3F52DF503F105D10BD71758E,
BD4D7F0FBF127A63BF518F1D,
3F5E0568BEEBCA97BE419E30,
3F06A7F03F30CC79BEFE2196,
BE9509C0BEB7136ABF632A06,
BEE2B6AE3F42F05A3EF25D8D,
BEDAA8EB3EE1B5C8BF4A1B5C,
BE4F73C13E51EB85BF75234F,
BF15CDB33EBF7A4EBF38331E,
BD76A93FBD55CFABBF7F2F98,
3E98E0CABF5E70E33ECA1DFC,
3F5D8A333DB967CB3EFC56D6,
BF7110A13E9EBD903E061523,
3E357BC8BE9F837BBF6EFDCA,
3EA3D31C3ECA5F85BF5C6D1E,
3EC38EF3BF21A805BF2CC059,
3EC38EF3BF21A805BF2CC059,
BE9EE0F4BEB5DE163F61BC56,
3F4D288D3BA6223E3F191D15,
3F4D288D3BA6223E3F191D15,
3D035159BE82085BBF777857,
3D77AF643E93D9A93F749AFE,
BEF6ABDE3E73FFACBF57E133,
3F3B55EF3F253261BE60902E,
3D24E7ABBF325700BF375EC8,
3F295F46BF39FE87BE3DF655,
BF2AB7FEBF2FC1BEBE94562E,
BF42FC26BF1D6388BE5197A2,
BF42FC26BF1D6388BE5197A2,
BF6EFE72BEA31B9BBE281ECD,
3EF71DE7BF58A9BDBE66AFCD,
BEF1F2133E769EC3BF5906CD,
BEF4245F3D92E72EBF604578,
BB03126FBF7FF77B3C81ECD5,
BB03126FBF7FF77B3C81ECD5,
3E6ADD59BE026FE7BF770846,
3D4E464A3F0EC17F3F541BDA,
BE8E58A33F618DCE3EC3EC03,
3E22E87D3E0836653F7A6F3F,
BE9D5BABBE05EB31BF714C44,
BF0CAFF73C0A71DE3F55DD6E,
3EC6AE7D3E6AD57C3F6484B6,
3D99FD37BEF588E3BF5FD0D0,
3F4DF06FBDE2B170BF15681F,
3F3923A33F09C77A3EDD9946,
3D834C1B3E2894C43F7BF91E,
3EE27914BE7E3A7EBF5C9EED,
BF5C7A3A3E956FFC3ED50332,
BF2DD788BE895AAF3F2EECC0,
3F64A6CABE71172FBEC42D8C,
3F52C5193E174E663F0C49BA,
3F60956C3DACD4AA3EF1EB85,
3F6E17C23E5F60183E9760BF,
BF65C0983E390EAABECE00D2,
3EF1F213BF5F1FDEBE05AC47,
3F052D233E913D32BF4E37DF,
3ED92253BF669B7C3DBEEF5F,
3ED92253BF669B7C3DBEEF5F,
3E999D88BE1C115E3F7111F1,
BF1F3776BD9888F8BF478E9F,
BF516A6A3E2169C2BF0D9B3D,
3E98E9F73C9407893F7445CC,
BDD44674BE98FEEFBF72DB62,
BF47822C3CC6BCE83F204B5E,
3E2949A5BEA46B273F6EB7AA,
3F0864EDBF018D263F2DA273,
3EFA0F913F19C23B3F220E41,
3F213B3ABE5460AA3F3FA0F9,
3E2FB54A3F25681F3F3E6278,
BD8E8A723E44B33E3F7A99D9,
BE93775C3F282C913F325F85,
BD163DC53F0D48023F55475A,
3D4BBC2C3EAADD59BF70FCF8,
BEDE11DCBEB18FC53F54E5B4,
BF4078963C267621BF28C543,
BF4078963C267621BF28C543,
3F34D6A1BF1B0BE1BEBB8F9B,
3F46C56D3EC69AD43EFE4799,
B95C3372BF7BD902BE37ACC5,
B95C3372BF7BD902BE37ACC5,
3F04FAADBF4D0481BE9894C4,
3F04FAADBF4D0481BE9894C4,
3EDF18013ED8E0CABF4B4EBA,
3EDF18013ED8E0CABF4B4EBA,
3B14C448BF0E685E3F54BC6A,
BF5FA58FBE8C0592BECE132B,
BF62602DBED91FB4BE4833C6,
BF57A97E3EC22A6FBEC3F91E,
BF57A97E3EC22A6FBEC3F91E,
3EF6DDAD3DF785733F5E223E,
3EF6DDAD3DF785733F5E223E,
3EC3B795BF62D42CBE864AE0,
3E8E7D563ED0AE53BF5EA6A0,
3CCCCCCDBE2CF6BEBF7C3D47,
BED0F66ABDB482BF3F689DF1,
BF15A9A8BF4088F83E9BC947,
BF15A9A8BF4088F83E9BC947,
BEA3A14D3E6FB7E93F6B0DD8,
BF550529BF0D7D183D3CD35B,
3EF1B5C8BEB8D10F3F4DE3FC,
BDBA8D653E410B63BF7A53B9,
3E2C100EBF4BA344BF150E56,
BF2218163F44CAD5BDB8FEEF,
3E249BA63E524F223F7723CD,
BF4B923ABEC7635E3EEDF506,
3F1F06F7BF488E37BC9BBADC,
3F1B6B90BF3FB2033E88240B,
BD93B3A7BE1A1CACBF7C692F,
BD93B3A7BE1A1CACBF7C692F,
3E5E20473F0350B13F549F95,
3DF449133F76BAF13E743E96,
3F40A3D73EBE353FBF0B3722,
3DAF1AA03E382A993F7ADF50,
3DAF1AA03E382A993F7ADF50,
3F0BECAB3EEA99313F337026,
BF522292BEA7B2033EEF91E6,
BF26FE723F29F2133EBB44E5,
3EF16335BF177A4E3F27674D,
3E47136ABDBB938A3F7A046C,
BF6A68B23E973FFBBE8B8F9B,
BF6A68B23E973FFBBE8B8F9B,
BE9C1D2ABF6A23E23E87F62B,
BE9C1D2ABF6A23E23E87F62B,
BBB439583F768E613E89C23B,
BF7AA25E3DA1719F3E404EA5,
BF7B5A86BD0553263E3F5AD9,
BF639B67BE00663C3EE16484,
3F100DC3BDE7429A3F51A36E,
BE7532613DF251C23F76B314,
BEF7AE143D844D01BF5F7122,
3E9AC5C1BF5826033EE28390,
3DD379FB3DB25C3EBF7DA709,
BF1A2920BEB1A8ACBF38110A,
BEE14F8BBF4D81AE3ECE04C0,
BDAC5198BD1BA5E3BF7EE829,
3ECF27BBBF0AACDABF3C9E45,
3ECF27BBBF0AACDABF3C9E45,
BF525D8D3EB384773EE60179,
BF72C27A3DDA9004BE991149,
3F42F449BF1BBA34BE650481,
BED102363D94EE39BF68F473,
3E5323793EE374BC3F5F3190,
3E5323793EE374BC3F5F3190,
BF40B04B3EA928E13F11C971,
3F1CA969BE8B52003F3E1B09,
BE855476BE1D34593F740592,
BEE90FF9BF21EA36BF206F69,
3C18B2EA3E2476F33F7CAA11,
3F6D7D183EB76DDB3DD7396D,
3E2B367ABDC2AED13F7B3871,
3EE0A1383F65E4A4BD05FAEC,
BD97928E3F7F38C53CC5EB31,
BF58ED3E3D8D0BB7BF06CAAC,
3EE229203ED13016BF4C78EA,
3F1E9058BE9A3AD23F39999A,
BF6B7B4A3E9E3A7E3E776B3C,
BF6B7B4A3E9E3A7E3E776B3C,
3E11FDDF3727C5AC3F7D62E1,
3F0DEC813F4376B43EA98DCE,
BD880C743EAA5269BF70D1B7,
3F57266CBE21DFB9BF04B33E,
3F57266CBE21DFB9BF04B33E,
BE6070B9BF0A91FBBF4FCF81,
BF08FC503EDFCCE2BF3910A1,
3F1C2B95BF17B4A2BF06A7F0,
3F1C2B95BF17B4A2BF06A7F0,
3E4322293E47D0293F764B88,
3CD7DBF5BF7FC45DBD08E369,
BED111F1BD2695963F697397,
BF585921BD8C59753F07B9E0,
BE35C52E3EAE25853F6C6888,
BE35C52E3EAE25853F6C6888,
3E99F6A93D9B280F3F736113,
3DC8509CBD6DDACFBF7E56AC,
BF69D884BDE2877FBEC8811B,
3F12A0663CE022143F51BBAE,
BF6D013BBE36B3BCBEAA9FBE,
BF13D124BE219653BF4D1245,
BE29F6A93F240C20BF3FE1DA,
BE959C8DBF13CE853F432CA5,
3E65C67E3EDB74153F600B24,
3EAE09FF3EA6594B3F61EECC,
3EAE09FF3EA6594B3F61EECC,
BEDA68B23F5B3D083E94EE39,
BEDA68B23F5B3D083E94EE39,
BF0C59753F560C9E3C93B3A7,
BF198A873F21F9F0BEFACC4F,
3F6F71C93EA716093E0BE37E,
BF000735BEA8F5C3BF4CF56F,
BF2FEBAFBEF72DA1BF0AF987,
BF2CEAF2BC9AD42C3F3CB685,
3F7974E6BE527E52BDB99C39,
BF318E75BF0405923F00C34C,
BF61F2BBBEDEA748BE36D86F,
BF61F2BBBEDEA748BE36D86F,
3F0BECAB3EEA99313F337026,
BDBDC4873F19FC8FBF4B20DA,
3E242D8CBBD6F5453F7CAEA7,
3E4D4AA13F2FCB92BF32E148,
3E4D4AA13F2FCB92BF32E148,
BECEB314BE8538EF3F6089A0,
BDFDCF03BF7DFCE3BC8C692F,
BF00811B3F2E35E73F08A71E,
BF57CCE2BEEAC8603E90029F,
BDAD5CFB3DC9320E3F7DD6E0,
BDAD5CFB3DC9320E3F7DD6E0,
BEC0F51B3F401D7E3F0AFEC5,
3EDBEB5B3EBF5D793F52732E,
3EDBEB5B3EBF5D793F52732E,
3F3923A33F09C77A3EDD9946,
3D71B4783DF6E8293F7DAEE6,
BF69BBAEBDE147AEBEC91D15,
3E6359363F1826ABBF45E15D,
3F322BBF3D33A68B3F377AF6,
BF1D46B23EC82BE9BF2F73C1,
BF1D46B23EC82BE9BF2F73C1,
3E0582563F7DC337BCA469D7,
BF17913F3D2F1AA0BF4E04C0,
BE392B803F25E4A4BF3D66CF,
BE392B803F25E4A4BF3D66CF,
BE5F62B73F79CAC13C947065,
BC2BDE403EABAF10BF712989,
BF024FCABEBA7EFA3F47A637,
BEAECAAC3F5F357E3EB3BB84,
3F17DE943D03C4B13F4DEC81,
3F17DE943D03C4B13F4DEC81,
BEE6887B3E8CC8DE3F59797D,
BF0C61523F2A602DBF019ED8,
3F213B3ABE5460AA3F3FA0F9,
BEEFF823BF5EFE72BE165FD9,
3F20BD66BEA2BFDBBF35DEBE,
BEFA3832BE1458CD3F5C3E96,
BEFA3832BE1458CD3F5C3E96,
BD31EE24BD49BA5E3F7F7271,
BF298C7EBF2EBC413E9E3151,
3F7DC9C5BE0499073CAB8A5D,
BF09758E3E80BE0EBF4E262D,
BF503F92BEC85C68BEDC4C59,
BF169CCB3E0FB2ABBF4BDD98,
BF393016BE424DD3BF29F213,
3E624B343F74F616BE410E02,
3EA7635E3F6FE5C9BDFA732E,
BEEE98DD3E956D5DBF55D399,
BDDCDB383E991E643F72B7FE,
BED57A78BF6746883DCCA2DB,
BC58C2A4BF7FD2C83D0EC95C,
BE38F1D43EF648413F5B9F56,
BE38F1D43EF648413F5B9F56,
BF1D36503EF5E892BF2051EC,
3F18E9F73EA31CEBBF3C6BCF,
BF799ED8BE28E0CABE17F8CB,
BF6EABDEBEB3F7CF3DAE48E9,
3F4BC2B93EF46F15BEBE94EE,
BF1070113F42A10E3EA4D6A1,
3F4AAE293CEE78183F1C3569,
3F4AAE293CEE78183F1C3569,
3E718A87BF09057D3F4FA440,
3E718A87BF09057D3F4FA440,
3F07C2653EDA4E7B3F3B9820,
3F38A5CE3E42C9083F2A7FA2,
BF6C9AFE3E71CC10BE99A027,
BF62DA123E69CCB8BECE7818,
3ED4523F3F68793E3D6E58A3,
BE2FEEF6BF597D6BBEFF583A,
3F359D343ED5D24ABF115571,
3F60C5EBBC97E1333EF4DFCE,
BDAEA748BF767D56BE832DF5,
BDAEA748BF767D56BE832DF5,
3F1983F9BE33F5303F47DC9C,
BD527E523F7C9AFEBE1D9FD3,
3CB7BF1F3F2282413F45B8BB,
BC178D503E944E51BF7503DA,
BE1163353F4B34833F17674D,
BE1163353F4B34833F17674D,
BE2C63F13F38AB0D3F2BF9C6,
BE2C63F13F38AB0D3F2BF9C6,
3F26E6DA3E8CAAB9BF34EC42,
3E3D0529BE6E368F3F7473AC,
BF5D49F9BEAB6ED6BEC0092D,
3C04DFCEBD9F6556BF7F36CE,
BEB9B3D0BF6C5048BE02DB62,
BEB9B3D0BF6C5048BE02DB62,
3EC227D03DFC7F78BF6AC472,
3F1DC0983EB3482C3F34985F,
3ED0A527BDF21D543F67D029,
3EE245F6BE5B573F3F5F0069,
3F02E297BE19FD373F589DF1,
3EE6A93FBE14CEC43F6180B2,
3EE6A93FBE14CEC43F6180B2,
BE51F0C33F1473AC3F49D92B,
BF4EEB703E5DBF48BF0C2B95,
BE13458D3F10A7C63F4FFAC2,
BEDDF6553E582FD7BF604578,
3F1FA82F3E95DA27BF398F1D,
3F08A86D3EA94AF5BF473D5C,
3ED5B5743E995AAFBF5BA29C,
3E94F0D83E46FBD23F6FD2C8,
3F0CEF893DBBF7273F546A7F,
3D1945B73E63D1CC3F79667B,
3DF91E643E8F93363F73BF72,
3E8D3459BF7486ADBDDC3DEE,
3DFB6998BD9F1BEF3F7D48AA,
3EFA5B963EE30FD0BF404B5E,
3F4D38EF3D8927913F18125A,
3F4D38EF3D8927913F18125A,
BCF1A9FCBD95BAB23F7F342F,
3F2236E33EA7C06E3F3368F1,
3ED1EA36BF45D1A23EF816F0,
3E76E04C3ECF04573F61DC72,
BE001A373F674F0E3ED1D3ED,
BF3C61FABF1B8BACBE99042E,
BF3C61FABF1B8BACBE99042E,
BDED3847BF5B7F39BF005DB7,
3E2EA7483CCC8DE3BF7C2AED,
3E4CA2DBBE420C4ABF7619B9,
3E92E72E3F23D85A3F3678C0,
BF4CD1633F0A7DAABE84C059,
BF4CD1633F0A7DAABE84C059,
3E707F243EB95FEEBF66EEB7,
3F48A5CE3EAD03DA3F056430,
BEA172EFBF72EFB3BBA1DFB9,
BF3F30E8BEF7DE943EE96E59,
BF3F30E8BEF7DE943EE96E59,
BF77BFC6BDFC94703E60D994,
3F6C45CCBEBF505DBDBD75E2,
3F6C45CCBEBF505DBDBD75E2,
3E9E2C133ED0F66A3F5BEB5B,
3E9E2C133ED0F66A3F5BEB5B,
3EEFE1DA3D4A42AFBF61CF57,
3F27AD6D3EFAD6CBBF134635,
BEADB4CC3F56EC183ED94467,
3EBE50C6BDD1EB853F6C341A,
3D45E0B53F304C063F393554,
3DDEFC7ABD92E72E3F7DD053,
BF4F60BF3D1CA18C3F15C875,
BF23C6003F2D4563BEBA747E,
BF23C6003F2D4563BEBA747E,
3EAE108C3F0D512F3F42E9CD,
3F4921ABBEE9B5203ED5CD0C,
3F4921ABBEE9B5203ED5CD0C,
3F23C409BF1E1E4F3EEA3982,
3F23C409BF1E1E4F3EEA3982,
3F23C409BF1E1E4F3EEA3982,
3ECF861ABEF458CDBF479BBB,
BE5AE3E7BF7716B13E1A5658,
3F0674D13F0D3D863F25DB77,
BED82A993F674D16BD966278,
3D834C1B3E2894C43F7BF91E,
3F06FB2BBCCF41F23F596D09,
3E2CC2503DE3DC48BF7AB7FE,
3DC395813E88201D3F7592B8,
3DC395813E88201D3F7592B8,
3D9835163F27381D3F40E758,
3D9835163F27381D3F40E758,
3E4BD1243F4001F73F2178D5,
3E4BD1243F4001F73F2178D5,
3DDE54B5BF7DB185BDA08AF0,
3DDE54B5BF7DB185BDA08AF0,
BEF7AE143D844D01BF5F7122,
BF6822143E5926423EBA93F3,
BDB02B413F20053E3F469B7C,
BF647E283C8F5C29BEE6B7AA,
BEF87011BF47598A3ECB9F56,
3E3EB314BCAB21813F7B775C,
BE17FE093F2803EF3F3D5F9A,
3E1A63733DD37F393F7BB060,
BD2F6E833DF593603F7DEA89,
BE827FA23F750DAEBE0C2507,
3EF1F213BF5F1FDEBE05AC47,
BF4D4563BC6EE0F4BF18EC96,
3ECD7B20BD98D25FBF69B329,
BED689CA3EC385C63F52E297,
BED689CA3EC385C63F52E297,
BE65BEA1BF50BF5D3F089B52,
3E228CBD3E662F5A3F761DA8,
3DC395813E88201D3F7592B8,
3F22B0213EBD590C3F2D8256,
3DD6CB53BE7557153F7716B1,
BEEFFEB03EB7967DBF4EA9E7,
3E83497B3F338716BF2A4895,
BF28754F3EABA3443F2C9AFE,
3E8ECD4B3F3F6556BF1A49E4,
3E8ECD4B3F3F6556BF1A49E4,
BEC6A162BF60826B3E912989,
3E44DA90BF777660BE2D4025,
BF33EB5BBF2D4413BE604C06,
3E4AA10E3F7A2BBF3D9CD5FA,
3F3887013F30ABB43D841DD2,
3F3361BB3F365FD9BD1DFB94,
BF5669053E8714BABEF4F8B6,
3E55F1BFBF412F6FBF1F3B64,
3EB913E83E37CC3A3F6A3982,
BEBC8B443F008EDEBF484D55,
BF15D399BEE9691A3F2BA9D2,
BE9595FFBF70AB0DBE33D5BB,
3F489E99BF1A877F3E1628CC,
3E12378BBE76C8B43F75BFF0,
BF4696E6BD8164843F20BCBE,
3BCD7492BF7FD1783D189375,
BED013A9BF58FF973EAEA20A,
BE940F67BF63328B3EB7B4A2,
BD6262CCBF7C970F3E1CB146,
BD6262CCBF7C970F3E1CB146,
3F4747D8BF16A93FBE5F9724,
3F0F0069BF086AD3BF22B756,
3F0F0069BF086AD3BF22B756,
BF211687BE9B4B733F372F98,
BE5D9019BEC2324DBF664D7F,
BD486AD3BD4230FD3F7F67F5,
3EC516DB3F480A7C3EFB76B4,
BEAAF8DF3F432D4D3F0DE4A4,
BEAAF8DF3F432D4D3F0DE4A4,
3BF3CB3EBF7FDD443D020C4A,
BD681ECD3F22EF0B3F44EC42,
3ED9D3463D848BEBBF671562,
3D06AD2EBF7F3ABD3D8FB00C,
3D61B08ABE6425AFBF792AD8,
3D61B08ABE6425AFBF792AD8,
3F098FC5BF078DF83F280A7C,
3E0F8DF83EF368F13F5E57FB,
BF01BDA53F49667BBEB47304,
BF748E8A3E8F67F5BDC1C821,
BF0F47D83F418E753EADB0DE,
3EECA03CBF3C1E79BEFE2824,
BE3EECC0BECE718BBF655A5C,
BEBBB060BE04DFCEBF6BD9A9,
3E8F56EB3EF042D9BF56670E,
3E8F56EB3EF042D9BF56670E,
BF656ABE3DDB5C7DBEDC7A3A,
BF1491D13D8AA10EBF4FC1BE,
3E9F6E833F71ECD53DCC9321,
3EB40F67BEAA93F33F5FF4DC,
BEA9E1B1BEBECFEABF5DDA27,
BC1CF56F3F33111F3F36EF5F,
BC1CF56F3F33111F3F36EF5F,
3F476D333E9B352B3F0C8217,
3F0AD18D3E944BB23F49E8E6,
BF3A1AB5BF2F991C3D02BE8C,
3EC67A103E7D8D7A3F634F61,
3F0B61133EB70A3D3F4240B8,
3F0B61133EB70A3D3F4240B8,
BF039ABFBF3BD1CC3EE381D8,
BF7DD3993DB4FB553DC33C60,
BF7E5BEA3D1A36E33DDA469D,
BE1323793F0B68F1BF5389B5,
BD94B9CB3ED558643F67F8CB,
BF607896BEF435693D779A6B,
3F5A88273D529DC7BF04B09F,
3EAE4CD73F2C0B78BF285921,
3F273D5C3E82E0A03F3670E3,
3EF98C7EBF09B281BF301648,
BF3B0B393F295D4FBE2CD4AA,
BF3B0B393F295D4FBE2CD4AA,
3F2D714CBF1CCB7D3ED081C3,
3EBC7CD9BF59D3ED3EBFE1DA,
BE12E9CDBEBAE3E7BF6B7D41,
BF4977853F11EADD3E71D68C,
BEF58CD2BD343958BF605B18,
BF12C472BF3E2A1BBEB100E7,
BC1CF56F3F33111F3F36EF5F,
BE13458D3F10A7C63F4FFAC2,
BEB46888BEB883BABF5D1B71,
BEB46888BEB883BABF5D1B71,
3E8F8F47BF623D71BEBFD220,
BF559946BEE90FF93E9F266C,
BF7B1E3ABD06F694BE442071,
3F485532BCD29DC73F1F3F53,
BE0AF4F13F001B86BF5AE686,
3F0AD18D3E944BB23F49E8E6,
BF3E6EEBBE6F1FDE3F204D55,
3F46D3313E589DF13F17E521,
3F46D3313E589DF13F17E521,
BAC73ABD3DDA6B513F7E8A72,
BEDB9B67BF2A209BBF1CA383,
BEDB9B67BF2A209BBF1CA383,
3F1F2EF1BEA807353F3609FF,
BF681CD6BED43AA8BD9FE868,
3E888A483DD23A2A3F755326,
BF153AE73F0F47D83F16CA04,
BF153AE73F0F47D83F16CA04,
3ED031CF3F1CC4483F2D9019,
BEEA8827BF638F9B3B3F5D79,
BDBA8D653E410B63BF7A53B9,
BDBA8D653E410B63BF7A53B9,
3EF28E0D3F4E132BBEB6E04C,
BF79C77ABC84DFCEBE5FC3B5,
BF79C77ABC84DFCEBE5FC3B5,
3E6361133F69D884BEAE978D,
3E624B343F74F616BE410E02,
BD7F23CDBE9B83CF3F736263,
3F16A551BED469D73F31A8AC,
BE950EFE3F6887013E99C77A,
3D777AF63F4B443D3F1ADA12,
3D777AF63F4B443D3F1ADA12,
3EAF7A4EBBBA732E3F707D2C,
3E3D590C3E5AD96ABF7590C1,
BE12E9CDBEBAE3E7BF6B7D41,
3F1C8605BCD0FA59BF4A786C,
3F1C8605BCD0FA59BF4A786C,
BEBBD274BF6C18933DF9E061,
397BA8823D3B59DE3F7FBB30,
BF08FC503EDFCCE2BF3910A1,
3E95EDD03F0DB9633F479336,
3E95EDD03F0DB9633F479336,
3F253B8E3EE90FF9BF1D0481,
BE1F77AF3F619E30BEE469D7,
BC2A10E03F266517BF428827,
BE6B2BFEBF791C6DBC9A9542,
BF1139433F34486BBEDA93F3,
BF1139433F34486BBEDA93F3,
BF5F212DBE888659BED29C78,
BE2363B2BF76392E3E63BA34,
3F3B1AF4BE5C3B4FBF25D1A2,
BC5B61BBBF7FDDECBCF04578,
BC5B61BBBF7FDDECBCF04578,
3F3B4784BE30C5EBBF28D8ED,
3F3B1AF4BE5C3B4FBF25D1A2,
BF024B34BBD4024B3F5C5B6C,
3D7F822C3F32D2DDBF367D56,
BF0540CCBF2E45A2BF03F141,
BF0540CCBF2E45A2BF03F141,
BE86887BBF5438093EFCC8DE,
BF032F453EE894C4BF3A8EB4,
3EF46349BE885B183F565FD9,
3D4BBC2C3EAADD59BF70FCF8,
3E9E94EEBCF1A9FC3F734B73,
BF17DBF5BEA2E33FBF3D51D7,
3E6359363F1826ABBF45E15D,
BE8DBA0ABF75EF20BCB367A1,
3E92E72E3F23D85A3F3678C0,
3F458B82BEF6BE383ED486AD,
3F458B82BEF6BE383ED486AD,
BEE8A47F3F6139EB3E0F0846,
3F10C005BF4620EF3E91FC8F,
BE7EA0BA3F73020C3E453650,
BF5C9EEDBEDDA7B13E875A32,
BC2ED139BEFA0E413F5F6018,
BEBB1C43BF65F7A53E79BE4D,
BEB3FBBD3F5E5D3ABEB2C908,
BF28E608BF3FC654BD73775C,
BF28E608BF3FC654BD73775C,
BCCF03083EAE0C9EBF70AB0D,
BF2D9168BEF32A06BF0FA051,
3F22B0213EBD590C3F2D8256,
BDFA43FEBF5B404FBF006595,
BEE9EECC3F4A64C33ED0B8D0,
BF607896BEF435693D779A6B,
BE0F3776BF26DD05BF3ED091,
3DAA4A8CBF535D25BF0EDBB6,
3EA5989EBF696F00BE81743F,
BD24F2283F596C613F06BF87,
BD24F2283F596C613F06BF87,
3F27AD6D3EFAD6CBBF134635,
BEC15DF6BF49B5C83EF902DE,
3E95AD97BE5E718B3F6E6AFD,
BF43DCF0BDB6A4013F2340F6,
3E15A858BF7BE964BDD0092D,
BF2003EF3F08F51B3F118351,
BED832763EB74BC73F553112,
3E81EA36BCF8769F3F778034,
3F31ECD53EF1C6D2BF0ACBA7,
3F360221BE2A7C5BBF2EE829,
3F1F6B3C3F35D7883EA7FF58,
3F1F6B3C3F35D7883EA7FF58,
3EFBC2B9BF592F6F3E48D3AE,
3EFBC2B9BF592F6F3E48D3AE,
BF05C67EBD81DD1A3F59A954,
BF05C67EBD81DD1A3F59A954,
3DE4302B3F410625BF25B963,
3E883A54BF049EED3F501B86,
3F4473ACBE3BDA51BF1D475A,
BC2BB44EBE98F862BF744B0A,
BF0DF99C3E825461BF4ACF96,
3F1B2420BEBFC5053F33A5E3,
BE1D028ABDB5BD513F7BF338,
BF1D36503EF5E892BF2051EC,
3E2CFBFC3D75104D3F7BDAF9,
3EE5AD97BF630A913DE23E18,
3EE5AD97BF630A913DE23E18,
BF2495C03F1B31E4BEEFB15B,
BF3243573F105DB7BEE34C1B,
BF2E15CA3F26CFEABEAC17EC,
3F109D49BF1A79143F1015A0,
BF13DCF03F4D5C533E1AE925,
BECD512F3F21537A3F2A3593,
BF4094C4BF0F7B9E3EB154CA,
BE798202BD90EFDD3F779FA9,
BE798202BD90EFDD3F779FA9,
3F016BBABE5B61BB3F55F5AE,
3E47B5F2BF34CD75BF2E392E,
BF2A29C73E9B5DCC3F2EC56D,
3CA176DE3E0752543F7DB424,
3DA63C753C9CB685BF7F1BEF,
BD4EB9A13ED37B4A3F68C88A,
BE17FE093F2803EF3F3D5F9A,
3EB7F38C3F648F32BE8B19A4,
3F1277C43F50BCBE3DB4EB9A,
BF19244A3E1F290BBF493F29,
3E1D5E4A3E7C36113F74F95D,
3EBDCDB3BF6AA64CBE195810,
BF7F4342BD62A1B6BD549F95,
3F7097633E8657FBBE6024B3,
3F7097633E8657FBBE6024B3,
BF032F453EE894C4BF3A8EB4,
BF032F453EE894C4BF3A8EB4,
BCD3458D3F18BEB6BF4D551D,
3D906CCABF2CA81A3F3C2657,
3F188851BF06B5B33F1B5159,
3F188851BF06B5B33F1B5159,
BF27C45DBEA2339CBF2F88B9,
BF332379BECB6ED6BF17FB6A,
3EC1DBCB3F346DC6BF1993B4,
3EC1DBCB3F346DC6BF1993B4,
BF2D0E56BF3B82803DA56ABE,
3E9C115E3F3B83273F1BD70A,
3E95EDD03F0DB9633F479336,
3E3DC487BEFE392EBF59172F,
BF661EF7BE9B0C89BEA21EA3,
BF661EF7BE9B0C89BEA21EA3,
3F02FE1E3EF2046C3F37AACE,
BC6075F7BF7F04FF3DB0D845,
BF771F363E85A31A3BA4D2B3,
BF771F363E85A31A3BA4D2B3,
BC2BDE403EABAF10BF712989,
3F0EFC7A3E049668BF51BE4D,
BF3C61FABF1B8BACBE99042E,
BF3C61FABF1B8BACBE99042E,
3D59FD373EE8FEEF3F638CFC,
3D59FD373EE8FEEF3F638CFC,
3F27B891BE0E4B88BF3E1B09,
3F34D6A1BF1B0BE1BEBB8F9B,
3F34D6A1BF1B0BE1BEBB8F9B,
BF3529353EF026033F0745E1,
BCE392E23F2669ADBF426762,
3E03D9A9BE8801F7BF74970F,
3EF04D55BF488EDEBED0956C,
3EC72086BF6860573E213554,
3EEC2B953F4D49F93EC2680A,
BB2D03DA3F7FE9B8BCD566CF,
BF0F65563F24D6A1BF056CB5,
3EE8533BBEBA68B23F50385C,
BE4ADD59BF44408E3F1C5CBC,
3CC432CA3F02877F3F5C2310,
BE767232BF670846BEB6E829,
3DC8FDA0BEC48A9C3F6B0C89,
3F38A5CE3E42C9083F2A7FA2,
BDE14CECBEDAEE63BF65B22D,
BDE14CECBEDAEE63BF65B22D,
BF20B6D83EE8850ABF21D5E5,
3E5780343F132CA53F4A6B51,
3E49CCB83F3A324DBF284AB6,
3F6FA4E8BEAA0514BDED527E,
3F6FA4E8BEAA0514BDED527E,
3F604B5E3E1468883EEB630B,
BD9023643F6196FBBEEF56EB,
BD9023643F6196FBBEEF56EB,
3F70DED3BDC4912A3EA64990,
BE260AA63F726224BE8E50C6,
3F5512453E8029F13EFD3847,
BF141A8B3F1A1816BF0CEA4B,
BE9464993F63B4F63EB4E50C,
3F2C63F1BF28D307BEAB11C7,
3F152C7CBE6594AF3F47F8CB,
3E1E9E1B3EBF290BBF6A2728,
3E1E9E1B3EBF290BBF6A2728,
BF198A873F21F9F0BEFACC4F,
3F1BF530BE932618BF3D35A8,
3EA1D14E3E0D8EC9BF704966,
BCB4F616BF7EF9333DB19503,
BCB4F616BF7EF9333DB19503,
3D5FB939BD9CCB7D3F7EDDAD,
BF27861ABF054DE83F0C5CBC,
BF3484B63E97952DBF24F030,
BF3484B63E97952DBF24F030,
3EFB8E4C3F0C45CC3F2D51D7,
BF3A1AB5BF2F991C3D02BE8C,
3E940789BF71AD433E2277C4,
3E8E0221BF74471B3DE584F5,
3ED6ABDEBF5DFB943E89AFE2,
BF30E6B0BF164990BED7ECFF,
3F18E9F73EA31CEBBF3C6BCF,
BC225D8DBF7FDDEC3CFB7E91,
BE0C3761BF3C1206BF2A1B5C,
3F68068E3EC887A93E225311,
3F08980BBE8137F4BF4EA5F8,
3F489E99BF1A877F3E1628CC,
3E835A863EFC2A45BF54E5B4,
3E835A863EFC2A45BF54E5B4,
3E7436B9BF72C860BE561E4F,
BE9595FFBF70AB0DBE33D5BB,
BE9BE76D3F73B59EBD013016,
BE60A5273F5ED677BEE19CE0,
3CAB2181BF7FEE4E3C252696,
3EB47992BF6121ABBEA3D07D,
3EB47992BF6121ABBEA3D07D,
BE50941DBEDC74FBBF6117D7,
3F3E66663E35E9E23F24F8B6,
BE5CF56FBF3741F23F2A0126,
3E8F80DCBDD3B3A7BF744FA0,
BF4A47453EE0BCBE3EDB05FB,
BF673ABD3DD8FC503ED4E8FB,
3F4F674DBF0892CDBE78BD66,
BF4D4563BC6EE0F4BF18EC96,
BF4D4563BC6EE0F4BF18EC96,
BF5BBCD33E32CCF7BEF70260,
BF4C02F33E2548AABF150679,
BF4C02F33E2548AABF150679,
3E82D624BF204A0EBF3C9518,
BE683BA33F48C5433F13D70A,
3DA63C753C9CB685BF7F1BEF,
3F068C69BF1A8241BF197E13,
BE8586443D0C0054BF76FC7A,
3E0934ADBF03D7B2BF58BE0E,
BF2B4396BE5930BEBF365D3A,
BDC8D3AEBD509BFABF7E6EEB,
3F356EADBF177F8D3EC4A383,
3F356EADBF177F8D3EC4A383,
3F1C3D47BF45DCC63E31C6D2,
BE912EC73F754AA1BD1EE243,
3E168C693D66277C3F7CCF6C,
3E168C693D66277C3F7CCF6C,
BEF6CCA33F45C5D63ED39ABF,
BEC0678C3F1D3B8EBF31A565,
BF075D793F50F51BBE6E4B88,
BF075D793F50F51BBE6E4B88,
3F0F56EB3F0FBB303F1BFBBD,
3F7C36113DE5D8D8BE04AE00,
3B06594B3EFC6A7FBF5EB9A1,
3DBE47993CFB7E91BF7EC56D,
BE66A0123F093D32BF504620,
BE36F2A6BF296FA83F3A602D,
BE3F822CBE82F6E83F72CEEE,
BE37AF64BE8245F63F734784,
3C9984A13F1EA897BF48D994,
3C9984A13F1EA897BF48D994,
3E3645A23F79C77A3E02DB62,
BD163DC53F0D48023F55475A,
BF13074A3F47EBAFBE7B645A,
BF72680ABE841B33BE446F15,
BD65F30EBF7F6018BD2A1B5C,
3CC58256BF7F3C0C3D966CF4,
3CC58256BF7F3C0C3D966CF4,
3E2C100EBF654FDF3ED2B94E,
3F4AAE293CEE78183F1C3569,
BC79096CBDD9AE923F7E8534,
BF166EEB3E77707ABF45AEE6,
3EE52935BF49CB683ED833C6,
3DD5DA273D174E663F7E6CF4,
BF61DE6A3E036651BEE7DBF5,
3E0D96A7BEAA25D9BF6ED7C7,
3E475A32BEB048173F6B1F8A,
3E475A32BEB048173F6B1F8A,
BE3F16B13C83126FBF7B7803,
BE3F16B13C83126FBF7B7803,
BEACF80E3F6AC860BE58A86D,
BF788EDEBE293F293E3143BF,
3F1CBC6A3F341A8B3EB8C005,
BF341FC93D44912A3F357F0F,
3DF4A2343F734A233E931E3A,
3DAC51983F6619B93EDC3B4F,
BE1D44133DF630A9BF7B15B5,
3F1BC2B93D53ED523F4ABA9D,
BE950EFE3F6887013E99C77A,
BE950EFE3F6887013E99C77A,
BC37AA26BEF8D79DBF5FB69A,
3F2797CCBEB10236BF2C17EC,
3F2797CCBEB10236BF2C17EC,
3F0C8217BEA3D07D3F45B2D5,
BE2ECBFB3F297CC43F3AD0E5,
BF35B8133F191149BEBEA0BA,
3E97CED93EEFFD613F5503DA,
3F29C582BE8EDD05BF31CB68,
3F4DFCE3BF17EF9E3C91537A,
BE860AA63C9C38B03F7705A7,
BF5BAB22BDC7ECFFBF0110A1,
BF21800ABDC27525BF45234F,
BF5BBCD33E32CCF7BEF70260,
BE32007E3F798BD6BE0F4491,
3F31ECD53EF1C6D2BF0ACBA7,
BF2B9970BE1CC3A03F39E300,
BF1F60BF3F2BB59EBECE670E,
BF1F60BF3F2BB59EBECE670E,
BE66A0123F093D32BF504620,
BDD7FB6A3EF19653BF6016F0,
BDD7FB6A3EF19653BF6016F0,
3D32DF50BF7BF1E93E2FF195,
3E339970BEEC61523F5E9985,
3E339970BEEC61523F5E9985,
BF1F064F3E22AC32BF4473AC,
BE99FD37BF7198F2BE0CC250,
BE99FD37BF7198F2BE0CC250,
BC1CF56F3F33111F3F36EF5F,
BCA29C783EB6CB533F6F136A,
BF6D2DCBBEBF05A7BD4A6CA0,
3F32D4D4BDF73190BF348E8A,
3F2596A7BE8EA0BABF35BEA1,
3F48BC173F024010BEB5F30E,
3CDE00D23EAA5269BF71522A,
3E797F633F21AE923F3C6D1E,
BCF1A9FCBD95BAB23F7F342F,
3F1F34D7BF2F16093EC3497B,
BF3705A7BEA6FD22BF1E540D,
BF53FF043E8FFEB0BEF8476F,
BF53FF043E8FFEB0BEF8476F,
BF26FE723F29F2133EBB44E5,
BF26FE723F29F2133EBB44E5,
BDFDCF03BF7DFCE3BC8C692F,
3EC6E04CBF62F1AABE80BF5D,
3EC6E04CBF62F1AABE80BF5D,
3F4EF0AEBF08F12CBE7BA882,
3F4EF0AEBF08F12CBE7BA882,
BF24E3BDBEFFBFC63F144EF9,
3F2236E33EA7C06E3F3368F1,
3F3DACEFBE2B55EFBF268145,
3F59667BBE30403ABEFF9724,
3CC432CA3F02877F3F5C2310,
BF2BCA973EBA5269BF255C53,
3F52DF503F105D10BD71758E,
3F52DF503F105D10BD71758E,
BE4FC2653F30AFA33F31D1F6,
BE23497B3F4307F23F20B978,
BE23497B3F4307F23F20B978,
3EB638863F42339CBF0BB795,
3D976DDB3EE87BDDBF634CC2,
3F3E6F933E92E1EFBF1A8588,
3F20E2C1BF031EE2BF15DCC6,
3E67C30D3E827A63BF70ABB4,
BE683BA33F48C5433F13D70A,
BF4977853F11EADD3E71D68C,
BF5BAF10BEB197A2BEC1CD60,
3E5E20473F0350B13F549F95,
3E5E20473F0350B13F549F95,
3EBF78FFBF6B9F56BDE98DCE,
3EBF78FFBF6B9F56BDE98DCE,
3E960AA6BF73BB843DB33871,
3E960AA6BF73BB843DB33871,
3D986983BF7F34D73CD18D26,
BC2B606B3F0CD6A1BF55C28F,
BE1D028ABDB5BD513F7BF338,
BDB7B4A23F6B22293EC53112,
BE683BA33F48C5433F13D70A,
BE6AFCCE3F5CD20B3EE6D86F,
BD72A5A43F4958103F1D5F9A,
BE9C25073F2C7A3A3F2C5048,
BE776B3C3F18240B3F446003,
3F5B22D13EED844D3E69A565,
BF2BCA973EBA5269BF255C53,
BEAD306ABF68548B3E7EE243,
BEE357E63F22CD9F3F219653,
3F05753A3DB6F2A63F594270,
3F4E3D1D3F0586EC3E8FD60F,
3F4BFFAC3F0F5C293E68240B,
BE6F34D73D8FB54A3F7844D0,
3F4B79FBBF091F0C3E92070C,
BCD0D0683F0740A33F5941C8,
3F016BBABE5B61BB3F55F5AE,
BEF564303F5782D43E7E22E6,
BF1F064F3E22AC32BF4473AC,
BE557BC83F7A21EA3D3035BD,
BED82A993F674D16BD966278,
BD9DEBD9BF08C6933F577EE5,
BD9DEBD9BF08C6933F577EE5,
3ECF67F5BF6A085B3C4A2DB6,
3F2536F8BF2FDBF5BEAB089A,
BF4D2B2CBE826E98BF0A8588,
3F5853E33D196FA83F088CE7,
3F5853E33D196FA83F088CE7,
BE422E5EBF0D5A5CBF4FD806,
BE422E5EBF0D5A5CBF4FD806,
BD04577EBD286D723F7FA637,
BE8E98DD3F184189BF410E02,
BF3E19B93F026B51BEDE9B7C,
BDAC764BBE28FB013F7B9192,
3F118C7E3E6C4EF9BF4A2489,
3EC43AA8BF59A8AC3EB8C3F4,
BC6A4A8CBEC50DAE3F6C408E,
BC6A4A8CBEC50DAE3F6C408E,
3F20BD66BEA2BFDBBF35DEBE,
BEF302B43DD9945BBF5FAE14,
3EA83E42BEBEBEE03F5E2E0A,
BD9B4784BF2106253F46108C,
3A980B24BF0E57FB3F54C6E7,
BF20CDC8BED0BCBEBF29A954,
3C581ADF3E913166BF7577D9,
3F5CB924BE186C22BEF7EA60,
3F7475A33DEF2A5ABE8BBD7B,
3EF9389BBD104D55BF5F7122,
BED6833CBE18C7E3BF6549F9,
BF37CD8A3E844BB2BF25753A,
3F696E59BD76DDADBECFEB07,
3F40A3D73EBE353FBF0B3722,
BEF18937BEB8E219BF4DED29,
BF1070113F42A10E3EA4D6A1,
BF0F4D163F37C30DBED3F67F,
BF0F4D163F37C30DBED3F67F,
3D46A7F03F2BC16ABF3D6CB5,
3F6026AB3EB5B4243EA7C84B,
3F6026AB3EB5B4243EA7C84B,
BEF8216CBC3020C5BF5FE9B8,
BEF8216CBC3020C5BF5FE9B8,
BE122D0E3F36C4C63F2F7CEE,
BD2157693DAA06643F7EEAC8,
BF7F32DF3CD94079BD986445,
BF007DD4BF5CE076BD77D955,
BC2A10E03F266517BF428827,
BF7AB40F3E4C63F1BD087A8D,
BE47064F3F42E3E73F1E5C92,
BE13C6003F794706BE3450F0,
3F76FFC13E2656AC3E539C0F,
BEE55476BF0E6D9C3F332BFE,
3E3805E6BE59652CBF75E5F3,
BE862A1BBF693A933EA2F838,
BE862A1BBF693A933EA2F838,
BEBAE1483F688AF0BE50EFDD,
3F02FD76BE466BA53F564841,
3F0579D1BF526B51BE6AC322,
3F303EEABE1835163F35BA0A,
BF0B2CA5BF0C5E0BBF22ACDA,
3D9F4B1FBE89CF573F75BF48,
3D9F4B1FBE89CF573F75BF48,
BDDDF117BE4666663F799CE0,
BEF6CCA33F45C5D63ED39ABF,
3E475A32BEB048173F6B1F8A,
BEE1BEF5BF650EFEBD90BB6F,
BEC1DFB93F56E8293EC78961,
BEC1DFB93F56E8293EC78961,
3EB47992BF6121ABBEA3D07D,
BDC6BCE8BE9C100E3F728CBD,
3DA9E6EFBF7EC95C3D4F8B59,
BF7AA25E3DA1719F3E404EA5,
3F3ED2893DEABDE43F281CD6,
BE9A29C73F31743F3F27A440,
BE9696E63D72B0213F7434C2,
BF698D263E96833C3E91F8A1,
BE84BC6ABF0F27BBBF4996FB,
3EB7F38C3F648F32BE8B19A4,
BF212AD8BF45013BBDDB1316,
3F37A249BE85F84D3F254F37,
BF65C0983E390EAABECE00D2,
3F260FE4BE96B26CBF33ABC9,
3F3D249EBE0108C4BF29782D,
3F23ADC13EDC02F33F233B10,
3F1983F9BE33F5303F47DC9C,
3F3B1AF4BE5C3B4FBF25D1A2,
3CD7DBF5BF7FC45DBD08E369,
3DE858793E610625BF780C74,
3F2F81843E85104DBF2E171A,
BDC0C73BBEEC0981BF61E450,
BF08FC503EDFCCE2BF3910A1,
BF5AF6E83ECE6320BEA6A401,
3EE858793F6103863E1628CC,
BE827FA23F750DAEBE0C2507,
3F2163DCBEB6F0073F306AD3,
BE21259A3E0865953F7A8049,
BF522BBF3ECAF3A1BED266BA,
BF522BBF3ECAF3A1BED266BA,
BF3C17443ECC12AEBF0C855E,
3EF007DD3F0FB0B4BF2E9A2C,
3EF007DD3F0FB0B4BF2E9A2C,
3E6DDD6E3F7542C4BE2BE0DF,
BDE42071BDE70E2C3F7CC2F8,
BDE42071BDE70E2C3F7CC2F8,
3E1F60183D9F2BAABF7C1893,
3F03AFB83D8A8199BF5AD96A,
3CAB2181BF7FEE4E3C252696,
3E9D10F53B6E8D11BF73A7DB,
BE83165DBF6DCB143E89081C,
BF5949A5BECCEAF23EB0E6B0,
BEF8E2193DCD79D1BF5E3D1D,
BF59D3ED3EFD028A3E3696E6,
BF59D3ED3EFD028A3E3696E6,
BF2BD70A3E81B717BF3253B9,
BF35C28F3E82A844BF2805E6,
3F41D1F63C99C38B3F272C52,
BEC0678C3F1D3B8EBF31A565,
3E85BC023F5C25073EE08312,
3E85BC023F5C25073EE08312,
3F43A53C3EF6DEFC3EDB4B73,
3F2DDB77BF19FF2E3ED75B81,
BE9370CE3E0392E2BF72F05A,
3E6786C2BF50307FBF094467,
3DDEFC7ABD92E72E3F7DD053,
3DD379FB3DB25C3EBF7DA709,
3F0CF80EBF246D1E3F087B35,
3F0CF80EBF246D1E3F087B35,
BF4760BF3EEDF3B6BED7AE14,
3E0934ADBF03D7B2BF58BE0E,
BE839581BF76F1FEBD70110A,
3E81AC9BBF6E24DD3E87EF9E,
3E744913BF5FE1DA3ED82D38,
3EB58A33BF5700693ED26FE7,
3E82C669BF38C88A3F24AAB9,
BF260AA6BDEA3055BF40A32F,
3ED76F2A3ED5BC02BF4E2F5A,
BF4D21573F0262CCBEA0B8D0,
3EF9E4503CF3F5303F5F4F0E,
3E8E3A7E3F2619113F355BAB,
3F360221BE2A7C5BBF2EE829,
BF2DC7263F3BFA6EBB5ED289,
3D39389BBF79D3463E5AB4B7,
3D39389BBF79D3463E5AB4B7,
3DD6CB53BE7557153F7716B1,
3DD6CB53BE7557153F7716B1,
BF357E673EF29F17BF05B6C3,
BF357E673EF29F17BF05B6C3,
3E85CFABBF69EA363E9F4C6E,
3CB97785BF7F2B023D9E54B5,
3DB1465FBF6B497BBEC4D2B3,
BD8FF972BF7DE892BDDA1230,
3EDA6373BF5369983EBCDC87,
BEEB72C5BF629889BD919264,
BF10029FBF51667BBDF67A10,
BE92A5A4BF733A69BDFCF80E,
BF3AC27ABE9277C43F1F0A3D,
BF3AC27ABE9277C43F1F0A3D,
BF356FFCBEA9613DBF1F82D4,
BF356FFCBEA9613DBF1F82D4,
3F345C143F061C583EF51D69,
3F31ECD53EF1C6D2BF0ACBA7,
3E9F7271BF66B3143E9A5F85,
3F4B33333C21DFB9BF1BB060,
3F0B23793E95F84D3F49613D,
3F460FE43E8A2C673F12BF34,
3F4B33DB3EAECAAC3F00DD83,
BF78C1553E4B8280BE02BE8C,
3F03035CBF5228783E81B329,
3F1BE964BF2203C53EF4C836,
3F33F5D8BF04C1A93EF934AD,
B9DC3372BF2132B5BF46E04C,
BDE14CECBEDAEE63BF65B22D,
BE231A4CBEE4538FBF617A25,
3EAAE297BEC7EF9E3F5BA3EC,
3EAAE297BEC7EF9E3F5BA3EC,
3F400496BD8A137FBF286CCA,
BE405E5F3F270AE53F3BEFF2,
3EC6E04CBF62F1AABE80BF5D,
3E5EFC7A3E122FAD3F772BAA,
BF3E19B93F026B51BEDE9B7C,
3DD05D10BF7E7818BD22877F,
3F7C5B6CBD47C30DBE24B87C,
3ECA9FBEBF5AD96ABEABC558,
BD833C603F3D4AA13F2B9192,
BD833C603F3D4AA13F2B9192,
BE87CAEABF76B8FA3CEBAF10,
BF2B2AAE3DE86834BF3C21C0,
3E8F0846BDE892253F74154D,
BCBAB2183EB7E5213F6ED86F,
3ED079E63F4271DEBF01D9D3,
3BC2A4553EA441353F72771D,
3DD67232BED14CEC3F6816F0,
3DD67232BED14CEC3F6816F0,
BEB21038BEE271373F53A344,
BEB21038BEE271373F53A344,
BE6B0C89BEEFCA433F5A6BF8,
BE6B0C89BEEFCA433F5A6BF8,
3F2997A23F0163DC3F0D898B,
3E82C669BF38C88A3F24AAB9,
3E82C669BF38C88A3F24AAB9,
BEB4DD2F3D53C3613F6F212D,
BEA0BCBEBF6FF195BE1B1D93,
BEA0BCBEBF6FF195BE1B1D93,
3DFA1A0D3DE0BA1F3F7C86AD,
3E3967CB3CD898B3BF7BADC1,
3E3967CB3CD898B3BF7BADC1,
BF30E6B0BF164990BED7ECFF,
BF30E6B0BF164990BED7ECFF,
BF2185F0BF44F7663DCC1FC9,
BB07A8D6BF7FA249BD5AC472,
BB07A8D6BF7FA249BD5AC472,
3E2BA1F5BF1984A13F485144,
BF67C5053E7D9557BEB0A138,
BF6D37A03E88C005BE877C46,
3E9D10F53B6E8D11BF73A7DB,
3F4B94D9BF12F3A1BE47D567,
3E9B42463E07B3533F71930C,
BF7E4AE0BDAF6406BD9E3001,
3EB007DDBF677B9EBE81B08A,
BE893F293EB19CE0BF661672,
BF4D21573F0262CCBEA0B8D0,
BF4D21573F0262CCBEA0B8D0,
BEE3BF72BD89081CBF64A383,
BEE3BF72BD89081CBF64A383,
3F2AD96ABEDDFF823F1B0015,
BF0421183EB81062BF4704FF,
3F442310BE4EE632BF1C2D8C,
BF421188BF001F753ED61523,
BF57CCE2BEEAC8603E90029F,
3F53E4CD3C8CFBFCBF0F967D,
BF17CA43BF34BBC3BEC64ECF,
BF1491D13D8AA10EBF4FC1BE,
3D68D10FBE7B90EB3F77BA88,
3F2C8C933E966A553F2D82FD,
BE86887BBF5438093EFCC8DE,
BD9FF2E5BF6D74923EBB1855,
BF06AC86BF5506793E33B8E5,
BE78AB0DBEBF251C3F6535A8,
3E83E426BF119A413F47F77B,
3E83E426BF119A413F47F77B,
3E82DB62BD40639DBF7734D7,
3E82DB62BD40639DBF7734D7,
BF6F80DCBE581D7EBE90FBA9,
BF3430D3BE93E426BF262196,
3F141F21BE69BF9CBF487400,
3DCE075FBF57F23D3F070ED4,
3DCE075FBF57F23D3F070ED4,
3E86D71FBF74C059BE03D9A9,
3E7028A2BE1D6627BF75BAB2,
BEEA3AD2BF22DC0ABF1F0CDD,
3F0DEC813F4376B43EA98DCE,
3F455DA23F067DFE3EB855DA,
3F2AE87D3ECF6A94BF1FE910,
3E902B41BF3B630B3F1ED3D8,
3E5EFC7A3E122FAD3F772BAA,
3E5EFC7A3E122FAD3F772BAA,
3EB05E5FBE122FAD3F6D898B,
3D89A0273E0B1705BF7D0B0F,
3D8100E7BC264C30BF7F7A4E,
3DE7B0B4BD897B74BF7DC67E,
3EB1F9F03F5F93363EAEB852,
3E7BFC653F7379533E3F559B,
3EA87A8DBE541F21BF6BDAF9,
BF2D23F6BE9B8A5DBF2BC89F,
BEA28F5C3ED4302BBF5A57A8,
3F0C8217BEA3D07D3F45B2D5,
BE8CB3E53F599E303EE60957,
BEE14F8BBF4D81AE3ECE04C0,
3EC355473EC599EDBF57064F,
3EC355473EC599EDBF57064F,
3F4F0D84BD6D71F33F15D0FA,
3F317E13BD14EE393F383E42,
BF71B8673E9D09183DF588E3,
BF6DF99CBEBCB1463BE2C12B,
3F57F584BEB66128BECDBCA9,
3F57F584BEB66128BECDBCA9,
BE38DF7A3ED82E88BF636998,
BB07A8D6BF7FA249BD5AC472,
BB07A8D6BF7FA249BD5AC472,
3C112989BF7D1E11BE18FEEF,
BEC0B631BEC1A21FBF588312,
3F1862F6BD31E3A8BF4D6777,
BF4135543F14CA2E3E9BCE85,
3D95182BBF70A6763EAA97E1,
BE9E410BBEB9BE4D3F610E02,
BE9E410BBEB9BE4D3F610E02,
3F59667BBE30403ABEFF9724,
3F517ACCBEFD7DBFBE958644,
3E82C669BF38C88A3F24AAB9,
BE32007E3F798BD6BE0F4491,
3E647992BE41B5C83F74CD75,
BF509E99BF0438B0BE86A2B1,
3E944A62BE75E4A4BF6D3112,
3C124F223E1F822CBF7CDD2F,
3E15B2D53EC1F8A13F69F16B,
BF13D7B23E9E147BBF4178D5,
BF5E94463ED2617CBE8C6BCF,
BF061D003F24FBFC3F0E9596,
3EBC7CD9BF59D3ED3EBFE1DA,
3E818549BF6CA03C3E924895,
3DF4DBE0BF4221423F240CC8,
3F7974E6BE527E52BDB99C39,
3F0A599FBF18E4B8BF17B7E9,
BEA0B7803F70385C3E14341A,
3C3020C5BF42C3223F261EF7,
BE82E1EFBDE37DE93F75DACF,
3F0579D1BF526B51BE6AC322,
3EB007DDBF677B9EBE81B08A,
BF28E608BF3FC654BD73775C,
BF28E608BF3FC654BD73775C,
3F6E9100BE849E453E81FF2E,
BF61DF11BE836E2F3EC9FD37,
BF61DF11BE836E2F3EC9FD37,
BF7A47453E020C4ABE2B94D9,
3F4488A4BE5BD274BF1A90AC,
BF5B06A3BDFDC9C5BF00ADAC,
BF37CD8A3E844BB2BF25753A,
BF754C98BE8AD6CBBDBAD18D,
BF754C98BE8AD6CBBDBAD18D,
3E1269593ED53112BF65DACF,
3EBDDEBEBE89AE923F638F9B,
3EA37F39BE4A89763F6D40CC,
BEBDC337BF643FE6BE853501,
3E1104D53EEB9B673F606057,
3D0CFBFCBDE7C06E3F7E33F0,
BF2D23F6BE9B8A5DBF2BC89F,
3F41743F3C0049663F27A787,
BEE357E63F22CD9F3F219653,
BD1704FFBF7F4D163D82FD76,
BF5E0807BEAAE297BEBD1245,
BEE55476BF0E6D9C3F332BFE,
BF237AA23F3BF2913E6C2CE4,
BF237AA23F3BF2913E6C2CE4,
BF762585BE3295EA3E596D09,
BF4ADF50BECDF8F4BEEAB607,
BF4ADF50BECDF8F4BEEAB607,
BE38DF7A3ED82E88BF636998,
BE38DF7A3ED82E88BF636998,
3F1EAC86BCBC169C3F48CF18,
3F657BC83EDD4FDF3DC87FCC,
BC37AA26BEF8D79DBF5FB69A,
BF2A29C73E9B5DCC3F2EC56D,
BD1407893EE56EAD3F64AC08,
3E0F8DF83EF368F13F5E57FB,
BADED2893F14692F3F509763,
3D6D71F33F743BF7BE9689CA,
BF550529BF0D7D183D3CD35B,
BE5DD6E0BEEDAA503F5BDC48,
BE5DD6E0BEEDAA503F5BDC48,
BF69BCFD3EB7A4E8BE46D1E1,
BDA6A0123EFC2507BF5DD441,
BE3B66F9BF76C6BD3E45AEE6,
BED57A78BF6746883DCCA2DB,
BED57A78BF6746883DCCA2DB,
BDEBA4943F7DD3993D78769F,
3E18B5893F7987403E2A5A47,
3EA70B8D3F1793DEBF3CA2DB,
3EA50B0F3DC8850A3F71096C,
3E8978D5BF7185493E472B02,
3ED6ABDEBF5DFB943E89AFE2,
3ED6ABDEBF5DFB943E89AFE2,
3ECEEE0FBF53E5753EC74E66,
3B4B295FBF7FDFE3BCFFC116,
BF1F1C97BEBE742ABF307F24,
3EE4E11E3EE919263F451E11,
3EE4E11E3EE919263F451E11,
3F3738C5BB77B9E03F32C908,
3F3738C5BB77B9E03F32C908,
3F2D86EC3CC4B09F3F3C1D2A,
BDD8E7583F061BB03F585E5F,
3F5AFCCE3EDA3C213E96A6A0,
BEF0E6B0BF137953BF2B1C43,
BF4135543F14CA2E3E9BCE85,
BEF8E2193DCD79D1BF5E3D1D,
3E2AF252BE9A415FBF7055DA,
BE92E33F3F1CCEC43F3C8E8A,
3ED031CF3F1CC4483F2D9019,
3ED031CF3F1CC4483F2D9019,
BEC0B631BEC1A21FBF588312,
BF18DED3BECADFF8BF328AC6,
BF13606BBE920D99BF442B95,
3DE858793E610625BF780C74,
3DAF1AA03E382A993F7ADF50,
BF2FEBAFBEF72DA1BF0AF987,
BF2FEBAFBEF72DA1BF0AF987,
BF20B6D83EE8850ABF21D5E5,
BDF18549BEAF598A3F6E9D73,
3F118C7E3E6C4EF9BF4A2489,
3F3D37A0BED1815ABF08F7BA,
3F4F7510BECEEA21BED9320E,
3A22877F3C434C1B3F7FFB6A,
3ED3F67FBE462CBA3F63B44E,
BF39FA98BE13E8143F2BFDB5,
BF39FA98BE13E8143F2BFDB5,
BF4128393A3CBE623F2801F7,
BF47822C3CC6BCE83F204B5E,
BF28255BBEC983513F24A81A,
BED87400BF3F0111BF03AF10,
BEAAAF793E21DFB9BF6DF06F,
BE6BA9D2BF31F16BBF2E5C92,
BF5E2CBABE832379BED9F16B,
3F6B04ABBE18E4B8BEBC100E,
3E8540CC3F019CE0BF52786C,
BF79C62ABE07D2C8BE32BA9D,
BF79C62ABE07D2C8BE32BA9D,
BF6A363BBE923B79BE921427,
3F5AAC32BC47B891BF0512EC,
3F5AAC32BC47B891BF0512EC,
BECD512F3F21537A3F2A3593,
3E8F876A3F0C78423F49A0CF,
BF4ADE013E2915383F1650C6,
BF4ADE013E2915383F1650C6,
BE919E303F61EC2D3EBFC3B5,
3E81CAC1BF3F7F8D3F1D0332,
3F4989373F0479923EABB1AF,
3D5E15CABF7F53A43D4523F6,
BF533BB8BF10902EBC870111,
BF533BB8BF10902EBC870111,
3F1F2EF1BEA807353F3609FF,
3F476167BE9952D23F0D16DB,
3DC08851BEE3A68BBF640981,
3DC08851BEE3A68BBF640981,
BF20DF7A3EABB6EDBF33ADC1,
BEA6238E3E4670E3BF6D028A,
BEA6238E3E4670E3BF6D028A,
3E75C28FBEC30015BF6497B7,
BF393016BE424DD3BF29F213,
BF708EDE3DB2CA58BEA95571,
BF708EDE3DB2CA58BEA95571,
3E7822BC3F2736263F37A6DF,
3E7822BC3F2736263F37A6DF,
3F27B891BE0E4B88BF3E1B09,
3F56410BBED5681F3EB59B3D,
BD67DFE33E3D39973F7B2CA5,
3F0892CD3D23CC8E3F5848BF,
3F642EDC3EB874003E8CE465,
BF1687D33F28C3F43EEFF434,
BEFA3832BE1458CD3F5C3E96,
BEE55476BF0E6D9C3F332BFE,
3D6147AE3F1322293F5104D5,
3D6147AE3F1322293F5104D5,
3F73FB163CEA0BA2BE9A58F7,
BE6FB7E93F71F2BBBE6970F8,
BDBC99AFBF11450FBF517785,
BE3F60183E875B81BF72363B,
3E2CFBFC3D75104D3F7BDAF9,
3E2CFBFC3D75104D3F7BDAF9,
BE9CDDD7BF70BE0E3E171C97,
BE9CDDD7BF70BE0E3E171C97,
BE19E300BF7BDA513DC82BE9,
3E9831273EEB9E063F562A1B,
BE953B8E3F064452BF4CCB7D,
BE953B8E3F064452BF4CCB7D,
BF4BA7DB3DDD9D343F189E99,
3F7097633E8657FBBE6024B3,
BF516F00BE980885BEFC2657,
BF1CF766BF4253113E5FFD61,
BEAD306ABF68548B3E7EE243,
3F6DC7CE3E18769F3EADB61C,
3EC79BBB3E9000003F607A8D,
3E254B49BF7928393E274FB5,
3D25119D3E6C66903F78DED3,
3EB7342FBF07F6D3BF449E45,
BE392B803F25E4A4BF3D66CF,
BE392B803F25E4A4BF3D66CF,
BD9800A8BF7BA4943E2C12AE,
BD9800A8BF7BA4943E2C12AE,
BEE594AF3F4143BF3EF50481,
BF7A55B03E30AE53BDF24745,
BF7A55B03E30AE53BDF24745,
BEB815A0BF655E4ABE857D18,
BF65C0983E390EAABECE00D2,
3E59C8C93DE007DD3F789225,
BF2B9FFD3EE5AD973F174E66,
3F1F30E8BD952D233F479DB2,
BF51D0A6BE8C45CCBF00D25F,
BF303C4BBF332420BE435BD5,
BEA58E223DEEA748BF70678C,
BEBBB060BE04DFCEBF6BD9A9,
3F3948563E6E5365BF264D7F,
3F767AB73E7746883DF82D38,
3E88240B3EB35BD53F65E9E2,
BEC48BEBBEB44D013F5A8588,
BD2F4F0E3F6B3E573EC8C3F4,
BD2F4F0E3F6B3E573EC8C3F4,
BDCAAB8A3E2FA0513F7AEE63,
BDCAAB8A3E2FA0513F7AEE63,
BE70DAE43EF52A843F588701,
BE70DAE43EF52A843F588701,
BF697C1CBD415F46BED0917D,
3F476944BEFE63203EC3E2D6,
3E80DAE4BE25A1CBBF744674,
3E80DAE4BE25A1CBBF744674,
BEE967CB3EEFC3B5BF41C38B,
BEE967CB3EEFC3B5BF41C38B,
3EDDB4CCBEE6E19CBF47CD8A,
BF080BCC3F3A85883EDD3D86,
BF080BCC3F3A85883EDD3D86,
3E920EE93E1AAF79BF724BDC,
BF318B2FBF0AE5DEBEF2AAE3,
BF318B2FBF0AE5DEBEF2AAE3,
BF1C41353F108C3FBF0E37DF,
BE1A36E33EB6EAC83F6BF9C6,
BE1A36E33EB6EAC83F6BF9C6,
BD04577EBD286D723F7FA637,
3DB463493E7077473F77D178,
BF507F243E8DACEFBF029153,
BE5F62B73F79CAC13C947065,
BE5F62B73F79CAC13C947065,
3D0CFBFCBDE7C06E3F7E33F0,
3E92007EBDA0125A3F748DE3,
BE912EC73F754AA1BD1EE243,
3EDEE2433E0602C9BF640592,
3EDEE2433E0602C9BF640592,
3E92007EBDA0125A3F748DE3,
3F29EADD3D9916873F3E848C,
3E4EA20ABDD67770BF794C44,
3E6BF5D8BE6F4730BF71D29E,
3E6BF5D8BE6F4730BF71D29E,
3E5D4BF1BE38D79DBF75A46A,
3E6ADD59BE026FE7BF770846,
BE1323793F0B68F1BF5389B5,
3CA6DEFC3EB121ABBF7022BC,
3F7C36113DE5D8D8BE04AE00,
3DF756433F0180B23F5AA6F4,
3C8C3F3EBF7FF0EDBC56238E,
BF5E0807BEAAE297BEBD1245,
BF5E0807BEAAE297BEBD1245,
BF6CECEABE86E04CBE8B5B2D,
3F100DC3BDE7429A3F51A36E,
3EA27D03BE232A063F6F505D,
3F253B8E3EE90FF9BF1D0481,
BD1D9D34BEE45CBCBF64EA4B,
BD1D9D34BEE45CBCBF64EA4B,
BF0F71C9BE6147AEBF4C6BCF,
BF1D5E4ABF4375643E4AAB8A,
BECDB22D3F001D7E3F445437,
BECDB22D3F001D7E3F445437,
BE90902E3F1F3CB43F3AF640,
3EA18A873EEFF5843F533A69,
3EA18A873EEFF5843F533A69,
3F6831273ED14A4D3DCF6167,
3F6D79293EA326183E478423,
BF3A75253F2D38473DDD2F1B,
3E8046C7BE4C9AFEBF727FA2,
3DFE37DFBF715769BE9E7FF6,
3D174E66BF7FCE313C50E560,
BEAAC860BF6D7732BE2C3F3E,
3F53E4CD3C8CFBFCBF0F967D,
BE136A403E91EB853F7299D9,
3F1FCE313BE219653F47FCB9,
3F1FCE313BE219653F47FCB9,
BF318E75BF0405923F00C34C,
BF2D23F6BE9B8A5DBF2BC89F,
3E37928E3F756580BE629F17,
3E37928E3F756580BE629F17,
3E900150BE51CEAF3F700000,
BF06CE9A3CFA97E1BF597D6B,
BF06CE9A3CFA97E1BF597D6B,
BD91EB853F1B923ABF4A7C5B,
BD91EB853F1B923ABF4A7C5B,
BDCB53503F396335BF2EB463,
3F3719F83CB5F1BFBF32D2DD,
3F13FD0DBDDCFFEB3F4F0ED4,
BE17E133BD25E3543F7CF4C7,
BF29F01CBF28476FBEB6A401,
3D2A6F3F3F7542C43E913166,
3DA555C53F7078963EAAAE29,
BC2BB44EBE98F862BF744B0A,
3F113E81BD4284E03F527525,
3F0C36113E9FF1953F46B26C,
BE4B75643F6E24353E9DF267,
BE94F0D83DD384773F737F39,
BE94F0D83DD384773F737F39,
BF7874A7BE34FDF4BE27B5F2,
BF7874A7BE34FDF4BE27B5F2,
3DA7429ABEE62A1BBF63B795,
3DA7429ABEE62A1BBF63B795,
BE1B7BF2BF7D05D1BC06833C,
BE029C783DD17D6B3F7C8DE3,
BE01DFB93BB588E33F7DEDD0,
BE9D81AE3F4328B7BF11C38B,
3F5240103E001CD63F0E7EA6,
3EE25072BF0E277C3F34577E,
BC5B61BBBF7FDDECBCF04578,
BE0728633F7DAA50BCDEA897,
BDF861A63F7C43D43DF482BF,
BDA915383F78FC503E5E8BC1,
3F114706BE32DA123F4DFCE3,
3EC38B05BEC9D346BF55FE33,
3E8BFF04BE66AD2EBF6F6556,
3E8BFF04BE66AD2EBF6F6556,
3F7F5F70BD1B52003D710CB3,
BD9DEBD9BF08C6933F577EE5,
BD9DEBD9BF08C6933F577EE5,
BF71B8673E9D09183DF588E3,
BF647A3ABEC25072BE799ED8,
BF647A3ABEC25072BE799ED8,
3F1EDA66BEF39FFD3F1F928E,
BEC8CD213F1A378B3F31F7F9,
BEC8CD213F1A378B3F31F7F9,
3F70EA9E3DD8FC503EA46F15,
3EC31E3A3DD3DD98BF6B31E4,
3F20BD66BEA2BFDBBF35DEBE,
3F20BD66BEA2BFDBBF35DEBE,
3F197636BD51AC9BBF4C7C31,
3ECEB463BD394318BF69EC2D,
3ECFB15BBCA2339C3F69F01C,
3ECFB15BBCA2339C3F69F01C,
3F4E742A3EA663C7BEFCEAF2,
3F4E742A3EA663C7BEFCEAF2,
3F51320E3D5C8755BF12E9CD,
3F51320E3D5C8755BF12E9CD,
3DB257003F1450483F4F77AF,
BF48A86DBEDB66F9BEE61BB0,
3F6DB0363E82324D3E8A97E1,
3F6DB0363E82324D3E8A97E1,
3F7AC0833DE8240B3E2A8438,
BF5B06A3BDFDC9C5BF00ADAC,
BF6848BFBE97396DBE9923A3,
BF22D8C3BF451EB8BD4ADFF8,
BE926E98BE735FC4BF6DA46A,
BEBD14E43F133E573F3ADCB1,
3F767AB73E7746883DF82D38,
3F17D220BE140A283F4AC5C1,
BE9EE0F4BEB5DE163F61BC56,
BD163DC53F0D48023F55475A,
3F521427BEBA95423EE16335,
BF58E3693ED7952DBEA5D8D8,
BF65C0983E390EAABECE00D2,
BF4FEB073E4848BFBF0CB5DD,
BE878961BF76D5D03C813016,
3EE0A1383F65E4A4BD05FAEC,
BEBFA6DFBF6B2E9DBE012AD8,
BEEC2507BF62D384BD404EA5,
BEEC2507BF62D384BD404EA5,
BF322C67BF333483BE23C212,
3F05F99CBF425508BEC63737,
3F05F99CBF425508BEC63737,
3DE4840EBEB53B8EBF6DB76B,
BE84BC6ABF0F27BBBF4996FB,
3EBA27283E8815A03F64912A,
3F1277C43F50BCBE3DB4EB9A,
BF15CDB33EBF7A4EBF38331E,
3F4E3D1D3F0586EC3E8FD60F,
BE3FDB4DBEA10CB33F6E39D6,
3F74B5353E94801FBD3E186A,
3E3691A7BEA0DAE43F6EB65B,
3E3691A7BEA0DAE43F6EB65B,
3BC2A4553EA441353F72771D,
3F2A656B3E82D624BF338088,
BE285879BEE813013F6046C7,
BE3BB83D3F2300153F3FBDCF,
BE3BB83D3F2300153F3FBDCF,
3F7C2EDC3E2193B43D8C5975,
3F6BDEE83EA584F53E5CFAAD,
3BF6BE383F46DDAD3F2132B5,
3CB97785BF7F2B023D9E54B5,
3E85CFABBF69EA363E9F4C6E,
BE8CBFB13EB92CCFBF640F67,
3E861284BECBCFD5BF611299,
3F4B79FBBF091F0C3E92070C,
3E6A8C15BDEF73C13F776406,
BF3AF05A3E714E3CBF242A45,
BF5385C63EADFF82BEE5FEDA,
BF5385C63EADFF82BEE5FEDA,
BE260AA63F726224BE8E50C6,
BD7CCE1C3F4365AABF24A383,
BF613405BEE6FD223E19E59F,
BEA0CC793F5A31A5BED6223E,
BE53EAB33F39D14EBF27EE4E,
3E65D399BF404578BF1EF49D,
3D5935FC3F12FAD73F512989,
3C72A5A43F16D2893F4ED1E1,
3EB30A913E554C98BF69D5E5,
BE6041893EF62B6B3F595AAF,
BEE1D29EBE97B5F23F58DED3,
BEA1B08A3F5E516E3EC3B257,
BC0D8EC9BEA0B8D03F730C89,
BEA554763F0FA3983F431D93,
BF462974BEA91FB4BF0A4357,
3F2FB8913E94E65C3F2AA1B6,
3F6E5C923EAF95D5BDFE9100,
BE51F0C33F1473AC3F49D92B,
BE8C9EED3F5EC41EBED1743F,
BDD2FC263F6209033EEA82E8,
BF474FB5BE7CAC08BF13B83D,
BF356FFCBEA9613DBF1F82D4,
BF356FFCBEA9613DBF1F82D4,
3F46A401BE1E939F3F1C8B44,
3F46A401BE1E939F3F1C8B44,
3F46A401BE1E939F3F1C8B44,
BF4936A4BF0055DABEB93DD9,
BF4936A4BF0055DABEB93DD9,
BF4B33DBBEA7C84BBF032D4D,
3D02F2FA3EFC0981BF5EAF25,
3EA37F39BE4A89763F6D40CC,
3E0D96A7BEAA25D9BF6ED7C7,
3E32F1AA3F2A99313F398E75,
3EE09D493F0557BC3F3B76B4,
BF619C393ECD53CE3E80029F,
BF660BF6BE1F9F02BED1F9F0,
3F668DB9BD070B8D3EDDE69B,
3F716484BC26CA043EAA64C3,
BEAD306ABF68548B3E7EE243,
BEF5BFF0BF2FD75E3F0BB44E,
3EEC59753F3F4D163EF4BF0A,
BF79C62ABE07D2C8BE32BA9D,
BC6075F7BF7F04FF3DB0D845,
3F7C063A3E261A613D897B74,
BE76FFC13F64C6E7BEC1BDA5,
BF5F8CA83D7583A5BEF7991C,
BF6743423D8A3832BED8D79D,
BEA32B56BE58F1D43F6C8366,
BF1C2C3DBF3C2C3DBE977D95,
BF509E99BF0438B0BE86A2B1,
BF615CA7BEBB22D1BE9AD42C,
3D65A9A8BF7BCDDD3E2F837B,
BEB288CEBF6E2196BDEAB8A6,
3F47D567BEFC3B4FBEC4F377,
BDECC4F03F5FB15B3EF1D7DC,
3D986983BF7F34D73CD18D26,
3F08A86D3EA94AF5BF473D5C,
3F08A86D3EA94AF5BF473D5C,
3CE368F13F7FBB303D158106,
3F26E6DA3E8CAAB9BF34EC42,
3F26E6DA3E8CAAB9BF34EC42,
BF5BC4093E9A88273ED450F0,
3D68D10FBE7B90EB3F77BA88,
3C581ADF3E913166BF7577D9,
BF7196533E4461FA3E89FE87,
3F2487FDBF3CD552BE53ED52,
3E357BC8BE9F837BBF6EFDCA,
3EC551D73E1A29C7BF690F52,
3F1692F73F46E979BE65B6C3,
3F5512453E8029F13EFD3847,
3F24B09F3ED6F9333F23E37E,
3E69FE873E32B2C03F75306A,
BCD3458D3F18BEB6BF4D551D,
BF59D3ED3EFD028A3E3696E6,
3F714E3C3E8C6FBDBE4307F2,
3F6F05A73E3C30D3BE9D5CFB,
3F70C155BE916873BE3F505D,
3F70C155BE916873BE3F505D,
3F70C155BE916873BE3F505D,
BF5669053E8714BABEF4F8B6,
BD8D4AA1BF0B57E6BF5606B8,
BD8D4AA1BF0B57E6BF5606B8,
BEBC7B893E186983BF6AF3A1,
BF17913F3D2F1AA0BF4E04C0,
BF009CA2BEB21965BF4AA4FD,
BF009CA2BEB21965BF4AA4FD,
3E8BE37E3E8EE2433F6BAB22,
3E8BE37E3E8EE2433F6BAB22,
BF670ED43ED833C6BDAC2268,
BF1B9EAE3E95421CBF3D12EC,
3BCD7492BF7FD1783D189375,
3F497A25BE2FF6D33F17AEBC,
BD3535013D6AA8EB3F7F544C,
BD0A5CE6BE32862F3F7BEEA2,
3D51E1093F1A64C33F4BC7F7,
3F3FD9553ECE7EA63F066CF4,
3851B7173F6230FDBEEFC7A4,
BF2D23F6BE9B8A5DBF2BC89F,
BE65197ABEB33DB0BF68DC33,
BE65197ABEB33DB0BF68DC33,
BF665365BEB3F2913E8487FD,
BCE108C4BF7D90C13E0A0E41,
BCE108C4BF7D90C13E0A0E41,
3E2E4E27BE7FB9393F740789,
3EB007DDBF677B9EBE81B08A,
3F3D4DE8BF267C07BE321816,
BF4085B2BE17928E3F246C76,
BEF2070C3F09815A3F32D6CB,
3F62F7903EE1259A3E12EC6C,
BEBDC337BF643FE6BE853501,
3E8F876A3F0C78423F49A0CF,
3F2791E6BEBBE37E3F2934AD,
3F2791E6BEBBE37E3F2934AD,
3F3A97E13F2CEC423DE49E45,
3F775C29BE6ECE9ABDE02214,
BD6ADD593F7F64AE3D1BBADC,
BD8548AABF7337CABE9C408E,
BEEB09EABF6083123E1148FE,
3E7EC2CEBF70D79D3E6BCBE6,
3EC38B05BEC9D346BF55FE33,
3F3B55EF3F253261BE60902E,
3F3B55EF3F253261BE60902E,
3F4A47453F1B497BBDB3E575,
BF7B6B903D2E2974BE3BDCF0,
BE18B5893E2D77323F79652C,
BF69BCFD3EB7A4E8BE46D1E1,
3F48CBD13F1DC1403D914E3C,
3F48CBD13F1DC1403D914E3C,
3F43A3443F250918BC9E83E4,
3F118C7E3E6C4EF9BF4A2489,
BEC7DD443DF16B12BF69BF9C,
3EC0C0AD3E9189373F61B9B6,
3EBD13943E85104D3F64692F,
3F7F01B83D9BF488BD34B72C,
3F7F01B83D9BF488BD34B72C,
BE5EB3143EDD5A5CBF60068E,
BF2EB3BCBF37BFC63E0D7F0F,
3EB7342FBF07F6D3BF449E45,
3EB7342FBF07F6D3BF449E45,
3F7B33333D09E98EBE425072,
3EE363B23F5B92E23E849CF5,
BE7E0B4E3F0995033F4E555C,
3E89FE873EF245F63F56B65B,
BCA97E133E67DAA53F794B9D,
BF69BBAEBDE147AEBEC91D15,
BF69BBAEBDE147AEBEC91D15,
3EEB17053F3D7DBF3EFB7D41,
3ECB39193F4B1077BEEC710D,
3F11691A3DA62CBA3F51AB4B,
BECA28783F2EF7E43F1D2DCB,
3F3C95183F29BEF53E0826AB,
BF494CECBF03B7953EAF1801,
3F74B5353E94801FBD3E186A,
3F7C8C933E2533B1BCE075F7,
BF450DAE3D902364BF226BF8,
BE13458D3F10A7C63F4FFAC2,
3E99A805BF1681453F404EA5,
3EFB33DBBEBAB9F53F4A97E1,
BE092CCF3B87A8D6BF7DB0DE,
BE092CCF3B87A8D6BF7DB0DE,
BEF842313EEF66A53F3D3501,
BF28754F3EABA3443F2C9AFE,
BCCF56EB3EC8769F3F6B7953,
BF0FE47A3F1B34833F10053E,
3EA079E63EB37F393F61ED7C,
BF009CA2BEB21965BF4AA4FD,
BEF176DEBE1D70A4BF5E48E9,
BEF176DEBE1D70A4BF5E48E9,
BCF78FEF3F2310773F453261,
BCF78FEF3F2310773F453261,
BE209FE8BE60DC333F76809D,
BF1CF766BF4253113E5FFD61,
3F5B22D13EED844D3E69A565,
3F5B22D13EED844D3E69A565,
BF13074A3F47EBAFBE7B645A,
BF647A3ABEC25072BE799ED8,
BF647A3ABEC25072BE799ED8,
BF74A7723ACF1801BE96BA49,
BD31EE24BD49BA5E3F7F7271,
BD31EE24BD49BA5E3F7F7271,
BF3E6EEBBE6F1FDE3F204D55,
3E099D88BE6531123F771F36,
3E81B9B63ECAC7113F61F0C3,
3E4634983EE3775C3F5FEEF6,
BD91EB853F1B923ABF4A7C5B,
BD91EB853F1B923ABF4A7C5B,
3E94894CBDF1C4333F731E3A,
3E94894CBDF1C4333F731E3A,
BF06AC86BF5506793E33B8E5,
3E815CA73F47D0D03F12602D,
BF357DBFBF250DAE3E92584F,
BF357DBFBF250DAE3E92584F,
BEEB09EABF6083123E1148FE,
BEEB09EABF6083123E1148FE,
BF0AA5A43F2B6F7EBF0216C6,
BD3B7953BEBA64C3BF6E24DD,
3D65BEA1BE6AF252BF78C1FD,
BCF2A5A4BF7FBF1FBD0769EC,
3E8F2A5ABE4C6E6EBF706AD3,
3E8F2A5ABE4C6E6EBF706AD3,
BE001CD6BE253E2D3F7A9B28,
BE806A2BBE035936BF75A1CB,
3EFBD6623EBB78033F4A38DA,
BF68E4B8BDB0BE0E3ECFEDA6,
3E1104D53EEB9B673F606057,
3E0CCCCD3F14FBFC3F4D2F1B,
3EF007DD3F0FB0B4BF2E9A2C,
BF69BBAEBDE147AEBEC91D15,
3ED8850ABE66A7F03F60B392,
3E9443D43E8EE0F43F6A62CC,
3E17C99B3F27AE143F3DAE3E,
3E0840E13F7DB0363C88E369,
3D9D883CBF0712C2BF589225,
BF1212D7BF523B793B7A58F7,
BDF18549BEAF598A3F6E9D73,
3EF3F291BE447C31BF5BA5E3,
3EF3F291BE447C31BF5BA5E3,
3E7559B43F64AAB93EC2C7B9,
3DD02DE0BEAE22E6BF6F544C,
3DA60D45BE83AE68BF7683E4,
BDEBA4943F7DD3993D78769F,
3F6658A33EB338713E855C53,
3EE619113F4635E73EE4245F,
3CF3E0373F685D103ED657FB,
3CF3E0373F685D103ED657FB,
BF6C3BF7BE97F77BBE7B9629,
3DCA71DEBEB725C4BF6DB813,
BF0DF99C3E825461BF4ACF96,
BE15B036BF7D20B03CFCA42B,
BE1F77AF3F619E30BEE469D7,
3EBB26C03EA6E2EBBF5F3238,
3F1DC0983EB3482C3F34985F,
3F1DC0983EB3482C3F34985F,
BF0F71C9BE6147AEBF4C6BCF,
BEEDEA89BE989225BF5575E2,
BEEDEA89BE989225BF5575E2,
BE17E133BD25E3543F7CF4C7,
BF24D5523F40E2193E085B18,
BF24D5523F40E2193E085B18,
3F19ED7C3E50CDC83F45C7CE,
BD41743FBF7A51C23E50FCF8,
BE855476BE1D34593F740592,
3D42C3CA3DD042D9BF7E61D0,
BF384578BEBCED91BF1685DB,
BF585F07BEDDDEBEBEA029F1,
3F515BFF3F0A8CBD3E485879,
3F515BFF3F0A8CBD3E485879,
3EA2AD823ED7F8CB3F5963DC,
BE84E50CBDFA05143F753E2D,
3F09E83E3CBAB2183F5799C4,
3F09E83E3CBAB2183F5799C4,
BF3F30E8BEF7DE943EE96E59,
3E930D30BEEB4F61BF57251C,
3D89A0273E0B1705BF7D0B0F,
3E03BA343E9549F9BF72A6F4,
3E03BA343E9549F9BF72A6F4,
3CA248953F68A5CEBED5681F,
3F642EDC3EB874003E8CE465,
BE5EB3143EDD5A5CBF60068E,
BF79C62ABE07D2C8BE32BA9D,
BF72C27A3DDA9004BE991149,
BE97689D3EE617C23F57CCE2,
BEDF2A5A3F03E0DF3F3CED91,
BF6C12AEBEBEB463BDD59B3D,
BCA29C783EB6CB533F6F136A,
3F3EF3F53DB28B6EBF290ABB,
3F460FE43E8A2C673F12BF34,
BF6DAEE63E8BEF4ABE80CDC8,
BF3A75253F2D38473DDD2F1B,
BE001A373F674F0E3ED1D3ED,
3E9832763F51205CBEFD1245,
BB8BEB5B3EC1A0CFBF6CFBFC,
BB8BEB5B3EC1A0CFBF6CFBFC,
BB8BEB5B3EC1A0CFBF6CFBFC,
3D6944673EE30165BF64FFEB,
3D6944673EE30165BF64FFEB,
3DF91E643E8F93363F73BF72,
3CDAA4FD3EB752543F6EEE0F,
BF019CE0BE15475ABF599653,
3CC58256BF7F3C0C3D966CF4,
BEB8D64D3ECC26573F57D0D0,
BE51F0C33F1473AC3F49D92B,
BF3C17443ECC12AEBF0C855E,
BD243FE6BE593DD93F79F601,
BD243FE6BE593DD93F79F601,
BF7AE2973CAD6CB53E4A7EFA,
BF7C56D6BE27BDCFBD21AB4B,
3E9630A9BDB9042EBF73A494,
BF0121ABBF56A6A0BE532379,
BF0121ABBF56A6A0BE532379,
3D2D77323F7F3CB4BD840E17,
3EE8D10FBF318BD63F0F0C35,
3F11691A3DA62CBA3F51AB4B,
3E1269593ED53112BF65DACF,
3EA291FB3E733DB0BF6B035C,
3EA291FB3E733DB0BF6B035C,
BD15421CBEBB1D93BF6E1BB0,
BE15AAF83ECB3D08BF67F823,
BF43F877BE9DAB9FBF109FE8,
BD5CDB38BF7F7C463D08509C,
BDD9F7F9BE0944673F7C38B0,
BEDAA8EB3EE1B5C8BF4A1B5C,
BEDAA8EB3EE1B5C8BF4A1B5C,
3E31782D3F76EA213E4C0592,
3E77E1333F7822BC3D32AAE3,
3F6E7CAF3D7247453EB7A4E8,
3D0B630BBEB0CB29BF701840,
BE30ED3EBEBBF338BF69FBE7,
BE5298893ED7A6373F62233A,
3F2791E6BEBBE37E3F2934AD,
3F2791E6BEBBE37E3F2934AD,
3EE09D493F0557BC3F3B76B4,
3EE09D493F0557BC3F3B76B4,
BF13D124BE219653BF4D1245,
BF5D9F2CBE871B48BED9C77A,
3E626D48BDAA79BC3F78C0AD,
3E626D48BDAA79BC3F78C0AD,
BF0D68C7BF4A8AC6BE866666,
BEACAEA7BDFA58F73F6EF5ED,
3E674539BE3CD35B3F74E076,
BDCDD830BF7C84B63E052696,
BF1D5E4ABF4375643E4AAB8A,
3F38678CBE78C0053F265365,
3F38678CBE78C0053F265365,
3F09D92BBDDB42463F55F84D,
3F3E6F933E92E1EFBF1A8588,
3DBCCE1CBEDBDA51BF65FD8B,
3F442310BE4EE632BF1C2D8C,
BE2EA748BE4FE1DABF76D677,
3F058ADB3F2538473F0ED86F,
BF75A3C23DCD4AA1BE86BB99,
BE947ED0BF51ECD53EFC9EED,
BF494CECBF03B7953EAF1801,
BE82E1EFBDE37DE93F75DACF,
BD5CDB38BF7F7C463D08509C,
BEA80735BE9486ADBF6622E6,
BEA80735BE9486ADBF6622E6,
3F3D37A0BED1815ABF08F7BA,
3F3D37A0BED1815ABF08F7BA,
3D82656BBF71C582BEA52008,
BD3352A8BEAABB453F711687,
BD3352A8BEAABB453F711687,
BEF18937BEB8E219BF4DED29,
3E0F9B133ED353F83F666517,
BDF861A63F7C43D43DF482BF,
BE8134053F04154D3F518FC5,
BE8AA25E3E8FB00C3F6BBB84,
BF275EC83F0D64D83F0467E0,
3F147E28BF3769EC3EC670E3,
3F147E28BF3769EC3EC670E3,
BF2E15CA3F26CFEABEAC17EC,
BDC2363BBF7B54A03E28B978,
3DAB4635BF13A7DBBF500735,
3DAB4635BF13A7DBBF500735,
BE8562E13E0DA900BF749C4E,
BF275EC83F0D64D83F0467E0,
BEAAC860BF6D7732BE2C3F3E,
BE997247BF742B95BCAFE1DA,
BE812C28BE895FEEBF6E0179,
BE812C28BE895FEEBF6E0179,
BEEEFF193E262CBABF5E8DB9,
BF3A363B3E81B5C8BF234396,
BF43760C3ED6CCA3BEFB5DCC,
BF43760C3ED6CCA3BEFB5DCC,
BF2C7AE13E5F23CDBF34C2F8,
BE1E4CD73F0E3DC53F5122FB,
3F25F06FBED87FCC3F221EA3,
3F25F06FBED87FCC3F221EA3,
3F5AF3A13E9320DABEDCC4F0,
BF3729B3BE861523BF25CF03,
3E47B8913F52D2DDBF085E5F,
3EE9389B3F3B54A0BF01C971,
BE1FF823BED41F21BF65898B,
3E915CA73F5ED5D03ECDE3FC,
3D9E9E1BBEA6555CBF714CEC,
3F1277C43F50BCBE3DB4EB9A,
3F1277C43F50BCBE3DB4EB9A,
3F542C3D3E6F47303F022728,
3EF1D3EDBCB4245FBF61930C,
3F41743F3C0049663F27A787,
3F41743F3C0049663F27A787,
3F41743F3C0049663F27A787,
3F41743F3C0049663F27A787,
BE32007E3F798BD6BE0F4491,
BEEB5200BF635B2D3BA0E411,
3F7FFA1ABB694EE4BC567770,
BE814270BE79335D3F6FBE77,
BF10029FBF51667BBDF67A10,
BF10029FBF51667BBDF67A10,
BE13C6003F794706BE3450F0,
BE13C6003F794706BE3450F0,
3EE98890BF5BA494BE71F601,
3F0EBD903EB995AB3F3F2EF1,
3EE5F45E3EB869833F515183,
3F6875F7BE743958BEB04AB6,
BF1B9C0F3EFA30553F203A54,
3F5E0568BEEBCA97BE419E30,
BF5669053E8714BABEF4F8B6,
3E292CCF3F63F5D83ED91687,
3E0840E13F7DB0363C88E369,
3E0840E13F7DB0363C88E369,
3F4BFFAC3F0F5C293E68240B,
BE50941DBEDC74FBBF6117D7,
BD527E523F7C9AFEBE1D9FD3,
3CC0EBEEBF7F266C3D9FB939,
3F400496BD8A137FBF286CCA,
3DAA3AD2BF7E81453D8CF6BE,
BE8D64D8BF0BE37EBF4A68B2,
BF1212D7BF523B793B7A58F7,
BE57C45D3F1836653F46A401,
BCD3458D3F18BEB6BF4D551D,
BF5949A5BECCEAF23EB0E6B0,
3DAC51983F6619B93EDC3B4F,
3ED6C7653CAB606B3F68533B,
3E508EDEBF005F07BF574342,
BEAA8D65BEA075F7BF63A7DB,
3CC7CD8A3C15182BBF7FE9B8,
3EBA4D2B3DA3A29CBF6D92B8,
3E0D4D403EE05E5FBF6361BB,
BE956EADBE910E02BF69DDC2,
BEFEA0BA3EAF266CBF4C1A8B,
BEEB43963EBF6944BF4E4064,
3CA248953F68A5CEBED5681F,
BEDC9D9D3EA4538FBF57E910,
3EEE685E3DD4F377BF60FBA9,
BF509E99BF0438B0BE86A2B1,
3F0752FC3E20663CBF559408,
BF38B978BECAC322BF116095,
BF1B81D83F0BE9643F1392E2,
BF1B81D83F0BE9643F1392E2,
BF76F5EDBE6110A13E14A772,
3EB0AE53BE9637373F643BF7,
3E5EFC7A3E8E59F33F6F80DC,
BDEA3055BDB1C971BF7D590C,
BF61800A3EBE5754BE960957,
BF61800A3EBE5754BE960957,
BF762585BE3295EA3E596D09,
BEEFC7A4BD901E26BF6178D5,
3D202752BF7CC2503E1D6B66,
3D61B08ABE6425AFBF792AD8,
3D9C3372BE869058BF763A7E,
3E4CBFB13DCFF9723F797ACC,
3D0E02213C3A493D3F7FD417,
3E96ABDEBDCD9408BF734F61,
BF3E978D3F17FAC2BE9C6003,
3D2122FB3F071E8E3F593405,
BDDCDB383E991E643F72B7FE,
3E8F8F47BF623D71BEBFD220,
3E8F8F47BF623D71BEBFD220,
3F7CA7723E24D552BBE9A2C6,
3F0039043E85974EBF53443D,
3F0039043E85974EBF53443D,
3E1581063F0ADEA93F53C9EF,
BF4A47453EE0BCBE3EDB05FB,
BF6C5AC43EA052933E63EC03,
BD478E9FBF7954CABE62C669,
3F7CA81ABE1FDB4DBD22A6F4,
3F6FB4A2BEAA6B51BDE4894C,
3F01CFFFBECE6AFD3F430553,
BF74F0D83E8FE9B83D983A54,
BF74F0D83E8FE9B83D983A54,
BE502B413E61F2133F7434C2,
BE502B413E61F2133F7434C2,
3F4729B3BE86A6A03F1212D7,
3F3738C5BB77B9E03F32C908,
BE9D07C8BE9E4F763F667232,
BF5D83A5BEFEE8D13D6EF5ED,
3F3FD9553ECE7EA63F066CF4,
3F3FD9553ECE7EA63F066CF4,
BF5F9485BE4F861ABEE2C669,
BF4D2B2CBE826E98BF0A8588,
3F0E8FB03F4F3387BE3EF73C,
3EB111F13EBD551DBF5CC2F8,
BF58E3693ED7952DBEA5D8D8,
BF56CFEA3E92617CBEECEEE1,
BF56CFEA3E92617CBEECEEE1,
3EE25072BF0E277C3F34577E,
3E032767BD3BE22EBF7D9E84,
3E032767BD3BE22EBF7D9E84,
3E830D30BE2A6762BF73C750,
BE84CD753F399D883F235200,
BE84CD753F399D883F235200,
3E902B41BF3B630B3F1ED3D8,
3E4703B03F02DB623F56540D,
3E5FF045BD20A527BF799A41,
BF5ABFDB3E019115BF00FA59,
BF5ABFDB3E019115BF00FA59,
BEF302B43DD9945BBF5FAE14,
BEF522A7BE27A398BF5CCEC4,
3DC08851BEE3A68BBF640981,
3E929F17BE7ECD4B3F6CDC87,
BE99BE4DBC503D9BBF742A45,
BEF4245F3D92E72EBF604578,
3E920EE93E1AAF79BF724BDC,
BF79D9D33E539EAE3D8D1633,
BF79D9D33E539EAE3D8D1633,
3F4F03083EB3F5303EF18A87,
3F43A53C3EF6DEFC3EDB4B73,
BEDE11DCBEB18FC53F54E5B4,
BE17E133BD25E3543F7CF4C7,
BE472DA13EFD2F1B3F58DD83,
3E57D9553EEF290B3F5BD3C3,
3D8FFEB03EF47AE13F603516,
3EA01E263F5EE6323EC2584F,
3E9F6E833F71ECD53DCC9321,
BF5EA7F03EDE6D9C3E6FBFC6,
BF5EA7F03EDE6D9C3E6FBFC6,
BE8471B4BE88CE703F6DA31A,
3EF8F084BE0C6152BF5CEEE1,
3EF8F084BE0C6152BF5CEEE1,
3F7D99EDBE0AF790BC798740,
BE5EFC7A3F5B7FE13EEEBC41,
3F4F674DBF0892CDBE78BD66,
3CB9CB68BF25EF20BF42DABA,
3CB9CB68BF25EF20BF42DABA,
BEB21038BEE271373F53A344,
3E8E4F76BEC1F0C3BF61FC8F,
3E8E4F76BEC1F0C3BF61FC8F,
BE9BD3C33F3E5B42BF186983,
BF17ECFFBE908851BF40F473,
BD8D0BB7BED346DCBF68850A,
BD8D0BB7BED346DCBF68850A,
3F7CA7723E24D552BBE9A2C6,
3EF00A7C3DD91149BF607D2C,
BF2930BE3F1376B43EF64990,
3E85E0B5BE265BEA3F739192,
3E85E0B5BE265BEA3F739192,
BED0ED3E3E9150DBBF5E22E6,
3F7F9A6BBC5D2F1BBD5CE5B4,
3F0A511A3EB63C753F43328B,
3F0A511A3EB63C753F43328B,
BDD883BABF04CC25BF592EC7,
BDD883BABF04CC25BF592EC7,
BE614A4DBE26C2273F76392E,
3EEEE782BE61ADEB3F5B4784,
BF019CE0BE15475ABF599653,
BEC0B0F2BEAD4413BF5CCA2E,
BE38C5433F6FD75EBE995810,
BF169CCB3E0FB2ABBF4BDD98,
BF169CCB3E0FB2ABBF4BDD98,
3E5D028A3DB40A28BF78F323,
3F0F56EB3F0FBB303F1BFBBD,
3CCAC0833F0ABB453F570E2C,
BE6602C93E06F3F5BF772A5A,
BE6602C93E06F3F5BF772A5A,
BDDDB22D3F33126FBF34D5FA,
3E2C08313F69ADEBBEBE94EE,
3F6DB0363E82324D3E8A97E1,
3F75E892BC3A1F4BBE8E37DF,
3F69D1F63EBF7F8D3E24B87C,
3F69D1F63EBF7F8D3E24B87C,
3DCC88A43F2F29B33F38EF35,
3DCC88A43F2F29B33F38EF35,
BF5ABFDB3E019115BF00FA59,
BF6595FF3E4D2DCBBEC9F16B,
BF62DA123E69CCB8BECE7818,
3EF80F133E9F78FF3F5145B7,
BE039581BE5A0514BF77F584,
BECDD053BDC05E5FBF692B80,
BEBC8B443F008EDEBF484D55,
3F7B0DD8BE42BE8C3D3B645A,
BE7ECFEABEE1EE243F5CB7D4,
BE7ECFEABEE1EE243F5CB7D4,
3F501C2E3ED8F5C33ECC8755,
BD90B0F23F33DF8FBF35421C,
BD1057D13F62CE46BEECC250,
BD9AAF793F69DD1ABECCA57A,
BF4533093E6560423F18D79D,
BECAB3683EC38C54BF55C91D,
BF37CD8A3E844BB2BF25753A,
BF6DAEE63E8BEF4ABE80CDC8,
BE2415F43D8789613F7C1FC9,
3F3D88E33F1505293EAC1D2A,
BEC421C0BEBA747EBF595183,
3EEAC8603DFB54A03F615183,
3F6F8FEF3D8E26D53EB0F909,
3EF3DD983E844BB2BF572863,
BE898351BDE4302B3F74F030,
3F4E57FBBC902DE0BF1773C1,
BE1F77AF3F619E30BEE469D7,
BE0B46353F3C577EBF29DB23,
BE953B8E3F064452BF4CCB7D,
3DEC3C9FBF724D2B3E9A5269,
3E98E0CABF5E70E33ECA1DFC,
BEA3A14D3E6FB7E93F6B0DD8,
BE272DA13F7BFBBDBD88E8A7,
3E900BCC3E7DBF48BF6D53CE,
BEB27BB3BF5205143EE811B2,
BEB27BB3BF5205143EE811B2,
3F5DDCC6BEB70CDDBEB22BBF,
3F2FB00C3DC1CD603F389D49,
BF6FCA433DFAF640BEA7F62B,
3E88240B3EB35BD53F65E9E2,
3F31B5203E595FEE3F3013A9,
3F31B5203E595FEE3F3013A9,
3DBC74FBBF7A09ABBE467DFE,
3F10E7583DE90FF9BF51057D,
BF3915383EC2A5A4BF13AD19,
BF3915383EC2A5A4BF13AD19,
3E508EDEBF005F07BF574342,
BEC5143C3F0D4FDFBF3D5BAB,
BEC5143C3F0D4FDFBF3D5BAB,
BEB0092DBE9C63F13F635200,
3D8615233F6E6CF43EB7635E,
3D8615233F6E6CF43EB7635E,
3F6B04ABBE18E4B8BEBC100E,
3F6B1705BDB505D1BEC58CD2,
3D0E02213C3A493D3F7FD417,
3E4C7E28BE8B0C89BF71042E,
3E4C7E28BE8B0C89BF71042E,
BDDCDB383E991E643F72B7FE,
3F688312BED43AA8BD69B7BF,
BF19244A3E1F290BBF493F29,
BF646690BEE18FC5BDCBDBA1,
BF646690BEE18FC5BDCBDBA1,
BF7E0F3D3D8E3BCD3DCF95D5,
BF7E0F3D3D8E3BCD3DCF95D5,
3F218351BD63E6C5BF461BB0,
3F218351BD63E6C5BF461BB0,
3E1A63733DD37F393F7BB060,
BD1704FFBF7F4D163D82FD76,
BE7C3DEE3E1F2BAABF74E65C,
3EB61523BE7B2D4DBF66E04C,
BD1704FFBF7F4D163D82FD76,
BEBFA97EBEBF44913F5945B7,
3F7D7D18BE029C78BD6A0126,
BF0A3EC0BDD97F633F55BD51,
3EC1DBCB3F346DC6BF1993B4,
BF35C28F3E82A844BF2805E6,
BEF8F0843EBB05FBBF4B3871,
3EFC36113E305FAFBF5A60D4,
3E32934BBEC20AFABF68A86D,
BEBC8B443F008EDEBF484D55,
3E080F133F5AB2C0BF00A5CE,
3E080F133F5AB2C0BF00A5CE,
BCC6D1E13F43B59EBF24E8FB,
3E2C08313F69ADEBBEBE94EE,
3D828A1E3F5DB0363EFDF655,
3D2A6F3F3F7542C43E913166,
3D33482C3F7A81993E4E3151,
3CA64C303F6E17C23EBBD513,
BEE357E63F22CD9F3F219653,
BDC0E6B0BD6CDF26BF7E6E44,
BEC74D16BBBD6627BF6BCDDD,
BEE967CB3EEFC3B5BF41C38B,
3B09A027BF4D14E43F193943,
3B09A027BF4D14E43F193943,
3F3E1D00BD87A8D63F2A9A80,
BF5F3190BE832618BED5BC02,
BF5F212DBE888659BED29C78,
BF6B7B4ABE0A9BD0BEBC8217,
BF7A085B3B860568BE5BC7F7,
BF7A085B3B860568BE5BC7F7,
BF7A085B3B860568BE5BC7F7,
3F197636BD51AC9BBF4C7C31,
BF06FF19BF591FB4BD503D9B,
BF6C5AC43EA052933E63EC03,
3DC115DF3F7514E43E8BD7B2,
3F4BF9C6BE7D5E4A3F0D2157,
3D828A1E3F5DB0363EFDF655,
BF1B81D83F0BE9643F1392E2,
BF507F243E8DACEFBF029153,
3EE8E2193ECBDF8F3F4BED52,
3D24E7ABBF325700BF375EC8,
3E4DEA893F021FF3BF565DE1,
BF6F0996BCA4D2B3BEB6FBD2,
BE898351BDE4302B3F74F030,
3EC46C763F4C7C313EED4952,
BF1DA123BE1EB0753F45C67E,
BF50346EBE8F97243F028241,
BE95753A3E7DEE78BF6C7A3A,
BE95753A3E7DEE78BF6C7A3A,
3F1ACD9F3B93C89F3F4BE37E,
BEE00000BF4D00933ED17050,
BED699853F0491D13F3EEA21,
BF2A38DA3F0C894C3F01A75D,
BF169CCB3E0FB2ABBF4BDD98,
BD4692F73F018B2F3F5C7454,
BF6FCA433DFAF640BEA7F62B,
BF6FCA433DFAF640BEA7F62B,
BF73C01ABD01D7DCBE9BA344,
3E552FC2BEBA9542BF685C68,
3E0FAD6DBE5778573F77AD6D,
3E0FAD6DBE5778573F77AD6D,
3F1B8866BE0DE54BBF4837B5,
3E00BF5DBE02046CBF7BE187,
3DAE58A3BEA8850ABF70C0AD,
BEF51C19BCF0C34CBF60A1E0,
BEE6B26CBE367F4EBF5FF0ED,
BEE6B26CBE367F4EBF5FF0ED,
BE38F1D43EF648413F5B9F56,
BF1C84B63F0C61523F120E41,
3F2740A3BEC298893F279E5A,
3F2740A3BEC298893F279E5A,
BD76A93FBD55CFABBF7F2F98,
3F2163DCBEB6F0073F306AD3,
3F5DF1173EFB328B3DB3482C,
3CD0678CBF7DEC813DFF0996,
3EB298893F6463493E92FC26,
BF3C63493EFF0D843EEACC4F,
3F4EF0AEBF08F12CBE7BA882,
3E0CCCCD3F14FBFC3F4D2F1B,
3F32BD3C3EA5FAEC3F2367A1,
3F506AD33DE70E2C3F11D1F6,
3D2D77323F7F3CB4BD840E17,
BCD96A6A3F7BCB3E3E36E04C,
BE1782D43F627E523EE249E4,
3EE27914BE7E3A7EBF5C9EED,
BE472DA13EFD2F1B3F58DD83,
BE8846203DE23E183F7523F6,
3F146499BF4FD60F3D8F0846,
3F146499BF4FD60F3D8F0846,
3E61D29E3F78DB8CBDA3B257,
3E61D29E3F78DB8CBDA3B257,
3D0B630BBEB0CB29BF701840,
BDC29F173F0342463F5A6FE7,
BDC29F173F0342463F5A6FE7,
3EFBD6623EBB78033F4A38DA,
BF1F9FA93F1CA57ABEF923A3,
BF1F9FA93F1CA57ABEF923A3,
BE026AA93F30216CBF36E4E2,
BF1240B83EDB15B53F334B73,
BF4BD5BB3E229739BF15729B,
3DE90ABB3F69F01C3EC79BBB,
3DD8EC963EEC5D64BF6176DE,
3EF46349BE885B183F565FD9,
3DA4A8C13E52C7B93F79ABF3,
BE72BA9D3EE5FC3B3F5C8605,
3EF6C765BED3458D3F45DEBE,
3F336F7E3F02BDE43EFEEA21,
BEEFFEB03EB7967DBF4EA9E7,
BEEFFEB03EB7967DBF4EA9E7,
3DBB7E913DB30E803F7DF06F,
3C127914BF3D79D13F2C2268,
3E8F56EB3EF042D9BF56670E,
3EC72C52BCF32379BF6BB6ED,
BF78A1E03DDCA18CBE5984A1,
BEF842313EEF66A53F3D3501,
3EACE4653F36CBFBBF1CFF43,
BEA42310BE5165D4BF6CC4F0,
BDCD4AA13E5EDD05BF788AF0,
BE1D44133DF630A9BF7B15B5,
BE7D63883DF21816BF762F5A,
BF2BE4CDBECDB22DBF1F689D,
BF2BE4CDBECDB22DBF1F689D,
3F501C2E3ED8F5C33ECC8755,
BF0EF5453E60E411BF4CC986,
BE5CF56FBF3741F23F2A0126,
3E98E0CABF5E70E33ECA1DFC,
3F09D92BBDDB42463F55F84D,
BF2930BE3F1376B43EF64990,
BF639B67BE00663C3EE16484,
3DA60D45BE83AE68BF7683E4,
3E1F2BAA3F63CDDDBEDB9F56,
BF4E1C583F02CA583E9A415F,
BF26277C3E3487FD3F3D7343,
BE7DAA503EAD60E93F6860FE,
3DF1A4BEBF0B0942BF54D20B,
3E8AF102BE0A79BCBF73F338,
BE65197ABEB33DB0BF68DC33,
BE65197ABEB33DB0BF68DC33,
BDD80B243F24577E3F426B51,
BDD80B243F24577E3F426B51,
BF75A3C23DCD4AA1BE86BB99,
3EB4D9403F0307F2BF48793E,
3F08B6313F24E9A3BF0C2D8C,
3F02E2973F0F3B64BF270069,
3F02E2973F0F3B64BF270069,
3F02E2973F0F3B64BF270069,
3C124F223E1F822CBF7CDD2F,
3F7BB6ED3E1295EA3DE6E979,
3F3B00BD3ECB19A43F0E50C6,
BF7E4AE0BDAF6406BD9E3001,
3E03BA343E9549F9BF72A6F4,
BDE1EF743EF9B3D03F5DB2D5,
3F51172F3EA0FBA9BEF7B203,
BF12FB7FBF4FEEF63DD320DA,
3E6110A13EF5AD973F5970F8,
3E8B851F3EC209AB3F626613,
3E8B851F3EC209AB3F626613,
3F6039AC3EDC6BCF3E5F290B,
3F627EFA3EBAAF793E94A383,
3D8BA1F53F7DB22DBDEBE8BC,
3F6039AC3EDC6BCF3E5F290B,
3F4D288D3BA6223E3F191D15,
3F4052933E91D68C3F186AD3,
3EC551D73E1A29C7BF690F52,
3EC355473EC599EDBF57064F,
3F63BF723E7B4A23BEC52D23,
3F63BF723E7B4A23BEC52D23,
BEF7AE143D844D01BF5F7122,
3D68D10FBE7B90EB3F77BA88,
3E1DBA0A3E9081C33F72680A,
3EBD13943E85104D3F64692F,
3EBD13943E85104D3F64692F,
BD76A93FBD55CFABBF7F2F98,
3DC486AD3E80FA59BF7685DB,
3E9831273EEB9E063F562A1B,
3EF323793ECAF4F13F4924F2,
3EB298893F6463493E92FC26,
BEF5E7433EBBB1AF3F4BFD0D,
BDBA39823DE50C5F3F7D53CE,
BE4A84383F0ADF503F51042E,
3F06E782BD9D1F603F58AE53,
3F7DB8BBBE0855DABB16BB99,
BF78A1E03DDCA18CBE5984A1,
BF1491D13D8AA10EBF4FC1BE,
3F02E297BE19FD373F589DF1,
BE2464993E0872B03F7A5D8D,
3F100DC3BDE7429A3F51A36E,
3DD389B5BF7315B53E979FA9,
BF7681EDBE4A10E03E3C6003,
3EEB17053F3D7DBF3EFB7D41,
BE0EDBB6BF2573433F400F13,
3B14C448BF0E685E3F54BC6A,
BF1505D1BF50110A3CC05921,
3EF80F133E9F78FF3F5145B7,
3F36ECC0BE06594B3F2FEA60,
BF6AF4F13ECAC860BCE5DE16,
3D6F49CF3EC59C8DBF6BB060,
3D6F49CF3EC59C8DBF6BB060,
3C21DFB93ECED139BF6A2BBF,
BD46DC5D3F083516BF58663C,
BEBBB060BE04DFCEBF6BD9A9,
BEBBB060BE04DFCEBF6BD9A9,
3F225F853D37D417BF459557,
3F44BF0ABF1D7A78BE3419E3,
BE80FE48BF71F4B23E54EE39,
BE80FE48BF71F4B23E54EE39,
BF5EDDAD3E021188BEF363B2,
3F51320E3D5C8755BF12E9CD,
BF1AFD76BF4B83CFBD1BDA51,
BF6C5B6C3E765FD93E995422,
BD883BA3BEAED289BF70029F,
BD94B9CB3ED558643F67F8CB,
3F46392E3EDFFD61BEEA1A0D,
BF1512ECBE93E426BF428A1E,
BF1512ECBE93E426BF428A1E,
BCFEC56DBF71E3A83EA6E04C,
3F28FDA03F3A680ABE3CE853,
BF4085B2BE17928E3F246C76,
3EB4D9403F0307F2BF48793E,
BEE25D8D3EB7D6B6BF526B51,
BF1CF766BF4253113E5FFD61,
BE835D25BEC9AAA4BF61F40A,
BD11A75DBF6408313EE7FCB9,
BDAD5CFBBF45AC473F2137F4,
BD5EC80CBF01906DBF5C5A1D,
3EF83BA3BE73B646BF577319,
3CC432CA3F02877F3F5C2310,
3EC7F4DCBD6646F1BF6B3B10,
3EF8B2EA3E932A063F535350,
3F7FB00C3D4985F03B8E368F,
3E00BF5DBE02046CBF7BE187,
3E00BF5DBE02046CBF7BE187,
3D3055323DC34C1B3F7E9835,
3D3055323DC34C1B3F7E9835,
BE0AC0833F27A051BF3E5A9B,
3F51320E3D5C8755BF12E9CD,
BE956EADBE910E02BF69DDC2,
BE8DBB5ABEBFE47ABF628390,
BE8DBB5ABEBFE47ABF628390,
3E8BA8823F754BF13DB10774,
BD97C1BE3F0230553F5B9B67,
3EE9389B3F3B54A0BF01C971,
BF7982023E00E6B0BE3D6E05,
BD9023643F6196FBBEEF56EB,
BDA983513F56C02FBF09BA5E,
3CA9691A3EE48D3BBF650481,
BC85B1853F3FFC11BF294AF5,
BEB0E560BE24039BBF6CB5DD,
BEEFC7A4BD901E26BF6178D5,
BC3D90193F0E9E1BBF549279,
BF1CF766BF4253113E5FFD61,
BF673CB4BEA9F01CBE8B37CA,
BF7C9CF53D9F3B64BE11B478,
3E95475A3E1A39823F71D29E,
3F012F6FBF282C913F0F674D,
3EF6F3F5BEF44BB23F3C115E,
BEA3A14D3E6FB7E93F6B0DD8,
3E9DAA503EC8E8A73F5DE0B5,
3EB05E5FBE122FAD3F6D898B,
3EB05E5FBE122FAD3F6D898B,
3EB05E5FBE122FAD3F6D898B,
3F5DDCC6BEB70CDDBEB22BBF,
3E4DEA893F021FF3BF565DE1,
BE91B3293E3D590CBF70CE70,
BE91B3293E3D590CBF70CE70,
3DC486AD3E80FA59BF7685DB,
3F460FE43E8A2C673F12BF34,
3E5D82FDBE0D6777BF776D33,
3DBEE4E23EF49BA63F5FA051,
BDAFDC9C3E8D6CB53F750E56,
BDAFDC9C3E8D6CB53F750E56,
3F4AAE293CEE78183F1C3569,
BE0E5B423EB3AA7A3F6D104D,
BE0E5B423EB3AA7A3F6D104D,
BF2AEE63BF2826ABBEB35FC4,
3DB952D2BD80CC793F7E70E3,
BF260AA6BDEA3055BF40A32F,
BF260AA6BDEA3055BF40A32F,
3F6ABE8CBD4D35A8BECAA64C,
3F6ABE8CBD4D35A8BECAA64C,
3F6BB59EBCD95571BEC74FB5,
3F4F674DBF0892CDBE78BD66,
3F1E6BA53E61ECD53F41003F,
3F7DB8BBBE0855DABB16BB99,
3F322BBF3D33A68B3F377AF6,
BF7777AFBE830A913BC447C3,
BF7777AFBE830A913BC447C3,
BF7777AFBE830A913BC447C3,
BF6C024BBEC5D7883CE48E8A,
3E8785733F04B5DD3F5029F1,
BE38C2A43F4685DBBF1AE3E7,
BE81B5C83F3D460BBF1FB4A2,
3E413016BEEE91003F5D4D40,
BED0F66ABDB482BF3F689DF1,
BE8CF80E3EAD41743F665A9B,
3ED280F13F6786C23DE9BCFD,
BF7402F33E9AD57CBB89F40A,
3ED9D3463D848BEBBF671562,
BF5F2E493D9EECC0BEF7A4E8,
3F41D14E3EA82FD7BF1090D6,
3F3EDA663F21A75D3E5A53B9,
BF6279BC3EE19264BE1C23B8,
3F7E703BBDD2641B3D24A8C1,
3BE26D48BF7620EF3E8CC3A0,
3BE26D48BF7620EF3E8CC3A0,
BE1FF823BED41F21BF65898B,
BE8DBB5ABEBFE47ABF628390,
3F525F853F10B6D83D92EC6C,
3F00125A3EF7635E3F37F045,
3EF95BFFBE837C9A3F55B424,
3D4EAF253F6B76B43EC743E9,
3F2B3DB03EB2C3CA3F27FF58,
3F2B3DB03EB2C3CA3F27FF58,
3EE9667B3E79042E3F5B2F45,
3EE9667B3E79042E3F5B2F45,
3C21DFB93ECED139BF6A2BBF,
3C21DFB93ECED139BF6A2BBF,
BD75B813BDC678C03F7E54B5,
BD75B813BDC678C03F7E54B5,
BF6E939FBE658CD2BE91EB85,
BF6E939FBE658CD2BE91EB85,
3F03443DBDFD9FD33F597C1C,
3E5CEAF2BE9251C2BF6F06F7,
3F4BF9C6BE7D5E4A3F0D2157,
3F4BF9C6BE7D5E4A3F0D2157,
3F3934ADBDCFD4BF3F2ED091,
BE926E98BE735FC4BF6DA46A,
3D145B6CBED79BBBBF68029F,
3EF0029F3EE8572ABF4201CD,
3E475A32BEB048173F6B1F8A,
3E75C28FBEC30015BF6497B7,
3F2FA58F3D88D3AE3F3972EF,
BB8F32383EC15B57BF6D0A67,
BE39FD373F33923ABF306EC1,
BDE1EF743EF9B3D03F5DB2D5,
3EE363B23F5B92E23E849CF5,
BDB0FCF8BE20DC33BF7BD9A9,
BE862A1BBF693A933EA2F838,
3E2947063F08ABB43F5449BA,
3E2947063F08ABB43F5449BA,
3E929F17BE7ECD4B3F6CDC87,
BCF78FEF3F2310773F453261,
3EACE9A33EC662783F5B9820,
3EACE9A33EC662783F5B9820,
3E900150BE51CEAF3F700000,
BF036849BF3BE8143EE3AD19,
3E3F65563F7A9DC7BDA7620F,
3EB7F38C3F648F32BE8B19A4,
3DF593603F7CC059BDD54C98,
3F4495C03EEF88B93EE003EF,
3F0C3BF73F25681F3F080E6B,
BE1DB4CC3DB48D3BBF7BEFF2,
BE75EF20BF34764B3F2AD8C3,
BE75EF20BF34764B3F2AD8C3,
BF3C63493EFF0D843EEACC4F,
3F4092253F128D653EA7079E,
BE861E4FBD06B7AABF76EAC8,
BDCB53503F396335BF2EB463,
BE94317B3EB18E75BF646541,
BE94317B3EB18E75BF646541,
BE0728633F7DAA50BCDEA897,
3D8615233F6E6CF43EB7635E,
3E2CBD12BE3EA0BABF77CA43,
3E2CBD12BE3EA0BABF77CA43,
BE09C4DB3F63F91EBEDE83E4,
BE09C4DB3F63F91EBEDE83E4,
3EAA0BA2BE0C12AE3F6EEA21,
3E413016BEEE91003F5D4D40,
3F3ED2893DEABDE43F281CD6,
3F225F853D37D417BF459557,
3F063BCD3E8AC083BF4EA6A0,
3F19BCFD3EEC471B3F2729B3,
BEAB5DCCBF6C34C23E44063A,
BF24F180BF4230553DC73ABD,
BF2003EF3F08F51B3F118351,
3F4110A13F255DA2BDF22D0E,
BEA2602D3F2AAD82BF2CAA11,
BEA2602D3F2AAD82BF2CAA11,
3F55C3DF3EAB2AAE3EDFBE77,
BF37D60F3EC74BC7BF13AF10,
3E7508703DDD29DC3F7704FF,
3E7508703DDD29DC3F7704FF,
3E9CA2DBBE6877EEBF6CB1EE,
3E6110A13EF5AD973F5970F8,
3F3AF2523E20AA653F2A378B,
3F4D38EF3D8927913F18125A,
3F4D38EF3D8927913F18125A,
3F5C36B93E80403ABEE36B90,
BEEF1562BCF5C28F3F623EC0,
3F5E15CA3E4708EE3EEA6B51,
3D1B089A3E6F88B93F78B589,
BEB52A843CBB1AF4BF6F5E20,
BEB53CDE3DB12C28BF6E65BF,
3F0BFF04BE6346DC3F4EA93F,
3EB381D83E6C61523F685A71,
3EB381D83E6C61523F685A71,
3F0BFF04BE6346DC3F4EA93F,
3E802B41BE6FA82F3F707FCC,
3F6F8FEF3D8E26D53EB0F909,
3E97CED93EEFFD613F5503DA,
BF026A013F3B4ACBBEE7F0ED,
3E1581063F0ADEA93F53C9EF,
3E03150EBE0380883F7BC16A,
BE414F8BBDC9320E3F7A2292,
BE414F8BBDC9320E3F7A2292,
BEA82BE9BE5C87553F6B6D87,
BF606F69BEC85DB73E8F3A15,
3F7C4EF93DF5696E3DF4B1EE,
3F08C7E33CBB2FEC3F585144,
3F0D8EC93EA197A23F45681F,
3F6BB59EBCD95571BEC74FB5,
3F399ED8BD871B483F2F7CEE,
3F4F0D84BD6D71F33F15D0FA,
3F7B0DD8BE42BE8C3D3B645A,
3EAF4C6E3E24E7ABBF6CF80E,
BD1B71763F7F227DBD95475A,
3DAD5CFB3F7ECDF2BD3E76C9,
BF522292BEA7B2033EEF91E6,
BF6BD31CBEA27914BE669596,
BD706F693F6C30D33EC32F45,
3DC115DF3F7514E43E8BD7B2,
3F03EC033F3E67B63ED9F948,
3DAF1AA03E382A993F7ADF50,
3D1945B73E63D1CC3F79667B,
3851B7173F6230FDBEEFC7A4,
3851B7173F6230FDBEEFC7A4,
3851B7173F6230FDBEEFC7A4,
BEA501E2BEA074A73F64ACB0,
3F51172F3EA0FBA9BEF7B203,
BD97928E3F7F38C53CC5EB31,
3EDD1394BED017983F4E22E6,
3DA555C53F7078963EAAAE29,
3F59667BBE30403ABEFF9724,
3BD0678CBD5EBD90BF7F9DB2,
3EDEE2433E0602C9BF640592,
BF6D0679BE457D18BEA656AC,
3EAD1245BE4CDC873F6B6C37,
BF4B2F45BF0E26D53E7E670E,
3F688312BED43AA8BD69B7BF,
3E1F2BAA3F63CDDDBEDB9F56,
3E3C5D643F48BA1F3F17BF1F,
3D8DD8303F7C8FDA3E1775B8,
3D8DD8303F7C8FDA3E1775B8,
3E11A21F3F75696E3E7C779A,
3E11A21F3F75696E3E7C779A,
3E292CCF3F63F5D83ED91687,
3D09AAA43F253D863F435697,
3D09AAA43F253D863F435697,
3F218698BE8984A13F3A53B9,
3F5851443E9F56EB3EDEAC86,
BF5E1F9FBEC4912ABEA1B478,
BF7A47453E020C4ABE2B94D9,
BF79691ABDC72086BE503D9B,
BF7C9CF53D9F3B64BE11B478,
BF7C9CF53D9F3B64BE11B478,
BE13458D3F10A7C63F4FFAC2,
BE8471B4BE88CE703F6DA31A,
BE12A844BE0EF0AE3F7AD42C,
3F1CA969BE8B52003F3E1B09,
BEDFDB4D3E2F7B9EBF62046C,
BF769B7CBE76ED673DF15619,
BE8CBFB13EB92CCFBF640F67,
3DF1A4BEBF0B0942BF54D20B,
3EC7991C3EF91D15BF482752,
BF4582563E9723253F104620,
BEF8216CBC3020C5BF5FE9B8,
3EB30A913E554C98BF69D5E5,
BF6279BC3EE19264BE1C23B8,
3E2CC2503DE3DC48BF7AB7FE,
3E2BDE403EB7DAA5BF6B074A,
3F52DF503F105D10BD71758E,
3E8785733F04B5DD3F5029F1,
BEC731903E84A0E4BF62511A,
BCA305533F189AAABF4D7A78,
BF54F2D0BE71DE6A3F0094C4,
3DC9BA5EBE1590C1BF7BFF04,
BCC6D1E13F43B59EBF24E8FB,
BCC6D1E13F43B59EBF24E8FB,
3E080F133F5AB2C0BF00A5CE,
3E170F7C3F714318BE99A954,
3E170F7C3F714318BE99A954,
BF77F434BE7CD35BBCF84CAD,
3D4D40253E965FD9BF745F5B,
BF797CC4BBBE0DEDBE656D5D,
BF6A9F17BE1CC63FBEBD3C36,
BF77C45DBDD40CC8BE6AC322,
BE9EF34D3EAC1E79BF639FFD,
3F53D46B3E6771C93F039778,
3F53D46B3E6771C93F039778,
3E2C100EBF654FDF3ED2B94E,
3F5240103E001CD63F0E7EA6,
BE001CD6BE253E2D3F7A9B28,
3E0BE8BCBF6FB2AB3EA59DDC,
3E4322293E47D0293F764B88,
3EB4B72C3EF6A4013F4D566D,
3EB4B72C3EF6A4013F4D566D,
BE1FF823BED41F21BF65898B,
3D68D10FBE7B90EB3F77BA88,
BEE55476BF0E6D9C3F332BFE,
BF647A3ABEC25072BE799ED8,
3F0732DF3E939043BF4C7B89,
3EF754F33EC29DC73F49ECD5,
BE88CFC0BF69800A3E9F2BAA,
BE88CFC0BF69800A3E9F2BAA,
BF5B06A3BDFDC9C5BF00ADAC,
3DE1F9F0BF7922FB3E4EA9E7,
3DE1F9F0BF7922FB3E4EA9E7,
3E674539BE3CD35B3F74E076,
3E674539BE3CD35B3F74E076,
BF6D013BBE36B3BCBEAA9FBE,
BF61DF11BE836E2F3EC9FD37,
BF61DF11BE836E2F3EC9FD37,
BF63D70A3DD8201D3EE31CEB,
BF63D70A3DD8201D3EE31CEB,
3EDEE2433E0602C9BF640592,
3EE7F4DCBDC51EB8BF62E33F,
BDB8B589BF023B793F5B2F45,
BEB3B107BEB50C5F3F5DF7A5,
3E8F2A5ABE4C6E6EBF706AD3,
BF661EF7BE9B0C89BEA21EA3,
BF661EF7BE9B0C89BEA21EA3,
BCBBECAB3E21DD1A3F7CB685,
BEB983513DF86C22BF6C9321,
BEB983513DF86C22BF6C9321,
BEE3BF72BD89081CBF64A383,
3D3B83CF3E7B66F9BF77E32A,
BD953CDE3E9C6A7FBF730BE1,
3EDD1394BED017983F4E22E6,
3EC38B05BEC9D346BF55FE33,
BEABEF4ABE2771C9BF6D7929,
3E65CBBCBF2ED0913F31F9F0,
BF64710DBEE4E65C3D7DFE33,
BF3FCF81BF1DA07B3E79C38B,
3EEAF8DF3C7D9FD3BF636998,
BE523CC93E6708EE3F73CC8E,
3DB1E8E63F715DF6BEA4B87C,
3DB463493E7077473F77D178,
BF6F80DCBE581D7EBE90FBA9,
BF7242AFBDDA75CDBE9C3611,
BF7242AFBDDA75CDBE9C3611,
3F6658A33EB338713E855C53,
3F67AC1D3E885DB73EA9E1B1,
3F67AC1D3E885DB73EA9E1B1,
BE16AE7D3E9945B7BF7156C1,
BEC7DD443DF16B12BF69BF9C,
BE96002A3E2BEB5BBF70F66A,
BF69D884BDE2877FBEC8811B,
BF69D884BDE2877FBEC8811B,
3EF9389BBD104D55BF5F7122,
BEB53CDE3DB12C28BF6E65BF,
BF5F8CA83D7583A5BEF7991C,
3E9C115E3F3B83273F1BD70A,
3E67D8063EB9613D3F677C46,
3E802B41BE6FA82F3F707FCC,
3EC71C973E99096C3F5F1759,
BF0421183EB81062BF4704FF,
BF0421183EB81062BF4704FF,
3E4EA20ABDD67770BF794C44,
3F02E2973F0F3B64BF270069,
3E611DBDBCEECBFB3F79A027,
3EEF1BEF3E0B1466BF5FAEBC,
3EEF1BEF3E0B1466BF5FAEBC,
BDF2E9CD3F669EC33ED5CE5B,
BDF2E9CD3F669EC33ED5CE5B,
BF6D0679BE457D18BEA656AC,
3E95BFF03D7CB9243F744BB2,
BF7F4342BD62A1B6BD549F95,
BF7F4342BD62A1B6BD549F95,
3E77E1333F7822BC3D32AAE3,
3EAF598A3F6CE3BD3E2678C0,
3F542C3D3E6F47303F022728,
BF403C4BBF251D69BE114120,
BF797CC4BBBE0DEDBE656D5D,
3DC5E0B53F2F2E49BF390774,
BF62602DBED91FB4BE4833C6,
BD00346E3E4E8FB0BF7A9BD0,
3D5F505DBE5A9D1F3F79B520,
BEC461FABD38A5CEBF6C2310,
BED0F909BD8A8C15BF6910A1,
BE90ABB4BE022681BF7366F9,
3F2F0E2CBDBEC56D3F3943BF,
3F3B6AE8BDC97B743F2C8E8A,
3F33C9EF3D9412063F354C98,
BE85FAECBD9E7EA63F7648E9,
3E3691A7BEA0DAE43F6EB65B,
3E3691A7BEA0DAE43F6EB65B,
BF12DE01BE9251C23F4480C7,
3E4EA20ABDD67770BF794C44,
3F425F853E4A55083F1EBC41,
BD9C4DA9BE5AE6863F795183,
3F60995BBCD1F6013EF55864,
3D81CD603F7E425B3DC7ECFF,
3D81CD603F7E425B3DC7ECFF,
BEE10F52BEB0DED33F544135,
BEE10F52BEB0DED33F544135,
3E1DBA0A3E9081C33F72680A,
BDA6A0123EFC2507BF5DD441,
BDA6A0123EFC2507BF5DD441,
3E1FBE77BD4D2B2CBF7C8A9C,
BD0A5CE6BE32862F3F7BEEA2,
BE08F8623F7810623E54B48D,
3ED1C5823F0245F63F41CFFF,
3F73FB163CEA0BA2BE9A58F7,
3F73FB163CEA0BA2BE9A58F7,
BDB982023E884A0E3F75AB9F,
3F4052933E91D68C3F186AD3,
BE70DAE43EF52A843F588701,
BE687011BD389B523F790CB3,
BE83165DBF6DCB143E89081C,
3D81259A3E5B98C83F7985F0,
BEF87011BF47598A3ECB9F56,
BEF87011BF47598A3ECB9F56,
BF28092DBF3F5B813DD0E560,
BF713DD93E44B87CBE8C49BA,
BF713DD93E44B87CBE8C49BA,
3DB463493E7077473F77D178,
3ED599EDBDC46C763F675C29,
BE82E1EFBDE37DE93F75DACF,
3E2BDE403EB7DAA5BF6B074A,
3F21C2E3BEBC692F3F2EA0BA,
3F152C7CBE6594AF3F47F8CB,
BF13074A3F47EBAFBE7B645A,
3E6FFEB03EF860573F57AB75,
3F00CF183E51B9B63F56EE0F,
BE0CDF263EEFB2AB3F5F7469,
BF6595FF3E4D2DCBBEC9F16B,
BE9B15B5BD86AD2E3F73645A,
BE9B15B5BD86AD2E3F73645A,
3E0F69443E4307F2BF78BE0E,
BE714E3C3D39628D3F78850A,
3E9C115E3F3B83273F1BD70A,
3D1945B73E63D1CC3F79667B,
3DFB6998BD9F1BEF3F7D48AA,
3B5B8BAC3F2D234F3F3C91D1,
3F4C74FB3F0FDDEC3E5C6541,
3F052D233E913D32BF4E37DF,
3F362B6B3E24EF89BF2F12C2,
3F2ADB623F002FD73F0D1C19,
BE12A844BE0EF0AE3F7AD42C,
BF525D8D3EB384773EE60179,
BF0A6A01BF4A7C5B3E92A5A4,
3F5512453E8029F13EFD3847,
3F5512453E8029F13EFD3847,
3F4956C13EB245F63F029692,
BE8846203DE23E183F7523F6,
3E3CE8533D6848BF3F7B2FEC,
3E3CE8533D6848BF3F7B2FEC,
BD3352A8BEAABB453F711687,
BD3352A8BEAABB453F711687,
BEBBD274BF6C18933DF9E061,
3F3ED2893DEABDE43F281CD6,
3E03D9A9BE8801F7BF74970F,
3F2A40B83F3982023E38E9F7,
3E3D92B8BD96ABDEBF7ADEA9,
BDB8B589BF023B793F5B2F45,
BEDF27BB3E9DA1233F58811B,
3F1009D53E3497B73F4EC376,
BE3DE3FC3E8E075FBF715422,
BE91B3293E3D590CBF70CE70,
3F1520083E609D493F485C68,
3F525F853F10B6D83D92EC6C,
3DFF67F5BD3A5E35BF7DBC02,
BDEB1C433D27136ABF7E17C2,
BDEB1C433D27136ABF7E17C2,
BF605B183EB00BCCBEACA81A,
3F5AFCCE3EDA3C213E96A6A0,
3DAADD59BE03BA343F7CF95D,
3F46D1E13DC4D0143F1F6167,
3F54D9E83D57E6713F0D974E,
3F485532BCD29DC73F1F3F53,
3F485532BCD29DC73F1F3F53,
BF4361133EA07C853F10A676,
3E49D495BE7205BCBF73938A,
3E49D495BE7205BCBF73938A,
3F5851443E9F56EB3EDEAC86,
3F4F03083EB3F5303EF18A87,
BF122D0E3DF5C28F3F4FE7C0,
BE9B5F1C3ED1A4BE3F5C41DD,
BE9B5F1C3ED1A4BE3F5C41DD,
BF7374153E657D18BE5A31A5,
BD46DC5D3F083516BF58663C,
BD46DC5D3F083516BF58663C,
3E76E04C3ECF04573F61DC72,
3E5D028A3DB40A28BF78F323,
3F2E978D3E98C005BF2AF05A,
3F2E978D3E98C005BF2AF05A,
BD97B2033F770ED43E80ABB4,
3EF323793ECAF4F13F4924F2,
BE9639D6BE16C8B4BF71CFFF,
3F43A53C3EF6DEFC3EDB4B73,
BF1BA0A53F0D0721BF12617C,
3E0C34C23F43FA6EBF20EF35,
3F53BF723F0FD9553C2209AB,
3EC333333D2BE8BC3F6C6BCF,
BE989CA2BDB0403ABF735E74,
3F215810BE4B851F3F402214,
3E0C34C23F43FA6EBF20EF35,
3E0C34C23F43FA6EBF20EF35,
3E3EB314BCAB21813F7B775C,
3EB111F13EBD551DBF5CC2F8,
3EA6C6153EA2584FBF640592,
BF298C7EBF2EBC413E9E3151,
3F39A8053F08E2193EDE171A,
3F0752FC3E20663CBF559408,
3CDD05293F52A305BF115422,
3EB1F9F03F5F93363EAEB852,
3F6BB59EBCD95571BEC74FB5,
BCE521573EDA03C53F678573,
3D9AE9253E798F1D3F77861A,
BF4C6A7F3F0ADB62BE85B424,
BF5DE2043EFB588E3DB4B1EE,
3F270ED43D1A0275BF41BCFD,
3F19BCFD3EEC471B3F2729B3,
3F399A413EE28B6E3F071DE7,
3EF64ECF3E2C8605BF5C3F3E,
BF69C821BE033C60BEC60D45,
BE23A29C3EA356973F6F266C,
3F6BB59EBCD95571BEC74FB5,
3E92007EBDA0125A3F748DE3,
3D46A7F03F2BC16ABF3D6CB5,
3F5CF616BD5197A23F009CA2,
BF5A09AB3E99F01CBEDBBD7B,
3E9014F93E8C38B0BF6B6F7E,
3E9014F93E8C38B0BF6B6F7E,
3ECEB463BD394318BF69EC2D,
BF421188BF001F753ED61523,
BF69E98EBDDB1D93BEC8B439,
3E61D29E3F78DB8CBDA3B257,
BE782D383E7FE32ABF6FFCB9,
BEAAAF793E21DFB9BF6DF06F,
BF26E3933F3874003E72085B,
BE6843813EAE924FBF698D26,
3EE86D723F63B83D3D533B10,
3EE86D723F63B83D3D533B10,
3ED280F13F6786C23DE9BCFD,
3E82E87D3F6F48803E7CD899,
3E82E87D3F6F48803E7CD899,
3E82E87D3F6F48803E7CD899,
3F715BFF3EA919263D38BAC7,
3F493C8A3E5251C23F153F7D,
3F493C8A3E5251C23F153F7D,
3F0DBC023E9F0069BF45CE5B,
3E99A805BF1681453F404EA5,
BE7BC7F7BF727A633E52DA12,
3E89018E3F760E95BD8A57A8,
3ECB39193F4B1077BEEC710D,
3F063BCD3E8AC083BF4EA6A0,
3F063BCD3E8AC083BF4EA6A0,
3E048E8ABE60B4E13F778D50,
BF6A4BDC3E7F52FC3EA212D7,
BF6A4BDC3E7F52FC3EA212D7,
BE8E69AD3D1522A7BF75B8BB,
BF7C56D6BE27BDCFBD21AB4B,
BF7C56D6BE27BDCFBD21AB4B,
3F696E59BD76DDADBECFEB07,
3D89A0273E0B1705BF7D0B0F,
BE7861A6BDB606B8BF774FB5,
BE0AF4F13F001B86BF5AE686,
BF71BCFDBE3ECAACBE8AE7D5,
3F2836653F31CD603E9606B8,
3F058ADB3F2538473F0ED86F,
3F058ADB3F2538473F0ED86F,
3F32ACDA3F1784CBBECE6EEB,
3F32ACDA3F1784CBBECE6EEB,
BDF7B4A23E24C836BF7AC27A,
3F092B803F075B81BF28850A,
BCF12C283F7C8B44BE24EF89,
BCF12C283F7C8B44BE24EF89,
397BA8823D3B59DE3F7FBB30,
3E9B42463E07B3533F71930C,
BEE818403E88C5433F59B281,
BF4094C4BF0F7B9E3EB154CA,
3EA9D1F63E11782DBF6EC0D7,
BDEA3055BDB1C971BF7D590C,
3F715BFF3EA919263D38BAC7,
3F7A5EDDBCD39970BE53EFF2,
3B7F9724BE25FD8B3F7C9CF5,
BE7E1DA83E4582563F7306A3,
3EFBD6623EBB78033F4A38DA,
BF78A5CE3E71EE243CE87D2C,
BF61667BBEF27E523CAE924F,
3E6359363F1826ABBF45E15D,
3E0022143F4C2657BF171B48,
3E0022143F4C2657BF171B48,
BF2EC376BDDFAEBC3F38F712,
BD1279143F3C801F3F2CF8B6,
3E5EFC7A3E8E59F33F6F80DC,
3F789614BE4BFDB53E0708EE,
3F66CCA3BDFBECAB3ED460AA,
3F45FCE33EFA233A3ECED677,
3F0DBC023E9F0069BF45CE5B,
3F1E35E73D9D6E05BF484B5E,
3E2CBD12BE3EA0BABF77CA43,
BF5DBCA9BEBE186A3EAB48D4,
BD00346E3E4E8FB0BF7A9BD0,
3F64A6CABE71172FBEC42D8C,
3A980B24BF0E57FB3F54C6E7,
3E326BF83E4865953F770E2C,
3E707F243EB95FEEBF66EEB7,
3F2236E33EA7C06E3F3368F1,
3F2236E33EA7C06E3F3368F1,
BEF5E7433EBBB1AF3F4BFD0D,
BD5158B83F1DDE16BF491A76,
3EC142703DC7D2C8BF6BBE23,
3E38CA823D72B021BF7B573F,
BF6E108C3E9C4EF93E51E647,
BF6E108C3E9C4EF93E51E647,
3EFB33DBBEBAB9F53F4A97E1,
3F184189BE0939EB3F4AEBC4,
BF0A9692BF4555C53EABE61D,
BD97928E3F7F38C53CC5EB31,
BF50346EBE8F97243F028241,
BE1D028ABDB5BD513F7BF338,
BDC9F40ABC4083123F7EBC41,
BF024FCABEBA7EFA3F47A637,
BF3D57BC3E90E7FF3F1C523F,
BF3D57BC3E90E7FF3F1C523F,
BF3D57BC3E90E7FF3F1C523F,
BEC8CD213F1A378B3F31F7F9,
3E5D028A3DB40A28BF78F323,
3E3645A23F79C77A3E02DB62,
3E6CAD583CB9628D3F79003F,
BF6F0CDDBEA7136ABE164D7F,
3DA4A8C13E52C7B93F79ABF3,
3F4BC2B93EF46F15BEBE94EE,
3E2FA58FBE1A34443F793DD9,
BD6ADD593F7F64AE3D1BBADC,
BDC9A027BD1E4F763F7E9058,
3E95BFF03D7CB9243F744BB2,
3E95BFF03D7CB9243F744BB2,
BF5D5EF23E9D25EE3ECB8A5D,
BF479E5A3EA814513F0879E6,
3E95AD97BE5E718B3F6E6AFD,
3E1EA897BE212AD8BF79ADEB,
BF744D01BCFCF80EBE983276,
3DC115DF3F7514E43E8BD7B2,
BF6B7B4A3E9E3A7E3E776B3C,
BF6A493D3EB0AA653E554F37,
3E13ABC93E26B7AABF79DF11,
3E13ABC93E26B7AABF79DF11,
3DCCC78F3E14F8B63F7BFB16,
3A73CB3E3D600D1BBF7F9DB2,
BDA6A0123EFC2507BF5DD441,
3E7A9D1F3DB87161BF772474,
3F0CC0593EB6B7AABF415571,
BF6AF8DFBDDEECC0BEC36CDF,
3F7119263EA7F0ED3D96EAC8,
3E89018E3F760E95BD8A57A8,
3C72F9873DFC5048BF7E0568,
3C72F9873DFC5048BF7E0568,
3E7559B43F64AAB93EC2C7B9,
3D15D4E93ED132B5BF69782D,
BF7E20473D77E3D23DD60419,
BF7E20473D77E3D23DD60419,
3F61984A3EEC3B4FBDD2641B,
3E7FF8233F707A8DBE705D10,
3E7FF8233F707A8DBE705D10,
BE93E187BDAF1AA0BF741BDA,
BE93E187BDAF1AA0BF741BDA,
3EC0C0AD3E9189373F61B9B6,
BD54024B3C839043BF7F9FA9,
3DC1CD603E354C98BF7AC9B0,
3EF9E4503CF3F5303F5F4F0E,
3EE619113F4635E73EE4245F,
3DE7B0B4BD897B74BF7DC67E,
3D8100E7BC264C30BF7F7A4E,
3E1FBE77BD4D2B2CBF7C8A9C,
3F46392E3EDFFD61BEEA1A0D,
3E63CF2DBEE6A2B13F5D590C,
3E63CF2DBEE6A2B13F5D590C,
3F0C3BF73F25681F3F080E6B,
3F0C3BF73F25681F3F080E6B,
3F0C3BF73F25681F3F080E6B,
BF7E48413CD7DBF5BDE69596,
BEFF4F0EBF3D45633EE7A8D6,
3D5AB9F5BE2A64C33F7C0F67,
BE614A4DBE26C2273F76392E,
3E8AF102BE0A79BCBF73F338,
3D2656ACBC11A75DBF7FC7A4,
BF69D884BDE2877FBEC8811B,
BDCF18013E230A91BF7B67A1,
BE3DE3FC3E8E075FBF715422,
BE8CAEA73E9A708FBF69B867,
BF54F2D0BE71DE6A3F0094C4,
BF54F2D0BE71DE6A3F0094C4,
BF60255BBE7CCB7D3ED49BA6,
3F0E8FB03F4F3387BE3EF73C,
3F2ADB623F002FD73F0D1C19,
BF5BBCD33E32CCF7BEF70260,
BF5BBCD33E32CCF7BEF70260,
3D2656ACBC11A75DBF7FC7A4,
3F46CD4BBE9581063F0EEAC8,
3F3AB4B7BD1D73433F2EDEFC,
3D77AF643E93D9A93F749AFE,
3F184189BE0939EB3F4AEBC4,
3F184189BE0939EB3F4AEBC4,
BF245B6CBF43295FBDA6BA49,
3F4F03083EB3F5303EF18A87,
3E60AFA33F5DE54BBEE549F9,
3E7FF8233F707A8DBE705D10,
BF646690BEE18FC5BDCBDBA1,
BF646690BEE18FC5BDCBDBA1,
3D71B4783DF6E8293F7DAEE6,
3E904C063E17B4A23F72AD82,
3F3A88273EBDE93A3F1365AA,
3F3A88273EBDE93A3F1365AA,
3F24B09F3ED6F9333F23E37E,
BF77CE313E708C3F3DB52008,
3F0CC9863F55AEE6BCEC2CE4,
3F245CBC3F23A3443ED8BD66,
3F245CBC3F23A3443ED8BD66,
3EFA0F913F19C23B3F220E41,
3DE22E5EBE0BD902BF7C0592,
3DE22E5EBE0BD902BF7C0592,
3F3D88E33F1505293EAC1D2A,
3D4DB37D3F5622E6BF0BB3A7,
3D2B020C3EA6E2EBBF71C821,
3E426D483F74B5DDBE65729B,
3E426D483F74B5DDBE65729B,
BF447454BF14BB1B3E8ADEA9,
BF689A02BBACAFF73ED5D4E9,
BF689A02BBACAFF73ED5D4E9,
BF7196533E4461FA3E89FE87,
3E7F5D79BDD3E8143F767DFE,
3E7F5D79BDD3E8143F767DFE,
BEA32B56BE58F1D43F6C8366,
3F0747D83ED05532BF3EBF87,
3F0747D83ED05532BF3EBF87,
3F1811B23F3198F23ED08462,
3F5948563F03A4943DFC5586,
3F4BFFAC3F0F5C293E68240B,
BDE3CC8E3F354B49BF327D03,
BE855476BE1D34593F740592,
BE6602C93E06F3F5BF772A5A,
3F1520083E609D493F485C68,
3EC142703DC7D2C8BF6BBE23,
3E280496BE0A0BA2BF7A2920,
BF3463F13CC74FB53F358A33,
BF633C60BDD20AFA3EE5DF65,
BF27861ABF054DE83F0C5CBC,
3E8ECD4B3F3F6556BF1A49E4,
3EF0029F3EE8572ABF4201CD,
3F130D303F0A5AEEBF1D6239,
3E6B8CFCBB97B741BF7921AB,
3E11FDDF3727C5AC3F7D62E1,
BE86887BBF5438093EFCC8DE,
BE6FB7E93F6112993ED47C31,
3E3D92B8BD96ABDEBF7ADEA9,
BD9B4784BF2106253F46108C,
BE5B035CBF39259A3F281ADF,
3E6FCF813C0BEB5BBF78DED3,
BF77C45DBDD40CC8BE6AC322,
BE12A844BE0EF0AE3F7AD42C,
3F7D60423D94CEC43DFBDCF0,
BBBE61D03DCCEC423F7EB65B,
BBBE61D03DCCEC423F7EB65B,
3DD5475A3F478E9FBF1E1EF7,
3E81EA36BCF8769F3F778034,
3EC1DBCB3F346DC6BF1993B4,
BF2CEAF2BC9AD42C3F3CB685,
3DAE2974BD8C2A45BF7E7818,
3DAE2974BD8C2A45BF7E7818,
BDAD5CFB3DC9320E3F7DD6E0,
BF4361133EA07C853F10A676,
3E059F2C3B8073583F7DCF03,
3DBE47993CFB7E91BF7EC56D,
3F29EADD3D9916873F3E848C,
3C18B2EA3E2476F33F7CAA11,
3F6BB59EBCD95571BEC74FB5,
BF69E1B1BEC639D63DFE76C9,
3F14317B3F322D0E3ED98351,
3ED4523F3F68793E3D6E58A3,
3ED4523F3F68793E3D6E58A3,
3E7F5D79BDD3E8143F767DFE,
3DDB18553EFFCCE2BF5C100E,
3EA50B0F3DC8850A3F71096C,
BF4A1C043D669AD43F1C75A3,
BEA84F4C3F5CCC253EC501E2,
3F355BAB3F2AFD763E697E13,
BF6595FF3E4D2DCBBEC9F16B,
3F4092253F128D653EA7079E,
3F4092253F128D653EA7079E,
3F35F7A5BEAEDBB6BF1D6ABE,
3E490D5A3F108AF0BF4D3997,
3EA3EFF23F52680A3EF136A4,
3E5D82FDBE0D6777BF776D33,
BF7983F93E48F0843DDBC558,
BF7983F93E48F0843DDBC558,
3E0022143F4C2657BF171B48,
3F29A6B53F26501E3EBEBAF1,
3E25460BBF42D96ABF20D10F,
BF40B04B3EA928E13F11C971,
BF69B9B63AEBEDFABED0E411,
3E1269593ED53112BF65DACF,
BDCB53503F396335BF2EB463,
BD505D103F0D9C8DBF54DDD7,
BD505D103F0D9C8DBF54DDD7,
3DE67B5F3DF9E0613F7C7304,
3E4D4AA13F2FCB92BF32E148,
BF670ED43ED833C6BDAC2268,
3CC471B4BD96D091BF7F3B64,
3E8BA8823F754BF13DB10774,
BF5BC4093E9A88273ED450F0,
BEFC985FBE1F6A943F5B150E,
BE286595BF1525463F4BC2B9,
BE286595BF1525463F4BC2B9,
BF7C56D6BE1E8BC13D883127,
3F7A5EDDBCD39970BE53EFF2,
BF24E3BDBEFFBFC63F144EF9,
3E88C2A43F3EEC18BF1C3B4F,
3DAA89763F412104BF26AE7D,
3CDD05293F52A305BF115422,
3DF593603F7CC059BDD54C98,
3EB4D9403F0307F2BF48793E,
BF7D22A7BC087A8DBE188E37,
BF7D22A7BC087A8DBE188E37,
BF761C583DAAC3223E864D7F,
BF2B404FBF3531BA3E6877EE,
BC9DB22D3F2BAC71BF3DD788,
3ECA5269BF0D77D93F3BDA51,
BF1D90C1BF3A09AB3E9C30D3,
BD41E796BF4409813F2430D3,
BF7A233ABE57F8CBBCE7429A,
3C04DFCEBD9F6556BF7F36CE,
BF79AE92BE474FB5BDD566CF,
3F5719503E35C52E3F03295F,
3F5719503E35C52E3F03295F,
BE6F34D73D8FB54A3F7844D0,
3E5E20473B7CF80E3F79E6EF,
BF4696E6BD8164843F20BCBE,
3F13FD0DBDDCFFEB3F4F0ED4,
3E9630A9BDB9042EBF73A494,
3D59FD373EE8FEEF3F638CFC,
3E8BE37E3E8EE2433F6BAB22,
BF6B3B10BD12F6E83EC92CCF,
BE89D1F63E2B1C433F72CF96,
3F7DE9E23D3E5754BDF2E9CD,
BE165A9BBF02D4D4BF58CF18,
BDCC0AD03F4DCBBCBF161C58,
BDCC0AD03F4DCBBCBF161C58,
3F7D6E053D060568BE0CCA2E,
3ED6B3BC3F56CCA33EB1758E,
3E267382BDA2E0A0BF7BC600,
3E242D8CBBD6F5453F7CAEA7,
BF593B3A3EDE29743E9B04AB,
BF7AD03E3E1A14CFBE074FB5,
BF7AF3A1BC7B7E91BE49C23B,
BF647E283C8F5C29BEE6B7AA,
BF28BF5D3EA69058BF2D9019,
BF28BF5D3EA69058BF2D9019,
3E5851EC3ED1AC9BBF6333DB,
3E5851EC3ED1AC9BBF6333DB,
3E326BF83E4865953F770E2C,
3E326BF83E4865953F770E2C,
BDE25D8D3EFCAD58BF5CD940,
3EFAB9F53F3DB76BBEEB2E9D,
3DDC82173EA0624E3F718C7E,
3C8366513ED9D7343F67A2F0,
3D4CF6BE3E1AF3A1BF7CBA73,
3E490D5A3F108AF0BF4D3997,
3F750093BD4B6849BE9244A6,
3F750093BD4B6849BE9244A6,
BF1BA0A53F0D0721BF12617C,
3DA63C753C9CB685BF7F1BEF,
BF77342F3E63BF72BE09AAA4,
BF77BFC6BDFC94703E60D994,
3F15FE333F4E50C6BDADDACF,
3F48BC173F024010BEB5F30E,
3F05D8D8BD7D2C7C3F59A565,
BD7689CA3F499F80BF1CFDF4,
3EB609573CC1BDA53F6F3238,
BF75883CBE0AA8EBBE7E8145,
BF2E1E4F3D938EF33F3AC27A,
BF2529353E4C17EC3F3CD2B3,
BF2ED86F3E161E4F3F372EF1,
BEC08462BE9633483F6102DE,
BF712A303E7C5586BE6917D7,
BF712A303E7C5586BE6917D7,
3EBA27283E8815A03F64912A,
3EBA27283E8815A03F64912A,
BF6F0996BCA4D2B3BEB6FBD2,
BF6BBCD3BDEADD59BEBECD4B,
BF6D0721BCFAEBC4BEC0C9DA,
BF6D0721BCFAEBC4BEC0C9DA,
3DCC692FBE6A7C5B3F77E282,
BF7AE2973CAD6CB53E4A7EFA,
BE810386BF5FAD6D3ED501E2,
BE810386BF5FAD6D3ED501E2,
3F14317B3F322D0E3ED98351,
3E13E2D63F511C6DBF0EF933,
3EA7D1783F044DA9BF4A7675,
3EE49907BE5AFE1E3F5E6D9C,
3DFD41743ED6CDF23F663737,
BF77CE313E708C3F3DB52008,
3DD7ACC53F1D8C2ABF47F8CB,
3F7BCF2D3D1C38B03E34562E,
BED111F1BED540CC3F4FF0ED,
BE01DFB93BB588E33F7DEDD0,
3E83497B3F338716BF2A4895,
BE810386BF5FAD6D3ED501E2,
3D4AEA743EFDCB14BF5DF8F4,
3F7FB00C3D4985F03B8E368F,
BF78C1553E4B8280BE02BE8C,
3EEE7FF63D161E4F3F6255B0,
3F1F30E8BD952D233F479DB2,
3EF6DDAD3DF785733F5E223E,
3E5D028A3DB40A28BF78F323,
3EFA35933DA0370D3F5E72DA,
3EB147AE3F3E3151BF12A5A4,
3EB862F63F06FFC1BF4501E2,
BF34CC25BF34486B3D94D402,
3EE363B23F5B92E23E849CF5,
BF7FEA603C30C88ABCC04428,
BF7FEA603C30C88ABCC04428,
3EF973973E1A1F4BBF5C3761,
3EF973973E1A1F4BBF5C3761,
3F100DC3BDE7429A3F51A36E,
3ED599EDBDC46C763F675C29,
BF0A3EC0BDD97F633F55BD51,
BF211687BE9B4B733F372F98,
3EE858793F6103863E1628CC,
3F215810BE4B851F3F402214,
3F215810BE4B851F3F402214,
BF4F60BF3D1CA18C3F15C875,
3F06FB2BBCCF41F23F596D09,
3F12BF34BE09906D3F4EED67,
BF04985FBEBAA64C3F461A61,
BEB66278BF58F9B13EC9691A,
BF5C41353D4DDD6EBF01D734,
3F61E2583EED0679BDACC4F0,
BF77F38C3E4BC6A83E18DA3C,
3F3F15623F2521573E27913F,
3E9832763F51205CBEFD1245,
BE0D18D23E8126E93F753261,
BF6DF99CBEBCB1463BE2C12B,
3F2DAA50BD96E58A3F3B22D1,
3B026AA9BD96C0D7BF7F4E66,
3F6654B53DB1D3ED3EDAFCCE,
3EAC95C0BD0A3D713F70DCDB,
3EAC95C0BD0A3D713F70DCDB,
BF092104BE88F1D43F4D0B0F,
BF2DFAEC3DD88E373F39D53D,
BF039ABFBF3BD1CC3EE381D8,
BF1F3ABDBF11A36E3F09BC56,
BEE14F8BBF4D81AE3ECE04C0,
BF2DFAEC3DD88E373F39D53D,
3F1147063F419B913EA6B26C,
BF50346EBE8F97243F028241,
3ED6F2A63F204189BF283CF3,
3F4F0D84BD6D71F33F15D0FA,
3DBB890D3F2D9019BF3AB6AE,
3DAADD59BE03BA343F7CF95D,
3F0D57153F4CA8C13E727137,
BF1917D7BDF42EDC3F4AE536,
3F55E69B3F0388663E474539,
3F267A103F42599F3CE2C12B,
BF761C583DAAC3223E864D7F,
3EE8E2193ECBDF8F3F4BED52,
BF63D70A3DD8201D3EE31CEB,
3F08C7E33CBB2FEC3F585144,
3F114706BE32DA123F4DFCE3,
BF2ED86F3E161E4F3F372EF1,
BF7D22A7BC087A8DBE188E37,
3E8B313C3F411E64BF18F66A,
3E8703B03E6F32383F6F967D,
3E8703B03E6F32383F6F967D,
3F0CFBFC3F53E4CD3DDC8755,
3F0CFBFC3F53E4CD3DDC8755,
3F3B6AE8BDC97B743F2C8E8A,
BF12DE01BE9251C23F4480C7,
3F0DF84DBB319A413F550679,
BF7982023E00E6B0BE3D6E05,
BF7FD806BCAE29743CE29739,
BF7B2A063C01450F3E45F30E,
3F016BBABE5B61BB3F55F5AE,
BF2DFAEC3DD88E373F39D53D,
BF4EE243BF16C80CBAF12C28,
BDEE04C03D3813013F7E0179,
BDEE04C03D3813013F7E0179,
BF32EE63BF1791E63ECD64D8,
3E99A805BF1681453F404EA5,
BF3F30E8BEF7DE943EE96E59,
BF0A6A01BF4A7C5B3E92A5A4,
BF32161EBE83E0373F2BADC1,
BEF6ABDE3E73FFACBF57E133,
3F1ACD9F3B93C89F3F4BE37E,
3F17D220BE140A283F4AC5C1,
3F0CC9863F55AEE6BCEC2CE4,
3E0582563F7DC337BCA469D7,
3E0582563F7DC337BCA469D7,
3E818A873F43DC483F17967D,
BEEB09EABF6083123E1148FE,
BE6E2EB2BF42A9933F1B3B10,
3F0E0B4E3DE9BCFD3F52F6E8,
3EAFD36FBE979D0ABF642AED,
BF051D69BF1041893F2456D6,
3E815CA73F47D0D03F12602D,
3F06E782BD9D1F603F58AE53,
BF5C7A3A3E956FFC3ED50332,
3F715BFF3EA919263D38BAC7,
BF759019BE89C77ABDB0ED3E,
3F28FDA03F3A680ABE3CE853,
3F4505293F0FF6D33E9AD6CB,
BF646690BEE18FC5BDCBDBA1,
BF4696E6BD8164843F20BCBE,
3E97689D3E499D883F6F4D16,
3DBB7E913DB30E803F7DF06F,
BD486AD3BD4230FD3F7F67F5,
3E82DB62BD40639DBF7734D7,
3EDBEB5B3EBF5D793F52732E,
BF0A3EC0BDD97F633F55BD51,
BEE9F7F9BE94E11E3F573238,
BF2A29C73E9B5DCC3F2EC56D,
3F506AD33DE70E2C3F11D1F6,
BED454DE3E6A161E3F617A25,
BD55EF203EAF1AA03F703127,
BF7E0E95BDFB10773C22B170,
3F5C36B93E80403ABEE36B90,
BF6E0B4E3DEF837B3EB299D9,
BEA0CC793F5A31A5BED6223E,
BEDD6627BE2AE5363F62D6CB,
3E174BC73F3277C4BF3398C8,
BE5EB3143EDD5A5CBF60068E,
BE5EB3143EDD5A5CBF60068E,
3CC7CD8A3C15182BBF7FE9B8,
BF79C62ABE07D2C8BE32BA9D,
BDA4A8C13F42B607BF24ECEA,
BE82E1EFBDE37DE93F75DACF,
3B117D6B3E13CB3E3F7D51D7,
3BC2A4553EA441353F72771D,
BED013A9BF58FF973EAEA20A,
3E8BA8823F754BF13DB10774,
BE4ADD59BF44408E3F1C5CBC,
3D4BBC2C3EAADD59BF70FCF8,
3F33C9EF3D9412063F354C98,
3E6868343F32ACDA3F2DE204,
3EEE7FF63D161E4F3F6255B0,
3F11F213BE34C1A93F4D696E,
3F41743F3C0049663F27A787,
3A22877F3C434C1B3F7FFB6A,
3A22877F3C434C1B3F7FFB6A,
BF076556BE8CA6CA3F4D9168,
3F0DEC813F4376B43EA98DCE,
3D9609573F2D714CBF3B5B2D,
BE9BC5583EE5158CBF574A77,
3F0DF84DBB319A413F550679,
3EA70B8D3F1793DEBF3CA2DB,
BE88CFC0BF69800A3E9F2BAA,
BE88CFC0BF69800A3E9F2BAA,
BF3865953F247D80BE85D0FA,
BF3865953F247D80BE85D0FA,
3EE94EE43F0044D0BF3C5975,
3F08C7E33CBB2FEC3F585144,
BF6648413EBCC4F03E6FEC57,
3EC92F6F3F5C43D43EA6238E,
BF7FD806BCAE29743CE29739,
BF689A02BBACAFF73ED5D4E9,
3EB298893F6463493E92FC26,
3EE86D723F63B83D3D533B10,
BEEF1562BCF5C28F3F623EC0,
BF3E6EEBBE6F1FDE3F204D55,
3E94F0D83E46FBD23F6FD2C8,
BF5DBCA9BEBE186A3EAB48D4,
BE7B7BF2BF5DC67E3EDEB314,
3E96ABDEBDCD9408BF734F61,
BE5AE3E7BF7716B13E1A5658,
3F0B035C3E6FA2F0BF4E7382,
3F0B035C3E6FA2F0BF4E7382,
3F43F2913F23F5303D809D49,
3E67C30D3E827A63BF70ABB4,
BECAB3683EC38C54BF55C91D
;
