; Normal ID Mapping COE File for Vivado
; Format: 32-bit width per entry (original vector ID in 0..8551)
; Total entries: 19347 (flat index 0..13093)
memory_initialization_radix=16;
memory_initialization_vector=
00000290,
000003D0,
0000044A,
0000052C,
0000066D,
0000077E,
00000786,
00000CA7,
00000CAB,
000010C1,
00001181,
00001493,
0000178D,
00001BC7,
0000207C,
00000016,
0000007D,
000003D0,
0000044A,
0000052C,
0000054C,
00000641,
00000662,
0000077B,
00000786,
00000BD8,
00000BEC,
00000C08,
00000C1D,
00000C3A,
00000CA7,
00000CB1,
00000DA7,
00000DB7,
00000DF6,
0000106D,
00001181,
00001323,
00001493,
00001498,
00001653,
0000178D,
00001991,
00001B0C,
00001BC7,
00001BE2,
00001C0E,
00002163,
0000000A,
0000013B,
0000013D,
00000A6C,
00000A87,
00000C8F,
00000D21,
00000D2C,
00000D53,
00000D5D,
00000E30,
00001051,
00001194,
000012F6,
0000130A,
000014C8,
0000155E,
000015A6,
000015E2,
00001617,
0000165B,
000019E8,
000019F9,
0000002C,
00000E02,
00000EEB,
00001766,
00001789,
00001B55,
0000000A,
0000002C,
00000052,
0000013B,
0000013D,
00000290,
0000042C,
0000044A,
0000052C,
0000060D,
0000066D,
00000776,
0000077E,
0000079F,
00000A6C,
00000A87,
00000B2B,
00000BBA,
00000CA7,
00000CAB,
00000CF0,
00000E02,
00000E30,
00000E8F,
00000E90,
00000F17,
00001051,
000010C1,
00001181,
000012F6,
0000130A,
000013C5,
000013E0,
00001439,
000014C8,
00001501,
000015A6,
0000165B,
00001766,
0000178D,
000018FA,
00001941,
000019A7,
000019EE,
00001ABC,
00001ADB,
00001B55,
00001BE1,
00001C2E,
00001C6B,
00001D27,
00001DDC,
00001E0B,
0000207C,
00000048,
000000FF,
00000130,
000001B2,
000002A3,
000002F4,
000003A5,
00000446,
00000497,
000005E9,
000005FE,
00000779,
000008AC,
000009A8,
00000C4F,
00000CAC,
00000DA5,
00000EEB,
000010C7,
0000114F,
000011D3,
0000132E,
00001350,
00001451,
00001482,
00001689,
00001766,
00001789,
00001914,
00001B55,
00001C65,
00001DEA,
00001DF0,
00001E12,
00001E1A,
00001F6B,
00000016,
00000048,
0000007D,
000001B2,
00000284,
000002A3,
00000326,
00000368,
0000044A,
0000052C,
00000602,
00000776,
0000077B,
00000A97,
00000AE5,
00000AE7,
00000B2B,
00000BD8,
00000BEC,
00000C3A,
00000CA7,
00000CAC,
00000CB1,
00000DA5,
00000DB7,
00000DF6,
00000E0E,
00000E90,
00000F17,
0000106D,
0000114F,
00001181,
000011B9,
0000132E,
000013E0,
00001439,
00001498,
000014CD,
00001653,
00001689,
00001766,
0000178D,
00001914,
00001991,
000019A7,
00001A03,
00001A14,
00001B55,
00001BE1,
00001BE2,
00001C6B,
00001DDC,
00001DEA,
00001DF0,
00001E08,
00001E1A,
00001F6B,
00002162,
00000DAC,
000002D9,
00000DAC,
00000559,
000007E8,
00000DAC,
00000EF1,
000014AD,
000015EE,
000016A3,
000016B4,
00001820,
00001856,
00001E0F,
00001E17,
00001E73,
00001E82,
00001E92,
00001E95,
00001FAB,
0000203E,
0000000A,
000000B4,
0000013B,
00000208,
000002D9,
000003AF,
000004CA,
00000541,
00000675,
000007E8,
000009FE,
00000D5D,
00000DAC,
00000E0C,
00000E4F,
00000EF1,
00001005,
0000105F,
00001083,
00001194,
00001288,
00001292,
000012F6,
000014AD,
000014C8,
0000155E,
000015E2,
000015EE,
00001617,
000016A3,
000016B4,
00001856,
000018C3,
000019E8,
000019FE,
00001A51,
00001B5F,
00001BD1,
00001E82,
00001E95,
00001FAB,
0000002C,
00000046,
0000018E,
00000232,
000002A1,
000002D7,
00000510,
00000511,
00000516,
00000530,
000005B8,
000007EB,
00000804,
000009F3,
00000B7F,
00000E02,
00000EEB,
00000F54,
0000119D,
000014AD,
00001789,
00001B55,
00001E0F,
00001E92,
00001EAE,
00001FAB,
0000000A,
0000002C,
0000008E,
000000B4,
0000013B,
000003AF,
0000042C,
0000060D,
00000776,
00000831,
0000099D,
00000BBA,
00000D4A,
00000E02,
00000E8F,
00000F0E,
00000F17,
00000FBC,
0000105F,
000012A1,
000012C8,
000012F6,
000013E0,
00001439,
00001474,
000014AD,
000014C8,
00001501,
0000172A,
000019EE,
00001B55,
00001BAF,
00001BD1,
00001BE3,
00001BF5,
00001C00,
00001C6B,
00001CAF,
00001E0B,
00001FAB,
00002018,
000000FF,
00000130,
00000146,
00000165,
0000017B,
0000018E,
000002CF,
000002D7,
0000039D,
000003A5,
000003DC,
00000510,
00000511,
00000516,
000005B2,
000005B8,
000005E9,
000005FE,
000006B1,
00000804,
000008AC,
000008D9,
000009F3,
00000A12,
00000B26,
00000B3C,
00000B7F,
00000C0D,
00000C4F,
00000CAC,
00000EEB,
00000EFA,
00001078,
00001186,
000011D3,
00001350,
000015B0,
000015BF,
000015D1,
000015D2,
0000166C,
00001729,
00001789,
00001B55,
00001B97,
00001C03,
00001C0C,
00001C65,
00001C6E,
00001D43,
00001E12,
00001E1A,
00002032,
0000205D,
000020AB,
0000008E,
000006B1,
00000776,
00000831,
00000A97,
00000CAC,
00000EFA,
00000F17,
00000FBC,
000013E0,
00001439,
000014CD,
00001630,
0000166C,
000016C3,
00001B55,
00001BF5,
00001C6B,
00001E1A,
00001F66,
00001FCB,
00002018,
00002032,
000020AB,
0000210F,
00001594,
000003B7,
00001594,
000002E9,
0000030D,
0000034E,
00000657,
0000098B,
00000CC0,
00000EF3,
00000F4F,
00001002,
000012FA,
0000155C,
00001594,
000015E9,
00001BFD,
0000014F,
0000034E,
000003B7,
00000553,
0000058C,
000006CE,
00000765,
00000980,
00000A2C,
00000CC0,
00000E22,
0000106A,
00001125,
000012FA,
00001594,
000015E9,
00001676,
00001700,
00001A29,
00001BE9,
00001BFD,
00002007,
00002073,
0000014F,
00000344,
000004E8,
0000058C,
000006CE,
000010C9,
00001676,
00001B85,
00001BE9,
00001BF1,
00001EFA,
00002007,
00002073,
000000B7,
000007ED,
00000C98,
000015BC,
00001851,
0000003C,
000000B7,
000002E9,
0000030D,
000007ED,
0000098B,
00000C98,
00000CC0,
00000CF9,
00000DCA,
00000E08,
00000F4F,
00001002,
000012FA,
00001424,
0000143B,
0000143E,
000015BC,
0000163E,
000016DC,
00001851,
00001BB8,
00001C41,
00001C73,
00001E0E,
00001F95,
00002017,
00002056,
00002077,
0000028B,
0000041C,
000005B9,
00000A2C,
00000A2F,
00000A41,
00000BEE,
00000CC0,
00000F2F,
00000FE6,
00000FF8,
0000106A,
00001125,
000012FA,
00001358,
0000143B,
0000163E,
000016DC,
00001700,
000018A6,
0000192A,
00001989,
000019CB,
000019CC,
00001BE9,
00001D2D,
00001EA8,
00001EE5,
00001FC2,
00002005,
00002007,
00002017,
00002056,
00002073,
000005AA,
00000607,
0000083D,
00000906,
00000969,
00000C78,
0000134E,
00001358,
00001363,
0000192A,
0000192F,
00001989,
000019CB,
000019CC,
00001BE9,
00001D2D,
00001E0C,
00001EE5,
00001FB6,
00001FC2,
00002007,
0000201B,
00002073,
00000906,
00000C78,
00001E0C,
000000B7,
00000149,
0000015B,
0000016A,
000002A7,
000007ED,
00000C98,
00000D93,
0000129E,
000019AD,
00001B58,
00001D26,
000000B7,
0000015B,
0000016A,
000005FB,
000007ED,
00000834,
00000907,
00000909,
00000AA2,
00000C98,
00000CF9,
00000DCA,
00000E33,
00000E5D,
00000EB2,
0000129E,
0000163E,
00001699,
000016DC,
00001918,
00001920,
00001B58,
00001C73,
00001D26,
00001E0E,
00001E89,
00001EE4,
00001F24,
00001F95,
00001FBF,
00002077,
0000209D,
00000168,
0000019E,
0000036F,
000005B9,
000005FB,
000008D0,
0000093E,
00000951,
000009F0,
00000AA2,
00000BEE,
00000E33,
00000F2F,
000011C3,
000011EF,
00001463,
0000163E,
0000168A,
00001699,
000016DC,
0000173C,
0000181A,
00001861,
00001918,
00001D2D,
00001EA1,
00001F24,
00001FBC,
00001FBF,
00001FC2,
00001FCA,
00002005,
0000209D,
00002165,
00000104,
0000036F,
00000406,
0000083D,
000008D0,
00000906,
0000093E,
00000951,
00000AF3,
00000B70,
00000C78,
0000125C,
000012EB,
00001463,
000014DC,
0000192F,
00001AF2,
00001B29,
00001B38,
00001D19,
00001D2D,
00001F55,
00001FB6,
00001FBC,
00001FC2,
00001FCA,
0000200F,
0000201B,
0000204F,
00000906,
00000C78,
0000125C,
000012EB,
0000200F,
00000149,
0000016A,
00000E6B,
0000129E,
0000016A,
000001D7,
0000020E,
00000715,
00000834,
00000907,
00000B8D,
00000C42,
00000D7F,
00000E33,
00000E6B,
0000129E,
00001619,
00001699,
00001830,
00001918,
00001920,
0000192E,
00001C84,
00001C93,
00001E89,
00001EE4,
0000019E,
000001D7,
0000020E,
0000036F,
00000408,
0000067B,
000006E3,
00000715,
0000089C,
00000A0F,
00000B8D,
00000B9A,
00000E33,
00001561,
00001600,
00001619,
0000168A,
00001699,
0000173C,
00001750,
00001781,
00001918,
00001FBC,
0000203A,
00002076,
00002165,
0000036F,
000006E3,
0000079E,
00000DF3,
00001561,
000015FC,
00001600,
00001865,
00001AD7,
00001AF2,
00001B29,
00001C30,
00001F19,
00001F55,
00001FBC,
0000203A,
00002076,
000005B7,
000007F6,
00000873,
00000DAC,
00001065,
00001308,
00001595,
0000169A,
000016C1,
000001DA,
000002D9,
000004AD,
000005B7,
000007E0,
000007F6,
0000082F,
00000DAC,
00000DF8,
00000E76,
00000F13,
00001065,
0000135A,
000016C1,
00000109,
000006D5,
00000873,
00000875,
00000962,
00000DAC,
00000FC8,
00001065,
00001279,
00001308,
0000169A,
00001820,
00001856,
000018C4,
00001A6E,
00001DC0,
00001DDB,
00001DF7,
00001E0F,
00001E11,
00001E17,
00001E63,
00001E66,
00001E73,
00001E7C,
00001E92,
0000203E,
00002057,
0000006F,
000000E6,
000001DA,
00000208,
000002D9,
000003AF,
0000044C,
00000483,
000004AD,
000004B5,
000004CA,
0000082F,
00000AA8,
00000DAC,
00000DF8,
00000E4B,
00000E76,
00000F13,
00001005,
00001065,
00001083,
0000135A,
000016C4,
00001856,
00001A0A,
00001A51,
00001A60,
00001A7C,
00001B5F,
00001BC6,
00001BD1,
00001C11,
00001D59,
00000046,
0000018E,
00000232,
00000273,
000002A1,
000002D7,
00000510,
00000511,
0000051A,
00000530,
000005AF,
00000669,
000006DD,
00000758,
000007B2,
000007EB,
000008E4,
00000962,
00000B87,
00000BD5,
00000C51,
00000EF8,
00000F54,
00000F7B,
00000F95,
00000FCB,
000010CD,
000010EE,
0000111F,
0000119D,
00001279,
000014CE,
0000178E,
0000188C,
000019A1,
00001A13,
00001BAD,
00001C44,
00001D82,
00001DC0,
00001E0F,
00001E7C,
00001E92,
00001EAE,
00002153,
0000008E,
000000E6,
00000273,
000003AF,
00000814,
0000099D,
00000A45,
00000AA8,
00000D4A,
00000E4B,
00000EF9,
00000F93,
00000F95,
0000136A,
00001474,
00001A1F,
00001A52,
00001A7C,
00001BAF,
00001BB9,
00001BD1,
00001BE3,
00001C00,
00002018,
00002026,
000020D6,
00002161,
0000017B,
0000018E,
00000273,
000002CF,
000002D7,
0000039D,
000003DC,
00000510,
00000511,
000005B2,
000005DD,
00000669,
000006A2,
00000796,
000007B2,
00000B26,
00000EF8,
00000EFA,
00000F95,
00001078,
0000111F,
000014CE,
0000166C,
00001729,
00001974,
00001A13,
00001BAD,
00001C44,
00001D43,
0000008E,
00000273,
00000EFA,
00000F95,
0000136A,
0000166C,
00002018,
000020D6,
0000210F,
00002161,
000000CA,
0000014E,
00000156,
00000178,
00000654,
000006D1,
000007B0,
0000093F,
00000950,
000009CB,
00000ABC,
00000B75,
00000BF2,
00000D0E,
00000F33,
00001066,
00001162,
00001357,
0000145D,
00001461,
00001557,
000016F3,
000017AD,
000017F4,
0000180F,
00001912,
000019BB,
00001EF9,
00002070,
0000003D,
000001F0,
0000024E,
0000029B,
00000411,
0000049C,
000005C9,
0000078D,
000008DB,
00000943,
000009B7,
000009CB,
00000A08,
00000A17,
00000A24,
00000A46,
00000A72,
00000B75,
00000BF2,
00000C2A,
00000C64,
00000F33,
00000F89,
0000103A,
00001066,
000010BA,
000010D8,
00001557,
00001567,
000017AD,
000017F4,
0000180F,
0000184C,
0000186E,
000018D9,
00001A2E,
00001A58,
00001BA8,
00001C02,
00001C25,
00001EF9,
00001F74,
00002070,
00000003,
0000003D,
0000010D,
00000199,
0000020D,
0000024E,
0000031A,
000005C9,
00000716,
00000731,
00000768,
000007D4,
00000943,
00000A24,
00000A72,
00000A8E,
00000B85,
00000CF3,
00000E98,
00000F89,
000010BA,
00001430,
00001443,
00001567,
0000184C,
0000186E,
00001A58,
00001F7F,
00001FAF,
00002112,
00000003,
000002C6,
0000031A,
000004D3,
00000768,
000007D4,
00000968,
00000A2A,
00000A2D,
00000A8E,
00000A91,
00000B85,
00000CF3,
00000E6F,
00001024,
000012D9,
000013C4,
00001F7F,
000002FB,
00000968,
00000D06,
000012D9,
0000138D,
00001EF9,
0000003D,
000003B6,
000009B7,
00000A24,
00000AD3,
00000C81,
00000D14,
00000F89,
0000103A,
00001237,
0000123D,
000012B8,
0000170B,
00001A2E,
00001A58,
00001A7B,
00001B4A,
00001C25,
00001EF9,
00002147,
0000003D,
00000131,
0000016F,
0000031A,
00000343,
000003B0,
000003CC,
00000416,
00000471,
0000098A,
00000A24,
00000A8E,
00000AD3,
00000C81,
00000E3F,
00000E98,
00000F89,
00001006,
000011A4,
000011D5,
00001237,
0000123D,
000012B8,
00001594,
0000170B,
00001786,
000017D5,
0000182E,
00001869,
000018A3,
00001A58,
00001B4A,
00001BA0,
00001D0A,
00001DBC,
00001DC2,
00001E33,
00001F7F,
00001FAF,
00000131,
000002DB,
0000031A,
000003B7,
00000416,
000004D3,
00000508,
00000968,
00000998,
00000A2D,
00000A8E,
00000A91,
00000ACB,
00000B5C,
00000B7C,
00000B9F,
0000107D,
0000114A,
00001249,
000012D9,
000013B4,
000013C4,
00001415,
00001594,
00001680,
00001682,
00001783,
000017D5,
000017E6,
0000182E,
0000187D,
000018A3,
00001947,
0000199E,
000019FA,
00001C48,
00001C69,
00001C97,
00001E3A,
00001F7F,
00000022,
000001A7,
000002FB,
00000504,
000006C8,
000008E3,
00000968,
00000B54,
00000B5C,
00000B9F,
00000CBF,
00000D06,
00000E1B,
00000E61,
00001218,
00001252,
000012D9,
00001335,
0000136C,
0000138D,
0000139E,
00001415,
000017A6,
0000182D,
00001901,
00001916,
000019FA,
00001C23,
00001C48,
00001C69,
00001C97,
00001D0B,
00001DA9,
00001DD8,
00001E3A,
00001FB4,
0000016D,
000003E6,
00000504,
000005E0,
000007A2,
00000946,
00000B11,
00000CBF,
00000E1B,
00000ED4,
00000FF0,
00001029,
0000118F,
00001252,
0000136C,
0000139E,
00001495,
000014A7,
0000165A,
0000176B,
000017A6,
0000182D,
000019B4,
000019EB,
00001BA7,
00001BF8,
00001E29,
00000535,
00000782,
000007A3,
000007A6,
00000B02,
00000B11,
00001495,
000014A7,
0000169C,
00001BA7,
00001BF8,
000004D1,
00000AD3,
00000FFC,
00001237,
0000123D,
000012B8,
00001656,
0000169B,
00001862,
0000190F,
00001928,
000019FB,
00001B4A,
00001C99,
00001D1D,
000002E9,
0000030D,
000003B0,
00000416,
00000657,
0000067A,
0000098A,
00000AD3,
00000EF3,
00001006,
00001237,
0000123D,
000012B8,
0000155C,
00001594,
000015E9,
00001656,
00001862,
00001869,
0000190F,
00001928,
000019FB,
00001AB3,
00001B4A,
00001BFD,
00001DBC,
000003B7,
00000416,
000004AA,
00000508,
00000553,
0000058C,
00000765,
00000980,
00000ACB,
0000114A,
00001415,
00001594,
000015E9,
00001676,
000017E6,
00001947,
000019FA,
00001A29,
00001BE9,
00001BFD,
00001C48,
00001F0C,
00002073,
000001B7,
00000344,
00000404,
000004E8,
0000056F,
0000058C,
00000627,
000008A2,
00000B6F,
00000BE1,
00000E61,
00000EC3,
00001018,
0000102D,
000010C9,
00001218,
00001252,
000012CB,
00001415,
00001676,
000017A6,
000017FD,
000019FA,
00001B85,
00001BE9,
00001C3E,
00001C48,
00001D0B,
00001EFA,
00001F44,
00002073,
0000009C,
0000016D,
000003AE,
000003CD,
000003E6,
00000404,
00000517,
00000519,
0000056F,
000005A5,
000005CE,
00000612,
00000627,
000007A2,
00000B11,
00000BE7,
00000C24,
00000C63,
00000D50,
00000F20,
00001018,
0000102D,
000010B4,
0000114E,
00001153,
00001252,
000012CB,
000012E7,
00001441,
000017A6,
000017BA,
000017FD,
00001940,
000019A3,
000019EB,
00001BF8,
00001C72,
00001CC5,
00001DB1,
00001E29,
00001FC1,
0000205C,
0000010A,
000003AE,
00000519,
00000520,
00000535,
000005A5,
00000612,
00000782,
000007A3,
000007A6,
00000903,
00000905,
00000B11,
00000BE7,
00000EB5,
00000EDB,
00000F20,
000010B4,
00001153,
0000153E,
00001647,
0000169C,
0000199F,
000019DE,
00001BF8,
00001C4F,
00001CB1,
00001F21,
0000205C,
000000B7,
00000266,
00000268,
000002A5,
000002AD,
000002B3,
000004D1,
00000827,
0000083F,
00000953,
00000A82,
00000BA4,
00000C98,
00000E7E,
00000F24,
00000F28,
00000FFC,
00001085,
000015BC,
00001656,
0000165E,
0000169B,
00001851,
00001862,
0000187A,
0000193F,
00001945,
00001948,
000019BA,
000019FB,
00001C91,
00001C99,
000000B7,
000002E9,
0000030D,
0000083F,
00000C98,
000015BC,
00001656,
0000165E,
00001851,
00001862,
000019FB,
00001358,
00001BE9,
00002073,
000002CA,
0000056F,
00000607,
000008A2,
00000906,
00000969,
00000C78,
0000134E,
00001358,
00001363,
000017FD,
00001BE9,
00001C3E,
00001E0C,
00001EB4,
00002073,
00000085,
000000C2,
000000EC,
00000236,
000002CA,
00000390,
0000045B,
00000517,
0000056F,
00000872,
00000889,
00000906,
00000A4D,
00000B28,
00000C78,
00000D50,
00000ECC,
00000F3B,
00000F57,
000010B4,
0000114E,
00001153,
00001330,
00001385,
000013D6,
00001531,
000015C9,
000016D1,
00001787,
000017BA,
000017FD,
000019A3,
000019C3,
00001A7F,
00001A8A,
00001CAB,
00001DB1,
00001E0C,
00001E5F,
00001E6A,
00001E9D,
00001EB4,
00001EC6,
00000390,
00000520,
00000592,
00000AA3,
00000B3D,
00000DCC,
00000E81,
00000EB5,
00000F3B,
00000FE1,
000010B4,
000010EC,
00001122,
00001153,
0000151E,
00001531,
000015C9,
00001647,
000019DE,
00001C4F,
00001DA0,
00001E5F,
00001E6A,
00001E9D,
00001EC6,
000000B7,
00000149,
0000016A,
00000268,
000002A5,
000002A7,
00000499,
00000622,
00000953,
00000989,
00000A82,
00000AD4,
00000BA4,
00000C96,
00000C98,
00000D93,
00000E7E,
00001085,
000010A6,
0000147B,
000017DE,
00001907,
000019AD,
000019BF,
000019D8,
00001BA2,
00001C34,
00001F48,
000000B7,
0000016A,
00000C98,
000006EB,
00000906,
00000B70,
00000C78,
0000125C,
000012EB,
00001AF2,
00001B29,
00001D19,
00001EF7,
00001FBD,
00001FC4,
0000200F,
0000202E,
00000419,
00000485,
00000514,
00000542,
0000065F,
000006EB,
00000872,
00000889,
00000906,
00000A4D,
00000B28,
00000C78,
00000E46,
00000ECC,
0000116D,
0000125C,
000012EB,
000013D6,
000015C9,
000016A1,
00001787,
0000191F,
000019B9,
000019C3,
00001A02,
00001B6A,
00001BEE,
00001E53,
00001E6A,
00001E70,
00001E74,
00001E90,
00001E9D,
00001EF7,
00001F30,
00001FBD,
00001FC4,
0000200F,
0000202E,
00000051,
00000514,
0000065F,
00000A9C,
00000B3D,
00000D6F,
000010B2,
000010EC,
00001122,
00001483,
000015C9,
00001BEE,
00001DA0,
00001E6A,
00001E90,
00001E9D,
00001F30,
000020D3,
000020DF,
000000BE,
00000149,
0000016A,
00000289,
00000380,
000003DF,
000003E5,
000005D6,
00000C96,
00000E6B,
00000EFB,
00000FD7,
0000139C,
0000166D,
000017D1,
00001907,
00001963,
000019D8,
00001BA2,
00001BE8,
00001C34,
000000BE,
0000016A,
00000289,
000003C2,
000003DF,
000003E5,
000004F0,
00000529,
00000715,
0000078E,
00000C42,
00000E6B,
00000EFB,
00001215,
0000139C,
000013E7,
000015D4,
000015DE,
00001619,
00001830,
00001930,
00001A9F,
00001C7C,
00001C84,
00001C93,
00000715,
00000774,
0000078E,
00000A0F,
00000B9A,
00000C19,
000013C6,
000015DE,
00001600,
00001619,
00001A9F,
00001AAB,
00001C20,
00001C7C,
00001E18,
0000203A,
000005C7,
000006EB,
00000774,
0000079E,
00000DF3,
00000F19,
00000FDF,
00001064,
00001452,
000014BD,
000014D9,
000015FC,
00001600,
00001865,
00001AAB,
00001AF2,
00001B29,
00001C30,
00001C9E,
00001EF7,
00001F59,
00001FBD,
00001FC4,
00002006,
00002020,
0000203A,
00002095,
000020CE,
00000418,
00000542,
000006EB,
00000755,
00000775,
000007DF,
0000080C,
00000FDF,
00001267,
000012A6,
00001321,
000014BD,
000014D9,
00001597,
000015E3,
00001652,
00001654,
00001871,
00001874,
000019B9,
00001A02,
00001B8A,
00001BEE,
00001C22,
00001C9E,
00001D00,
00001D6E,
00001E53,
00001EF7,
00001F30,
00001FBD,
00001FC4,
00002006,
00002010,
00002020,
0000203B,
0000203C,
0000206D,
000020A9,
000007DF,
0000080C,
00001069,
00001195,
00001321,
00001483,
000017E2,
00001B8A,
00001BEE,
00001F2E,
00001F30,
00002010,
0000203C,
000020D3,
000020DF,
000003C2,
0000078E,
00001930,
00001A9F,
00000774,
0000078E,
000008B5,
00000C19,
000013C6,
00001A9F,
00001AAB,
00001BDA,
00001BFB,
00001C20,
00001DE1,
00001DE5,
00001E18,
00000357,
000005C7,
00000774,
000008B5,
00001064,
0000131A,
00001AAB,
00001B09,
00001BFB,
00001DE1,
00001F22,
00002006,
00002020,
00000357,
00000755,
0000131A,
00002006,
00002020,
0000203B,
000020A9,
00000122,
00000327,
00000334,
000005B7,
000007F6,
00000873,
00000901,
00000CB0,
00000F1B,
0000104C,
00001091,
00001308,
00001426,
00001595,
00001772,
0000194A,
0000199D,
00001B7E,
00000197,
000001DA,
0000045C,
000004AD,
000005B7,
00000630,
000007E0,
000007F6,
0000082F,
00000B82,
00000CB0,
00000D75,
00000E76,
00000F13,
0000104C,
00001426,
000014AB,
00001579,
00001581,
00001679,
000017A4,
0000185D,
000018AE,
000018EB,
0000194A,
00001D73,
00000007,
00000109,
00000122,
000002FA,
00000327,
00000334,
00000353,
0000043B,
0000065C,
000006E6,
0000080D,
00000829,
00000873,
00000875,
00000901,
00000928,
00000962,
00000AC7,
00000AE6,
00000F77,
0000111E,
00001308,
000016E8,
000018C4,
00001938,
00001993,
0000199D,
00001AD2,
00001DDD,
00001DF7,
00001E11,
00001E63,
00001E66,
00001E7C,
000001DA,
00000216,
000004AD,
000006BA,
0000082F,
00000A7D,
00000AA8,
00000E76,
00000F13,
000010C6,
00001294,
000012FF,
00001579,
00001675,
00001679,
00001690,
000016C4,
00001A0A,
00001A4D,
00001A60,
00001A7C,
00001ABB,
00001B0F,
00001C11,
00001D73,
00000007,
00000273,
0000043B,
000005FA,
00000669,
000006A0,
000006DD,
0000071F,
00000758,
000008E4,
00000928,
00000962,
00000AE6,
00000B87,
00000BD5,
00000C51,
00000D32,
00000D3E,
00000EF8,
00000F77,
00000F7B,
00000F95,
00001049,
0000111E,
0000141B,
000014CE,
00001551,
0000178E,
0000188C,
00001934,
00001C3D,
00001C62,
00001CC7,
00001DDD,
00001E7C,
00000273,
0000073F,
000007CA,
00000814,
00000A45,
00000A7D,
00000AA8,
00000C87,
00000EF9,
00000F93,
00000F95,
00001049,
000010C6,
000012BC,
000012FF,
00001338,
0000136A,
00001690,
00001953,
00001A7C,
00001ABB,
00001C62,
00001CC7,
00002026,
00002074,
000020D6,
0000213E,
00002161,
00000D09,
000004E6,
0000056C,
00000D09,
000011FA,
00001457,
000014B8,
000014B9,
00001A05,
00000273,
00000669,
000006A2,
00000EF8,
00000F95,
000014CE,
00001974,
00001CC7,
00000273,
00000F95,
0000136A,
00001CC7,
000020D6,
00002161,
000001C2,
00000384,
00000D09,
00000DC7,
00000DEE,
00001080,
00001095,
00001503,
000000F7,
000001C2,
000001FF,
00000366,
00000384,
000003E9,
000004E6,
0000056C,
0000061B,
0000071A,
00000A05,
00000A1C,
00000C33,
00000C44,
00000D09,
00000D2F,
00000DC7,
00000DEE,
00000E93,
00000EE1,
00000FBA,
00000FC6,
0000101E,
00001080,
00001095,
000011FA,
0000126D,
00001457,
000014B8,
000014B9,
00001503,
00001568,
0000163C,
00001648,
000016E2,
00001708,
000017F9,
000018FD,
00001A05,
00001AF3,
00001CDD,
00001DA6,
00001F77,
00000C74,
00000DC7,
00000DEE,
0000153A,
000000E1,
000000F7,
00000202,
0000046C,
0000088B,
00000C74,
00000D66,
00000DC7,
00000DEE,
00000E93,
00000EE1,
00000FBA,
00000FC6,
0000126D,
00001287,
00001408,
0000153A,
00001568,
00001708,
00001AF3,
00001CDD,
00000017,
0000009D,
000000CA,
0000014E,
00000161,
000002CB,
000003A8,
000003A9,
000003CE,
0000057E,
00000609,
000006DC,
000007B0,
0000099E,
00000A86,
00000AB8,
00000ABC,
00000AF7,
00000C28,
00000C7A,
00000CE1,
00000E04,
00000E42,
00000E83,
00000ED3,
00000F33,
00000F3D,
00001103,
0000129F,
000012AD,
00001357,
000013E2,
0000142C,
0000144A,
0000144E,
00001455,
0000145D,
00001461,
0000149C,
00001598,
0000163D,
000016DB,
000016F3,
000017AD,
000017F4,
0000180F,
00001912,
000019F7,
00001B20,
00001BA9,
00001BE7,
00001EF9,
00002070,
000020A2,
000020DC,
000001C9,
00000589,
0000061D,
00000876,
00000943,
0000095B,
00000997,
0000099E,
000009B7,
00000A72,
00000A86,
00000BBD,
00000C28,
00000CE1,
00000EE3,
00000F33,
00000F3D,
00000F82,
000010D8,
00001100,
00001247,
0000137C,
000013CE,
000013E1,
000013E2,
000013ED,
0000144A,
0000149C,
000014D4,
000017AD,
000017F4,
00001807,
0000180F,
000019A2,
00001A2E,
00001A63,
00001CC8,
00001CCC,
00001EF9,
00002070,
0000000F,
00000199,
000001C9,
0000020D,
000003AC,
000003DA,
0000061D,
0000063D,
00000716,
00000766,
00000768,
000007D4,
00000943,
00000A72,
00000A8E,
00000B85,
00000C37,
00000C72,
00000CF3,
00000D81,
00000EE3,
00001046,
00001079,
00001247,
0000137C,
00001430,
00001CC8,
00001CCC,
00001D12,
00001D58,
00001DA3,
00001F7F,
0000000F,
0000006B,
0000006D,
000002A0,
000002C6,
0000032F,
00000364,
000003DA,
000004D3,
0000063D,
00000766,
00000768,
000007D4,
00000968,
000009D3,
00000A2A,
00000A2D,
00000A8E,
00000B85,
00000C37,
00000C72,
00000CF3,
00000D81,
00000E6F,
00000F81,
00001024,
00001046,
00001079,
00001082,
0000126C,
000012D9,
00001356,
00001392,
000013C4,
0000146C,
00001B35,
00001B60,
00001B81,
00001C58,
00001D58,
00001DA3,
00001F3E,
00001F7F,
00002009,
0000024A,
0000024F,
000002A0,
000002FB,
0000032F,
00000336,
00000364,
00000373,
000003DA,
0000063D,
00000766,
000007D1,
00000844,
00000968,
000009BC,
000009D3,
000009F6,
00000A64,
00000C37,
00000D06,
00000D81,
00000D95,
00000DBF,
00000DE0,
00000E0F,
00000F81,
00001082,
00001110,
00001151,
0000126C,
00001273,
0000127B,
000012D9,
00001356,
0000138D,
00001392,
0000195A,
000019A0,
00001A3D,
00001B35,
00001B60,
00001B81,
00001CF7,
00001D15,
00001D1E,
0000010B,
00000140,
00000142,
00000182,
000001B1,
0000021E,
0000022D,
0000024A,
0000027B,
00000336,
000003BC,
00000531,
000005DC,
0000068F,
000007D1,
00000815,
00000864,
0000095D,
000009BC,
00000A64,
00000C32,
00000D95,
00000DBF,
00000DC1,
00000DE0,
00000E0F,
00001068,
000010A3,
000010DC,
00001273,
0000127B,
00001658,
0000168F,
00001711,
00001816,
00001845,
0000195A,
0000196A,
00001987,
000019A0,
000019A8,
00001A07,
00001A3D,
00001C76,
00001D13,
00001D1E,
00001E71,
00000142,
0000022D,
000005DC,
00000A15,
00000AB0,
00000E63,
00000FD3,
00001068,
0000148A,
00001658,
0000168F,
00001711,
00001954,
0000196B,
00001A07,
00001B69,
00001B6E,
00001C76,
00000017,
000003A9,
00000A86,
00000E04,
00000ED3,
00000F3D,
000010D3,
0000129F,
000012F0,
000013E2,
0000149C,
00001710,
000017AE,
00001EF9,
00001F15,
00000045,
000000D1,
0000023E,
00000257,
000003B6,
00000583,
000005FD,
00000626,
00000738,
00000741,
0000075B,
000008C4,
000008CA,
000009B7,
000009C5,
000009DA,
00000A86,
00000AD1,
00000AD3,
00000BA1,
00000C81,
00000D14,
00000E2F,
00000E57,
00000E67,
00000F3D,
000010D3,
000011AC,
000011E0,
000012B8,
000012C0,
000012DD,
000012F0,
000013E2,
00001403,
0000143A,
0000149C,
000015FE,
00001644,
0000164A,
00001660,
0000170B,
00001710,
000017AE,
00001A2E,
00001A7B,
00001B4A,
00001CD4,
00001EF9,
00001F15,
00002147,
0000016F,
00000A8E,
00000AD1,
00000AD3,
00000C81,
000011A4,
000011D5,
000012B8,
000012C0,
000012DD,
00001644,
0000164A,
0000170B,
00001786,
00001B4A,
00001D0A,
00001DBC,
00001F7F,
000004D3,
00000968,
00000A2D,
00000A8E,
000012D9,
000013C4,
00001F7F,
00000022,
000002FB,
00000504,
00000968,
00000D06,
00000DBF,
00000E1B,
000012D9,
0000138D,
000019A0,
00000182,
00000200,
0000037A,
000003BC,
00000504,
0000095D,
00000DBF,
00000DC1,
00000E1B,
00000FF0,
00001029,
00001495,
000014A7,
0000165A,
00001711,
0000176B,
00001816,
000019A0,
000019B4,
000019C5,
00001B9F,
00001C76,
00001D13,
0000005B,
00000098,
000000B1,
00000200,
000002AA,
0000037A,
000003F7,
00000470,
000004C1,
00000535,
000005AB,
000005BD,
000005CC,
0000060C,
00000618,
00000782,
000007A3,
0000089D,
000009C6,
00000B02,
00000B35,
00000CCC,
00000D97,
00000DD6,
00000FD3,
0000109F,
00001495,
000014A7,
000015E1,
00001698,
0000169C,
000016B6,
000016FA,
00001711,
00001954,
0000196B,
00001B69,
00001B6E,
00001B9F,
00001C76,
000003F7,
00000470,
000004C1,
0000060C,
00000618,
0000089D,
00000B53,
00000B76,
0000109F,
000016B6,
00001701,
00001C8C,
00001D52,
00001E5B,
00000045,
000004B6,
00000594,
000008CA,
00000AD3,
00000E57,
00000FFC,
000010C2,
000012B8,
0000135E,
00001849,
000018F6,
0000190F,
00001B4A,
00001C99,
00001CA1,
00001CD4,
00001D1D,
00001E7D,
00001E93,
00001E98,
00000AD3,
000012B8,
0000190F,
00001B4A,
00001DBC,
000002AA,
000003F7,
00000535,
00000618,
00000782,
000007A3,
000008EC,
00000CCC,
00000EDB,
00000F00,
000011CD,
0000153E,
000015E1,
000015F5,
000015F8,
00001612,
00001647,
0000169C,
000017A7,
000019DE,
00001C71,
00001CB1,
00001CE6,
00001F13,
000000CD,
00000269,
000003F7,
0000053D,
0000055E,
0000055F,
00000614,
00000618,
00000995,
00000A53,
00000B76,
00000C40,
00000CF8,
00000D04,
00001211,
00001242,
0000159C,
000015A4,
000015F5,
000015F8,
00001612,
0000164F,
00001701,
0000172E,
000017D3,
00001C71,
00001CE6,
00001D52,
00001E5B,
00001F13,
0000169D,
00001BD4,
00001E8E,
00001160,
0000146B,
00001A59,
00001BD4,
00001D37,
00001D5D,
00001E8E,
00000469,
00000624,
00000B80,
0000146B,
0000149F,
00001626,
00001B42,
00001B8E,
00001BF3,
00001D5D,
00000083,
000001ED,
00000266,
000004BA,
00000594,
000006CD,
000008A7,
00000953,
00000A07,
00000A25,
00000A3C,
00000AA1,
00000AA9,
00000B80,
00000D02,
00000D33,
00000FEC,
00000FFC,
00001085,
000010C2,
000011EC,
0000121E,
000013EB,
0000149F,
000016C0,
00001849,
0000187A,
000018F6,
000018FE,
0000193F,
00001945,
00001948,
00001AE7,
00001AE8,
00001B42,
00001B8E,
00001C91,
00001C99,
00000263,
000003FF,
00000475,
000004A2,
000008EC,
00000AA3,
00000C65,
00000DCC,
00000E81,
00000F00,
000010EC,
00001122,
0000122D,
00001410,
0000151E,
00001647,
000017D9,
00001867,
00001868,
000019DE,
00001C71,
00001CE6,
000000CD,
000001F9,
00000263,
00000475,
000004A2,
0000055E,
0000055F,
00000614,
00000A53,
00000C04,
00000C65,
00000C9A,
00000FB7,
00000FB9,
000010E9,
0000118E,
00001410,
0000159C,
00001672,
00001867,
00001868,
000018AB,
000018BA,
00001B98,
00001C71,
00001CE6,
000000D8,
000005F0,
0000060B,
000006A9,
000009B6,
00000A76,
00000BE4,
00000C99,
00000D29,
00000E7F,
00001272,
00001278,
0000131F,
00001362,
0000169D,
00001752,
00001BD4,
00001C5D,
00001DB4,
00001E1D,
00001E43,
00001E8E,
00001F03,
00001F3F,
000005E7,
0000060B,
00000702,
00000A76,
00000C54,
00000C9D,
00000CB2,
00000CE8,
00000D29,
00000F16,
0000109D,
000010E1,
00001160,
00001272,
00001278,
0000131F,
000013CC,
0000146B,
000015BA,
00001603,
00001752,
00001A59,
00001B0D,
00001B47,
00001BD4,
00001C06,
00001C5D,
00001CF6,
00001D08,
00001D37,
00001D57,
00001D5D,
00001DB4,
00001E8E,
00001F93,
00001FD8,
00002051,
00000456,
00000469,
000005E7,
00000624,
00000941,
000009AB,
000009BD,
00000A19,
00000B80,
00000B9D,
00000C54,
00000C70,
00000C9D,
00000CB2,
00000CE8,
00000CFA,
00000E53,
00000F34,
00000FCA,
00001377,
0000146B,
0000149F,
0000160B,
00001626,
000018D6,
00001967,
000019C0,
00001ABA,
00001B1C,
00001B40,
00001B47,
00001BF3,
00001C06,
00001D5D,
00001D81,
000001ED,
0000042D,
000004B0,
000004BA,
00000537,
000005A9,
000005EA,
000006F3,
00000953,
00000989,
00000A07,
00000AD4,
00000B56,
00000B80,
00000B9D,
00000C11,
00000C96,
00000CEE,
00000FCA,
00000FD8,
0000101A,
00001085,
000010A6,
000011EC,
000012E4,
000012E5,
00001347,
000013EB,
0000147B,
0000149F,
000018D6,
00001907,
000019C0,
000019DB,
00001ABA,
00001AE8,
00001B14,
00001B1C,
00001D81,
00001F31,
00001F52,
00001FED,
000020E3,
00000051,
00000475,
000007C8,
00000A9C,
00000D6F,
00000E36,
000010B2,
000010EC,
00001122,
0000122D,
00001410,
00001C61,
00001D83,
00001E16,
000020D3,
000020DF,
00000164,
0000034F,
00000475,
000009D6,
00000A8F,
00000C9A,
00000E36,
00000E60,
00000EC2,
00000FB7,
0000100C,
000010D5,
000010E9,
00001109,
000012DC,
00001369,
00001410,
000018AB,
000018BA,
00001B98,
00001D83,
00001E16,
00001F43,
000005F0,
0000064A,
00000830,
00000900,
000009BB,
00000BE4,
00000C99,
00000D29,
00000DF4,
00000DF7,
00000F9E,
00001126,
00001129,
0000113A,
00001752,
00001813,
00001C5D,
00001E1D,
00001E36,
00001E43,
00001F3F,
000003F5,
0000051E,
00000572,
00000803,
00000900,
00000904,
00000AD8,
00000B17,
00000D29,
00000D68,
00000DD9,
00000DF4,
00000DF7,
00000E39,
00000F9E,
0000104F,
0000112D,
0000113A,
000013CC,
00001530,
00001752,
00001813,
00001A5A,
00001AD6,
00001B3F,
00001B47,
00001BBB,
00001C06,
00001C4A,
00001C5D,
00001D08,
00001D4B,
00001E6C,
00001F93,
0000204C,
00002051,
0000214D,
0000007E,
00000355,
00000803,
000008EA,
00000904,
00000941,
0000099A,
000009A7,
000009AB,
00000C70,
00000D68,
00000DA0,
00000DD9,
00000F34,
00000F4C,
000012B7,
000012DB,
00001341,
000016BD,
000016EE,
00001A5A,
00001ABA,
00001AD6,
00001B1C,
00001B3F,
00001B47,
00001C06,
00001CA5,
00001CAD,
00001CD8,
00001D81,
00001F4F,
00001F83,
000020E6,
0000214D,
0000023A,
00000355,
00000380,
000003E5,
000004B0,
000005A9,
00000631,
000006F3,
000007B7,
00000861,
000008EA,
000009CE,
00000B56,
00000BB8,
00000C96,
00000FD7,
00001093,
00001172,
000012B7,
000012DB,
000012E4,
0000139C,
000013DC,
0000166D,
000016BD,
000016EE,
000017D1,
0000187F,
000018A8,
00001907,
0000194B,
00001963,
00001ABA,
00001B1C,
00001CD8,
00001D81,
00001E3D,
00001ECA,
0000200C,
0000211E,
000003C2,
000003E5,
00000529,
00000631,
0000078E,
00000924,
00001215,
0000139C,
00001512,
00001543,
0000187F,
000018A8,
00001930,
00001946,
0000194B,
00001A9F,
0000078E,
00001A9F,
00001C20,
00000158,
000004B9,
0000061E,
00000755,
000007DF,
0000080C,
00000A33,
00000B1A,
00001267,
00001321,
00001652,
00001654,
000018F8,
0000203B,
000004B9,
000007C8,
000007DF,
0000080C,
0000085E,
00000944,
00000B1A,
00000FC4,
000010F0,
0000110F,
00001195,
000011BD,
000011C9,
0000131E,
00001321,
00001540,
00001593,
000017B2,
000017E2,
000018F8,
00001C61,
00001D83,
00001E16,
00001F2E,
00001F4D,
00001F65,
000020D3,
000020DF,
000001E9,
00000944,
00000964,
00000987,
00000A8F,
00000F27,
0000100C,
000010D5,
000010F0,
00001109,
00001127,
000011C9,
0000122A,
0000124B,
0000131E,
00001540,
00001552,
00001593,
000017B2,
00001876,
00001A39,
00001A50,
00001BBD,
00001BC8,
00001C13,
00001D83,
00001E16,
00001E9C,
00001F4D,
00001F65,
000008A1,
00000D60,
00000DF4,
00000DF7,
00001126,
00001142,
000013DE,
00001A81,
00001C2B,
00001C7F,
00001D3C,
00001F23,
00001F5D,
0000008D,
000003F5,
0000041E,
0000051E,
00000572,
000005F9,
0000079B,
00000803,
000008A1,
000009AF,
00000AD8,
00000B17,
00000B94,
00000BA8,
00000D68,
00000DF4,
00000DF7,
00000E6E,
00001027,
00001088,
0000112D,
00001142,
000013C1,
000013DE,
00001889,
000018A2,
00001BBB,
00001C19,
00001C5C,
00001C63,
00001CCA,
00001ECC,
00001F23,
00001F5D,
0000204C,
0000030C,
00000355,
0000041E,
000005F9,
0000068E,
00000803,
00000839,
000008EA,
000009AF,
000009D8,
00000B94,
00000BA8,
00000C3B,
00000D68,
00000EAE,
00001341,
00001420,
000014DA,
000015DC,
00001CA5,
00001CCA,
00001E6F,
00001F83,
00001F89,
00001FB2,
00001FF7,
000020C5,
0000030C,
00000355,
00000616,
000007A7,
00000861,
000008EA,
0000091C,
000009CE,
00000AEB,
00000B81,
00000C3B,
00000EAE,
0000109A,
000010A2,
00001285,
000012B9,
00001420,
000018A8,
0000194B,
000019F5,
00001E6F,
00001ECA,
00001F90,
00001FD1,
00001FF7,
0000200C,
00002014,
000000C3,
00000386,
000003C2,
00000616,
000006D3,
0000078E,
000007A7,
00000924,
0000099C,
00000D41,
00001102,
00001251,
00001285,
000012A2,
000012A5,
00001543,
00001705,
00001717,
00001774,
000018A8,
00001930,
00001946,
0000194B,
000019EA,
00001A9F,
00001DAC,
00001E69,
00001E6D,
00001F90,
00001FD1,
000000C3,
000000F0,
0000029F,
00000339,
00000386,
0000040F,
0000059D,
00000718,
0000078E,
00000882,
000008B5,
0000099C,
00000C26,
00000C9B,
00000CC6,
00000D41,
00000E5B,
0000124F,
00001251,
00001258,
000012A2,
000012A5,
000013E8,
00001422,
000014C3,
000015D6,
000015F2,
00001A9F,
00001BDA,
00001BFB,
00001C20,
00001C74,
00001D64,
00001DAC,
00001DE1,
00001DE5,
00002107,
0000213C,
000000B0,
0000029F,
00000357,
0000059D,
00000882,
000008B5,
00000AB5,
00000C26,
00000E2D,
00000E31,
00000EAC,
00000FB0,
0000121B,
0000131A,
000013E8,
00001422,
00001609,
00001818,
000018D3,
00001944,
00001B01,
00001B09,
00001B44,
00001BFB,
00001D64,
00001D76,
00001DB6,
00001DE1,
00001E86,
00001EFF,
00001F0B,
00001F1E,
00001F22,
0000206F,
00000001,
000000B0,
0000010F,
00000158,
0000028C,
00000357,
0000049A,
000004B9,
0000061E,
00000755,
00000757,
00000A09,
00000A42,
00000B1A,
00000CA0,
00000D05,
00000D37,
00000D40,
00000E2D,
00000E31,
00000EAC,
00000EB1,
0000121B,
0000121D,
0000122B,
0000131A,
00001554,
0000158E,
000015B6,
00001944,
00001B7D,
00001CD0,
00001D34,
00001DB6,
00001DD3,
00001E86,
00001EFF,
00001F07,
00001F0B,
00001F2A,
00001F88,
0000203B,
0000049A,
000004B9,
000005D9,
00000637,
00000757,
0000085E,
00000A73,
00000B1A,
00000CA0,
00000EB1,
00000FC4,
000011BD,
000011E4,
0000121D,
0000122B,
0000144D,
00001466,
000014A2,
00001540,
00001554,
0000158E,
00001593,
000018C6,
00001CD0,
00001F65,
00001F6F,
00002140,
000005D9,
000011E4,
00001466,
00001540,
00001552,
00001593,
00001F65,
00001F6F,
0000041E,
000005F9,
0000079B,
00000FC5,
00001088,
0000116F,
000012B2,
000013C1,
00001937,
000019D4,
0000030C,
0000041E,
000005F9,
0000081B,
00000BB0,
00000F11,
00000FC5,
000012B2,
000014DA,
000015DC,
00001ABF,
00001FF7,
0000202B,
0000207E,
000020C5,
00000081,
0000030C,
0000036E,
000007A7,
0000081B,
00000822,
00000959,
00000AEB,
000010A2,
00001285,
00001768,
000019F5,
00001D70,
00001FF7,
0000207E,
000000C9,
0000024B,
0000037D,
000004F3,
000005EE,
000006D3,
000007A7,
00000822,
00000854,
000008FE,
00000959,
00000B95,
00000DF0,
00000ED9,
00001102,
00001164,
000011C6,
0000121A,
00001251,
00001285,
000013EF,
000013F2,
00001705,
00001716,
00001717,
00001768,
00001CB0,
00001D38,
00001DAC,
000000F0,
0000035D,
0000040F,
000004F3,
000008FE,
00000B39,
00000C75,
00000CBE,
00000E5B,
00000F62,
00001164,
000011C6,
0000120B,
0000121A,
00001251,
000012F9,
00001327,
000013E8,
00001422,
00001A67,
00001A89,
00001A95,
00001B73,
00001D38,
00001DAC,
0000213C,
0000214F,
00000207,
0000035D,
00000370,
000003FB,
00000802,
00000855,
0000086A,
00000BC3,
00000F62,
00000FB0,
00001179,
0000121B,
000012F9,
000013E8,
00001422,
00001445,
00001609,
000016AB,
00001944,
000019AE,
000019E4,
00001A67,
00001A95,
00001B6C,
00001DB6,
00001F11,
00001F1E,
0000206F,
000020E4,
00002156,
00000001,
00000068,
000003FB,
00000757,
00000802,
00000855,
00000C4E,
00000E47,
00001179,
0000121B,
000012A8,
000016B9,
0000178A,
00001944,
00001B7D,
00001CD0,
00001DB6,
00001F2A,
000020E4,
00000757,
00001CD0,
0000116F,
000019D4,
00001179,
00000C4E,
00001179,
000001A4,
0000021F,
00000613,
00000901,
00000B3A,
00000CB0,
00000FE5,
0000104C,
00001091,
000012A3,
000012FE,
00001772,
0000199D,
00001EB0,
0000005F,
000001A4,
0000021F,
0000045C,
00000630,
00000966,
00000B3A,
00000B50,
00000B82,
00000C01,
00000CB0,
00000FE5,
0000104C,
00001166,
000011B5,
000011E6,
00001375,
0000144B,
00001579,
00001581,
00001702,
00001721,
0000172F,
000017BB,
0000180A,
00001836,
0000185D,
000019FF,
00001A9C,
00001D40,
00001D73,
00001E03,
00000007,
0000002E,
00000157,
000002FA,
00000353,
00000613,
0000061F,
00000659,
0000065C,
0000067C,
000006E6,
000006FA,
0000080D,
00000829,
000008F5,
00000901,
00000A8C,
00000ABA,
00000AC7,
00000AE6,
00000C2C,
00000D77,
00001231,
000012A3,
0000150E,
00001558,
0000166E,
000016E8,
00001723,
0000199D,
00001A5D,
00001AD2,
00001C35,
00001EB0,
00001EB8,
00002060,
0000005F,
00000216,
000006BA,
00000A7D,
00000E99,
00000ED8,
000010B1,
00001113,
00001166,
00001294,
0000129C,
000012FF,
00001579,
00001690,
0000192C,
000019BD,
000019C6,
00001A00,
00001A4D,
00001B0F,
00001D73,
00001E02,
00001E03,
00001EEA,
00000007,
00000157,
000001FB,
0000057B,
00000670,
0000067D,
000006A0,
000006FA,
00000AE6,
00000B1C,
00000B2F,
00000C2C,
00000D32,
00000D3E,
00000E00,
00000F7B,
00000FD6,
00001049,
00001207,
00001231,
00001246,
00001253,
0000141B,
00001551,
0000188C,
00001934,
000019E5,
00001A5C,
00001B11,
00001BAE,
00001C35,
00001C3D,
00001C62,
00001CAA,
00002060,
000001FB,
00000221,
000003F2,
0000073F,
00000A7D,
00001049,
00001113,
000012BC,
000012FF,
00001338,
00001690,
000016F7,
0000192C,
000019E5,
00001BAE,
00001C62,
00001EEA,
00002084,
0000213E,
000004E2,
00000744,
00000A0D,
00000379,
000004E2,
00000500,
0000071B,
00000744,
00000A0D,
00000D09,
00000EEC,
00000F47,
000012EE,
00001618,
0000162A,
000018B7,
00001A94,
00001AA6,
00001BDD,
00001BDE,
00001CEB,
00000009,
00000012,
0000016B,
0000025A,
00000379,
000004E6,
0000056C,
00000655,
0000072B,
000008EF,
00000AF4,
00000CD8,
00000CED,
00000CFC,
00000D09,
00000D4B,
00000E15,
00000EBE,
000011FA,
00001236,
0000124A,
000012EE,
00001337,
00001348,
00001457,
000014B8,
000014B9,
0000156C,
00001618,
0000162A,
0000167E,
0000168C,
000018B7,
00001A05,
00001CEB,
00000039,
00000423,
00000578,
00000744,
00000A0D,
000016F2,
00000039,
000001C2,
00000379,
00000384,
000003FC,
00000423,
000004C9,
00000500,
00000578,
0000071B,
00000744,
00000937,
00000A0D,
00000A8A,
00000C25,
00000D09,
00000DC7,
00000DEE,
00000EEC,
00000F3F,
00001080,
00001095,
00001304,
00001376,
000013D5,
00001503,
000016F2,
00001767,
000017E5,
00001AB2,
00001AF0,
00001B51,
00001BDE,
00001C9B,
00001CEB,
00001EAA,
00001EDF,
000020FE,
000001C2,
00000366,
00000379,
00000384,
000003E9,
000003FC,
000004E6,
0000056C,
00000655,
000008EF,
000009A0,
00000C44,
00000D09,
00000D4B,
00000DC7,
00000DEE,
00000E52,
00000EBE,
00000F35,
00000F3F,
00001080,
00001095,
000011FA,
00001331,
00001457,
000014B8,
000014B9,
00001503,
0000152D,
00001568,
0000156C,
00001A05,
00001AB2,
00001AF0,
00001AF3,
00001C9B,
00001CDD,
00001CEB,
00001E26,
00001EAA,
00001EDF,
000020FE,
00000578,
000000AB,
000001F8,
00000351,
000003FC,
000004C9,
00000578,
000005C3,
00000707,
0000082A,
00000937,
00000ABE,
00000BA9,
00000C25,
00000C74,
00000CB7,
00000CC3,
00000DC7,
00000DEE,
00000E20,
00000EB6,
0000101C,
00001376,
000013A1,
0000153A,
0000153B,
0000162C,
000017E5,
00001A53,
00001C1D,
00001C9C,
00001DB5,
00001DF8,
00001EAA,
00001EBD,
00002100,
00002102,
000000AB,
000000E1,
00000202,
00000351,
000003FC,
000007CF,
00000C74,
00000CB7,
00000D66,
00000DC7,
00000DEE,
00000E77,
00000E96,
00000EB6,
00001331,
00001408,
0000153A,
00001568,
0000162C,
00001848,
00001A53,
00001AF3,
00001B52,
00001B89,
00001BD3,
00001CDD,
00001DB5,
00001DF8,
00001EAA,
00001EBD,
0000013E,
00000449,
00000ABB,
000014D7,
0000183A,
000000A9,
0000013E,
00000211,
000003EF,
00000449,
000005A0,
000006EE,
00000785,
00000807,
000009B9,
000009BE,
00000AB3,
00000ABB,
00000B38,
00000C88,
00000CDE,
00000E64,
00000F51,
00000F6C,
00000FB2,
0000101B,
00001043,
00001310,
00001322,
0000132C,
000014D7,
00001692,
0000174D,
00001788,
00001805,
0000183A,
0000183F,
0000190A,
000019AC,
00001A16,
00001E25,
00001E84,
00002083,
000020BD,
00000017,
00000161,
00000211,
0000028F,
000002DC,
0000041B,
00000428,
00000489,
0000048C,
0000057E,
0000064E,
000006DC,
00000845,
0000099E,
000009BE,
00000B38,
00000B42,
00000BED,
00000C28,
00000C7A,
00000D9A,
00000E83,
00000EBD,
00000ED3,
00000EFE,
00000F10,
00000F1F,
00000F44,
00000F68,
00001043,
000010D9,
00001277,
00001299,
000012AD,
000012AF,
0000132C,
0000133C,
000013A9,
0000144A,
0000147E,
0000148B,
00001692,
00001792,
0000179A,
0000183F,
00001859,
0000189D,
00001B20,
00001BE7,
00001E25,
00001E84,
00001EFB,
00001F46,
00002083,
000020BD,
00000189,
00000313,
00000489,
0000048B,
0000053E,
00000576,
00000589,
000006F0,
0000095B,
00000979,
00000997,
0000099E,
00000BBD,
00000BED,
00000C28,
00000C7B,
00000C92,
00000E3E,
00000EE3,
00000F37,
00000F68,
00000F6D,
00000F82,
000010D9,
00001100,
00001277,
0000144A,
0000145C,
000014D4,
00001686,
000016A8,
0000176C,
0000179D,
000017D4,
000017F7,
00001C32,
00001CCC,
000003DA,
0000053E,
0000063D,
00000766,
00000C37,
00000D11,
00000D81,
00000EE3,
00000F60,
0000145C,
00001696,
000016A8,
0000174B,
0000179D,
000017F7,
00001C32,
00001CCC,
00001D12,
00000364,
000003DA,
0000063D,
00000766,
000009D3,
00000C37,
00000D11,
00000D81,
00000DD0,
00000F60,
00001082,
0000145C,
00001696,
0000174B,
00000044,
000000D2,
000000E8,
00000364,
000003DA,
0000042E,
0000058F,
0000063D,
0000066A,
00000766,
000008AD,
000008E0,
000009CC,
000009D3,
00000A64,
00000C37,
00000CD5,
00000D11,
00000D61,
00000D69,
00000D81,
00000DD0,
00000EB7,
00000F60,
00000F9D,
00000FB6,
00001016,
00001082,
00001273,
00001696,
0000174B,
0000179C,
00001823,
00001A3D,
00001A88,
00001D6F,
00001D77,
00001DBA,
000000C6,
000000D2,
000000DA,
00000142,
000001B1,
0000027B,
0000029E,
00000349,
00000372,
000003EC,
0000042E,
00000464,
000005DB,
00000688,
00000815,
00000892,
000008CF,
000008F9,
00000A64,
00000BDD,
00000CD5,
00000D61,
00000D74,
00000EB7,
00000FB6,
00001273,
000015F0,
0000161D,
00001658,
0000168F,
000016B1,
0000179C,
00001823,
0000194F,
00001A3D,
00001A88,
00001B50,
00001D6F,
00001FA3,
00000023,
000000C6,
00000117,
00000142,
000002E3,
00000372,
00000415,
0000044E,
000005AC,
00000688,
000006BC,
000006BE,
0000076F,
00000797,
000008F9,
00000A15,
00000D74,
00001011,
00001050,
000013FE,
0000148A,
000014B1,
00001575,
00001658,
0000168F,
00001954,
0000196B,
00001A48,
00000496,
00000785,
0000190A,
00001959,
000019AC,
00001C0B,
00001E25,
00001E84,
00000017,
000000BF,
00000271,
000003B4,
000003C5,
000003D5,
00000496,
0000059E,
00000A78,
00000C9C,
00000D20,
00000D9A,
00000ED3,
00000EFC,
00000F29,
00000F44,
00001250,
0000126B,
000012AF,
00001360,
000013A9,
0000147E,
00001693,
000016DE,
00001710,
00001792,
000018EA,
00001959,
00001A57,
00001A77,
00001C0B,
00001D05,
00001D7B,
00001E25,
00001E84,
00001F15,
00001F56,
00001FEA,
000000BF,
000000DE,
000000E2,
0000023E,
00000293,
0000046F,
0000059E,
00000661,
00000741,
0000075B,
00000795,
000009C5,
000009DA,
00000C06,
00000C9C,
00000E2F,
00000E57,
00000F29,
000011AC,
000011E0,
00001250,
0000126B,
00001360,
000013A4,
000013F5,
00001486,
00001559,
00001560,
000016C2,
000016CA,
000016E5,
0000170E,
0000170F,
00001710,
00001773,
00001900,
0000197B,
00001A57,
00001C3A,
00001CA9,
00001CD4,
00001D8D,
00001F15,
00001FEA,
0000206C,
0000005B,
00000117,
00000342,
00000415,
00000470,
000004C1,
00000792,
00000797,
000009C6,
00000B35,
00000B8B,
00000D67,
00000F1C,
000014B1,
000016B6,
00001954,
0000196B,
00001A48,
000000B9,
00000342,
000003AD,
00000470,
000004C1,
0000063F,
00000792,
00000819,
000009FD,
00000A90,
00000B53,
00000B8B,
00000C94,
00000D67,
00000F1C,
0000108E,
000011F5,
000011F8,
000016B6,
00001747,
00001896,
00001C8C,
00001D52,
00001E5B,
00000204,
00000496,
00000683,
00000992,
00000B45,
00000C17,
00000CA1,
00000DEC,
00000EA2,
00001397,
00001959,
000019F0,
00001C0B,
00000041,
000000DB,
000001DC,
00000204,
00000271,
00000397,
000003D5,
00000496,
00000664,
00000691,
0000080F,
0000093B,
00000992,
000009EA,
00000C55,
00000DEC,
00000E84,
00000EA2,
00000F8E,
0000101F,
00001360,
00001397,
00001468,
00001959,
000019F0,
00001AFA,
00001B59,
00001BB5,
00001C0B,
00001C4B,
00001D05,
00001D2E,
00001D50,
00001F56,
00001FEA,
0000201E,
000000EA,
00000147,
00000174,
00000293,
00000397,
000003C0,
000004B6,
00000509,
0000050F,
00000661,
00000664,
000006CF,
000006F6,
00000795,
000007A0,
000007CB,
0000082B,
00000862,
000008B2,
000009CD,
000009D0,
00000C06,
00000C39,
00000CE5,
00000E57,
00000F3E,
000010A4,
00001360,
00001468,
000016CA,
00001849,
000018F6,
0000197B,
00001A82,
00001AFC,
00001B31,
00001B37,
00001BB5,
00001C4B,
00001CA9,
00001CD4,
00001D8D,
00001E7D,
00001E93,
00001E98,
00001FEA,
0000201E,
0000206C,
000000B9,
000000CD,
000001E4,
00000269,
00000374,
000003AD,
00000614,
0000063F,
0000094B,
00000A90,
00000C2F,
00000C43,
00000CF8,
00000D04,
00000D51,
00000D96,
0000108E,
0000122E,
00001242,
0000127D,
00001500,
0000164F,
000016D5,
00001728,
000017D3,
00001842,
0000185A,
00001896,
00001D52,
00001E5B,
00000032,
00000374,
00000527,
00000C43,
00000D96,
00000DC9,
0000127D,
00001500,
0000006A,
000005A3,
000006BD,
0000089F,
00000929,
00000AAE,
00000C20,
00001393,
00000193,
00000332,
000005A3,
0000060E,
00000674,
000006BF,
00000762,
0000076A,
0000089F,
000008B6,
00000929,
00000A58,
00000B55,
00000B72,
00000C20,
00000DDF,
00000EB4,
00000EFD,
00000FB1,
00001098,
000011E9,
00001393,
000014BF,
000015A5,
0000169D,
00001933,
00001B80,
00001BD4,
00001E8E,
00000332,
00000674,
00000683,
000006B6,
000008B6,
00000992,
00000A58,
00000B22,
00000C17,
00000EFD,
00000F09,
00000FB1,
00001145,
00001160,
000012BA,
00001397,
0000146B,
000017C4,
000019F0,
00001A59,
00001A68,
00001AD9,
00001BD4,
00001D37,
00001D5D,
00001DBB,
00001DC4,
00001E8E,
000000DB,
000001DC,
00000397,
00000469,
000005E5,
00000624,
00000664,
00000691,
00000992,
00000B80,
00000C55,
00000F09,
0000101F,
00001397,
0000146B,
00001626,
000019F0,
00001A06,
00001AFA,
00001AFD,
00001B42,
00001B8E,
00001BF3,
00001CFF,
00001D2E,
00001D50,
00001D5D,
00001DBB,
00001DC4,
00000083,
00000397,
0000050F,
000005E5,
00000600,
00000603,
00000639,
00000664,
000007A0,
000007CB,
000008B2,
000008E2,
00000A25,
00000A3C,
00000AA9,
00000B80,
00000CE5,
00000D02,
00000D33,
0000109C,
000010A4,
000016C0,
00001849,
000018F6,
000018FE,
00001AE7,
00001B31,
00001B42,
00001B8E,
000000CD,
000001E1,
00000350,
00000388,
00000402,
0000054B,
00000614,
00000C04,
00000C2F,
00000C43,
00000C9A,
00000CC5,
00000D51,
00000D85,
00000D96,
0000118E,
0000144F,
00001843,
0000185A,
00001957,
00001B98,
00001C59,
00000032,
000001E1,
00000350,
00000402,
0000052F,
00000BA0,
00000BAD,
00000C43,
00000D4C,
00000D85,
00000D96,
00000DC9,
00001814,
00001843,
00001957,
00001CD6,
000004A9,
00001563,
0000006A,
0000008F,
000003C9,
0000044D,
000004A9,
00000564,
000006BD,
000006F8,
000007E7,
0000081C,
0000089F,
00000948,
00000AAE,
00000C20,
00000E25,
00000F15,
00000F3A,
00000F76,
0000105E,
000011C1,
000011E3,
00001393,
00001563,
00001826,
00001883,
0000188A,
000018E1,
0000193C,
00001C8F,
00001D44,
0000008F,
000006A9,
0000076A,
0000089F,
00000948,
000009B6,
00000C20,
00000C99,
00000DDF,
00000E7F,
00000F15,
00000F3A,
00000F76,
00001393,
000015A5,
0000169D,
0000188A,
000018E1,
00001933,
0000193C,
00001B80,
00001BD4,
00001E43,
00001E78,
00001E8E,
00001ED4,
00000CB2,
00000F09,
00000F16,
00001160,
0000146B,
00001A59,
00001BD4,
00001D37,
00001D5D,
00001E8E,
00000469,
00000624,
00000B80,
00000CB2,
00000F09,
0000146B,
00001626,
00001967,
00001AFD,
00001BF3,
00001D5D,
00000B80,
0000003A,
00000164,
000001E1,
00000350,
0000054B,
000009D6,
00000A55,
00000A8F,
00000C9A,
00000D85,
00000DBB,
00000E60,
00000EC2,
00000F26,
00000FD9,
0000100C,
00001056,
00001173,
000013D7,
0000144F,
00001B98,
00001C59,
00000072,
000001E1,
00000350,
0000052F,
00000539,
0000074F,
00000894,
0000092B,
00000940,
00000A55,
00000CC2,
00000D85,
00000DBB,
00000F26,
00000FD9,
00001056,
00001173,
000013D7,
00001574,
00001755,
00001798,
0000180D,
00001814,
00001ADA,
00001B1A,
00001CD6,
000004A9,
00000A00,
00000E5F,
000011BA,
000014FC,
00001563,
00001C46,
0000044D,
000004A9,
0000050B,
0000075D,
000007E7,
00000817,
0000081C,
00000948,
00000A00,
00000AE3,
00000AFE,
00000E5F,
00000F3A,
0000105E,
000011BA,
000011C1,
000012EC,
000014FC,
00001532,
00001563,
000018E5,
00001C46,
00001D80,
00001DF3,
00001E19,
00000194,
0000064A,
00000830,
00000948,
000009BB,
00000C99,
00000DF7,
00000F3A,
00001126,
000011F7,
0000180E,
000018E5,
00001D80,
00001DF3,
00001E19,
00001E36,
00001E43,
00001E8D,
00001ED4,
00001F1C,
00000DF7,
00001F65,
00000890,
000008AB,
00000A81,
00000A8F,
00000AF0,
00000E41,
00000F27,
0000100C,
00001056,
00001173,
0000122A,
0000124B,
00001271,
000013D7,
000014D6,
00001552,
00001876,
00001992,
00001A50,
00001BBD,
00001F35,
00001F4C,
00001F65,
0000074F,
00000A81,
00000AF0,
00000FAA,
00001056,
00001173,
00001271,
000013D7,
000014D6,
00001574,
00001755,
000017A0,
00001ADA,
00001F35,
00001F4C,
00000FFD,
00000FFF,
000014FC,
00001C46,
00000105,
00000107,
0000050B,
00000D6E,
00000DA9,
00000FFD,
00000FFF,
00001174,
00001298,
000012EC,
000014FC,
00001532,
000018E5,
00001909,
00001A78,
00001B72,
00001B7A,
00001C46,
00001CB3,
00001D80,
00001DF3,
00000194,
00000D60,
00000DA9,
00000DF7,
00000E1F,
00001126,
00001142,
000011F7,
00001254,
000013DE,
000013EC,
00001431,
00001462,
00001590,
0000180E,
000018E5,
00001909,
00001A81,
00001B7A,
00001BA5,
00001C2B,
00001C7F,
00001CB3,
00001D3C,
00001D48,
00001D80,
00001DF3,
00001E8D,
00001E9B,
00001F5D,
0000079B,
00000DF7,
00001142,
00001254,
000013C1,
000013DE,
00001D48,
00001ECC,
00001F5D,
00000757,
00001554,
0000158E,
00001B7D,
00001CD0,
00001F2A,
000005D9,
00000757,
00000A73,
00000AB2,
000011E4,
000012AA,
00001466,
00001554,
0000158E,
00001CD0,
00001D22,
00001D53,
00001F65,
00001F6F,
00002049,
000020E5,
00002140,
000001D6,
000005D9,
0000085B,
00000890,
000008AB,
00000AF0,
00000DDE,
00000E41,
00000F7F,
00001124,
0000117D,
000011E4,
00001271,
000012AA,
00001466,
00001525,
00001552,
0000155F,
000019E2,
00001A64,
00001D22,
00001D53,
00001E1E,
00001F37,
00001F51,
00001F65,
00001F6F,
00001F80,
000020E5,
00002148,
0000085B,
00000AF0,
00001271,
00001525,
000019E2,
00001A64,
00000107,
00000D6E,
00000DA9,
00001174,
00001A78,
00001AF5,
00001B41,
00001B7A,
00001CB3,
00000AC5,
00000DA9,
00000E1F,
00001116,
00001254,
00001462,
000015A0,
0000186F,
000018EC,
00001AF5,
00001B41,
00001B7A,
00001CB3,
00001CBB,
00001CBE,
00001D48,
0000079B,
00000AC5,
00000FC5,
00001019,
000010D7,
00001116,
0000116F,
00001254,
000012B2,
000013C1,
0000159E,
000015A0,
000018EC,
00001937,
000019D4,
00001AD5,
00001CBB,
00001D48,
00001D8A,
000004CE,
000006DA,
0000081B,
00000A4C,
00000BB0,
00000BD6,
00000BDB,
00000C69,
00000EA5,
00000F11,
00000F30,
00000FC5,
00001019,
000010D7,
000011A8,
000012B2,
000013B7,
00001ABF,
00001AD5,
00001ADD,
00001B26,
00001B28,
00001D8A,
0000202B,
0000207E,
000020CC,
00002134,
00000053,
00000081,
000002E5,
0000036E,
000006DA,
0000081B,
000008BD,
00000959,
000009EC,
00000AAC,
00000D16,
00000E2B,
00000FDE,
000011A8,
000012F7,
00001349,
0000135D,
000016CF,
000016D2,
00001768,
00001D07,
00001D70,
00001DAB,
0000205A,
0000207E,
000020AD,
00002134,
00000261,
000002E5,
000004F3,
000005EE,
00000854,
000008BD,
000008FE,
00000959,
00000A0C,
00000B95,
00000C3C,
00000F38,
00000FDE,
00001111,
0000121A,
00001222,
000012F7,
000013EF,
000016CF,
000016D2,
00001768,
00001CB0,
00001DAB,
0000213B,
0000046B,
000004D0,
000004F3,
000008FE,
00000B39,
00000C3C,
00000C4C,
00000C75,
00000CBE,
00001111,
0000121A,
00001222,
00001A67,
00001A95,
00001F9E,
0000215F,
00000370,
0000046B,
000004D0,
00000A7A,
00000BC3,
00001179,
0000175D,
000019AE,
000019E4,
00001A67,
00001A95,
00001E2B,
00001F11,
00001F9E,
00002002,
0000202F,
000020E4,
0000215F,
0000025D,
00000757,
000007D6,
00000A11,
00000C4E,
00000E47,
00000FC3,
00001179,
000012A8,
000013CA,
00001414,
000016B3,
000016B9,
000016BC,
00001B7D,
00001CD0,
00001F2A,
00002002,
000020A0,
000020AF,
000020E4,
0000025D,
0000025F,
0000041A,
000006E5,
00000757,
000007D6,
000007F4,
000008BE,
00000A11,
00000AB2,
00000B0C,
00000B78,
00000E2C,
00000EB9,
00000FBB,
0000128F,
0000141D,
000016B3,
000016BC,
00001CD0,
00001D22,
00001D53,
00001DF6,
00001EA5,
00001FE3,
00002036,
00002049,
000020A0,
000020D0,
00000DDE,
00000E2C,
00000EB9,
00000F7F,
0000117D,
00001D22,
00001D53,
00001EA5,
00002036,
00002148,
00001116,
000015A0,
0000186F,
000018EC,
00001CBB,
000002F8,
00000711,
00000DFB,
000010AF,
000010D7,
000010F9,
00001116,
0000116F,
0000159E,
000015A0,
000018EC,
000019D4,
00001AD5,
00001CA6,
00001CBB,
00001D8A,
00001D92,
00001FE5,
0000050E,
000006DA,
00000A99,
00000BD6,
00000BDB,
00000C69,
00000DFB,
00000F30,
00000F5E,
000010D7,
000010F9,
000011A8,
0000121F,
000013B7,
0000147C,
0000173B,
00001AD5,
00001D8A,
00001D92,
00001E2D,
00001E52,
00002048,
000020CC,
00002134,
000002E5,
0000050E,
000006DA,
000009EC,
00000A99,
00000F5E,
000010D6,
000011A8,
0000121F,
000012F7,
00001320,
00001349,
0000135D,
0000163B,
00001D07,
00001DAB,
0000205A,
00002134,
000002E5,
00000C3C,
00000C5E,
00000F31,
00000F38,
00001111,
0000120A,
00001222,
000012F7,
00001DAB,
00002068,
000020BC,
0000213B,
00000347,
0000046B,
000004D0,
00000C2D,
00000C3C,
00000C4C,
00000C5E,
00000D1B,
00000F31,
00001111,
00001222,
000012ED,
0000167A,
00001985,
00001C8E,
00001D62,
00001D90,
00001F9E,
00002068,
000020BC,
0000215F,
00000414,
0000046B,
000004D0,
0000076E,
00000A7A,
00000DC4,
00000F1D,
00001179,
000011DB,
000012ED,
0000167A,
0000175D,
00001980,
000019F1,
00001E2B,
00001F9E,
00002002,
0000202F,
0000207F,
0000215F,
00000414,
0000062B,
00000721,
000007D6,
00000A62,
00000C4E,
00000D0A,
00000F1D,
00000FC3,
00001179,
000011DB,
00001414,
000014DD,
000016B3,
0000173F,
00001980,
000019F1,
00001F67,
00001FA0,
00001FA8,
00002002,
0000206E,
0000209F,
000020AF,
000020FC,
00002105,
0000041A,
00000721,
000007D6,
00000B78,
00000D0A,
00000EB9,
00000FBB,
0000128F,
000016B3,
0000173F,
000020FC,
00002105,
00000EB9,
00000115,
000001A4,
000001CF,
000004B8,
00000581,
000005B1,
00000667,
00000740,
00000A4B,
00000A89,
00000B3A,
00000FC2,
00000FCE,
00000FE5,
00001025,
00001026,
0000103B,
000010C4,
000012A3,
000012FE,
00001336,
00001384,
00001453,
000018DC,
000018FF,
00001C8A,
00001CF5,
00001EB0,
0000005F,
000000C0,
000001A4,
00000581,
0000086B,
000008B9,
000009AC,
00000A4B,
00000A89,
00000B3A,
00000CC8,
00000D27,
00000ECE,
00000FC2,
00000FE5,
00001166,
00001336,
00001375,
0000137D,
00001384,
000013CF,
000016B0,
000016C9,
00001702,
00001721,
0000172F,
00001778,
000017BB,
00001833,
00001836,
00001BBA,
00001C45,
00001D0C,
00001D40,
00001C31,
000020B4,
0000002E,
00000128,
00000186,
000002DA,
000002F3,
00000585,
000005B1,
0000061F,
00000659,
00000667,
0000067C,
000006FA,
000007A4,
00000836,
000008F5,
00000ABA,
00000ADF,
00000B7E,
00000BB1,
00000C2C,
00000D0F,
00000D89,
00000D98,
00000DEB,
00000E13,
00000E6C,
00000E7D,
00000EA1,
00000F32,
00001114,
0000113D,
000011A2,
000012A3,
000013AE,
00001453,
0000166E,
00001677,
000016BA,
00001723,
000018BF,
000018D5,
00001A28,
00001BC9,
00001CDC,
00001CF5,
00001EB0,
00001EB8,
00002060,
0000005F,
000001DF,
000002F3,
0000049E,
00000593,
000009AC,
00000CC8,
00000D89,
00000ED8,
000010B1,
00001166,
00001741,
0000192C,
00001BBA,
00001C45,
00001DA5,
00001E02,
00001EEA,
00002040,
0000207D,
0000021C,
00000395,
000004BF,
00000556,
00000A1A,
000011B0,
00001655,
00001978,
00001AF7,
00001BA3,
00001BCA,
00001C31,
000020B4,
0000021C,
000002F2,
000003FD,
0000047D,
000004BF,
00000556,
000006B0,
000006FF,
00000713,
00000931,
00000A1A,
00000B23,
00000B61,
00001200,
000012B1,
00001AF7,
00001BA3,
00001C1C,
00001C7E,
00001C86,
000000E5,
000003FD,
00000643,
00000682,
000006B0,
000006FF,
00000713,
0000071C,
00000837,
00000931,
00000B4A,
00000E9E,
00000EFF,
00001478,
00001640,
00001C7E,
00001C86,
00001CC1,
00001D1C,
000004BE,
00000837,
00000B4A,
00000FC0,
00001A6B,
00001CC1,
00001D1C,
00000186,
000001A0,
000001FB,
000002F3,
000006FA,
00000836,
00000B2F,
00000C2C,
00000D0F,
00000D89,
00000E00,
00000E6C,
00000E7D,
00000EA1,
00000FD6,
00001207,
000016BA,
0000176D,
000019E5,
00001B11,
00001CAA,
00002060,
000001DF,
000001FB,
00000221,
000002F3,
000003F2,
0000049E,
00000D89,
0000192C,
000019E5,
00001EEA,
00002040,
0000207D,
00002084,
00000877,
00001749,
0000012E,
0000021C,
00000243,
00000249,
0000029A,
0000075C,
00000877,
000011B0,
00001655,
000016DA,
00001736,
00001749,
0000178B,
00001975,
00001978,
00001AF7,
00001BA3,
00001C12,
000000F4,
0000012E,
0000021C,
00000241,
00000243,
00000249,
0000026D,
0000029A,
000002C7,
0000047D,
000004E2,
0000060A,
00000653,
00000713,
00000744,
00000958,
00000A0D,
00000A18,
00000A71,
00000B61,
00000C3F,
00000C76,
00000D3B,
00000DF2,
000011DD,
00001200,
00001264,
000013F4,
000016DA,
00001720,
000017DF,
000018AD,
00001AF7,
00001BA3,
00001C86,
00001C9F,
00001D01,
00001D4E,
00001D9E,
000000F4,
0000026D,
000002C1,
000002C7,
00000484,
000004E2,
0000052D,
00000643,
00000653,
0000065E,
00000713,
0000071C,
00000744,
00000837,
00000958,
000009A2,
00000A0D,
00000A18,
00000A71,
00000B4A,
00000C3F,
00000C76,
00000DF2,
00000EFF,
00000F47,
00001004,
00001035,
000011DD,
000012EE,
00001300,
00001618,
0000162A,
00001720,
0000186B,
00001A94,
00001AA6,
00001BDD,
00001C21,
00001C39,
00001C86,
00001C9F,
00001CC1,
00001CEB,
00001D01,
00001D4E,
00000035,
00000099,
000000F4,
0000025A,
0000026D,
000002C1,
000002C7,
000004BE,
0000052D,
000005BA,
00000653,
00000655,
0000065E,
0000072B,
00000837,
000008EF,
00000958,
000009B4,
000009EE,
00000B1F,
00000B4A,
00000CFC,
00000E15,
00000FBD,
00000FC0,
00001004,
00001161,
0000116A,
000012EE,
00001300,
00001337,
00001348,
0000134B,
00001359,
00001438,
0000156C,
00001618,
0000162A,
00001666,
0000167E,
00001732,
0000186B,
00001A6B,
00001C39,
00001CC1,
00001CEB,
00001D87,
00001F64,
00000249,
0000029A,
00000746,
0000075C,
00000B47,
00000CF5,
000014B5,
000014D8,
00001736,
0000178B,
00000039,
00000129,
0000017F,
000001F4,
00000249,
0000029A,
000003DE,
00000423,
00000578,
0000060A,
0000066B,
000006B2,
00000744,
00000746,
000007B5,
000007CC,
000008D2,
000008E6,
00000A0D,
00000B47,
00000BAB,
00000C3F,
00000C76,
00000CE6,
00000CF5,
00001264,
0000136F,
0000138B,
000014B5,
000014D8,
000014F0,
00001533,
00001694,
000016F2,
00001720,
00001D01,
00000039,
0000017D,
0000017F,
000003DE,
00000407,
00000423,
00000484,
000004C9,
00000578,
000005FC,
0000066B,
000006B2,
00000744,
000007B5,
000007CC,
000008E6,
0000091B,
00000A0D,
00000C25,
00000C3F,
00000C76,
00000D64,
00000D80,
00001035,
000010F7,
0000131C,
00001376,
0000141A,
0000146D,
000014F0,
00001533,
000016F2,
00001720,
00001AB2,
00001AF0,
00001C39,
00001C9B,
00001CEB,
00001D01,
00001D09,
00001D4F,
00001EAA,
00001EDF,
00001F79,
000020FE,
00000655,
000008EF,
0000156C,
00001AB2,
00001AF0,
00001C39,
00001C9B,
00001CEB,
00001EAA,
00001EDF,
000020FE,
0000017F,
000003DE,
00000578,
0000066B,
000006B2,
000007B5,
000007CC,
000000A3,
0000017F,
000001C5,
00000351,
00000376,
0000037E,
000003DE,
00000407,
000004C9,
00000578,
000005C3,
000005FC,
0000066B,
000006B2,
00000707,
00000798,
000007B5,
000007CC,
000008C7,
00000A54,
00000A69,
00000ABE,
00000AC2,
00000B43,
00000C25,
00000D80,
00001217,
00001230,
0000131C,
00001376,
000013A1,
0000141A,
0000146D,
00001506,
00001535,
0000160C,
0000162B,
00001A53,
00001B79,
00001C9C,
00001D4F,
00001DB5,
00001DF8,
00001EAA,
00001F3A,
00001F79,
00002100,
00002102,
00000351,
00001A53,
00001DB5,
00001DF8,
00001EAA,
00000177,
0000021A,
0000032E,
0000099B,
000009DC,
00000E75,
00000F99,
00000FD0,
00001547,
000017A2,
0000184B,
00000025,
00000114,
0000013E,
00000177,
0000017A,
00000213,
0000021A,
00000246,
0000026A,
0000032E,
00000436,
00000449,
00000465,
00000479,
000004CB,
0000062D,
000006B7,
00000730,
0000078A,
000007AE,
000007BC,
0000091D,
00000981,
00000993,
0000099B,
000009DC,
000009ED,
00000A0E,
00000A4F,
00000ABB,
00000AC4,
00000B07,
00000C00,
00000E44,
00000E75,
00000ED6,
00000EEA,
00000F99,
00000FD0,
00001039,
00001225,
00001263,
000014D7,
00001538,
00001547,
0000174F,
00001779,
0000177C,
000017A2,
000017C0,
0000183A,
00001840,
0000184B,
00001860,
00001884,
00001994,
00001A12,
00001AC9,
00001E3E,
00002138,
000000EF,
0000013E,
0000017A,
00000213,
0000039B,
00000449,
000005A0,
00000785,
00000807,
000009B9,
00000A0E,
00000ABB,
00000CDE,
00000D35,
00000E64,
00001043,
00001322,
000014D7,
00001556,
00001788,
000017C0,
00001805,
00001819,
0000183A,
0000183F,
00001860,
00001884,
0000190A,
000019AC,
00001AC9,
00001E25,
00001E84,
00002138,
00000060,
000000FE,
0000013F,
0000022B,
000002D5,
00000428,
00000489,
0000048C,
000005B4,
0000064E,
00000692,
00000B42,
00000BED,
00000D9A,
00000EBD,
00000F68,
00000F8F,
00001043,
00001406,
0000148B,
00001556,
000015CF,
00001819,
0000183F,
00001859,
00001E25,
00001E84,
00000031,
00000060,
000000FE,
0000013F,
0000022B,
00000313,
00000489,
0000053E,
000005B4,
00000628,
00000692,
00000BED,
00000C92,
00000F37,
00000F68,
00000F6D,
0000145C,
000015CF,
00001686,
00001782,
000017D4,
0000053E,
0000145C,
0000174B,
00001782,
00000DD0,
0000145C,
0000174B,
00001782,
000000E8,
000003F4,
00000417,
00000611,
00000BC2,
00000CBB,
00000D69,
00000DD0,
00000ED5,
00001036,
000011C5,
000015E6,
0000174B,
0000179C,
00001D6F,
0000004D,
000000C6,
000000DA,
00000302,
000003EC,
000003F4,
0000040A,
00000417,
000004A3,
000005DB,
00000611,
00000688,
000008F9,
00000A38,
00000BC2,
00000BCB,
00000BDD,
00000C56,
00000DB4,
00000ED5,
00000F98,
0000106E,
000011C5,
000015E6,
000016B1,
0000179C,
000018BB,
0000194F,
00001B50,
00001D6F,
000000BD,
000000C6,
00000151,
000001EB,
000002E3,
00000415,
000004A3,
000004E4,
000004EC,
0000050A,
000005AC,
000005BF,
00000688,
00000728,
00000797,
000007F2,
000008F9,
00000910,
00000923,
00000957,
00000963,
00000985,
000009C9,
000009F2,
000009FF,
00000B64,
00000BA5,
00000C47,
00000C50,
00000C89,
00000C8E,
00000DB4,
00000DC2,
00001011,
0000113E,
0000119E,
000011D2,
0000124D,
00001391,
000013FE,
00001460,
0000149A,
00001575,
00001578,
000015CB,
000000BD,
00000151,
000002B4,
000007F2,
000008B3,
000009F2,
000009FF,
00000BB4,
00000BC0,
00000CDF,
0000103F,
00001058,
00001136,
0000113E,
000013DB,
0000158D,
00001659,
000016D4,
00001911,
00001AAA,
000001AE,
000002FC,
00000699,
000008B3,
00000A6D,
00000BC0,
00000CDF,
00001352,
000016D4,
00001352,
00000101,
0000017A,
0000062D,
000009BF,
00000A0E,
00000B97,
00000BF3,
000013F9,
0000177C,
000017C0,
00000101,
0000017A,
000001A6,
000002F7,
0000032D,
0000039B,
00000496,
00000785,
0000087F,
00000920,
000009BF,
00000A0E,
00000B05,
00000B97,
00000BF3,
00000DBC,
00000F42,
00001021,
0000109E,
000011C2,
0000131B,
000013F9,
000015B8,
000016BF,
0000174A,
000017C0,
00001880,
000018CC,
0000190A,
00001959,
0000196E,
000019AC,
00001C0B,
00001C49,
00001CB5,
00001CCB,
00001DD4,
00001E25,
00001E84,
000002F7,
00000496,
00000A78,
00000D9A,
000015B8,
000018EA,
00001959,
00001C0B,
00001D05,
00001D7B,
00001E25,
00001E84,
000000BD,
00000151,
000001D3,
00000415,
00000558,
00000792,
00000797,
00000F1C,
0000113E,
00000084,
000000BD,
00000150,
00000151,
000001D3,
00000297,
00000558,
0000063F,
00000666,
000006B4,
00000792,
00000819,
000008B3,
0000091F,
000009FD,
00000BC0,
00000C94,
00000CBD,
00000DA1,
00000F1C,
00001058,
0000108E,
00001136,
0000113E,
000013DB,
000013FA,
00001742,
00001747,
00001911,
00001A9A,
00001AAA,
00001D5F,
00001F73,
0000212D,
00000150,
000001AE,
000001E7,
0000026B,
000002FC,
00000306,
000003C4,
00000699,
000006B4,
000007C7,
000007DE,
00000891,
000008B3,
0000091F,
00000A6D,
00000AC8,
00000BC0,
00000C7C,
00000D4D,
00000DF1,
0000115E,
00001352,
00001522,
00001825,
0000183B,
00001A9A,
00001AA2,
00001AA7,
00001B10,
00001CE0,
00001F41,
00001F73,
00001FA7,
00001FB9,
0000212D,
000001D2,
00000306,
000007CD,
00000891,
0000098C,
00000BC8,
00000C7C,
00000D4D,
00000DF1,
00001007,
00001352,
00001566,
000015FB,
0000183B,
00001FA7,
00000BCD,
000012E6,
00000356,
0000056A,
00000B0F,
00000B44,
00000BCD,
00000BD4,
00000C12,
00000CD3,
0000113B,
00001167,
000011A9,
000011AA,
00001268,
00001275,
0000129B,
000012E6,
000012FD,
00001678,
00001831,
000018D4,
000018E9,
00001A90,
0000001F,
00000204,
00000496,
0000061C,
00000683,
000006D6,
0000087F,
000009E5,
000009F8,
00000A02,
00000B05,
00000B0F,
00000B44,
00000B45,
00000C12,
00000C17,
00000CA1,
00000CAD,
00000CD3,
00000E9D,
00000F42,
0000109E,
000011A9,
00001268,
00001678,
00001880,
00001959,
000019AF,
000019B1,
000019CE,
00001A0C,
00001A6A,
00001C0B,
00001DD4,
00001E83,
00001E96,
00000204,
00000496,
00001959,
00001C0B,
00001D05,
00000150,
0000063F,
000006B4,
0000108E,
0000127D,
00001500,
00001742,
00001997,
000019C1,
00000032,
00000120,
0000014B,
00000150,
000001DD,
00000254,
00000306,
00000453,
00000455,
00000527,
000006B4,
000007C7,
00000BF4,
00000C7E,
00000CB9,
00000D5E,
00000DC9,
00000FCC,
00001112,
0000115E,
0000118D,
00001269,
0000127D,
000014E6,
00001500,
00001522,
0000156B,
00001687,
0000171B,
00001825,
0000183B,
000018F0,
00001997,
000019C1,
00001A54,
00001B10,
00001C87,
00001CAC,
00001CEA,
00001CF2,
00001D31,
00001D7D,
00001E13,
00001E40,
00001FA7,
00001FB9,
00001FBE,
000001D2,
000001DD,
00000209,
00000306,
0000078B,
00000867,
000008C0,
0000098C,
00000BC8,
00000CA9,
00000CBA,
00000ECD,
00000FCC,
00001007,
00001059,
000010D4,
000012A4,
00001307,
00001390,
00001476,
000014F3,
0000183B,
00001CEA,
00001CF2,
00001D31,
00001D7D,
00001E13,
00001EF0,
00001F2D,
00001F4E,
00001FA7,
00001FBE,
0000006A,
0000007A,
000002ED,
0000031C,
00000441,
00000442,
000005A3,
000006BD,
000006D0,
000006E9,
0000072E,
00000742,
0000089F,
000008B8,
00000929,
00000A03,
00000A13,
00000AAE,
00000B2C,
00000B6D,
00000B77,
00000BCD,
00000BE9,
00000CC7,
00000EF7,
00000F58,
00001177,
0000121C,
00001276,
0000128B,
000012D0,
000012D1,
000012E6,
00001442,
00001B2C,
00000193,
0000031C,
00000332,
00000356,
00000442,
000005A3,
0000060E,
000006BF,
0000089F,
000008B8,
00000929,
00000A5F,
00000B44,
00000B72,
00000BCD,
00000D42,
00000EB4,
00000EFD,
00000FB1,
00001098,
0000113B,
00001167,
000011E9,
00001268,
00001275,
000012E6,
000018E9,
00000332,
00000683,
000006B6,
000006D6,
00000A02,
00000B44,
00000C17,
00000EFD,
00000FB1,
00001268,
00000032,
00000088,
0000014B,
000001DD,
00000254,
00000276,
00000312,
000003A2,
0000052F,
00000605,
00000BA0,
00000BAD,
00000C5F,
00000D46,
00000DC9,
0000156B,
0000175B,
000018F0,
00001CAC,
00001CD6,
00001D31,
00001DEC,
00001E9F,
000001DD,
0000078B,
000012A4,
00001307,
00001390,
00001D31,
00001F4E,
0000008B,
000001B8,
000004A9,
000004C4,
0000051F,
00000B14,
00000B52,
00000F48,
00001175,
000011AD,
000011AF,
0000153F,
00001563,
0000191E,
00001A15,
00001A21,
00001A40,
00001A46,
00001A4E,
00001B82,
0000006A,
0000007A,
000001B8,
000003C9,
0000044D,
000004A9,
00000564,
000006BD,
000006D0,
000007E7,
0000081C,
0000089F,
00000A13,
00000AAE,
00000B14,
00000B52,
00000F58,
00001175,
00001177,
000011B1,
00001563,
00001826,
00001883,
000019C2,
000019ED,
00001A10,
00001A21,
00001A46,
00001A4E,
00001B2C,
00001B5B,
0000089F,
00001173,
00000072,
00000088,
00000276,
00000308,
0000052F,
00000539,
00000894,
0000092B,
00000940,
00000CC2,
00000D46,
00000F21,
0000115D,
00001173,
00001574,
00001755,
00001ADA,
00001CD6,
00001D3D,
00001DE4,
00001DEC,
00001E00,
00001E9F,
00001EF5,
00001F17,
00001F47,
00001F61,
00001F6E,
00002003,
000004A9,
000004C4,
00000615,
0000067F,
00000A00,
00000E5F,
000011AD,
000011AF,
000011BA,
000011DE,
000014FC,
00001563,
0000191E,
00001B82,
00001C18,
00001C46,
00002071,
0000207B,
0000044D,
000004A9,
000007E7,
0000081C,
00000A00,
00000E5F,
000011BA,
000014FC,
00001532,
00001563,
00001C46,
00000AF0,
00001173,
00001271,
000014D6,
00001F4C,
00000057,
000001FC,
00000308,
00000536,
00000577,
00000AF0,
00000D8D,
00000FAA,
0000115D,
00001173,
0000117F,
00001271,
000013C8,
00001489,
000014D6,
00001574,
0000170A,
00001755,
000017A0,
00001A93,
00001ADA,
00001B66,
00001BC3,
00001CDA,
00001CF1,
00001F47,
00001F4C,
00001F61,
00002003,
00000061,
000005CA,
0000094F,
00000D7E,
00000FE2,
00000FFD,
00000FFF,
000014FC,
000016EF,
000017B3,
000017B8,
00001863,
00001C18,
00001C3C,
00001C46,
00001C81,
00001DAD,
00002013,
00002071,
00000107,
00000CFB,
00000D6E,
00000DA9,
00000FE2,
00000FFD,
00000FFF,
00001174,
00001298,
000014FC,
00001532,
000017B8,
00001A78,
00001B7A,
00001C3C,
00001C46,
00001C81,
00001CB3,
00001DAD,
00000DA9,
00001B7A,
00001CB3,
00001D22,
0000085B,
00000913,
00000AF0,
00000DDE,
00000F7F,
00000FF4,
0000117D,
00001271,
000014C6,
00001525,
00001589,
0000163F,
000019E2,
00001A64,
00001D22,
00001FA1,
0000209B,
00002148,
00000057,
00000536,
00000648,
0000085B,
0000088F,
00000913,
00000AF0,
00000D8D,
00000FF4,
00001271,
000014C6,
00001525,
000016FD,
000019E2,
00001A64,
00001B66,
00001CDA,
00001CF1,
00001D7C,
00001DD7,
00001FA1,
0000209B,
00000304,
0000063A,
00000825,
00000AA6,
00000D73,
0000140F,
000014EF,
000017B3,
000017B8,
00001AC0,
00001ADE,
00001C81,
00001DAD,
00000107,
000002AC,
00000304,
0000036D,
00000403,
000004EE,
000004F7,
0000063A,
0000066C,
000006C1,
00000801,
0000086F,
000008EE,
000009B0,
000009CF,
00000A1B,
00000A3A,
00000ADC,
00000B30,
00000CFB,
00000D6E,
00000D73,
00000DA9,
00001171,
00001174,
00001280,
000012E2,
000013FD,
0000140F,
0000142F,
000017B8,
0000180B,
00001A0E,
00001A22,
00001A78,
00001A8E,
00001AC0,
00001ADE,
00001AF5,
00001B41,
00001B7A,
00001B9D,
00001BAC,
00001BC2,
00001C81,
00001CB3,
00001DAD,
00001ED5,
0000069B,
000006E2,
0000086F,
000008EE,
00000DA9,
00001116,
00001280,
000015A0,
000016C8,
0000186F,
000018EC,
00001AF5,
00001B41,
00001B7A,
00001CB3,
00001ED5,
00001116,
000015A0,
000018EC,
000002E5,
000009EC,
000012F7,
00001349,
0000205A,
000002E5,
000012F7,
00000B78,
00000DBA,
00000DCB,
00000E2C,
00000EB9,
00000FBB,
00001156,
0000128F,
00001D22,
00001EA5,
00002036,
0000062A,
000008D5,
00000913,
00000CD0,
00000DBA,
00000DCB,
00000DDE,
00000E2C,
00000EB9,
00000F7F,
00000FF4,
00001156,
0000117D,
0000119B,
000013A7,
000013E4,
00001589,
0000163F,
00001A79,
00001CCD,
00001CE8,
00001D22,
00001D5B,
00001D5C,
00001EA5,
00002036,
00002148,
00000648,
00000913,
00000FF4,
00001A79,
0000014A,
00000754,
00000825,
00000ACE,
00000DC5,
00001128,
0000138F,
000014EF,
0000150A,
0000171C,
00001769,
00001793,
00001943,
00001A1A,
00001AC0,
00001ADC,
00001ADE,
00001AE9,
00001C01,
0000014A,
000003E0,
000004E3,
0000055D,
0000086F,
000008FB,
0000091E,
00000A1B,
00000ABF,
00000ADC,
00000B1E,
00001040,
00001128,
000011D4,
000011F4,
0000133F,
0000135B,
0000136D,
0000138F,
000017C9,
00001A1A,
00001A22,
00001A8E,
00001AC0,
00001ADC,
00001ADE,
00001AE9,
00001B9D,
00001BBC,
00001C01,
00001E77,
00001EC0,
00001ED5,
00001EE2,
00001EE9,
00001FC9,
0000002A,
0000069B,
000006E2,
0000086F,
000008FB,
000009F9,
00000B2E,
00001116,
000011D4,
0000130D,
0000133F,
0000136D,
00001444,
00001490,
000015A0,
000016C8,
000017C9,
000017CF,
0000186F,
000018EC,
000019B3,
00001E48,
00001ECB,
00001ED5,
00001EE2,
00001F16,
00001FC9,
00001FF4,
00001FFE,
0000002A,
000002F8,
00000711,
0000072D,
000009F9,
00000AE2,
00000AEF,
00000CCD,
00000DFB,
00000EE0,
00000EEF,
000010F9,
00001116,
0000130D,
00001389,
0000139A,
0000158F,
000015A0,
000018EC,
000019B3,
00001BFC,
00001C2A,
00001C64,
00001CA6,
00001CEE,
00001E48,
00001EC3,
00001ECB,
00001F16,
00001FE5,
000020B7,
00000260,
000004EB,
0000050E,
0000072D,
00000A99,
00000B31,
00000DFB,
00000E7A,
000010F9,
0000147C,
0000158F,
00001C2A,
00001C2F,
00001C60,
00001C64,
00001CEE,
00001E07,
00001E2D,
00001E35,
00001E50,
00001E52,
000002E5,
0000050E,
0000059C,
000005D1,
00000833,
000009EC,
00000A99,
00000BFF,
00000E7A,
0000107C,
000010AE,
000010D6,
000012F7,
00001320,
00001349,
000015E8,
0000163B,
00001673,
00001ACC,
00001BCB,
00001C92,
00001D42,
00001E07,
00001E35,
00001E50,
00001F6D,
0000205A,
000002E5,
0000039F,
00000C5E,
00000D15,
00000EAA,
00000F31,
00000F86,
00001017,
0000120A,
000012F7,
000015E8,
00001673,
0000167C,
00001681,
00001A8B,
00001BCB,
00001C96,
00001D42,
00001DCC,
00002068,
000020BC,
000001AC,
00000347,
0000039F,
000004E1,
00000587,
000009C1,
00000C5E,
00000D15,
00000D1B,
00000E5A,
00000EAA,
00000F31,
000012ED,
0000134F,
000013F8,
0000140B,
0000167A,
00001681,
00001743,
00001985,
000019DD,
00001A26,
00001A8B,
00001C8E,
00001D90,
00001DD2,
00001E34,
00002068,
000020BC,
0000012B,
00000300,
00000587,
0000076E,
000009A6,
00000C79,
00000DC4,
00000F4D,
000012ED,
000013AC,
0000167A,
00001743,
00001980,
000019F1,
00001DD2,
00001E34,
00001E47,
00002019,
0000207F,
0000012B,
000001BE,
00000360,
0000058A,
0000062B,
00000703,
000007EC,
000009A6,
00000A01,
00000D0A,
00000F4D,
00001624,
0000173F,
00001980,
000019F1,
00001ACD,
00001E47,
00001FA8,
00001FE9,
0000206E,
0000209F,
000020FC,
00002105,
000001BE,
0000020C,
00000360,
00000949,
00000B78,
00000D0A,
00000DBA,
00000DCB,
00000EB9,
00000FBB,
00001156,
0000128F,
000015DD,
00001624,
0000173F,
0000181F,
00001ACD,
00002093,
000020FC,
00002105,
0000020C,
00000CD0,
00000DBA,
00000DCB,
00000EB9,
00001156,
000013A7,
000015DD,
00001CE8,
00001D5B,
00000754,
000008FF,
00000A0A,
00000A4E,
00000BDE,
00000EED,
0000111D,
00001128,
0000148C,
00001657,
00001769,
00001943,
00001AE9,
00001C10,
00001D3B,
000001E5,
000003AA,
0000091E,
00000A0A,
00000A4E,
00000EED,
00001062,
000010B7,
0000111D,
00001128,
000011D4,
0000135B,
0000148C,
000014A1,
00001536,
000017C9,
00001A8F,
00001AE9,
00001BBC,
00001C10,
00001C54,
00001C88,
00001CA3,
00001D3B,
00001E37,
00001E65,
00001E8B,
00001EE2,
0000002A,
000001D0,
000001E5,
00000870,
0000098D,
000009F9,
00000B2E,
00000E19,
00000F2B,
000010B7,
000011D4,
00001261,
0000126E,
00001444,
00001582,
000017C9,
000017CF,
0000181D,
000019B3,
00001A8F,
00001B68,
00001B8F,
00001CA3,
00001E48,
00001E6B,
00001E8C,
00001EE2,
00001F16,
0000002A,
0000016C,
000001D0,
000002D0,
00000673,
0000072D,
000009F9,
00000AE2,
00000AEF,
00000BE5,
00000C2E,
00000CCD,
00000E0A,
00000E29,
00000E65,
00001261,
0000126E,
000012A9,
00001389,
0000158F,
00001764,
000017AF,
000018BD,
000019B3,
00001A42,
00001B68,
00001B8F,
00001BA6,
00001BFC,
00001C50,
00001D6A,
00001DB3,
00001E48,
00001E6B,
00001E8C,
00001F16,
00001F7B,
000020B7,
0000016C,
00000260,
000004EB,
0000072D,
00000B31,
00000E7A,
0000158F,
00001BA6,
00000E7A,
000013F8,
00001743,
00001A26,
00001E34,
00000300,
000009A6,
00000C79,
00001743,
00001E34,
00001E47,
00000360,
0000058A,
00000703,
000009A6,
00000A01,
00001624,
00001ACD,
00001E47,
00000360,
00001624,
00001ACD,
000008FF,
00000A0A,
00000A4E,
000016AD,
000016B8,
000016CC,
00001D3B,
000001B0,
000001E5,
000002A4,
000002D1,
00000581,
00000667,
00000740,
000008B1,
00000A0A,
00000A2B,
00000A4E,
00000BFA,
00000E24,
00000F43,
00000F7D,
00000FCE,
00001336,
000014A1,
00001536,
00001588,
00001641,
000016A5,
000016AD,
000016AE,
000016B8,
000016CC,
000016EA,
0000183C,
000018A0,
000018DC,
000018F3,
000018FF,
00001A8F,
00001ACA,
00001C88,
00001C8A,
00001CE5,
00001CF5,
00001D3B,
00001E37,
00001E8B,
00001FDF,
00001FF6,
00000076,
000000B8,
000000C0,
000001E5,
0000023D,
000003FA,
00000581,
0000064F,
0000086B,
000008B9,
0000098D,
000009A4,
000009AC,
00000A2B,
00000B32,
00000BC1,
00000CC8,
00000D27,
00000D2B,
00000DB8,
00000DE5,
00000E24,
00000ECE,
00000EE7,
00001106,
00001261,
0000126E,
00001316,
00001336,
0000133A,
00001433,
00001577,
00001582,
000015EC,
00001709,
00001778,
00001817,
0000181D,
00001833,
0000187C,
0000192B,
00001961,
00001A62,
00001A8F,
00001AA8,
00001AA9,
00001B68,
00001BBA,
00001BF7,
00001C45,
00001D0C,
00001E6B,
00001E8C,
0000207A,
00002085,
00000095,
00000138,
0000023C,
0000023D,
000002C8,
00000382,
00000629,
000006ED,
00000AA4,
00000B32,
00000E37,
00000E5E,
00000E65,
00000F72,
00000FF9,
00001034,
00001106,
0000116E,
000011B3,
00001261,
0000126E,
000012B6,
000012D3,
00001421,
00001437,
000015BD,
00001764,
00001817,
00001961,
00001A42,
00001B00,
00001B2F,
00001B68,
00001BF7,
00001DB3,
00001E23,
00001E6B,
00001E8C,
0000207A,
0000215D,
00002168,
00000138,
00000143,
000004EF,
0000088A,
00000FF9,
000012B6,
000012D3,
00001437,
000015BD,
000017EC,
00001C31,
000020B4,
00000143,
000004EF,
0000088A,
000017EC,
000016CC,
0000000E,
00000037,
00000078,
00000186,
000001B0,
000002F3,
00000667,
00000753,
00000879,
000008B1,
000008F4,
000009E1,
00000B7E,
00000BB1,
00000CBC,
00000D03,
00000D0F,
00000D89,
00000E13,
00000E6C,
00000E7D,
00000F32,
00000F43,
00001015,
0000101D,
000010EA,
000010FD,
0000114B,
000011F6,
0000146E,
000014AF,
000016BA,
000016CC,
000016EA,
00001898,
000018B1,
000018BF,
000018D0,
000018D5,
00001A28,
00001ACA,
00001B4C,
00001CDC,
00001CF5,
00001F40,
00001F76,
00001FDF,
00002042,
0000212A,
0000006C,
000001DF,
000002F3,
00000476,
0000049E,
00000593,
00000879,
000009AC,
00000C6E,
00000CC8,
00000D89,
00000EE7,
000010FD,
00001433,
0000146E,
00001527,
000015EC,
00001741,
00001854,
000018D0,
00001A62,
00001AA9,
00001BBA,
00001C45,
00001DA5,
00001EC2,
00002040,
00002078,
0000207A,
0000207D,
0000214B,
00000095,
00000138,
000001BD,
000003BE,
00000752,
00000D9C,
00000E37,
00000E5E,
00000EC7,
00000F72,
00000FF9,
00001034,
000012D3,
00001421,
00001437,
00001596,
00001839,
00001AE5,
00001B00,
00001CFC,
00001D0F,
00001D1B,
00001D20,
00001E23,
0000207A,
00000138,
00000143,
00000395,
000003BE,
000004EF,
00000556,
0000088A,
00000A1A,
00000EC7,
00000FF9,
000011B0,
000012D3,
00001437,
00001655,
000017EC,
00001839,
00001AE5,
00001BCA,
00001C31,
00001C68,
00001CFC,
00001D1B,
000020B4,
00000143,
000002F2,
000003FD,
00000430,
0000049B,
000004AC,
000004C5,
000004EF,
00000556,
000005AD,
00000649,
000006B0,
000007E5,
000007F7,
0000088A,
00000931,
0000096F,
00000A1A,
00000A70,
00000C62,
00000E11,
00000E7B,
00001121,
000015AE,
0000162E,
000016EB,
000017EC,
00001B16,
00001B3C,
00001BC0,
00001C1C,
00001C68,
00001D17,
000000E5,
000003FD,
00000430,
000004AC,
00000649,
00000682,
000006B0,
00000931,
00000AC3,
00000AF1,
00000B4A,
00000D87,
00000E11,
00000E7B,
00000E9E,
00001105,
00001282,
000015F4,
00001606,
0000162E,
00001635,
00001640,
000016EB,
000017CA,
000017E7,
00001A98,
00001AA4,
00001B16,
00001B3C,
00001B93,
00001B9B,
00001BB7,
00001D17,
00001D1C,
000004BE,
00000B4A,
00001606,
00001BB7,
00001D1C,
00000186,
000002F3,
00000D0F,
00000D89,
00000E6C,
00000E7D,
000016BA,
000001DF,
000002F3,
0000049E,
00000D89,
00002040,
0000207D,
000001BD,
000003BE,
00000512,
00000877,
00000899,
00000D9C,
000011EB,
00001340,
00001749,
00001777,
000017E0,
000017F2,
00001AE5,
00001B5C,
000001A1,
00000244,
00000270,
000003BE,
000003C7,
00000513,
000005DA,
00000749,
0000075C,
00000877,
00000A37,
000010AC,
0000110A,
00001165,
000011B0,
000011EB,
00001340,
00001655,
00001736,
00001749,
00001777,
0000178B,
000017E0,
000017F2,
000018C9,
000018CE,
00001AE5,
00001C12,
000000D3,
000000E9,
000000F4,
000000F8,
0000026D,
00000279,
000002C7,
000003C7,
0000059F,
000005AD,
000005DA,
00000653,
00000936,
0000093A,
00000958,
00000A70,
00000B9B,
00000C3F,
00000C62,
00000C76,
00000DF2,
00000E7B,
000010AC,
00001165,
000011CB,
000011FC,
00001720,
000018A5,
000018C9,
000018CE,
0000191C,
00001B16,
00001D01,
000000E9,
000000F4,
0000026D,
000002C1,
000002C7,
00000468,
0000052D,
00000653,
00000958,
00000B4A,
00000C3F,
00000C76,
00000DF2,
00000E7B,
00001004,
00001105,
0000112E,
000011FC,
00001265,
00001282,
00001606,
00001720,
00001A98,
00001B16,
00001B9B,
00001BB7,
00001C53,
00001D01,
000000F4,
0000026D,
000002C1,
000002C7,
00000468,
000004BE,
0000052D,
00000653,
00000958,
00000B4A,
00001004,
00001161,
0000116A,
00001605,
00001606,
00001BB7,
00001C53,
00000270,
000004B1,
00000513,
000005DA,
00000746,
00000749,
0000075C,
00000A37,
00000B47,
000010AC,
0000110A,
00001165,
000014B5,
000014D8,
000014E7,
00001736,
00001759,
0000178B,
000000E9,
00000166,
000001F4,
000004B1,
000005DA,
0000066B,
000006B2,
0000073E,
00000746,
000007AD,
000007CC,
000008AF,
000008CB,
000008FA,
00000975,
00000A1E,
00000B47,
00000B9B,
00000C3F,
00000C76,
00000DD4,
00000EB0,
00000EBC,
00000F0A,
00001063,
000010AC,
00001165,
0000136F,
0000138B,
000013D9,
00001480,
000014B5,
000014D8,
000014E7,
000014FA,
000015AB,
00001720,
00001725,
00001731,
00001748,
00001757,
00001759,
00001924,
00001958,
00001965,
00001D01,
00001DA2,
00001DFE,
000000E9,
00000407,
000005FC,
0000066B,
000006B2,
0000073E,
000007AD,
000007CC,
0000091B,
00000C3F,
00000C76,
00000E8E,
00000EB0,
00000F0A,
00000F49,
00000FBF,
00001063,
000015C8,
00001720,
00001958,
00001965,
00001D01,
00001D09,
0000066B,
000006B2,
000007AD,
000007CC,
0000037E,
00000407,
000005FC,
0000066B,
000006B2,
000007AD,
000007CC,
00000F49,
000015C8,
0000162B,
000000A7,
0000015E,
00000177,
00000210,
0000021A,
0000032E,
000004BD,
000004ED,
00000599,
000005A4,
000005C6,
000006E8,
000007FB,
0000082E,
000008F2,
000008FC,
00000915,
0000099B,
000009DC,
00000A74,
00000AC9,
00000B86,
00000BC9,
00000C07,
00000C90,
00000CCB,
00000DA2,
00000DDC,
00000E3B,
00000E75,
00000F99,
00000FD0,
000010BC,
00001191,
00001328,
00001547,
0000168D,
000016A9,
000016AA,
000016B7,
000017A2,
0000184B,
00001886,
00001B3D,
00001F4A,
000020EB,
000000A7,
00000106,
00000177,
0000021A,
00000246,
000002E2,
0000032E,
0000044B,
000004BD,
000005C6,
0000062D,
00000652,
000006E8,
0000082E,
0000091D,
0000099B,
000009DC,
00000A74,
00000AC4,
00000AC9,
00000ADB,
00000B07,
00000CCB,
00000E75,
00000F99,
00000FD0,
000010BC,
000010F8,
00001191,
00001538,
00001547,
000015EF,
00001643,
000016CE,
00001779,
0000177C,
000017A2,
0000184B,
00001860,
00001AC9,
00001B3D,
00001F4A,
000000EF,
00000C6C,
00000D35,
0000106B,
00001556,
00001819,
00001860,
000018DA,
00001A8C,
00001AC9,
00000082,
0000022B,
0000052E,
00000C6C,
00000DC0,
00000DED,
0000106B,
000011A1,
00001556,
000015CF,
00001819,
00001A8C,
00000031,
00000082,
000000DC,
00000179,
000001AD,
00000222,
0000022B,
0000026E,
0000031B,
00000323,
00000458,
000004A6,
0000052E,
000009F4,
00000CF7,
00000F37,
00000F6D,
000010F1,
0000145C,
000015C1,
000015CF,
00001760,
00001782,
00000179,
00000CF7,
000010C5,
0000145C,
00001496,
000015C1,
0000174B,
00001760,
00001782,
00000CF7,
00000DD0,
000010C5,
0000145C,
00001496,
000015C1,
0000174B,
00001782,
000000E8,
0000011C,
00000180,
0000026C,
000002F1,
00000385,
00000417,
00000526,
00000547,
00000611,
000007DD,
0000089A,
00000BC2,
00000C8A,
00000CBB,
00000DD0,
00000EB3,
00000ED5,
00000F94,
00000FE8,
00001033,
00001036,
000010C5,
000011DA,
00001496,
0000152C,
000015E6,
000015F7,
00001621,
0000174B,
000017E1,
000018D7,
0000004D,
00000062,
000000EB,
00000118,
0000021D,
0000026C,
000002EF,
00000365,
00000381,
0000039C,
0000040A,
00000417,
00000420,
0000047F,
00000481,
00000487,
000004A3,
000005E8,
000005F6,
00000611,
00000620,
00000634,
0000066E,
000007EA,
00000A23,
00000A51,
00000BC2,
00000C6D,
00000C7F,
00000C8A,
00000DB4,
00000ED5,
00000F94,
00000F98,
00001020,
00001033,
0000106E,
000015E6,
00001621,
00001815,
000018BB,
000018D7,
00001913,
000019A9,
00001A76,
00001E9E,
00001EAC,
00000027,
0000009E,
000000BB,
000000F9,
00000169,
0000021D,
00000264,
000002EF,
00000322,
00000420,
00000481,
000004A3,
000004EC,
0000050A,
000005C8,
000005E8,
000005F6,
00000642,
00000728,
0000083C,
000008BB,
000008ED,
00000923,
00000957,
000009F2,
000009FF,
00000A94,
00000AED,
00000BA5,
00000BFE,
00000C89,
00000C8E,
00000D30,
00000D57,
00000D83,
00000DA6,
00000DB4,
00000DC2,
00001578,
000015A9,
0000162D,
00001815,
000018F7,
00001913,
00001949,
00001A76,
0000206A,
00002164,
000000F1,
000000F9,
000002B4,
00000322,
000006DE,
0000070A,
000009F2,
000009FF,
00000A28,
00000A94,
00000AED,
00000CDF,
00000D30,
00000D57,
00000D83,
00000DA6,
00000F75,
00001123,
00001550,
0000158D,
00001659,
000016D4,
00000013,
000000F1,
00000125,
000001AE,
000002FC,
000005D4,
00000687,
00000699,
000006DE,
0000070A,
000007F0,
0000089B,
00000A28,
00000A6D,
00000CB6,
00000CDF,
00000F75,
00001032,
00001071,
00001123,
00001352,
000016D4,
00000125,
00000687,
000007F0,
00000CB6,
00001233,
00001352,
00000106,
000001BB,
000002E2,
000003DD,
0000044B,
0000055A,
0000062D,
000006D4,
00000851,
000008B0,
000008DA,
00000918,
00000927,
0000094D,
00000B89,
00000B97,
00000BF3,
00000E1D,
000010F8,
00001216,
000013BC,
000013F9,
000015EF,
000016C6,
000016CE,
0000177C,
0000000C,
0000009F,
000001A6,
0000032D,
000003DD,
0000055A,
00000658,
0000072A,
00000787,
00000851,
0000087F,
00000918,
00000920,
00000B89,
00000B97,
00000BF3,
00000E1D,
00000FAB,
00001086,
00001216,
00001361,
000013BC,
000013F9,
00001880,
000019F2,
00001AE4,
00001D63,
00001FD3,
00001FF2,
00000125,
000001AE,
000002FC,
00000687,
00000699,
000007F0,
00000891,
00000A6D,
00000CB6,
00001352,
00000125,
00000294,
000003F1,
00000632,
00000687,
00000751,
000007CD,
000007D5,
000007F0,
00000891,
00000893,
00000977,
0000098C,
000009C4,
00000BC8,
00000CB6,
00000CE0,
00000DB9,
00000F66,
00000FE7,
00001092,
00001233,
00001352,
00001428,
00001566,
000015FB,
00001BCE,
000000C4,
000007D5,
00001428,
00001BCE,
000003E2,
00000503,
00000BCD,
00000C60,
00000C84,
00000DC3,
000012E6,
000014F1,
0000195F,
00001B56,
000003E2,
00000503,
0000098E,
00000BCC,
00000BCD,
00000BD4,
00000BE8,
00000C12,
00000DC3,
00000F80,
00000FFB,
00001167,
000011A9,
000011AA,
000012E6,
000012FD,
000014F1,
00001831,
00001837,
000018D4,
00001A90,
0000000C,
0000009F,
0000035F,
0000045D,
0000087F,
0000098E,
00000BCC,
00000BE8,
00000C12,
00000CAD,
000011A9,
0000125B,
000013D0,
00001610,
0000161E,
00001829,
00001880,
00001891,
000018B4,
000019B1,
000019CE,
00001A6A,
00001A8D,
00001AE4,
00001D63,
00001E83,
00001FD3,
00001FF2,
0000204D,
000001DD,
00000254,
00000D5E,
0000156B,
00001687,
00001C70,
00001CF2,
00001D31,
000001DD,
000003D4,
0000078B,
000007D5,
00000867,
0000098C,
00000A14,
00000BC8,
00000CA9,
00000CBA,
00000ECD,
00000FE7,
00001092,
000012A4,
00001307,
00001390,
00001428,
00001476,
000014F3,
0000184F,
000019F3,
00001B45,
00001BCE,
00001CF2,
00001D31,
00001EF0,
00001F4E,
00002131,
000000C4,
000003D4,
000007D5,
00000A27,
00000CD2,
00000CF1,
0000124E,
00001428,
0000145A,
0000150B,
0000184F,
000019F3,
00001B45,
00001BCE,
00002131,
0000014C,
0000070D,
00000B71,
00000CA6,
00000D7D,
00000EEE,
00000F9A,
0000111A,
0000117B,
00001917,
00001D88,
0000017E,
0000019A,
000003C1,
000003E2,
00000433,
00000441,
00000503,
0000068D,
000006D0,
000006F1,
000006F4,
0000070D,
00000B25,
00000B71,
00000BCD,
00000C60,
00000C84,
00000CC7,
00000CDA,
00000EBF,
00000F9A,
0000111A,
0000117B,
000011F0,
0000121C,
00001276,
0000128B,
000012D0,
000012E6,
00001917,
0000195F,
00001B2C,
00001B56,
00001D88,
000003E2,
00000503,
00000BCD,
00001167,
000012E6,
00000088,
0000015A,
000001DD,
00000254,
00000312,
000005A6,
00000605,
00000681,
00000897,
00000A29,
00000AF6,
00000C5F,
00000C67,
00000D46,
00001094,
0000127E,
000013B3,
0000156B,
0000175B,
000017AA,
00001853,
000018DD,
00001910,
00001964,
00001AD8,
00001C70,
00001D31,
00001E4A,
00001E9F,
00001EC5,
00001F5C,
00002081,
000020CD,
000000A8,
00000137,
0000015A,
000001DD,
000001F1,
000005D7,
0000078B,
00000897,
00000972,
00000E6D,
00001169,
0000127E,
000012A4,
00001307,
00001390,
000013B3,
000015E5,
00001996,
000019F3,
00001AD8,
00001D31,
00001D46,
00001E28,
00001E44,
00001E4A,
00001EC5,
00001F2B,
00001F4E,
00001F5A,
00001F5C,
0000209C,
00002131,
000000A8,
00000972,
00000A27,
0000124E,
0000145A,
000015E5,
00001996,
000019F3,
00001E44,
00002131,
0000008B,
000000FB,
0000014C,
000001A8,
000005C0,
0000070D,
000007BB,
00000B71,
00000CA6,
00000D7D,
00000EEE,
00000F9A,
00001052,
000010CB,
000011AD,
000011AF,
0000153F,
00001669,
0000167F,
0000171E,
0000189C,
000019B8,
000019E7,
00001A15,
00001A21,
00001A40,
00001A46,
00001B82,
00001E59,
00001EBC,
000006D0,
0000070D,
00000B71,
00000F9A,
00001A21,
00001A46,
00001B2C,
00000088,
000000BC,
00000698,
00000B7A,
00000D46,
00000E4A,
00001094,
00001771,
00001910,
0000193D,
00001E9F,
00001EF5,
00001F17,
00001F61,
00001F6E,
00002003,
0000205B,
00002063,
00002081,
000020CD,
000020EC,
000000FB,
000001A8,
00000399,
0000039A,
000005C0,
0000092C,
00000AD0,
00000DB5,
00000F2C,
000010BD,
000011AD,
000011AF,
000011DE,
00001202,
00001206,
00001229,
0000123E,
00001286,
000012F4,
00001367,
00001601,
0000166B,
0000189C,
000019E7,
00001B82,
00001BF2,
00001C18,
00001C75,
00001C78,
00001D03,
00001FCD,
00001FD7,
00001FE4,
00002071,
0000207B,
00002097,
000020BE,
00000057,
000001FC,
00000536,
00000577,
00000E4A,
00001081,
000013C8,
000016F4,
0000193D,
00001A08,
00001A2F,
00001A75,
00001A86,
00001A93,
00001CDA,
00001F61,
00002003,
0000205B,
000020A5,
000020EC,
000001B4,
000002E0,
000002E1,
0000039A,
000005CA,
000006A7,
00000732,
000008CD,
0000092C,
00000D7E,
00000F2C,
00001286,
000014A4,
0000150D,
000016EF,
00001726,
000017B3,
00001821,
00001BDF,
00001BF2,
00001C18,
00001C75,
00001C90,
00001CB6,
00001D03,
00001DAD,
00001EB1,
00001F58,
00002013,
00002071,
00002097,
00001DAD,
00000913,
00000FF4,
00000057,
000004F2,
00000536,
00000648,
00000729,
0000088F,
00000913,
00000921,
00000B9E,
00000DB2,
00000FF4,
00001081,
00001104,
000012B0,
00001373,
000016FD,
00001A08,
00001A75,
00001A86,
00001CDA,
00001D7C,
00001F9D,
00001FB7,
000005E4,
000011E2,
00001E20,
00001ED6,
0000007C,
00000229,
0000028E,
000002E0,
000002E1,
00000304,
00000341,
00000492,
00000557,
000005E4,
0000063A,
0000069D,
000006A7,
00000763,
00000825,
0000099F,
000009E0,
00000AA6,
00000D73,
00000E49,
00000F7C,
00000FB8,
0000116C,
000011E2,
000012FB,
00001302,
0000140E,
0000140F,
0000143D,
000014E5,
000014EF,
00001502,
00001719,
00001726,
000017B3,
00001803,
000018EE,
0000194C,
00001DAD,
00001E20,
00001ED6,
00001F58,
00000304,
0000063A,
000006C1,
000009B0,
000009CF,
00000D73,
00000E49,
0000140E,
0000140F,
0000143D,
00001BC2,
00001DAD,
00000361,
000007C5,
0000087A,
00000913,
00000CD0,
00000FF4,
00001295,
000013A7,
000013B6,
000013E3,
000013E4,
00001A0F,
00001A79,
00001AA0,
00000648,
000007C5,
00000913,
00000921,
00000B9E,
00000DB2,
00000FF4,
00001295,
00001A0F,
00001A79,
00001AA0,
00001FB7,
000005E4,
00000CAF,
00001240,
00001259,
00001ED6,
00000155,
00000341,
000005E4,
00000754,
00000825,
0000094E,
000009E0,
00000A4A,
00000ACE,
00000CAF,
00000CEF,
00000DC5,
00001240,
00001259,
0000142A,
000014CF,
000014EF,
0000150A,
00001613,
0000171C,
00001793,
00001803,
00001943,
00001A0D,
00001A30,
00001E79,
00001ED6,
0000072D,
0000158F,
00000260,
000004EB,
0000072D,
000007C3,
00000B31,
00000E7A,
0000158F,
00001E50,
00001F8C,
00002025,
000007C3,
00000BFF,
00000C0E,
00000DFF,
00000E7A,
0000107C,
000010AE,
0000119F,
000014ED,
00001509,
000015E8,
00001673,
00001730,
00001A32,
00001B99,
00001E24,
00001E50,
00001F6D,
00001F8C,
00001FBA,
00001FD6,
00002025,
00002043,
0000039F,
00000AF2,
00000C0E,
00000D15,
00000F61,
00000F86,
00001017,
00001514,
000015E8,
00001673,
00001730,
000017CC,
000018F5,
00001922,
0000193B,
00001B99,
00001E24,
0000039F,
000009C1,
00000C27,
00000D15,
00000F61,
000013F8,
00001743,
000017CC,
000018F5,
00001922,
00001A26,
00001E34,
00000300,
000009A6,
00000C79,
00001743,
00001E34,
00001E47,
00000360,
0000058A,
00000703,
000009A6,
00000A01,
00000C0F,
00000CD1,
0000130B,
00001624,
000017D6,
00001ACD,
00001DB2,
00001E47,
0000020C,
00000360,
00000BAA,
00000C0F,
00000CD1,
00000EC1,
000010E0,
00001219,
0000130B,
000014C7,
000015DD,
00001624,
000017D6,
00001ACD,
00001BE0,
00001DB2,
00001FEE,
00002093,
0000020C,
0000087A,
00000CD0,
00000EC1,
000013A7,
000013B6,
000013E3,
000015DD,
00001BE0,
00001FEE,
00001240,
00001259,
000018A4,
00001F05,
00001F06,
00000155,
000002BB,
000002DD,
00000568,
00000754,
000008A0,
000008FF,
0000094E,
00000A0A,
00000B91,
00000BDE,
00000BF8,
00000DD5,
00000E32,
00000EED,
00000F39,
00001107,
000011FE,
00001240,
00001259,
0000142A,
0000148C,
00001613,
00001657,
000018A4,
000018B2,
00001943,
000019E9,
00001A30,
00001A4C,
00001A73,
00001AFF,
00001B07,
00001BC4,
00001D3B,
00001D72,
00001E79,
00001F05,
00001F06,
00000A0A,
00000EED,
0000148C,
00001D3B,
0000016C,
000002C0,
000002D0,
00000387,
00000673,
0000072D,
00000A5E,
00000AE0,
00000BE5,
00001301,
0000158F,
000017AF,
000019C9,
00001A04,
00001A3B,
00001A42,
00001BA6,
00001D02,
00001D6A,
00001DB3,
0000013A,
0000016C,
000001BF,
00000260,
000002C0,
00000387,
000004EB,
000005B5,
0000072D,
000007C3,
00000A5E,
00000AE0,
00000B31,
00000E7A,
0000104A,
000010CE,
00001301,
0000158F,
000017B0,
00001A3B,
00001A6C,
00001BA6,
00001CE7,
00001DC3,
00001F8C,
00001FC6,
0000200D,
00002025,
000020C9,
000007C3,
00000E7A,
00001F8C,
00002025,
00000F61,
000017CC,
00001922,
000006A5,
0000080A,
00000C27,
00000D00,
00000F05,
00000F61,
00000FCF,
000013F8,
00001743,
00001796,
000017CC,
00001922,
00001A26,
00001BA1,
00001E34,
00000300,
000006A5,
0000075A,
0000080A,
000009A6,
00000C79,
00000F05,
00000FCF,
0000157B,
00001671,
00001743,
00001796,
00001B88,
00001BA1,
00001BE4,
00001E34,
00001E47,
000000D4,
00000360,
000004B7,
00000534,
0000058A,
00000703,
0000075A,
000009A6,
00000A01,
00000C0F,
00000CD1,
00000E58,
0000130B,
0000157B,
00001624,
000017D6,
00001ACD,
00001B88,
00001DA1,
00001DB2,
00001E47,
0000203D,
00002045,
00000360,
00000C0F,
00000CD1,
0000130B,
00001624,
000017D6,
00001ACD,
00001DB2,
0000013C,
000003D8,
0000062E,
000006FB,
000008A0,
000008FF,
00000A0A,
00000AD2,
00000B91,
00000E05,
00000E32,
00001031,
00001057,
00001107,
00001144,
000011FE,
00001371,
000016AD,
000016B8,
000016CC,
00001976,
00001AFB,
00001B07,
00001BC4,
00001C6D,
00001D3B,
00001D96,
000001B0,
0000062E,
000008B1,
00000A0A,
00001057,
00001371,
000016A5,
000016AD,
000016AE,
000016B8,
000016CC,
000016EA,
00001D3B,
0000023D,
00001433,
00001817,
00001D16,
0000205F,
0000207A,
00000095,
0000018A,
0000021B,
0000023C,
0000023D,
000002C0,
000002C8,
00000382,
00000629,
000006ED,
00000748,
0000076D,
00000789,
0000087D,
000008B7,
00000AA4,
00000CF4,
00000E37,
00000E5E,
00001034,
0000116E,
00001176,
000011B3,
000012B6,
00001301,
000013C7,
00001421,
000015BD,
00001817,
000019C9,
00001A04,
00001A42,
00001A43,
00001AE0,
00001AE1,
00001B00,
00001B2F,
00001BFA,
00001C7B,
00001D02,
00001D16,
00001DB3,
00001E23,
00001E4E,
0000205F,
0000207A,
00002168,
00000063,
000000B6,
0000018A,
000002B7,
000002C0,
00000318,
0000044F,
000004EF,
0000052A,
000006C7,
00000789,
0000088A,
00000A1D,
00000CA8,
00000CF4,
00000D76,
00000FBE,
000012B6,
00001301,
00001471,
00001481,
000014D3,
000015BD,
00001724,
000017EC,
000019B0,
00001B2D,
00001BB3,
00001C42,
00001C7B,
00001C85,
00001E54,
000000B6,
000004EF,
0000088A,
00001471,
000017EC,
00001B2D,
00001BB3,
0000013C,
000006D2,
000006D7,
00000C16,
00000E05,
00001235,
00001371,
0000139F,
000013A0,
000013B2,
000016CC,
00001AFB,
00001CA8,
00001D36,
00000134,
000001B0,
000002CD,
000002EB,
00000525,
00000696,
000006D7,
000008B1,
000008D3,
0000098F,
00000C16,
00000CBC,
00000D03,
00000F41,
00000F7A,
00000FEA,
00001015,
00001234,
00001235,
00001296,
00001371,
0000139F,
000013A0,
000013B2,
0000146E,
000016CC,
000016EA,
000017A5,
000017FF,
000018B9,
000018D0,
00001B43,
00001DBF,
00001F40,
00001F76,
00002042,
00000011,
0000006C,
00000258,
00000525,
00000554,
0000073A,
0000080B,
000008FD,
00000B36,
00000C58,
00000C6E,
00000E71,
00000E79,
00000FD4,
00001022,
00001205,
0000130F,
00001326,
00001433,
0000146E,
00001527,
00001555,
00001599,
000016A0,
000016A2,
000017FB,
000018B9,
000018D0,
00001B43,
00001C67,
00001CE4,
00001D16,
00001D33,
00001DBF,
00001DC7,
00001EC2,
00001F6C,
00001F8D,
00001FA4,
0000205E,
0000205F,
00002075,
00002078,
0000207A,
0000214B,
00000095,
00000103,
00000198,
000001BD,
000002FD,
00000338,
0000033A,
000003E4,
00000554,
000005D2,
000006DF,
000006FE,
00000752,
00000B0E,
00000B68,
00000C09,
00000C53,
00000C58,
00000C7D,
00000D9C,
00000E37,
00000E5E,
00000E79,
00001022,
00001034,
000011B7,
000011F9,
00001205,
0000122C,
0000138E,
00001421,
00001555,
00001596,
00001599,
000017C7,
000017FB,
00001B00,
00001C5B,
00001CE4,
00001D16,
00001E23,
0000205F,
0000207A,
00000029,
000000AE,
000000B6,
0000012A,
00000250,
000003E3,
0000044F,
000004CD,
000004DE,
000004EF,
0000088A,
00000945,
00000F9B,
00001003,
00001196,
00001199,
00001244,
000012C6,
00001398,
000013BB,
0000144C,
00001471,
000014CA,
000015FA,
000017EC,
00001984,
000019B0,
000019BE,
00001AB0,
00001ACF,
00001B2D,
00001BB3,
00001C0F,
00001C38,
00001C42,
00001C5B,
00001CF0,
00001D47,
00001DAF,
00001DBD,
00001DC5,
00001DFA,
00001E49,
00001E54,
00001E81,
00001E94,
000020E1,
0000210D,
00000029,
000000B6,
00000250,
000002A2,
0000046E,
0000049B,
000004C5,
000004EF,
000005AD,
00000649,
0000088A,
0000096F,
00000A70,
00000A84,
00000B98,
00000C62,
00000CC1,
00000E7B,
00000FB5,
00001003,
00001244,
000012C6,
00001398,
00001471,
0000147A,
000015FA,
000017EC,
00001AFE,
00001B16,
00001B2B,
00001B2D,
00001B3C,
00001BB3,
00001D17,
00001D47,
00001D78,
000020E1,
0000210D,
00000649,
00000E7B,
00000FB5,
00001282,
000017CA,
000017E7,
00001B16,
00001B3C,
00001D17,
00001D78,
00000065,
000000A6,
00000198,
000001BD,
000002FD,
00000338,
0000033A,
00000512,
000005D2,
000006FE,
00000899,
0000090C,
000009D1,
00000B0E,
00000C53,
00000D9C,
00000EBB,
00000FF5,
00000FFE,
000011B7,
000011EB,
000011F9,
00001427,
000015B2,
000015C7,
000017B4,
000017C7,
000017E0,
00001B5C,
00001C5B,
00000029,
000000A6,
0000012A,
00000244,
000003B5,
000003BF,
000003C7,
000004CD,
000004DE,
00000513,
00000523,
000005DA,
0000079A,
00000843,
00000945,
000009D1,
00000A47,
00000BE0,
00000E38,
00000E45,
000010AC,
000010EF,
0000110A,
0000110B,
00001165,
000011EB,
00001386,
00001398,
0000151D,
00001521,
000015B2,
000015C7,
000017B4,
000017E0,
000018C9,
000018CE,
00001921,
0000198C,
00001ACF,
00001BD9,
00001C1E,
00001C5B,
00001CD2,
00001CF0,
00001DB0,
00001DDE,
00001E94,
00000029,
000001A3,
0000028D,
000002A2,
000003B5,
000003BF,
000003C7,
0000059F,
000005AD,
000005DA,
0000079A,
00000843,
00000A47,
00000A70,
00000B98,
00000B9B,
00000C62,
00000E7B,
000010AC,
00001165,
000011FC,
00001386,
00001398,
000018A5,
000018C9,
000018CE,
0000191C,
00001921,
0000198C,
00001B16,
00001BD9,
00001DB0,
00001DDE,
00000E7B,
000011FC,
00001265,
00001282,
00001B16,
00000513,
000005DA,
00000A47,
000010AC,
0000110A,
00001165,
00001759,
00001921,
0000198C,
00001DB0,
00001DDE,
00000166,
000001A3,
0000028D,
000005DA,
000008AF,
000008CB,
000008FA,
00000A47,
00000B9B,
00000DD4,
000010AC,
00001165,
00001306,
00001480,
00001759,
00001921,
0000198C,
00001DB0,
00001DDE,
000004BD,
0000082E,
00000898,
000008F7,
00000A74,
00000BAC,
00000D0D,
0000104E,
000010B3,
00001191,
0000129A,
00001328,
00001346,
000016AA,
000016B7,
00001BC1,
00001F4A,
000020EB,
00000223,
00000295,
0000038C,
0000044B,
000004A7,
000004BD,
0000054A,
000005C1,
00000652,
0000068A,
0000082E,
0000085D,
00000898,
000008F7,
0000091D,
00000A74,
00000ADB,
00000AFD,
00000B06,
00000BAC,
00000CF6,
00000D0D,
00000DE7,
00000E16,
00000F8C,
00000FA8,
000010B3,
000010F8,
00001170,
00001191,
00001346,
000015AC,
00001637,
0000163A,
00001703,
00001756,
00001860,
00001872,
00001887,
000018B8,
00001AC9,
00001B03,
00001BC1,
00001C47,
00001C89,
00001D04,
00001F4A,
00002101,
00002145,
00000066,
000000EF,
00000223,
000002B0,
000002B8,
00000324,
00000375,
0000038C,
000003A7,
00000412,
00000461,
000004A7,
000004D9,
0000054A,
0000085D,
00000A04,
00000C6C,
00000CAE,
00000CE9,
00000CF6,
00000D35,
0000104B,
0000106B,
00001170,
0000142D,
0000145B,
00001497,
00001637,
00001642,
00001860,
000018DA,
00001926,
00001AC9,
00000066,
00000069,
00000082,
000000CF,
000000F3,
00000242,
000002D3,
000002F5,
000002FE,
00000314,
00000324,
00000375,
000003A7,
000003B8,
00000412,
00000461,
0000052E,
0000054F,
00000561,
000005C2,
000005D8,
00000A98,
00000C6C,
00000DC0,
00000DED,
0000106B,
000011A1,
00000082,
000000CF,
000000DC,
000000ED,
000000F3,
00000179,
000001AD,
000001AF,
000001D5,
000001FE,
00000242,
000002BA,
000002F5,
000002FE,
00000323,
0000035C,
0000036B,
000003A4,
000003B8,
000003F6,
00000458,
0000048F,
000004A6,
000004DF,
0000052E,
0000055C,
00000561,
00000569,
00000808,
000009F4,
00000A65,
00000BEA,
00000CF7,
00000EE2,
000010F1,
000012C3,
00001760,
0000190B,
00001960,
00001AB9,
00000179,
000001AF,
0000036B,
0000055C,
00000808,
00000CF7,
000010C5,
00001496,
00001712,
00001745,
00001760,
000019D3,
000019DA,
00000CF7,
000010C5,
00001496,
00001510,
000019D3,
000019DA,
00000020,
0000006E,
000001C7,
000001FD,
000002F1,
00000385,
00000526,
00000533,
00000547,
00000584,
0000064C,
000007C9,
00000841,
0000089A,
00000B8E,
00000C21,
00000C8A,
00000D88,
00000D9F,
00000EB3,
00000F94,
00000FDA,
00000FE8,
00000FF7,
0000107B,
000010C5,
00001182,
00001496,
00001510,
0000152C,
000015ED,
0000170D,
000017E1,
000017EA,
0000187B,
00001977,
000019D3,
000019DA,
00001B1F,
00001B86,
00001BBE,
00001CF9,
00001DE8,
00001E3C,
0000001A,
0000001C,
00000062,
0000006E,
00000091,
000000B5,
000000EB,
00000113,
00000188,
000001BA,
000001C7,
000001FD,
0000021D,
000002EF,
00000352,
00000381,
0000039C,
000003FE,
00000440,
00000473,
00000478,
00000481,
00000487,
0000049D,
000004D5,
00000533,
00000584,
00000596,
000005E8,
000005F6,
00000620,
0000062F,
00000841,
00000C8A,
00000D9F,
00000F94,
0000001A,
0000001C,
0000009E,
000000BB,
000000F9,
000000FC,
00000113,
00000159,
00000183,
00000188,
0000021D,
000002EF,
00000322,
000003E8,
000003FE,
00000425,
00000473,
00000478,
00000481,
0000049D,
000005E8,
000005F6,
0000062F,
00000642,
00000671,
0000083C,
000008E7,
00000A94,
00000B13,
00000B5F,
00001055,
00001542,
000015A9,
0000162D,
000017CE,
000018A7,
000018C8,
000018F4,
000000F9,
00000322,
00000425,
00000551,
0000057F,
000005A1,
0000065A,
00000685,
00000A20,
00000A28,
00000A66,
00000A6A,
00000A94,
00000B16,
00000B5F,
00000DE3,
00001123,
00001550,
000017CE,
0000180C,
00000013,
00000030,
00000125,
000001FA,
000002B6,
00000551,
000005D4,
0000065A,
00000685,
00000687,
00000A20,
00000A28,
00000A34,
00000B16,
00000B51,
000010FF,
00001123,
00000125,
000002B6,
00000687,
0000087C,
00000A34,
00000B51,
000010A9,
000010FF,
00001233,
000012CA,
00001368,
00000116,
0000044B,
0000055A,
000006D4,
00000851,
00000858,
0000085D,
000008B0,
000008DA,
00000AFD,
00000B06,
00000CF6,
000010F8,
000013BC,
00001423,
00001507,
00001637,
00001872,
00001887,
00001B03,
00001C89,
0000000C,
00000348,
00000367,
00000396,
000004D9,
00000524,
0000055A,
00000598,
00000658,
0000068B,
0000072A,
000007B3,
00000851,
00000858,
0000085D,
00000984,
000009D5,
00000B65,
00000BF1,
00000CF6,
00001086,
00001147,
00001290,
0000134D,
000013BC,
00001423,
0000149E,
000014B7,
00001507,
00001637,
00001642,
000018E2,
00001FD3,
0000208D,
000020F9,
0000214A,
00000125,
00000687,
00000125,
00000235,
000002AB,
00000315,
000005A8,
00000687,
00000751,
0000087C,
00000893,
000008F6,
0000092F,
00000977,
000009C4,
00000EF0,
000010A9,
0000118A,
00001233,
000012CA,
00001324,
00001368,
000013C2,
00001428,
00001706,
00001BCE,
00001C0A,
00001DF1,
000000C4,
00000235,
00000ECB,
00001428,
00001BCE,
00001C0A,
00001DF1,
0000027E,
0000038D,
00000617,
000008D6,
000008D8,
00000912,
00000C60,
00000C84,
00000D2D,
00000DC3,
000013F1,
000014F1,
000015C2,
00001A27,
00001CDB,
00001F04,
0000027E,
000004AF,
000007A1,
000008D8,
00000912,
0000098E,
000009C2,
00000BCC,
00000D2D,
00000DC3,
00000F2D,
00000F80,
000012E0,
000013F1,
000014F1,
0000156F,
000015CE,
00001802,
0000181C,
00001837,
00001A1D,
00001CDB,
00001CFA,
00001D8B,
00001F04,
0000000C,
00000281,
000002CE,
00000348,
00000396,
0000045D,
000004AF,
000004FF,
00000598,
000006A3,
0000098E,
000009C2,
00000B65,
00000BCC,
00001147,
000012E0,
0000155A,
00001569,
0000156F,
00001610,
0000161E,
0000181C,
00001891,
00001A1D,
00001B6B,
00001CFA,
00001D8B,
00001FD3,
0000204D,
000020F9,
0000214A,
00001428,
00001BCE,
00001DF1,
000000C4,
00000A27,
00000BB7,
00000CF1,
00000ECB,
000011D8,
00001428,
0000145A,
0000150B,
0000183D,
00001BCE,
00001DF1,
0000014C,
00000330,
00000466,
00000C45,
00000C4D,
00000CA6,
0000111A,
0000117B,
0000118B,
0000118C,
000011D1,
00001332,
0000189F,
000018F9,
00001917,
00001F98,
0000017E,
0000038D,
00000466,
0000068D,
000006F1,
000008D6,
00000930,
00000C60,
00000C84,
00000EBF,
0000111A,
0000117B,
0000118B,
0000118C,
000011D1,
00001284,
000012B5,
000012C1,
00001332,
000015C2,
00001753,
00001917,
00001A27,
00001F98,
0000015A,
000005A6,
00000684,
00000800,
00000897,
00001094,
0000127E,
0000142B,
0000171D,
00001737,
00001A4B,
00001E76,
00002081,
000020CD,
000000A8,
000000E3,
0000015A,
000001F1,
0000038E,
000005D7,
00000684,
00000800,
00000897,
00000972,
00000DFD,
00000E6D,
00000EBA,
00000F59,
00000FC7,
00001134,
000011A5,
0000127E,
00001329,
0000171D,
0000195B,
00001A41,
00001B3E,
00001BB2,
00001D14,
00001D2B,
00001D46,
00001D9B,
00001E28,
00001E44,
000000A8,
000000E3,
0000083E,
00000972,
00000A27,
00000BB7,
00000BD0,
00000DFD,
00001134,
000011D8,
00001329,
0000145A,
0000183D,
00001D9B,
00001E44,
00002136,
00002169,
000000FB,
0000014C,
000001A8,
00000255,
00000330,
0000053A,
000007BB,
0000084F,
0000086E,
00000A61,
00000C45,
00000CA6,
00000F87,
00000F9C,
0000117A,
0000119A,
000011D1,
00001465,
000016BB,
0000171E,
0000189F,
000018F9,
00001973,
00001D2F,
00001D4D,
00001DC6,
00001DF4,
00001E59,
00001EBC,
00002038,
000020EA,
000011D1,
00000451,
00000698,
00000B7A,
00000E4A,
00000F6E,
0000108D,
00001094,
0000142B,
00001737,
00001A4B,
00001D60,
00001E76,
00002081,
000020CD,
000020EC,
000000FB,
000001A8,
00000255,
00000400,
00000439,
0000084F,
000009C3,
00000A44,
00000A9E,
00000D08,
00000DE6,
00000F2C,
00000F64,
00000F85,
00000F87,
000010BD,
0000119A,
00001206,
00001286,
000015D9,
00001601,
0000166B,
000016BB,
00001B77,
00001BF2,
00001FD7,
00001FE4,
000020B1,
000020B2,
000020E2,
00002115,
00002135,
00002150,
00000451,
00000493,
00000D39,
00000E4A,
00000F6E,
000013B5,
0000145E,
000019F8,
00001A08,
00001A2F,
00001A75,
00001F84,
000020EC,
000001B4,
000002E0,
000002E1,
000003A6,
00000400,
00000439,
00000732,
0000093D,
00000CD7,
00000CE3,
00000F2C,
00000F85,
00000FDB,
00001157,
0000117E,
00001286,
0000128C,
00001765,
00001821,
000018E3,
00001BF2,
00001F9F,
00001FD0,
000020B2,
000008AE,
00001C57,
00000493,
000008AE,
00000921,
00000D39,
00000DB2,
00000EC6,
00001104,
00001373,
000013B5,
000013C3,
0000145E,
0000193A,
000019F8,
00001A08,
00001A75,
00001C57,
00001E4F,
00001F84,
00001F9D,
00002137,
000005E4,
00000871,
00001089,
000011E2,
00001255,
000014F5,
00001C1F,
00001CDE,
00001E20,
00001ED6,
00001FBB,
0000202C,
000020A3,
0000213F,
0000020A,
00000229,
0000028E,
000002E0,
000002E1,
000005E4,
000005F4,
000007BD,
000007DA,
00000871,
000008D7,
0000093D,
00000E8D,
00000F7C,
00000FDB,
00001010,
00001028,
00001045,
00001089,
00001157,
0000117E,
000011E2,
000012FB,
00001302,
000013EE,
00001429,
0000143F,
000014E5,
00001888,
000018B6,
000018E3,
00001E20,
00001ED6,
00001F9F,
0000202C,
00002082,
000020A3,
0000213F,
00000361,
0000038B,
000007C5,
0000087A,
000008AE,
000013B6,
000013E3,
00001A65,
00001AA0,
00001AAC,
00001C57,
00001F01,
000007C5,
000008AE,
00000921,
00000DB2,
000013C3,
0000193A,
00001AA0,
00001C57,
00001F01,
000002BF,
0000048E,
000005E4,
000006AD,
00000CAF,
00000D0C,
00001240,
00001255,
00001259,
0000125A,
000014F5,
000017F8,
00001CDE,
00001ED6,
00001FBB,
00002027,
00002031,
00002062,
000020A3,
000020A4,
000005E4,
00000CAF,
00000D0C,
00001240,
00001259,
0000142A,
000014CF,
00001A0D,
00001ED6,
000020A3,
0000011B,
00000310,
000004E7,
000007C3,
00000C97,
00000D01,
0000110D,
000011DC,
00001446,
00001D32,
00001D79,
00001F8C,
00002118,
00000310,
0000033F,
000007C3,
0000094C,
00000C0E,
00000DFF,
0000110D,
00001446,
000014ED,
00001509,
000016FC,
00001A32,
00001B48,
00001B8B,
00001B99,
00001D32,
00001E8A,
00001EB5,
00001F12,
00001F8C,
00001F97,
00001FA9,
00001FD6,
00002043,
00002118,
00000320,
0000033F,
000003BB,
00000C0E,
00000F61,
0000184D,
00001922,
0000193B,
000019C4,
00001B99,
00001F12,
000003BB,
00000F61,
00001922,
000019C4,
00000CD1,
0000130B,
00001F1F,
00001F42,
00000BAA,
00000CD1,
00000EC1,
0000130B,
000014C7,
00001A24,
00001BE0,
00001F1F,
00001F42,
00002034,
000020FD,
0000210E,
00002123,
0000087A,
00000EC1,
00000FD1,
000013B6,
000013E3,
000015A7,
000015AF,
00001A65,
00001AAC,
00001BE0,
00002034,
000020FD,
0000210E,
0000048E,
00000F03,
00000F0B,
00001240,
00001259,
0000125A,
000018A4,
00001DFF,
00001F05,
00001F06,
00002027,
00002031,
000001B6,
000001DB,
00000394,
00000568,
00000902,
00000E70,
00000E8C,
00000F03,
00000F0B,
00000F39,
000011C7,
000011E1,
000011FE,
00001240,
00001259,
00001325,
0000142A,
000018A4,
00001B07,
00001D72,
00001DFF,
00001F05,
00001F06,
000020D4,
000020D5,
000002C0,
00000A5E,
00000D82,
00000E8B,
00001301,
00001CB7,
00001CD5,
00001FEC,
0000011B,
000001BF,
000001E6,
000002C0,
000004E7,
000005B5,
000007A8,
000007C3,
0000095A,
00000A5E,
00000B9C,
00000C97,
00000D6D,
00000D82,
00000E8B,
00000FEB,
0000103D,
0000104A,
00001148,
00001301,
00001446,
00001A6C,
00001CD5,
00001D32,
00001D79,
00001D8F,
00001F8C,
00001FC6,
00001FEC,
00002039,
000020C9,
00002118,
000007C3,
00001446,
00001D32,
00001F8C,
00002118,
000003BB,
00000F61,
00001922,
000019C4,
000003BB,
000006A5,
00000706,
00000D00,
00000F61,
00000FCF,
00001117,
0000151A,
00001922,
000019C4,
00001BA1,
000005AE,
000006A5,
00000706,
0000075A,
00000FCF,
00001117,
0000151A,
00001671,
00001A1B,
00001B4D,
00001B88,
00001BA1,
00001BF4,
00001E2C,
000004B7,
00000534,
000005AE,
0000075A,
00000B66,
00000CD1,
00000FA5,
0000130B,
000013FB,
00001B33,
00001B4D,
00001B88,
00001BF4,
00001CF8,
00001DA1,
00001F1F,
00001F42,
00001F68,
0000203D,
00000CD1,
0000130B,
00001F1F,
00001F42,
00001F68,
000004A4,
000015FF,
00000008,
0000005C,
000001DB,
00000394,
0000039E,
000003D8,
0000042A,
000004A4,
00000902,
000009C8,
00000A3F,
00000E05,
00000E26,
00000F90,
00000FF1,
0000100B,
00001031,
000011C7,
000011E1,
000011FE,
00001325,
00001383,
000013AA,
000014D5,
000015FF,
00001976,
00001AC6,
00001AEB,
00001AFB,
00001B04,
00001B07,
00001B61,
00001C6D,
00001CC2,
00001D71,
0000011F,
0000021B,
000002C0,
00000358,
00000679,
0000073D,
0000076D,
00000A7E,
00000B21,
00000CF4,
00000D82,
00000F79,
00001238,
0000126A,
000012FC,
00001301,
000013F3,
0000167D,
00001797,
00001902,
000019FC,
00001BD2,
00001C37,
00001C7B,
00001CB7,
00001CD5,
00001D6C,
00001DC8,
00001DEE,
00001E4E,
00000063,
000002C0,
00000318,
0000044F,
00000A7E,
00000A85,
00000CF4,
00000D76,
00000D82,
00000F79,
000012FC,
00001301,
00001902,
00001C37,
00001C42,
00001C7B,
00001C85,
00001CD5,
00001DC8,
00001DEE,
00001EAB,
000006A4,
000006D2,
000009C8,
000009E8,
00000A3F,
00000B1D,
00000C16,
00000D59,
00000E05,
00000E21,
00000F3C,
00001235,
00001383,
0000139F,
000013AA,
0000157F,
000016E4,
000017EB,
00001986,
00001AFB,
00001B61,
00001CA8,
00001CC2,
00001D36,
00000170,
000005ED,
00000878,
00000886,
000008D3,
000009E8,
00000C16,
00000D59,
00000FEA,
00001234,
00001235,
00001309,
0000139F,
00001402,
000016E4,
00001986,
00001B43,
00001BFF,
00001DBF,
00000170,
00000554,
00000B36,
00000E79,
00001205,
00001309,
000013BE,
00001402,
000014A8,
0000160D,
00001B43,
00001DBF,
00001DC7,
00001E64,
00001F53,
00001F8D,
00001FA4,
0000011F,
000001EC,
00000252,
00000325,
00000338,
00000340,
000004FE,
0000052B,
00000554,
000005D2,
000006FE,
0000073D,
00000955,
00000978,
00000A7E,
00000C49,
00000D36,
00000E79,
00000EE8,
00000F1A,
00000F6B,
000011B7,
000011F9,
00001205,
0000123C,
000012FC,
00001394,
000014A8,
0000160D,
0000178F,
00001797,
00001809,
00001A71,
00001A97,
00001AB5,
00001B06,
00001BCF,
00001BD2,
00001C5B,
00001EA2,
00001F26,
00001F53,
00001F9B,
000003E7,
0000044F,
000004CD,
000004DE,
000006C4,
000006C6,
00000978,
00000A7E,
00000A85,
00000C49,
00000EE8,
00000F1A,
00000F71,
00001199,
000012FC,
000013BB,
00001984,
000019BE,
00001C0F,
00001C38,
00001C42,
00001C5B,
00001DBD,
00001DFA,
00001E81,
00001EAB,
00000338,
000005D2,
000006FE,
00000978,
00000C49,
000011B7,
000011F9,
000017B4,
00001C5B,
000004CD,
000004DE,
00000978,
00000C49,
000010EF,
000017B4,
00001C5B,
0000012D,
00000196,
00000223,
0000022F,
00000272,
000002BC,
0000038C,
000003C8,
00000452,
000004A7,
0000054A,
0000059B,
000005D0,
000005F1,
000005F3,
0000069A,
00000722,
00000823,
0000085D,
0000085F,
00000AA0,
00000B59,
00000CF6,
00000E95,
00000FA6,
000010CC,
000010DD,
00001170,
00001189,
000014F6,
000015AC,
000015C6,
00001637,
0000163A,
00001663,
00001703,
00001756,
000017EF,
000018B8,
00001ABD,
00001C47,
00001C89,
00001D04,
00001D2C,
00001F10,
00002101,
00000066,
00000110,
000001B3,
00000215,
00000223,
0000024C,
000002B0,
000002BC,
00000324,
00000375,
00000378,
0000037F,
0000038C,
0000040D,
0000043C,
00000452,
00000461,
0000047E,
000004A7,
000004D9,
0000054A,
00000552,
000005CF,
000005F3,
0000062C,
00000722,
0000085A,
0000085D,
000008F3,
00000AA0,
00000B59,
00000CF6,
00000DC8,
00000E4E,
00000E95,
00000FA6,
0000104B,
00001170,
00001189,
0000120F,
00001239,
000012C9,
00001484,
0000162F,
00001637,
00001642,
00001663,
00001926,
00001929,
00001983,
00001ABD,
0000004F,
00000066,
000000B2,
000000F3,
00000110,
000001F6,
000002D3,
000002F5,
00000314,
00000324,
00000375,
000003A3,
000003B8,
00000409,
0000043C,
00000461,
0000046A,
0000047E,
0000054F,
00000561,
00000565,
000005CF,
000005D8,
000005F8,
00000004,
0000002D,
0000004F,
00000080,
000000B2,
000000D5,
000000ED,
000000F3,
0000010E,
000001F6,
000001FE,
00000240,
000002F5,
00000307,
00000309,
0000035C,
000003A3,
000003B8,
000003D9,
00000421,
00000434,
0000046A,
000004DF,
0000055C,
00000561,
0000056B,
000005D5,
000005DE,
00000704,
000007AB,
000007B9,
00000808,
00000887,
000008BF,
0000090E,
00000AAA,
00000AAF,
00000BBE,
00000C18,
00000C1A,
00000EE2,
00001412,
000015C4,
000016ED,
00001738,
000017E3,
0000190B,
00001AA5,
00001AB9,
00001BE6,
00000251,
00000309,
0000055C,
000005D5,
000005DE,
00000704,
00000808,
00000887,
0000090E,
00000AAF,
00001060,
00001712,
00001745,
000017E3,
000019D3,
000019DA,
00001B1D,
00000251,
00000816,
00001510,
0000165D,
000019D3,
000019DA,
00001B1D,
00000020,
000001C7,
0000048D,
00000574,
00000647,
0000064C,
00000816,
00000841,
000009AA,
00000C13,
00000C21,
00000D70,
00000FDA,
0000107B,
00001224,
00001436,
000014BB,
00001510,
0000159D,
000015A2,
0000165D,
0000170D,
00001977,
000019D3,
000019DA,
00001A5E,
00001B86,
00001D99,
00001DE8,
00001E3C,
00001F9A,
0000214C,
00002151,
00002167,
0000001C,
00000091,
000000B5,
00000188,
000001C7,
0000025E,
00000278,
00000352,
00000383,
00000440,
00000473,
0000049D,
000004CC,
000004F1,
00000574,
0000058E,
00000596,
00000841,
00000C0A,
00000C13,
00001072,
00001485,
0000148F,
0000177B,
00001A5E,
00001B3A,
00001E60,
00001EA4,
00002151,
00002167,
0000001C,
00000159,
00000188,
0000019D,
0000025E,
0000033B,
000003E8,
00000473,
00000498,
0000049D,
000004F1,
00000783,
000008E7,
00000A92,
00000AB1,
00000B5F,
00000BC4,
00000DBE,
00001067,
00001072,
000011C4,
000011E5,
000013D4,
00001542,
0000177B,
000017CE,
00001895,
000018C1,
00001A3A,
0000033B,
00000551,
0000057F,
000005A1,
0000065A,
0000084B,
00000B16,
00000B5F,
00000BC4,
00000DE3,
000013D4,
000017CE,
000017D0,
000017D2,
0000180C,
00001895,
00001C05,
000001FA,
00000283,
000003D1,
00000551,
0000058D,
0000065A,
0000084B,
00000A34,
00000A48,
00000B16,
00000B92,
0000104D,
000010FF,
0000125F,
0000160E,
000017D0,
00000283,
000003D1,
0000058D,
0000087C,
00000A34,
00000A48,
00000B92,
000010FF,
00001368,
0000160E,
0000085D,
00000AA0,
00000CF6,
00001637,
00001C89,
0000009B,
00000195,
00000348,
0000035E,
0000037F,
00000396,
000004D9,
00000567,
000007B3,
000007C1,
0000085A,
0000085D,
00000884,
000008F3,
00000984,
00000AA0,
00000B65,
00000CF6,
00000DC8,
00000E9F,
00001232,
000012C9,
0000134D,
0000149E,
000015B4,
0000162F,
00001637,
00001642,
00001812,
00001828,
00001858,
00001A33,
00001B9A,
00001DCB,
00001E31,
0000212C,
000002E7,
000003D1,
00000B92,
0000104D,
0000160E,
00000005,
000001C8,
000002AB,
000002E7,
00000315,
000003D1,
000005A8,
000006EF,
000006F7,
0000087C,
000008DC,
00000B63,
00000B92,
00000C4B,
00000EDD,
00001226,
00001324,
00001368,
00001370,
000013C2,
00001526,
00001544,
0000155D,
00001572,
000015A1,
000015B3,
0000160E,
000016AF,
00001706,
00001C0A,
00001DF1,
00000005,
000006F7,
000008DC,
00000C4B,
00000ECB,
00001C0A,
00001DF1,
00000079,
0000038D,
000008D6,
0000093C,
00000D2D,
000013F1,
00001A27,
00001F04,
0000203F,
000020C8,
000020FA,
000004AF,
000005E3,
000008C9,
00000983,
00000AC6,
00000D2D,
000013F1,
0000148D,
00001608,
00001844,
00001CFA,
00001D8B,
00001F04,
000020B8,
000020BF,
000020C6,
000020C8,
000020DD,
000020FA,
0000018D,
000001AA,
00000253,
00000281,
00000348,
00000396,
000003BA,
000004AF,
000004F6,
000004FC,
000004FF,
00000507,
00000549,
000006A3,
00000735,
00000784,
0000081E,
00000820,
00000884,
000008C9,
00000A59,
00000AC6,
00000B65,
00000B8F,
00000D12,
00000EA3,
00001232,
00001374,
000013BD,
00001418,
0000159F,
00001608,
00001CFA,
00001D8B,
00001DCB,
00001E31,
000020B8,
000020BF,
000020C6,
000020DD,
0000212C,
00000005,
000006F7,
000008DC,
00000C4B,
00000CD4,
00000D2E,
00001526,
00001DF1,
00001FD9,
00001FF0,
00002072,
00000005,
000006F7,
000008DC,
00000BB7,
00000C4B,
00000CD4,
00000D2E,
00000ECB,
00000F2E,
000011D8,
0000183D,
00001899,
00001DF1,
00001F72,
00001F7A,
00001FD9,
00001FF0,
00001FF3,
00002072,
00000330,
0000060F,
0000118B,
0000118C,
000011D1,
00001332,
00001645,
00001E5E,
00001F98,
000020C3,
00000079,
000002C4,
0000038D,
0000038F,
0000060F,
00000850,
00000856,
000008D6,
0000093C,
000009B2,
00000E48,
0000118B,
0000118C,
000011B6,
000011D1,
00001284,
000012C1,
00001332,
00001645,
00001713,
00001753,
000019CD,
00001A27,
00001E5E,
00001F98,
0000203F,
000020B5,
000020C3,
000020C8,
000020FA,
0000038F,
00000983,
0000148D,
00001844,
000020C8,
000020FA,
0000005A,
00000097,
000001D1,
00000646,
000006B9,
000006E0,
00000800,
00000914,
00000F50,
00000F65,
000012B4,
0000132B,
00001345,
0000140C,
0000171D,
00001737,
000017BD,
000018F2,
000019D2,
00001A4B,
00001A56,
00001B4E,
000001D1,
0000038E,
00000608,
00000646,
00000686,
000006E0,
00000800,
00000D2E,
00000DFD,
00000FC7,
00000FF2,
000010C8,
00001134,
000011FD,
000012B4,
00001329,
0000132B,
00001345,
000013D3,
000015CC,
000015D7,
000016C7,
0000171D,
00001785,
000017C8,
000018F2,
00001A41,
00001BB2,
00001BBF,
00001C5F,
00001C66,
00001D14,
00001D2B,
00001D9B,
00001FAC,
00001FF9,
00002061,
00002072,
000001CB,
0000083E,
00000BB7,
00000BD0,
00000D2E,
00000DE8,
00000DFD,
00000E27,
00000F2E,
00000FF2,
00001134,
000011D8,
00001329,
000016C7,
0000183D,
00001D9B,
00001E85,
00001EC4,
00001F7A,
00001FAC,
00001FF3,
00002061,
00002072,
00002169,
00000330,
00000606,
0000060F,
0000084F,
0000086E,
000008AA,
000009B3,
00000A60,
00000A61,
00000AAD,
00000BA2,
00000C8C,
00000DCF,
00000F9C,
00001130,
00001131,
0000119A,
000011D1,
000011FB,
00001204,
0000123F,
0000139B,
00001465,
00001584,
00001645,
00001A61,
00001DD5,
00001E5E,
00001F96,
00002038,
000020C3,
000020EA,
00002152,
0000060F,
000008AA,
000011D1,
00001645,
00001E5E,
000020C3,
00000038,
0000005A,
00000451,
0000045F,
0000047B,
00000B09,
00000E14,
00000E9C,
00000F65,
00000F6E,
00001737,
000019D2,
00001A4B,
00001A56,
00001B4E,
00001D60,
00002088,
000020ED,
00000021,
00000112,
00000400,
00000439,
00000606,
000006F9,
0000079C,
0000084F,
00000960,
00000A44,
00000A9E,
00000AAD,
00000D08,
00000DCF,
00000F0D,
0000119A,
0000139B,
00001584,
000015D9,
000015DF,
00001633,
00001E7E,
000020E2,
00002115,
00002133,
00002150,
00000038,
0000041D,
00000451,
0000045F,
0000047B,
00000493,
0000057A,
0000068C,
00000CFF,
00000D39,
00000E9C,
00000F6E,
000013B5,
0000145E,
00001942,
000019F8,
00001F84,
00002088,
00000112,
000003A6,
00000400,
00000439,
00000474,
0000093D,
00000F0D,
00001192,
0000128C,
000014B0,
000014D2,
000015DF,
00001633,
00001A49,
00001EB6,
00001F9F,
00001FD0,
00002094,
00002133,
000008AE,
000017DC,
00001C57,
00000185,
00000493,
000006D9,
000008AE,
00000D39,
000013B5,
000013C3,
0000145E,
000017DC,
0000193A,
00001942,
000019F8,
00001C57,
00001E4F,
00001F84,
000020E8,
0000051B,
000009FB,
00000CEC,
00000D84,
00000EDA,
00001089,
00001185,
000014BE,
000014F5,
00001C1F,
00001CDE,
00001E88,
0000213F,
0000020A,
00000474,
0000051B,
000005F4,
0000093D,
000009FB,
00000C91,
00000CEC,
00001028,
00001045,
00001089,
000010CA,
0000128E,
0000155B,
00001888,
000018B6,
00001E2F,
00001E51,
00001E55,
00001E88,
00001EB6,
00001F32,
00001F9F,
0000213F,
0000038B,
000008AE,
00000A10,
00000C29,
00000D90,
00000E62,
000017DC,
00001A65,
00001AAC,
00001AD3,
00001C57,
00001D65,
00001EDA,
00001F01,
00000185,
000008AE,
00000C29,
00000D90,
000013C3,
000017DC,
0000193A,
00001C57,
00001D65,
00001EDA,
00001F01,
000020E8,
00000121,
000002BF,
000002EC,
000005F5,
000009FB,
00000D84,
00000D8C,
00000E09,
00000EDA,
00001185,
000011C0,
0000125A,
000014F5,
000017F8,
00001CDE,
0000201F,
00002023,
00002031,
00002062,
00002098,
000020A4,
000020AE,
00002113,
000009FB,
00000310,
000004E7,
0000056E,
000007E9,
00000CAA,
00000D01,
00000DD3,
0000106C,
00001096,
0000110D,
00001150,
00001183,
000011DC,
000013A8,
00001492,
000016CD,
000016E6,
000018C2,
00001A83,
00001AAF,
00001AC4,
00001B27,
00001B74,
00001CFD,
00001D79,
00000310,
0000033F,
0000046D,
00000680,
00000724,
000008D4,
000008F1,
00000B19,
00000C71,
00000D62,
00000DD3,
00000F8A,
0000110D,
0000112C,
000016CD,
000016E6,
000016FC,
00001A3E,
00001B27,
00001B3B,
00001B48,
00001B8B,
00001ECE,
00001F12,
00001F8B,
00001F97,
00001FA9,
0000019F,
00000201,
00000320,
0000033F,
000003BB,
00000680,
000007A5,
0000092D,
0000096E,
00000C71,
00000D1C,
00000D28,
00000F7E,
00000F8A,
0000112C,
0000154B,
00001602,
0000184D,
000019C4,
00001A3E,
00001F12,
00000201,
000003BB,
00000448,
000007A5,
00000D28,
00001602,
000016F6,
00001707,
000019C4,
00000448,
00000D26,
00001053,
00001DFC,
00001F1F,
00001F39,
00001F42,
00001F70,
00001F7C,
00000148,
00000BA7,
00000D26,
00001A24,
00001A66,
00001A6D,
00001D89,
00001DFC,
00001F1F,
00001F39,
00001F42,
00001F70,
000020CB,
000020DA,
000020FD,
0000210C,
0000210E,
00002123,
00002155,
0000215B,
00000A10,
00000BA7,
00000E62,
00000FD1,
000015A7,
00001A65,
00001AAC,
00001AD3,
000020FD,
0000210C,
0000210E,
000002EC,
000005F5,
000009A5,
00000F03,
00000FA9,
000011C0,
0000125A,
000012EA,
00001A96,
00001BD8,
00001D8E,
00001DFF,
0000201F,
00002023,
00002031,
000001A9,
000001DB,
00000778,
0000088C,
0000090A,
000009A5,
00000E70,
00000E73,
00000F03,
00000FA9,
0000108C,
000012EA,
00001325,
00001488,
00001897,
00001A96,
00001B6F,
00001BD8,
00001BFE,
00001D8E,
00001DFF,
000020D4,
000020D5,
00000124,
00000413,
000004EA,
000007E2,
00000E8B,
00000EE6,
00001262,
00001291,
000012E1,
000012F8,
0000173D,
0000190E,
000019C7,
00001CB7,
00001CD5,
00001FEC,
000004E7,
000007A8,
000007D3,
000007E2,
00000E8B,
0000103D,
0000106C,
00001096,
000012E1,
000012F8,
0000173D,
000018C2,
0000190E,
00001AAF,
00001CD5,
00001D79,
00001FEC,
000003BB,
000007A5,
000019C4,
000003BB,
00000448,
00000706,
000007A5,
00000D31,
0000151A,
000016F6,
00001707,
000019C4,
00001B2A,
0000018F,
00000230,
00000448,
000004AE,
00000706,
00000788,
00000ACF,
00000B84,
00000D31,
00000D3A,
0000105B,
00001499,
0000151A,
0000198D,
00001A1B,
00001A23,
00001B2A,
00001B4D,
00001BF4,
00001D6D,
00001E2C,
00000172,
0000018F,
000004AE,
00000B66,
00000D26,
00000FA5,
00001053,
0000105B,
00001499,
00001B33,
00001B4D,
00001BF4,
00001D6D,
00001DEF,
00001DF9,
00001DFC,
00001E22,
00001E30,
00001F1F,
00001F39,
00001F42,
00001F68,
00001F70,
00001F7C,
00000D26,
00001A6D,
00001DFC,
00001F1F,
00001F39,
00001F42,
00001F68,
00001F70,
000020CB,
00002155,
0000215B,
000004A4,
0000097D,
00000FA9,
000012A0,
000012EA,
000015FF,
00000119,
000001A9,
000001DB,
0000039E,
0000042A,
000004A4,
000005FF,
00000665,
00000778,
000007BF,
0000088C,
000008CE,
00000911,
0000097D,
000009C8,
00000DA4,
00000E9B,
00000FA9,
0000100B,
0000108C,
000012A0,
000012EA,
00001318,
00001325,
0000132A,
00001475,
00001488,
000015FF,
00001897,
000019E3,
00001AC5,
00001B04,
00001B61,
00001BF6,
00001BFE,
00001CC2,
00001CCF,
0000011F,
00000358,
00000413,
00000488,
000004EA,
0000057D,
00000679,
00000B4E,
00000E51,
00000EE6,
000010E8,
000010F4,
00001262,
00001291,
000013F3,
00001794,
00001BD2,
00001CB7,
00001CD5,
00001D6C,
00001DCD,
00001CD5,
000001EA,
000002F9,
0000036A,
000005D3,
000005FF,
00000697,
000008CE,
000009C8,
000009E8,
000009F5,
00000A56,
00000CB5,
00000CEB,
00000E21,
00000F3C,
00001061,
00001475,
0000157F,
000016E4,
0000175C,
000017EB,
00001986,
000019E3,
00001AC5,
00001B61,
00001CC2,
00001F60,
0000024D,
000002F9,
00000337,
0000036A,
000005D3,
00000878,
00000886,
000009E8,
00000B2D,
00001001,
00001309,
00001402,
000016E4,
0000175C,
00001986,
00001E87,
00001E8F,
00000108,
00000321,
00000B2D,
00000C86,
00000D55,
0000102B,
00001309,
000013BE,
00001402,
000014A8,
00001534,
0000182A,
00001E64,
00001E87,
00001E8F,
00001F53,
0000011F,
00000127,
00000488,
0000052B,
0000056D,
00000955,
00000A30,
00000B4E,
00000D36,
00000D55,
00000E03,
00000E51,
00000E97,
0000123C,
000012D4,
000014A8,
00001534,
00001794,
000017EE,
0000182A,
00001A71,
00001BCF,
00001BD2,
00001EA2,
00001F26,
00001F53,
00001F9B,
000020B9,
00000056,
00000093,
000000AA,
0000018C,
00000196,
00000228,
0000022F,
00000262,
00000272,
00000287,
000002BC,
00000405,
00000480,
00000563,
00000586,
00000591,
0000059B,
000005D0,
000005F1,
000005F3,
000006C0,
0000070F,
00000720,
00000722,
00000723,
0000077C,
00000805,
0000083A,
00000A16,
00000AA0,
00000AF9,
00000B01,
00000B57,
00000B59,
00000B74,
00000D22,
00000DCD,
00000E87,
00000EAB,
00000F14,
00000F18,
00000FCD,
00000FD2,
0000100E,
000010CC,
000010DD,
000010E5,
00001119,
00001289,
00001319,
000013CD,
000014F6,
000014FF,
00001513,
000015BE,
000017EF,
000018E4,
00001ABD,
00001AC7,
00001ACB,
00001B0E,
00001B64,
00001FF8,
00002142,
0000215C,
00000056,
0000008A,
000000E7,
00000110,
0000024C,
000002BC,
0000040D,
0000043C,
0000047E,
000004AB,
000005F3,
000006C0,
00000722,
0000081F,
000008F3,
00000AA0,
00000B59,
000010DA,
000010E5,
00001319,
0000162F,
00001ABD,
00001B0E,
0000004F,
0000008A,
000000B2,
000000C1,
00000110,
00000233,
00000377,
00000409,
0000043C,
0000047E,
000004AB,
00000565,
000005F8,
00000636,
000006C0,
0000081F,
00000BFB,
00000D24,
00000D65,
00000D8F,
00000D94,
0000100D,
000010DA,
00001319,
000015AD,
00001B46,
00001B9C,
00001BD6,
00001C5A,
0000004F,
00000080,
000000B2,
000000C1,
000000D5,
0000010E,
00000181,
00000233,
00000240,
00000421,
00000434,
00000694,
00000704,
000007AB,
000007B9,
000008BF,
0000090E,
00000AAA,
00000AAF,
00000BF0,
00000BFB,
00000C1A,
00000C5D,
00000C6B,
00000D24,
00000D5F,
00000D65,
00000D6A,
0000100D,
00001409,
000016ED,
00001738,
0000173E,
000017E3,
00001BD6,
00000251,
00000704,
0000090E,
00000AAF,
000017E3,
000019DA,
00001B1D,
00000251,
00000816,
00000973,
00000E34,
00001510,
0000165D,
000019DA,
00001B1D,
00001B57,
000001D9,
0000023B,
00000816,
00000973,
000009AA,
000009C7,
00000E34,
00000F0C,
00001076,
00001510,
0000159D,
000015A2,
000015A8,
000015F3,
0000165D,
00001905,
000019DA,
00001A20,
00001A31,
00001A5E,
00001B57,
00001D99,
00002167,
00000092,
0000015D,
00000171,
000001D9,
0000023B,
0000025E,
000003BD,
000004DB,
00000633,
000006EC,
00000799,
00000A57,
00000C6F,
00000E3A,
00000F0C,
00001072,
00001076,
00001146,
00001485,
0000148F,
00001688,
00001770,
0000177B,
00001799,
0000182C,
00001905,
00001A20,
00001A5E,
00001B3A,
00001E60,
00001EA4,
00002167,
000000DF,
0000025E,
000003B9,
00000498,
000005DF,
00000601,
00000A22,
00000C0C,
00000DBE,
00001067,
00001072,
000013A2,
000013D4,
00001688,
00001695,
0000169E,
0000177B,
000017CD,
00001893,
00001895,
000018C1,
00001904,
00001A3A,
000000DF,
00000176,
00000277,
0000027F,
00000371,
0000084B,
00000B58,
00000FAE,
00001223,
00001281,
000013A2,
000013D4,
00001639,
000017CD,
000017D0,
000017D2,
000017DA,
0000181E,
00001893,
00001895,
00001904,
0000190C,
00001AD4,
00001C05,
00001C9A,
00001D69,
00001F2F,
000020F8,
00000283,
00000371,
0000058D,
00000714,
0000084B,
00000A50,
00000B58,
00000B92,
00000DFA,
0000104D,
0000125F,
000012DE,
00001639,
000017D0,
000017DA,
000017FC,
0000181E,
0000182F,
0000184E,
00001881,
00000283,
0000058D,
00000B92,
0000000B,
00000056,
000000AA,
00000AA0,
00000B57,
00000FC9,
000010E5,
00001119,
000011F3,
00001210,
000018E4,
00002142,
0000215C,
00000056,
000001F2,
00000299,
00000567,
00000645,
0000067E,
000008F3,
00000A5C,
00000AA0,
00000AE1,
00000FC9,
000010E5,
0000115C,
000011B2,
000011F3,
00001210,
00001586,
000015B4,
0000162F,
0000177D,
000017D8,
00001812,
00001828,
0000185B,
000019EF,
00001AED,
00001DCB,
00002099,
00002116,
0000212C,
0000212F,
0000027F,
0000042B,
00000B58,
00000D1D,
00000E86,
00000FAE,
00001178,
000013AD,
00001529,
00001639,
0000165F,
000016D3,
00001722,
00001847,
00001AD4,
00001D69,
00001DDA,
00001FA2,
00001FCC,
000020F8,
000002E7,
0000033C,
0000042B,
000004A8,
00000518,
00000714,
00000880,
000009E9,
00000B33,
00000B58,
00000B92,
00000B99,
00000BB6,
00000BFD,
00000D1D,
00000DFA,
00000E86,
00000FF3,
0000104D,
000012DE,
00001614,
00001639,
0000165F,
000016D3,
000017FC,
0000182F,
0000184E,
00001B21,
00001DDA,
00001FA2,
00001FCC,
000002E7,
0000033C,
000004A8,
00000518,
0000066F,
00000B33,
00000B92,
00000BFD,
00000C4B,
000014E9,
00001526,
0000155D,
00001572,
000015A1,
000015B3,
00001614,
00001B21,
00001B9E,
00001BCC,
00000C4B,
000020C8,
000020FA,
000008C9,
00000983,
000010E6,
0000148D,
00001844,
00002012,
000020B8,
000020BF,
000020C6,
000020C8,
000020DD,
000020FA,
0000002F,
000002C2,
000003BA,
00000463,
00000549,
0000067E,
00000735,
00000784,
00000818,
0000081E,
000008C9,
000009B8,
00000B8F,
00000DF5,
0000105A,
000010DB,
000011B2,
000011BC,
000011ED,
00001243,
00001418,
000014E0,
0000185E,
000018FB,
00001AED,
00001B94,
00001DCB,
00001F29,
00002012,
00002099,
000020AC,
000020B8,
000020BF,
000020C6,
000020DD,
00002116,
0000212C,
0000212F,
0000042B,
00000D1D,
00000E86,
0000165F,
000016D3,
000019CA,
00001A19,
00000190,
000001CC,
0000033C,
0000042B,
000004A8,
000004D6,
00000745,
000008C6,
000008E8,
000009E9,
00000AAB,
00000D1D,
00000E86,
00000FDC,
00001013,
0000108F,
000010A0,
000010B6,
000010DE,
00001154,
000013C9,
000013E9,
000015B5,
000015F9,
0000165F,
000016D3,
000017C2,
00001882,
00001885,
000019CA,
000019DF,
00001A19,
00001AC2,
00001CA7,
00001CBA,
00001F0F,
00001F38,
00001F3D,
0000025B,
0000033C,
000004A8,
0000066F,
00000974,
00000A31,
00000AAB,
00000ACA,
00000C2B,
00000C4B,
00000CD4,
00000D2E,
00000F08,
00000F25,
000010DE,
000010DF,
00001209,
000013E9,
0000141E,
000014E9,
00001526,
0000154D,
00001562,
0000157A,
00001885,
00001B9E,
00001C4C,
00001CA7,
00001CBA,
00001F0F,
00001F38,
00001F3D,
00001FD9,
00001FF0,
00002072,
000020F7,
00000C4B,
00000CD4,
00000D2E,
00001FD9,
00001FF0,
00002072,
00001645,
00001E5E,
000002C4,
0000038F,
00000850,
000009B2,
00000FD5,
0000114C,
000011B6,
00001201,
000015D0,
00001645,
00001651,
00001713,
0000186C,
00001E5E,
00001F57,
00001FF1,
00002033,
000020B5,
000020C8,
000020EE,
000020F2,
000020FA,
0000038F,
00000983,
00000F5A,
00000FD5,
000010E6,
0000148D,
000015D0,
00001651,
00001844,
0000186C,
000020C8,
000020FA,
00000463,
000009B8,
00001B94,
00000026,
00000059,
0000005A,
00000097,
00000190,
000004D6,
000006B9,
000006E0,
00000733,
00000914,
00000BB3,
00000F50,
00000FDC,
0000102A,
0000108F,
00001154,
0000132B,
000013E9,
00001419,
00001425,
000014F4,
00001780,
000017BD,
000017F3,
00001885,
000018BE,
00001A56,
00001AC2,
00001CA7,
00001CBA,
00001DB7,
00001EED,
00001F50,
000001D8,
0000025B,
00000686,
000006E0,
000009E7,
00000A31,
00000BB3,
00000D2E,
00000F70,
000010C8,
000011FD,
0000132B,
000013E9,
0000154D,
00001562,
000015A3,
000015CC,
000016C7,
00001885,
000018BE,
00001BBF,
00001C4C,
00001CA7,
00001CBA,
00001FAC,
00002061,
00002072,
00000D2E,
000016C7,
00001FAC,
00002061,
00002072,
000008AA,
00000938,
00000AD5,
00000D71,
00001130,
00001131,
000011FB,
00001204,
0000123F,
000012D7,
0000139B,
00001584,
00001645,
0000189A,
000018AF,
00001952,
0000195C,
00001AA1,
00001B15,
00001D0E,
00001E5E,
00001F5B,
00001FE8,
000020F6,
000008AA,
00000938,
00000D71,
00000E50,
0000114C,
00001201,
000014F7,
00001645,
000017C3,
000018AF,
00001952,
0000195C,
00001B15,
00001D0E,
00001E5E,
00001F57,
00002033,
00000038,
0000005A,
0000037B,
0000045F,
0000047B,
0000070C,
00000B09,
00000C36,
00000DCE,
00000E14,
00000E18,
00000E9C,
00001419,
00001425,
0000146A,
0000152F,
0000169F,
000017F3,
00001A56,
00001EED,
00001F50,
000020ED,
00000015,
00000021,
00000112,
00000739,
0000079C,
00000AD5,
00000F0D,
000011B8,
000012D7,
0000139B,
00001416,
000014DF,
00001584,
0000189A,
000018AF,
000018E8,
00001B23,
00001E7E,
00001FE6,
00001FE8,
0000201C,
000020F1,
00002133,
000011B8,
00001416,
000018AF,
000020F1,
000020F5,
00000038,
0000041D,
0000045F,
0000047B,
00000708,
00000A2E,
00000CFF,
00000D39,
00000DA3,
00000DCE,
00000E9C,
0000146A,
00001684,
0000169F,
00001942,
00001E05,
00001ED1,
00001EF1,
00000112,
00000474,
00000739,
0000090F,
00000A8D,
00000B4B,
00000EA0,
00000F0D,
000011B8,
000014B0,
000014D2,
000014DF,
00001A49,
00001BE5,
00001EB6,
00002094,
000020F1,
00002106,
00002133,
0000090F,
00000B4B,
00000BB2,
000011B8,
000020F1,
000020F5,
0000074A,
00000DEF,
00001355,
000017DC,
00001C56,
00001F20,
00001FB3,
00000185,
000006D9,
00000708,
0000074A,
000008DE,
00000D39,
00000DEF,
00001355,
00001684,
000017DC,
00001942,
00001B4B,
00001C4E,
00001C56,
00001E05,
00001E4F,
00001EF1,
00001F20,
00001FB3,
000006A1,
00000772,
000009FB,
00000D84,
00000EDA,
00001185,
00001227,
0000139D,
00001616,
00001E80,
00001E88,
00002059,
00000474,
000006A1,
00000772,
0000082C,
0000090F,
0000097A,
0000097F,
00000986,
000009FB,
00000AEC,
00000B08,
00000B4B,
00000C5B,
00000C91,
00001075,
000010CA,
000011B8,
00001227,
0000139D,
0000155B,
00001616,
0000178C,
00001852,
000018BC,
00001939,
00001A85,
00001D0D,
00001D11,
00001DAE,
00001E2F,
00001E51,
00001E55,
00001E80,
00001E88,
00001EA3,
00001EB6,
00001F32,
00002106,
0000090F,
00000986,
00000AEC,
00000B08,
00000B4B,
00000BB2,
00001075,
00001077,
000011B8,
00001D11,
000020F5,
000007D8,
00000A52,
00001B34,
0000018B,
0000042F,
0000043D,
000007D8,
00000A52,
00000C80,
00000EC4,
000010BE,
000010FE,
000015B1,
000019AA,
00001B34,
00001DFD,
00001E09,
0000012C,
00000881,
000010BE,
00001317,
0000133B,
00001808,
0000199A,
00001DFD,
00001E09,
000001D4,
00001808,
000018C7,
0000199A,
00000393,
00000532,
0000126F,
00001450,
00001B8C,
00001F49,
00001FE2,
00002035,
00000393,
00000A10,
00000C29,
00000D90,
00000E62,
000010E2,
0000126F,
00001355,
000016A7,
000017B9,
000017DC,
00001AD3,
00001B8C,
00001C56,
00001EF8,
00001F49,
00001F5E,
00001F8E,
00001F9C,
00001FB3,
00001FE2,
00002015,
00002035,
00000185,
00000C29,
00000D90,
00001355,
000017DC,
00001C56,
00001FB3,
00000205,
000006A1,
00000772,
00000773,
000009FB,
00000C57,
00000D84,
00000D8C,
00000DAA,
00000E09,
00000EDA,
0000103C,
00001185,
000011C0,
00001571,
00001616,
00001718,
00001E80,
00001F87,
00001FCE,
00001FF5,
0000201F,
00002023,
00002059,
000020AE,
000006A1,
00000772,
000009FB,
00000D78,
0000103C,
00001616,
00001E80,
00001F87,
00001FCE,
00001FF5,
000007D8,
00000A3B,
00000A52,
00000F97,
0000107E,
00001674,
00001841,
00001B34,
00001C95,
00001CA0,
0000211A,
0000018B,
000001EE,
0000042F,
0000043D,
00000457,
000004A0,
0000056E,
000006FC,
000007D8,
000007E9,
00000A3B,
00000A52,
00000A8B,
00000AA7,
00000C80,
00000CF2,
00000D43,
00000DD3,
00000EC4,
00000F97,
00000FEE,
0000106C,
0000107E,
000010BE,
000010FE,
00001150,
0000127C,
000012BD,
00001492,
000015B1,
000015DA,
000015E0,
00001841,
000018C2,
000019AA,
000019FD,
00001A83,
00001ADF,
00001B27,
00001B34,
00001B74,
00001C95,
00001CA0,
00001CFD,
00001DC9,
00001DFD,
00001E09,
0000012C,
000003DB,
00000457,
000006FC,
00000724,
000008F1,
00000952,
00000AF8,
00000C71,
00000D62,
00000DD3,
000010BE,
00001228,
000012BD,
00001317,
0000133B,
000017DD,
00001808,
0000199A,
00001A3E,
00001B27,
00001B3B,
00001BF0,
00001DFD,
00001E09,
00001E67,
00001ECE,
00000153,
000001D4,
00000201,
00000237,
00000245,
000003DB,
00000450,
0000072C,
000007A5,
0000092D,
00000952,
000009AE,
000009B1,
00000BE3,
00000C71,
00000D1C,
00000D28,
00000F7E,
0000154B,
00001602,
00001636,
0000179F,
000017A1,
000017DD,
00001808,
00001877,
000018C7,
0000199A,
00001A3E,
00001BF0,
00000153,
00000201,
00000448,
0000072C,
000007A5,
00000811,
000009AE,
00000B4C,
00000BE3,
00000D28,
00000D5A,
00001602,
000016F6,
00001707,
00001877,
00000448,
00000811,
00000A3D,
00000B4C,
00000D5A,
000012D2,
0000161F,
00001683,
000019E1,
000004D4,
000007AF,
000007B6,
000007DC,
00000810,
00000D26,
00001053,
000012D2,
00001365,
0000161F,
00001683,
00001A92,
00001DF5,
00001E01,
00001EBF,
00001EDC,
00001F39,
00001F70,
00002029,
00000148,
00000393,
00000532,
000007B6,
0000094A,
00000BA7,
00000D0B,
00000D26,
00000D3D,
00001365,
00001450,
0000165C,
00001A66,
00001C3F,
00001D89,
00001EBF,
00001EDC,
00001F39,
00001F49,
00001F70,
00001FE2,
00001FEF,
00002029,
00002035,
0000206B,
000020CB,
000020DA,
0000210C,
00002126,
00002155,
00000393,
00000A10,
00000BA7,
00000D3D,
00000E62,
00001AD3,
00001F49,
00001F8E,
00001F9C,
00001FE2,
00002035,
0000210C,
000009A5,
00000B69,
0000103C,
000011C0,
00001D8E,
00001E04,
00001F87,
00001FB0,
0000201F,
00002023,
00000301,
00000573,
0000088C,
0000090A,
000009A5,
00000B69,
00000D78,
00000E73,
0000103C,
0000115B,
000012AB,
000012AE,
00001396,
00001488,
00001662,
00001665,
00001897,
00001B19,
00001D8E,
00001E04,
00001F5F,
00001F85,
00001F86,
00001F87,
00001FB0,
00002052,
00000124,
00000135,
000001C3,
00000413,
000004EA,
00000865,
000008C8,
00000C4A,
00000D63,
00000EE6,
00001241,
000012E1,
000012F8,
00001342,
0000137A,
00001674,
0000190E,
000019C7,
00001A80,
00001B7F,
00001C26,
00001C8B,
00001C95,
00001CA0,
00001CC9,
00001D4C,
00001D67,
000001C3,
00000865,
00000A8B,
00000AA7,
00000C4A,
0000106C,
000012E1,
000012F8,
000018C2,
0000190E,
00001C95,
00001CA0,
00001DC9,
000007A5,
00000448,
000007A5,
00000B4C,
00000D31,
000016F6,
00001707,
0000018F,
00000448,
000004AE,
00000788,
00000A3D,
00000ACF,
00000B4C,
00000D31,
00000D3A,
000012D2,
00001683,
00001D6D,
00000172,
0000018F,
000004AE,
000004D4,
00000810,
00000D26,
00001053,
000012D2,
00001683,
00001BDB,
00001D6D,
00001DEF,
00001E01,
00001F39,
00001F70,
00000D26,
00001F39,
00001F70,
000020CB,
00002155,
000001E8,
0000022C,
00000301,
00000362,
000004C8,
00000665,
0000088C,
000008CE,
00000911,
00000AE4,
00000E55,
00000E66,
00000E9B,
00000F83,
00001137,
00001152,
0000115B,
00001318,
0000132A,
00001396,
00001475,
00001488,
000015D3,
00001734,
00001897,
00001B19,
00001BF6,
00001CCF,
00001F85,
00002037,
00002052,
00002069,
00002103,
00000073,
00000135,
000001C1,
000002D8,
00000413,
00000488,
000004EA,
000004F5,
000007FD,
00000842,
000008C8,
00000B04,
00000B4E,
00000BA6,
00000C5A,
00000D63,
00000E51,
00000EE6,
00000F74,
00001000,
00001241,
000013BF,
0000145F,
00001794,
00001BEF,
00001D4C,
00001D67,
00001DCD,
00000238,
000002F9,
0000036A,
000004B2,
000005D3,
00000677,
00000697,
000008CE,
00000F83,
00001137,
000011D6,
00001475,
00001615,
00001691,
0000172C,
00001734,
0000175C,
00001F60,
00000042,
00000238,
0000024D,
000002F9,
00000337,
0000036A,
0000038A,
0000040C,
000005D3,
000008E1,
00000B2D,
00000BEB,
00000CB8,
00000F36,
00001001,
000010B8,
000010BF,
000011D6,
00001615,
00001691,
00001744,
00001746,
0000175C,
00001990,
00001A7E,
00001CC3,
00001CC4,
00001E87,
00000321,
000004A1,
000004B4,
000004FB,
00000B2D,
00000C86,
00000D55,
00000FA0,
0000102B,
000010B8,
000010BF,
00001822,
0000182A,
00001988,
000019B6,
00001A7E,
00001C55,
00001CC3,
00001CC4,
00001DE7,
00001E87,
00001F09,
00000127,
00000488,
000004FB,
000007FD,
00000842,
000008EB,
00000A30,
00000B04,
00000B4E,
00000D55,
00000D5C,
00000D72,
00000E03,
00000E51,
00000FA0,
000012D4,
0000132D,
00001473,
00001794,
000017EE,
00001822,
0000182A,
0000193E,
00001AF9,
00001B08,
00001BEF,
00001D95,
00001E06,
00001F09,
00001FCF,
000020B9,
00000093,
00000287,
000002D4,
00000480,
0000050D,
00000563,
000006AE,
00000806,
0000084A,
00000A6F,
00000AF9,
00000B40,
00000B57,
00000B74,
00000B88,
00000BC5,
00000D22,
00000DCD,
00000E91,
00000FB3,
000011E8,
000011F1,
0000127A,
00001319,
0000134C,
000013CD,
000014CB,
000015BE,
00001AC7,
00001ACB,
00001B0E,
00001CDF,
00001D5E,
00001FF8,
00002142,
0000215C,
0000081F,
000010DA,
00001319,
00001B0E,
0000035B,
000004E0,
000006AF,
000007D9,
0000081F,
00000BFB,
00000D94,
0000100D,
00001023,
000010DA,
00001319,
00001B46,
00001B9C,
00001BD6,
000000C7,
00000181,
00000191,
00000192,
0000019B,
0000022A,
00000280,
00000298,
0000029C,
0000034B,
0000034D,
00000426,
00000444,
000004D7,
000004D8,
000004E0,
00000501,
0000058B,
00000694,
00000695,
000006AF,
00000704,
0000074B,
0000074E,
0000078C,
000007B9,
0000090E,
00000AC0,
00000AFF,
00000BF0,
00000BFB,
00000C1A,
00000C5D,
00000C6B,
00000D5F,
00000D6A,
00000EC5,
0000100D,
00001037,
000012D6,
00001409,
0000171A,
0000173E,
0000196D,
00001BD6,
00001C1A,
00000047,
000000F5,
00000192,
000001C6,
00000251,
00000280,
00000298,
000002B9,
0000032A,
0000034B,
0000040B,
00000704,
0000074B,
00000769,
0000078C,
0000090E,
00000970,
000009FA,
00001037,
0000196D,
00001B1D,
0000004E,
00000058,
00000154,
000001C6,
00000251,
00000288,
000002B9,
000002C5,
000002DF,
000002E6,
000002EA,
0000032A,
0000035A,
000003D3,
0000064B,
000007A9,
00000973,
00000E34,
000014AC,
00001537,
00001B1D,
00001B57,
000000CE,
0000014D,
0000016E,
000001D9,
00000219,
00000248,
00000285,
0000028A,
00000292,
00000335,
0000035A,
000003CB,
000003D3,
000003D7,
000003EE,
000003F0,
00000477,
000004DC,
000004DD,
0000054E,
00000650,
000006AC,
000006DB,
000007D0,
000007EE,
00000973,
00000AD9,
00000E34,
00000F0C,
00000FFA,
000014AC,
00001537,
000015A8,
000015F3,
00001905,
00001A31,
00001B57,
0000003B,
00000092,
00000171,
0000017C,
000001D9,
00000248,
00000259,
00000285,
00000292,
000003BD,
000003CF,
000003D7,
000003EE,
00000462,
00000505,
000005F7,
00000633,
000006EC,
0000074C,
000007B4,
000007D0,
00000C6F,
00000C82,
00000C9F,
00000EA6,
00000F0C,
0000102E,
00001038,
00001072,
000010BB,
000010C3,
00001146,
00001688,
00001770,
0000177B,
00001799,
00001905,
00000175,
00000515,
00000538,
000005DF,
00000601,
00000737,
0000074C,
0000084C,
00000A22,
00000C0C,
00000C9F,
00000CC4,
00000CD9,
00000EA6,
0000102E,
00001072,
000010AB,
00001138,
000011C8,
000011EA,
000011EE,
00001688,
00001695,
000016B2,
000016BE,
000016D9,
0000177B,
000017B1,
000017CD,
00001893,
00000175,
0000027F,
000002D2,
00000538,
0000084C,
00000FAE,
000017B1,
000017CD,
00001893,
0000189B,
0000182F,
0000184E,
00000006,
0000000B,
000000FD,
00000267,
000004BB,
00000B40,
00000B57,
00000BC5,
00000FC9,
000010AA,
000011F1,
0000120E,
00001210,
00001274,
0000127A,
00001303,
00001AF1,
00001B24,
00002142,
0000215C,
00000006,
00000024,
000000C8,
000000FD,
0000012F,
000001B9,
000001F2,
00000267,
00000299,
000002C9,
000002E4,
00000303,
0000054D,
00000566,
000005B0,
0000067E,
00000777,
00000932,
00000A5C,
00000B5B,
00000BAE,
00000BF9,
00000D9D,
00000DA8,
00000DAF,
00000E0B,
00000F02,
00000FC9,
00001048,
0000120E,
00001210,
00001274,
00001404,
00001517,
00001625,
00001649,
0000177D,
0000181B,
0000185B,
00001AED,
00001B92,
00001BB0,
00001CE3,
000020C2,
0000212F,
0000011D,
000002B5,
000002C9,
0000035B,
000007D9,
00000BF5,
00000C03,
00000E56,
00000E74,
00000F67,
00001048,
0000111C,
0000135F,
00001382,
000013A5,
000013D2,
00001404,
0000148E,
00001517,
0000175F,
000017E8,
0000181B,
0000183E,
00001B62,
00001B92,
00001C29,
00001CE3,
00001E4C,
00001EA0,
00001EF6,
00001FB1,
00001FC8,
00002004,
00002086,
000020C2,
00002129,
0000003F,
0000011A,
000002B5,
000002CC,
00000354,
00000438,
000005CB,
00000604,
000006D8,
00000B29,
00000B46,
00000B73,
00000D9B,
00000E0D,
00000F67,
00000FAF,
0000111C,
000012D5,
0000135F,
00001382,
000017E8,
0000183E,
00001951,
00001972,
000019D6,
00001CB2,
00001CBD,
00001EDE,
00001EF6,
00001F4B,
00001FB1,
00001FB8,
00001FC8,
00002079,
0000208B,
00000B29,
00000B46,
00000B73,
00000F0F,
000013D8,
000013DF,
0000154C,
00001CB2,
00001CBD,
00002021,
0000001E,
00000175,
00000538,
0000097C,
00000AD6,
00000DAD,
00000F6A,
0000119C,
000011EA,
000012F3,
00001668,
00001763,
000017B1,
00001B67,
00002089,
000020D7,
00000175,
0000027F,
000002D2,
0000042B,
0000047C,
0000049F,
00000538,
00000736,
0000097C,
00000AD6,
00000D1D,
00000E86,
00000FAD,
00000FAE,
00001178,
00001188,
0000119C,
00001293,
000013AD,
00001401,
00001529,
000015EA,
0000165F,
00001668,
00001763,
000017B1,
00001847,
0000189B,
000018AA,
000018DF,
00001FA2,
00001FCC,
00002089,
0000033C,
000003B1,
0000042B,
000004A8,
00000880,
000008C5,
000009E9,
00000B99,
00000BFD,
00000D1D,
00000E86,
00000F78,
00000FF3,
0000107A,
000011CF,
00001314,
00001364,
00001366,
0000165F,
0000182F,
0000184E,
000018AA,
00001FA2,
00001FCC,
00001FFB,
0000033C,
000004A8,
00000BFD,
000008C9,
00000C77,
00000E43,
000010E6,
000015F6,
00001844,
00002012,
00000463,
0000067E,
00000818,
00000863,
000008C9,
000009B8,
000009F1,
00000AF5,
00000B3E,
00000C77,
00000F55,
00000FA7,
000010ED,
00001243,
00001404,
00001591,
000015AA,
000015F6,
000016D8,
00001AED,
00001B94,
00001F29,
00002012,
0000204E,
00002064,
000020AC,
000020C2,
0000212F,
0000011D,
000004E9,
000006E7,
00000863,
00000AF5,
00000E56,
00000F55,
00000F67,
00001404,
0000148E,
0000159A,
000015AA,
000017E8,
00001873,
00001AF8,
00001C29,
00001CBC,
00002004,
0000204E,
000020C2,
000020DB,
000020EF,
00002129,
00000212,
00000354,
00000635,
00000638,
000007B1,
00000933,
00000A79,
00000B46,
00000F67,
00000F73,
00000FAF,
000010FC,
0000159A,
000015B7,
000017B5,
000017E8,
00001804,
0000186D,
00001873,
000018A1,
00001A18,
00001B0A,
00001B7C,
00001CB2,
00001CBD,
00001E68,
00001EA6,
00001EDE,
00001F4B,
00002079,
00002146,
00000212,
0000053F,
00000638,
00000A79,
00000B46,
00000F0F,
00001008,
00001343,
0000154C,
000017B5,
00001804,
00001CB2,
00001CBD,
00002021,
0000204B,
00002146,
00000A9B,
0000119C,
00001417,
00001668,
00001B67,
0000042B,
0000047C,
00000597,
00000736,
000007BE,
000007F9,
00000A9B,
00000D1D,
00000E86,
00001030,
0000119C,
000011A3,
00001401,
00001417,
000015EA,
0000165F,
00001668,
00001685,
00001864,
000018AA,
0000194D,
0000197D,
000019CA,
00001A19,
00001EE0,
00001EE8,
000020BA,
000001CC,
0000033C,
0000042B,
000004A8,
000004D6,
00000745,
000008C5,
000008C6,
000009E9,
00000AAB,
00000D1D,
00000E86,
00001030,
0000107A,
00001154,
000011A3,
00001364,
000013C9,
0000165F,
000017C2,
000018AA,
000019CA,
000019DF,
00001A19,
00001F0F,
00001F38,
00001F3D,
00001FFB,
0000033C,
000004A8,
00000AAB,
00001F0F,
00001F38,
00001F3D,
000004DA,
00000FD5,
00001201,
000015EB,
00001651,
00001890,
000018EF,
00002033,
000020C0,
000020EE,
00000555,
000005C4,
000007C2,
00000C77,
00000E43,
00000F5A,
00000FD5,
000010E6,
000015EB,
000015F6,
00001651,
0000179E,
00001844,
00001890,
000018EF,
00001E27,
000020C0,
00002111,
0000009A,
00000329,
000003F8,
00000463,
00000555,
000007C2,
00000863,
0000089E,
000009B8,
000009F1,
00000AF5,
00000B4D,
00000B5A,
00000C77,
00000DE4,
00000FA7,
0000116B,
0000142E,
000015F6,
000016D8,
0000177F,
00001790,
00001B94,
00001CD7,
00001DA4,
00001F82,
00002011,
00002064,
00002111,
0000009A,
00000329,
000004E9,
000006E7,
00000863,
0000089E,
000008CC,
00000AF5,
00000D8A,
00000DE4,
00001AF8,
000020DB,
00002130,
00000212,
000002DE,
000007B1,
00000F73,
000010FC,
0000132F,
000017B5,
00001804,
0000186D,
000018A1,
00001A18,
00001D25,
00001D4A,
00001D7F,
00001DEB,
00000212,
00001008,
0000132F,
00001343,
000017B5,
00001804,
0000204B,
0000027A,
0000036C,
000007BE,
000007F9,
000009D7,
00000E06,
00001030,
000011A3,
00001832,
00001923,
0000194D,
0000197D,
00001999,
00001D74,
00001DD9,
00001EE6,
00001EE8,
00002047,
000020D8,
0000211B,
000004D6,
00001030,
00001154,
000011A3,
00001419,
00001425,
00001832,
00001D74,
00001DB7,
00001DD9,
00001EE6,
000020D8,
00000938,
00000D44,
0000189A,
000018AF,
0000195C,
00001D0E,
00000000,
0000032C,
000004DA,
0000079D,
00000938,
00000C31,
00000D44,
00001201,
000012F2,
0000131D,
000013D1,
000013DA,
000014B6,
000014F7,
000015EB,
000017C3,
00001890,
000018AF,
000018CD,
000018EF,
0000195C,
00001D0E,
00001FA6,
00002033,
000005C4,
000013DA,
000015EB,
00001890,
000018EF,
00001FA6,
00000849,
000009D7,
00000E06,
00001256,
000014FD,
00001520,
00001607,
000016F8,
00001832,
00001D49,
00001D74,
00001EF2,
00001F34,
0000211B,
0000037B,
0000070C,
00000DCE,
00000ECA,
00001419,
00001425,
000014FD,
0000169F,
000016F8,
00001832,
00001D74,
00000015,
00000C23,
00000D44,
00000D56,
000011B8,
00001416,
0000189A,
000018AF,
000020F1,
00000000,
00000090,
000006EA,
0000079D,
00000C23,
00000C31,
00000D23,
00000D44,
00000D56,
000011B8,
000012F2,
0000131D,
00001416,
0000141C,
000016FF,
000018AF,
0000208F,
000020B6,
000020D9,
000020F1,
000020F5,
000020FB,
00002104,
000006EA,
00000D23,
0000141C,
000002BE,
0000037C,
00000743,
00000AFA,
00000B10,
00001491,
000014FD,
00001520,
000016F8,
00001A2D,
00001ECF,
00001EE7,
00001EF2,
00001EF3,
00001F2C,
00001F34,
00001FE1,
0000200E,
00000708,
00000A2E,
00000AFA,
00000DA3,
00000DCE,
00000ECA,
000014FD,
00001684,
0000169F,
000016F8,
00001A2D,
00001ECF,
00001ED1,
00001EE7,
00001EF1,
00001EF3,
00001F2C,
00000C23,
00000D56,
000011B8,
000020F1,
0000001D,
00000145,
00000184,
0000029D,
000004F9,
000006C2,
000006EA,
00000826,
0000096B,
00000990,
00000BB2,
00000C23,
00000D23,
00000D56,
000011B8,
0000120C,
00001257,
00001260,
0000130E,
0000141C,
00001A7A,
00001AC1,
00001C28,
00001D1F,
00001E3B,
00002087,
0000208F,
000020B6,
000020D9,
000020F1,
000020F5,
00002104,
00002158,
00000550,
000006EA,
000009A9,
00000BD3,
00000D23,
00000F5D,
0000120C,
00001257,
00001260,
0000141C,
00001B75,
00001D1F,
00001D56,
00001D9A,
00001EA9,
00002096,
0000061A,
0000095C,
00000A3E,
00000E88,
0000149B,
00001704,
00001A47,
00001AD1,
00001B75,
00001D56,
00001D93,
00001F0D,
00000282,
000009DD,
00000A3E,
00000D6C,
00000DD8,
00001221,
0000134A,
00001400,
0000149B,
00001A47,
00001B13,
00001D93,
00001EFC,
00000282,
00000286,
00000835,
00000E40,
00000EAD,
000012DF,
000012F1,
00001400,
00001A36,
00001B13,
00001C82,
00001D23,
00001EFC,
00000144,
00000AB6,
00000EAD,
000012DF,
00001413,
00001740,
00001CB9,
00000089,
00000A5B,
000012EF,
00001334,
000018D8,
000018DE,
00001E4D,
00001F1A,
0000074A,
00000A5B,
00000B10,
00000DEF,
000012C4,
00001334,
00001355,
00001491,
00001585,
0000161A,
00001A74,
00001C56,
00001E4D,
00001ECF,
00001EF3,
00001F1A,
00001F20,
00001FE1,
0000200E,
00002016,
00000708,
0000074A,
00000DEF,
00001355,
00001684,
00001C56,
00001ECF,
00001EF1,
00001EF3,
00001F20,
00000218,
00000772,
00000B12,
00000B1B,
000010E4,
00001227,
0000139D,
00001459,
000019F6,
00001E6E,
00001ECD,
00002059,
000000E4,
00000218,
000003D6,
00000772,
0000095F,
0000097A,
0000097F,
00000986,
00000AEC,
00000B12,
00000C46,
00000C5B,
00000CE4,
00001075,
000011B8,
00001227,
000012C7,
00001380,
0000139D,
00001459,
0000178C,
0000198A,
000019B5,
000019D1,
000019E0,
000019F6,
00001A85,
00001AC3,
00001B1B,
00001D11,
00001EDB,
00001EFD,
00002109,
00000184,
00000234,
0000029D,
000004F9,
00000575,
000005B3,
000006C2,
00000826,
0000096B,
00000986,
00000990,
00000AEC,
00000BB2,
00000C46,
00001075,
00001077,
0000108A,
000011B8,
000011DF,
00001257,
00001260,
00001266,
000012C7,
00001870,
000018AC,
00001A7A,
00001AC1,
00001AC3,
00001AEE,
00001B1B,
00001BEA,
00001D11,
000020F5,
00002109,
00000234,
00000331,
00000502,
00000550,
000005B3,
000005E2,
000006F5,
00000750,
00000767,
000007E3,
000007E6,
00000824,
00000942,
000009A9,
00000BAF,
00000ED1,
00000EE5,
00000F5D,
000010A8,
00001143,
000011CE,
000011DF,
00001203,
00001257,
00001260,
00001266,
00001297,
000013CB,
00001479,
0000147D,
00001664,
0000166A,
000017E4,
000018F1,
00001908,
00001A1C,
00001A9E,
00001AEF,
00001B02,
00001B75,
00001D56,
00001D9A,
00001EA9,
00002096,
00000331,
00000590,
0000061A,
000006B8,
00000717,
000007D8,
000007E3,
00000939,
0000095C,
000009E6,
00000A52,
00000B83,
00000BB9,
00000C8D,
00000E88,
0000100F,
000011CE,
00001203,
00001297,
000012C5,
0000140A,
0000147D,
0000149B,
000014DE,
00001664,
0000166A,
00001704,
0000177A,
0000182B,
0000188F,
000018D1,
000019D0,
00001A1E,
00001A2C,
00001A47,
00001ACE,
00001AD1,
00001B34,
00001B75,
00001D56,
00001F0D,
00002080,
0000209A,
00000096,
0000018B,
00000389,
0000042F,
0000043D,
000006B8,
00000717,
000007D8,
000009DD,
000009E6,
00000A52,
00000B83,
00000C80,
00000C8D,
00000C95,
00000D6C,
00000EC4,
00000F40,
0000100F,
000010BE,
000010FE,
00001221,
0000134A,
0000149B,
000015B1,
00001733,
000018D1,
000019AA,
000019D5,
00001A47,
00001AD0,
00001B13,
00001B34,
00001C6A,
00001E09,
00001EFC,
0000012C,
000001EF,
00000286,
0000033E,
00000835,
00000852,
00000881,
00000B67,
00000DDB,
00000E40,
00000EAD,
00000F40,
000010BE,
0000112B,
000012DF,
000012F1,
00001808,
0000199A,
000019D5,
00001A44,
00001B13,
00001C6A,
00001D23,
00001E09,
00001EFC,
00000144,
000001D4,
0000027D,
0000034A,
000005B6,
00000619,
00000780,
00000852,
00000AB6,
00000B67,
00000C1B,
00000D54,
00000EAD,
00000FED,
000010A5,
0000112B,
00001208,
000012DF,
00001413,
00001739,
00001740,
0000174E,
00001808,
000018C7,
0000199A,
00001A01,
00001A44,
00001C5E,
00001CB9,
000003A0,
000005B6,
00000619,
00000C1B,
00000CDD,
00000D54,
00000D79,
00000FED,
00001208,
0000154F,
00001B96,
00001BAB,
00001C7A,
00001D24,
00001D3A,
0000065D,
00000660,
00000D79,
00000E1E,
00000E82,
000014AA,
0000154F,
00001BD0,
00001CFB,
00001D24,
00001E0D,
00001E4B,
0000004B,
0000007F,
000001C4,
00000392,
000005EF,
0000065D,
00000660,
000008DF,
00000B49,
00000D86,
00000E82,
00001012,
00001133,
00001580,
00001824,
00001956,
00001AF4,
00001B5D,
00001BD0,
00001C15,
00001DCE,
00001E21,
00001F81,
000020B3,
0000004B,
0000007F,
00000089,
0000008C,
00000392,
00000532,
0000075E,
000008DD,
00000A5B,
00000BCA,
00000DDD,
00000F23,
00000F8D,
0000126F,
00001450,
000018D8,
00001931,
00001AF4,
00001B8C,
00001D10,
00001D7E,
00001DCE,
00001E21,
00001E97,
00001F1A,
00000A5B,
00000CA3,
00000F8D,
0000126F,
000012C4,
00001339,
00001355,
0000161A,
000016A7,
000017B9,
00001931,
00001B8C,
00001C56,
00001D10,
00001D7E,
00001EF8,
00001F1A,
00001355,
00001C56,
000002E8,
00000401,
00000709,
00000772,
00000773,
000008BA,
0000097E,
00000B00,
00000B1B,
00000C57,
00000D13,
0000103C,
000010E4,
00001313,
000013FF,
0000140D,
00001434,
00001718,
0000175A,
0000176A,
00001E6E,
00001ECD,
00001F87,
00001FCE,
00001FF5,
00002059,
000002E8,
00000709,
00000772,
00000D13,
00000D78,
00000D7C,
0000103C,
00001313,
0000140D,
0000176A,
00001F87,
00001FCE,
00001FF5,
00000331,
00000502,
000007E3,
0000091A,
00000C14,
00000C35,
00000EC0,
00000F12,
000017B6,
000017C5,
00001908,
00001A1C,
00001AF6,
00001B7B,
00001C6F,
00001D3F,
00000331,
00000590,
000007D8,
000007E3,
00000939,
00000971,
00000A3B,
00000A52,
00000C14,
00000C35,
00000EC0,
00000F12,
00000F97,
00000FE0,
0000107E,
0000113F,
000012C5,
00001505,
00001674,
0000177A,
000017AC,
000017B6,
00001841,
00001ACE,
00001AF6,
00001B34,
00001C6F,
00001C95,
00001CD3,
00001D3F,
00001DE0,
00001EE1,
00001F3B,
00001F8F,
00001F92,
0000201D,
00002024,
0000211A,
0000018B,
0000042F,
0000043D,
000007D8,
00000A3B,
00000A52,
00000C80,
00000EC4,
00000F97,
0000107E,
000010BE,
000010FE,
000015B1,
00001841,
000019AA,
00001B34,
00001C95,
00001E09,
0000012C,
000010BE,
00001808,
0000199A,
00001E09,
00000153,
000001D4,
0000027D,
0000034A,
00000619,
0000072C,
000009AE,
000009B1,
00000B0B,
00000FED,
00001636,
00001739,
0000174E,
00001808,
00001877,
000018C7,
0000199A,
00000153,
000003A0,
000004F8,
00000619,
00000625,
00000651,
0000072C,
00000811,
000008A8,
000009AE,
00000B0B,
00000D5A,
00000E1A,
00000FED,
0000154F,
00001564,
000015C5,
000015DB,
00001646,
00001877,
00001A37,
00001B96,
00001BAB,
00001C7A,
00001D24,
00000034,
000004F8,
0000065D,
00000660,
00000811,
00000CCE,
00000D49,
00000D5A,
00000E1E,
000012D2,
0000154F,
00001564,
0000156A,
000015C5,
000015D8,
000015F1,
0000161F,
00001646,
00001683,
000016F5,
000019E1,
00001A37,
00001AA3,
00001CFB,
00001D24,
00001E0D,
0000007F,
000001C4,
000004D4,
0000065D,
00000660,
000006B3,
00000770,
000007AF,
00000810,
00000B49,
00000CCE,
00000D10,
00000D49,
00000F22,
000010A7,
00001133,
00001214,
000012D2,
00001365,
00001399,
0000156A,
0000161F,
00001683,
00001956,
0000198E,
00001A92,
00001AA3,
00001C15,
00001DCE,
00001DF5,
00001E21,
00001EC9,
00001EDC,
0000007F,
00000532,
000006B3,
000008DD,
00000BCA,
00000D0B,
00001365,
00001450,
0000165C,
00001DCE,
00001E21,
00001E97,
00001EDC,
00001FEF,
00002126,
000002E8,
00000709,
00000D13,
0000103C,
0000140D,
00001F87,
000000EE,
000002E8,
00000301,
00000573,
0000057C,
00000709,
0000073B,
00000756,
00000BDC,
00000CCA,
00000D13,
00000D78,
00000D7C,
0000103C,
00001120,
00001396,
0000140D,
000014A9,
00001662,
00001665,
00001697,
00001D9D,
00001F5F,
00001F87,
00001FC3,
00002052,
000020A7,
000020CA,
00001120,
000000BA,
000002FF,
0000055B,
00000640,
0000069F,
0000091A,
00000926,
000009AD,
000009D4,
00000A32,
00000BBC,
00000E23,
00000E69,
00000EC8,
00001315,
000017C5,
00001970,
000019DC,
00001AF6,
00001B7B,
00001D39,
00001D3F,
00001DC1,
00001E41,
00001EEE,
000000BA,
000001C3,
0000055B,
000008BC,
00000BBC,
00000EC8,
00000FE0,
00001241,
00001315,
0000137A,
00001505,
00001674,
00001AF6,
00001B5A,
00001B7F,
00001C26,
00001C95,
00001CC9,
00001D3F,
00001D67,
00001DC1,
00001F3B,
000001C3,
00001C95,
000012D2,
00001683,
000004D4,
00000810,
000012D2,
00001683,
000000EE,
000001E8,
0000022C,
00000301,
0000057C,
00000726,
0000073B,
00000976,
00000B6C,
00000CC9,
00000CCA,
00000E55,
00000F83,
00001073,
00001120,
00001137,
00001152,
00001168,
00001396,
000014A9,
000015D3,
00001697,
000016B5,
00001734,
00001758,
00001775,
000018CA,
00001A99,
00001C8D,
00001D9D,
00002037,
00002052,
000020A7,
000020CA,
00000391,
0000045A,
000005A7,
00000726,
00000853,
00000976,
00000FB4,
00001120,
000016B5,
0000171F,
0000172D,
00001758,
00001A99,
00000075,
000000AD,
000000BA,
00000167,
0000022E,
000002B2,
00000391,
000003EB,
0000040E,
0000045A,
0000053C,
0000055B,
000005C5,
00000640,
0000069F,
00000790,
000007C4,
00000809,
0000081A,
00000853,
000009AD,
000009D4,
00000CFD,
00000D8E,
00000F4E,
00000F88,
00000FB4,
0000127F,
00001454,
00001469,
000014B3,
0000159B,
0000171F,
00001970,
000019DC,
00001A9B,
00001E41,
00001EEE,
00001F27,
00001F78,
00001F8A,
00001F91,
000020CF,
00002108,
00002149,
00000075,
000000BA,
000001C1,
0000022E,
000003EB,
0000055B,
000005C5,
00000790,
000007C4,
00000842,
00000B04,
00000BA6,
00000C5A,
00000F4E,
00001000,
00001241,
000013BF,
00001D67,
00001F27,
00001F78,
00000238,
000004B2,
00000677,
00000726,
00000F83,
00001137,
00001168,
00001691,
000016B5,
00001734,
00000238,
0000038A,
00000391,
0000045A,
000005A7,
00000726,
00000853,
00000BEB,
00000FB4,
000010B8,
000010BF,
00001691,
000016B5,
0000172D,
00001744,
00001746,
00001990,
00001A7E,
00000075,
00000391,
0000045A,
000004B4,
000004FB,
0000053C,
0000081A,
00000853,
00000CFD,
00000D8B,
00000F4E,
00000FB4,
000010B8,
000010BF,
000019B6,
00001A7E,
00001C4D,
00001C55,
00001CFE,
00001DE7,
00001F09,
00001F27,
00001F78,
00001FD2,
00001FE0,
00002149,
00000075,
000004FB,
00000842,
000008EB,
00000B04,
00000F4E,
00001D95,
00001E06,
00001F09,
00001F27,
00001F78,
00001FCF,
00001FD2,
00001FE0,
00000152,
000002D4,
000004C3,
0000050D,
00000563,
000006AE,
00000A67,
00000B40,
00000C1C,
00000D34,
00000DB6,
00000DCD,
00000E35,
00000E91,
00000E92,
000011E8,
0000127A,
00001319,
0000134C,
000014C9,
000014CB,
000018CF,
00001906,
00001B0E,
00001C07,
00001C0D,
00001C80,
00001EEF,
00001F02,
00001F28,
0000002B,
00000033,
00000163,
00000490,
000004C3,
00000676,
0000070B,
0000081F,
000008F8,
00000925,
00000965,
00000A49,
00000A96,
00000B0A,
00000B5D,
00000D34,
00000DB6,
00000E3C,
00000E94,
00000FEF,
000010DA,
0000122F,
00001248,
00001319,
0000137B,
000013AF,
000014C9,
000014D0,
000014F2,
000017BC,
00001834,
00001850,
0000194E,
00001B0E,
00001B8D,
00001BF9,
00001C07,
00001C09,
00001C0D,
00001EEF,
00001F02,
00001F28,
00001F6A,
00001FC5,
00001FDE,
00001FFC,
00002139,
0000015F,
00000163,
00000217,
00000239,
0000035B,
000004E0,
000004E5,
00000595,
000005A2,
000005BE,
000005EC,
00000676,
000006AF,
000007D9,
0000081F,
00000828,
00000869,
0000087B,
0000087E,
000008F8,
00000925,
000009DF,
000009E2,
000009EF,
00000B5D,
00000CEA,
00000D94,
0000100D,
00001023,
00001074,
00001097,
000010D1,
000010DA,
000011A0,
00001319,
00001333,
00001353,
000014F2,
00001634,
00001638,
000016CB,
00001834,
0000184A,
00001850,
00001971,
000019A4,
00001B46,
00001B95,
00001C09,
00001C36,
00001E58,
00001F6A,
00001FB5,
00001FDE,
00001FFC,
00000010,
00000173,
00000191,
00000227,
00000298,
0000030A,
0000034B,
00000444,
000004E0,
000004E5,
000005BE,
00000695,
000006AF,
00000859,
00000869,
000009E2,
000009EF,
00000AD7,
00000B5E,
00000EF2,
00000F04,
0000100D,
00001037,
00001135,
00001213,
000012D6,
00001353,
00001378,
00001634,
00001638,
000016CB,
00001806,
00001875,
000019A4,
00001B5E,
00001C1A,
00001C27,
00001E42,
00001EFE,
00001F99,
00001FB5,
00001FD4,
00002119,
00000047,
000000F5,
000001C6,
00000298,
000002B9,
0000034B,
000006C9,
00000970,
000009FA,
00000A36,
00000AD7,
00000C5C,
00000EF2,
00001037,
00001B5E,
00001B65,
00001B83,
00001C94,
0000004E,
00000058,
00000154,
000001C6,
00000288,
000002B9,
000002C5,
000002DF,
000002EA,
00000316,
0000035A,
000003D3,
000004F4,
0000064B,
0000069E,
00000725,
00000747,
0000077F,
000007A9,
000007F1,
00000A88,
00000AE8,
00000BE2,
00000C5C,
000013E5,
00001516,
00001622,
000016D7,
000016E1,
000016F0,
0000179B,
000017A3,
00001894,
00001A55,
00001B65,
00001B83,
00001D97,
00001E72,
00002121,
00000094,
000000A1,
000000CE,
00000219,
00000285,
0000028A,
00000328,
00000333,
00000335,
0000035A,
000003CB,
000003D3,
000003D7,
000003EE,
00000422,
00000477,
000004F4,
00000650,
0000069E,
000006AC,
000006CB,
00000719,
0000071D,
00000725,
00000747,
000007D0,
000007EE,
000009F7,
00000A80,
00000A88,
00000AD9,
00000AE8,
00000C3D,
00000C52,
00000C59,
00000C8B,
00000CA4,
00000D38,
00000DF9,
00000ED7,
00000EE4,
00000FE3,
00000FFA,
00001187,
00001504,
00001515,
000017A3,
0000185F,
00001866,
00001894,
000019A6,
00001B90,
00001DAA,
00001DF2,
00001E2E,
00001F45,
0000200A,
00002121,
000000A4,
00000133,
00000259,
00000285,
0000033D,
000003D7,
000003EE,
00000422,
000006CB,
00000700,
00000719,
0000071D,
0000074C,
00000759,
000007D0,
00000838,
00000846,
0000084E,
00000AB7,
00000BD2,
00000C9F,
00000D38,
00000DF9,
00000E07,
00000E12,
00000ED7,
00000EE4,
00000F5B,
0000102E,
000010C3,
000011CC,
0000123B,
000014A5,
00001511,
00001573,
000016D0,
000016EC,
00001827,
00001846,
00001A35,
00001BD5,
00001D9C,
00001DF2,
00001E2E,
0000200A,
00000265,
00000700,
00000737,
0000074C,
000008E5,
00000C9F,
00000CC4,
00000CD9,
00000E07,
00000E12,
00000F5B,
0000102E,
000010AB,
000011AE,
000011C8,
000011EA,
000011EE,
00001511,
00001573,
000016D0,
000016E7,
000016EC,
000017B1,
0000197A,
000019E6,
00001A35,
00002058,
000017B1,
000000FD,
000004BB,
000004C3,
00000B40,
000011B4,
0000120E,
0000127A,
00001A69,
00001AF1,
00001B24,
00001EEF,
00000024,
000000FD,
000002C9,
000004C3,
00000676,
00000777,
000008F8,
00000925,
000009CA,
00000B2A,
00000B5B,
00000BAE,
00000C10,
00000DA8,
00000DAE,
00000E94,
00000F02,
000011B4,
0000120E,
000013AF,
00001477,
000014D0,
000014F2,
00001625,
00001649,
0000181B,
00001834,
00001A69,
00001B8D,
00001BF9,
00001EEF,
0000011D,
0000015F,
000002B5,
000002C9,
0000035B,
00000676,
000007D9,
000008F8,
00000925,
000009CA,
000009DF,
00000BF5,
00000C03,
00000E56,
00000E74,
00000F67,
000011A0,
00001353,
00001382,
000014F2,
0000175F,
000017E8,
0000181B,
00001834,
0000184A,
00001971,
000019A4,
00001B62,
00001C29,
00001C36,
00001EA0,
00001EF6,
00002004,
0000003F,
00000214,
000002AF,
000002B5,
000002CC,
00000486,
00000495,
000004FA,
00000506,
00000570,
000005CB,
000006D8,
0000072F,
00000859,
00000866,
00000B29,
00000B3F,
00000B5E,
00000B73,
00000E78,
00000F67,
0000123A,
000012D5,
00001353,
00001382,
00001448,
000017E8,
00001925,
00001951,
00001972,
000019A4,
000019A5,
000019AB,
00001CF3,
00001E42,
00001EF6,
00001F99,
00001FD4,
0000011E,
000001BC,
00000214,
00000319,
0000031E,
000003C3,
00000486,
000004FA,
00000570,
00000727,
00000793,
000007BA,
00000895,
000008E9,
000009E4,
00000B27,
00000B29,
00000B3B,
00000B3F,
00000B6E,
00000B73,
00000C02,
00000C05,
00000C22,
00000C30,
00000C38,
00000D1F,
00000D52,
00000D6B,
00000F06,
00000F0F,
0000102C,
0000105D,
00001090,
00001395,
000013BA,
000013D8,
000013DF,
000013F0,
00001448,
0000154C,
00001565,
000015B9,
000015C3,
00001915,
0000191A,
00001966,
00001969,
000019A5,
000019BC,
00002021,
0000004C,
000000D0,
00000126,
000001CD,
000001DE,
000001F3,
000004F4,
0000075F,
00000A88,
00000C22,
00000C93,
00000D1F,
0000115A,
000013E5,
000014FE,
000015B9,
000015C3,
000017ED,
00001801,
00001810,
000018CB,
000018E7,
00001915,
0000191A,
00001966,
00001969,
0000197C,
000019BC,
00001D5A,
00001D97,
00001EC1,
000001CD,
000001CE,
000001F3,
0000030F,
000003F9,
00000482,
000004F4,
00000690,
00000719,
00000A88,
00000D1A,
00000D47,
00000FE3,
00001187,
000012AC,
000014FE,
00001504,
00001F45,
0000200A,
00000036,
000000A2,
0000020B,
0000030F,
000003E1,
00000410,
00000435,
000004C2,
00000579,
00000690,
0000069C,
00000719,
000007CE,
00000838,
00000846,
00000885,
000008B4,
00000A83,
00000AB9,
00000B8A,
00000B93,
00000E17,
00000F5B,
0000157E,
000016EC,
00001A35,
00001B87,
00001BCD,
00001BD5,
00001C04,
00001CB8,
00001E3F,
0000200A,
0000001E,
00000036,
000001F5,
00000265,
00000410,
00000579,
000005BC,
0000069C,
000007CE,
00000A68,
00000AE9,
00000B79,
00000DAD,
00000DDA,
00000E59,
00000F5B,
00000F6A,
0000119C,
000011EA,
000012F3,
00001604,
0000164E,
00001650,
00001668,
000016EC,
00001763,
000017B1,
00001962,
0000197A,
000019E6,
00001A35,
00001B67,
00001B87,
00001C08,
00001C1B,
00001DDF,
00001E3F,
000020D7,
000020F3,
0000119C,
00001668,
00001763,
000017B1,
0000011D,
00000346,
0000051D,
000006E7,
00000D92,
00000E56,
00000F67,
00001141,
0000149D,
000014EB,
0000159A,
000017E8,
00001873,
00001AF8,
00001C29,
00001CBC,
00002004,
00002044,
00000212,
00000346,
000007B1,
00000F67,
00000F73,
00001141,
000014EB,
0000159A,
000015B7,
000017B5,
000017E8,
00001804,
00001873,
00001A18,
00002044,
0000011E,
00000212,
000003C3,
0000053F,
00000E3D,
00000F0F,
00001008,
00001343,
00001395,
000013F0,
0000154C,
000017B5,
00001804,
00001AAE,
00001AB1,
00002021,
000007CE,
00000B8A,
00000B93,
00001B87,
00000002,
000000C5,
000001F5,
00000494,
000007AC,
000007CE,
000007E4,
000008F0,
00000A9B,
00000B79,
00000CB3,
00000CFE,
00000FDD,
0000119C,
00001245,
00001417,
00001456,
00001631,
00001650,
00001668,
00001962,
0000199B,
00001B67,
00001B87,
00001C1B,
00001E38,
000020AA,
000020C1,
000020C7,
000020E9,
0000213A,
0000215E,
00000002,
000000C5,
00000597,
000007F9,
000008F0,
00000916,
00000A9B,
00000CB3,
00000CFE,
0000119C,
00001417,
000014C2,
00001668,
000016FE,
00001864,
0000194D,
00001D30,
00001D85,
000020BA,
000020C1,
00001890,
0000001B,
00000555,
000005C4,
000007C2,
000007EF,
0000179E,
00001890,
00002090,
0000001B,
0000009A,
00000329,
00000454,
00000555,
000006C3,
000007C2,
000007EF,
0000089E,
00000B4D,
00000B5A,
00000DB0,
00000E89,
0000116B,
0000142E,
00001790,
00001838,
000019CF,
00001CD7,
00001EBE,
00001F14,
0000009A,
000000CC,
00000329,
00000346,
000003B2,
00000571,
000006E7,
0000084D,
00000883,
0000089E,
000008CC,
00000B4F,
00000D8A,
00000D92,
00000DB0,
00000DC6,
00000E89,
00000EDE,
00001141,
0000146F,
0000149D,
000014EB,
000014EC,
000019CF,
00001AF8,
00001BED,
00001C3B,
00001C7D,
00001E15,
00001E32,
00001EEB,
00001F14,
00001F18,
00001FEB,
000020E0,
00002130,
000000CC,
0000010C,
00000212,
000002DE,
00000346,
000007B1,
000007FC,
0000084D,
00000883,
000008C2,
00000988,
00000B20,
00000B4F,
00000BD9,
00000ED2,
00000F73,
00001141,
0000132F,
00001351,
0000136E,
0000137F,
000013A3,
000014BA,
000014EB,
000017B5,
00001804,
0000187E,
00001A18,
00001C2C,
00001C7D,
00001D25,
00001D4A,
00001D7F,
00001DEB,
00001E56,
00001F18,
0000010C,
00000212,
000004A5,
0000095E,
00000988,
00001008,
0000132F,
00001343,
00001351,
00001487,
000017B5,
00001804,
00001AB1,
00001E56,
000000C5,
000003A1,
00000494,
000004FD,
00000BF6,
00000CFE,
00000EA7,
00000EAF,
00000EB8,
0000125D,
0000161C,
0000199B,
000019C8,
00001A2B,
00001B12,
00001B84,
00001CE1,
00001E2A,
000020AA,
000020C7,
000020E9,
000000C5,
000000D6,
0000027A,
0000036C,
000007F9,
00000916,
000009D7,
00000C83,
00000CDB,
00000CFE,
00000EAF,
00000EB8,
000014C2,
0000194D,
00001999,
000019C8,
00001B05,
00001B12,
00001B84,
00001CE1,
00001D85,
00001F54,
00002047,
000020A8,
0000211B,
0000079D,
0000106F,
00001139,
000012F2,
000013DA,
00001464,
00001890,
00001FA6,
00002041,
0000001B,
000000DD,
000001B5,
000002F6,
000005C4,
000007EF,
00000A21,
00000DD2,
00000DE2,
00000E5C,
0000106F,
00001139,
000013DA,
00001464,
000017F6,
00001857,
00001890,
000018E0,
00001AAD,
00001B63,
00001E99,
00001EB3,
00001FA6,
00002041,
00002090,
00002092,
0000001B,
000000DD,
000001B5,
000002F6,
00000369,
00000431,
00000454,
000006C3,
000006CC,
000006F2,
000007EF,
000009EB,
00000DB0,
00000DE2,
00000E5C,
00000E80,
00000FC1,
0000110E,
000016DF,
000017F6,
00001838,
00001855,
000018E0,
00001A25,
00001A5F,
00001B22,
00001CBF,
00001E7B,
00001EB3,
00001EBE,
00001F0E,
00001F14,
0000201A,
00002091,
00002157,
00000231,
000003B2,
00000431,
0000065B,
000006CA,
000006F2,
00000848,
00000883,
000009DB,
00000AEE,
00000B4F,
00000C68,
00000CA5,
00000DB0,
00000E1C,
00000E80,
00000EA8,
00000EDE,
00000F96,
000013AB,
0000146F,
000014EC,
0000151F,
00001632,
00001714,
0000176F,
000017C1,
000018C5,
0000192D,
0000199C,
00001A5F,
00001AE6,
00001AEC,
00001BED,
00001C51,
00001C7D,
00001D06,
00001DB8,
00001DE6,
00001DE9,
00001EEB,
00001F14,
00001F63,
0000201A,
00002091,
000000D9,
000001E2,
0000020F,
00000225,
0000031F,
000003CA,
00000540,
00000548,
000005EB,
0000065B,
0000070E,
000007FC,
00000883,
000008C2,
00000934,
00000988,
000009A1,
00000AA5,
00000ADA,
00000B20,
00000B4F,
00000B8C,
00000BC7,
00000C68,
00000CA5,
00000E1C,
00000EC9,
0000108B,
00001159,
0000136E,
0000137F,
000014BA,
000014E3,
000016DD,
000017BE,
0000189E,
00001C51,
00001C7D,
00001C98,
00001D06,
00001D54,
00001E56,
0000211D,
000003CA,
000004A5,
00000548,
00000988,
000009B5,
00000EC9,
00001487,
000014E3,
00001D54,
00001E56,
000000D7,
000003A1,
000006AB,
0000083B,
00000C41,
000014AE,
00001735,
000019C8,
00001A84,
00001B12,
00001B84,
00001D45,
0000209E,
000000D6,
000000D7,
00000689,
000006AB,
00000813,
00000849,
00000874,
000009D7,
00000A75,
00000C41,
00000CDB,
00000F52,
00000F56,
00001256,
000013B0,
000014AE,
000014C1,
00001607,
00001735,
00001795,
000018B0,
000019C8,
00001B12,
00001B84,
00001D45,
00001EDD,
00001EF2,
00001F34,
00001F54,
00001FC7,
0000202A,
000020A8,
000020F4,
0000211B,
00002120,
00000090,
000006EA,
0000079D,
00000860,
00000D23,
00000E4D,
0000106F,
00001139,
000012F2,
0000141C,
00001464,
000016FF,
000020B6,
000020FB,
000000DD,
00000437,
000006EA,
00000761,
000007D2,
00000860,
00000A21,
00000A26,
00000B37,
00000B60,
00000D23,
00000DAB,
00000DD2,
00000DE1,
00000E4D,
00000E54,
00000E9A,
0000106F,
000010B0,
00001139,
000012DA,
0000141C,
00001464,
0000150C,
000017F6,
000017FE,
00001811,
000018E0,
00001AAD,
00001B63,
00001C16,
00001C24,
00001C9D,
00001D9F,
00001F36,
00001F75,
00002053,
00002110,
00000071,
000000DD,
00000100,
00000123,
00000369,
00000431,
000004D2,
00000644,
000006CC,
000007D2,
000007DB,
0000085C,
000008A6,
000009D2,
000009EB,
00000A7B,
00000B62,
00000BD1,
00000D3F,
00000DAB,
00000DE1,
000010B0,
000010D0,
000010E7,
0000110E,
000014B2,
000014CC,
000014DB,
0000150C,
00001549,
0000156D,
000017F6,
000017FE,
00001855,
000018E0,
000018E6,
00001B30,
00001B4F,
00001B54,
00001B6D,
00001C40,
00001C79,
00001D9F,
00001DCF,
00001E10,
00001E75,
00001EC7,
00001F75,
00001FAA,
0000201A,
00002046,
00002157,
000000A5,
00000123,
00000231,
000002EE,
000003F3,
00000431,
00000644,
000006A8,
000006CA,
00000764,
000007E1,
000009C0,
000009D2,
00000A7B,
00000E1C,
00000F69,
00000F96,
000010E7,
00001312,
00001467,
000014C0,
000014EA,
0000164D,
000016E3,
000016FB,
0000176F,
00001784,
000018D2,
0000192D,
0000196F,
00001998,
0000199C,
00001B4F,
00001B6D,
00001C40,
00001D06,
00001D29,
00001DD6,
00001EE3,
00001F69,
00001FDD,
0000201A,
00002046,
000000A5,
000001E2,
0000020F,
00000225,
000002A8,
000002A9,
000003D2,
00000548,
0000059A,
000005EB,
000009A1,
000009C0,
00000AB4,
00000ADA,
00000AEA,
00000B03,
00000B8C,
00000BC7,
00000DB3,
00000E1C,
00000EC9,
00000F69,
00000FE9,
0000100A,
00001014,
0000105C,
00001118,
000011BB,
0000128D,
0000141F,
0000153D,
0000156E,
0000164D,
000016FB,
00001727,
00001791,
000017A8,
000017BE,
0000196F,
00001998,
00001ABE,
00001B76,
00001D06,
00001D94,
00001DD6,
00001EAF,
00001ED3,
000020F0,
0000210A,
0000211D,
00000141,
000003D2,
00000467,
00000548,
00000668,
00000693,
000006FD,
00000996,
00000A39,
00000A7C,
00000AB4,
00000AEA,
00000AFB,
00000B03,
00000E4C,
00000EC9,
00001014,
000011BB,
0000128D,
000012BE,
000013B9,
000013C0,
0000141F,
00001546,
00001592,
00001B25,
00001B76,
00001BC5,
00001CA2,
00001EAF,
000012BE,
00000919,
00000BBF,
00001528,
00001A4A,
000001E3,
000001F7,
000002D6,
000004BC,
00000672,
000006AB,
00000991,
00000A06,
00000BBF,
00000C3E,
00000C41,
00000C85,
00001212,
00001270,
000014E1,
0000151B,
00001528,
00001735,
0000198B,
00001A4A,
00001A70,
00001A84,
00001AB4,
00001CE2,
00001CED,
00001D61,
00001FFD,
00001FFF,
0000209E,
00002124,
000002BE,
000002D6,
0000037C,
000004BC,
000006AB,
00000743,
00000B10,
00000C41,
00000C85,
00000F56,
00001212,
000013B0,
00001491,
000014C1,
0000151B,
000015C0,
0000160F,
00001735,
00001795,
00001981,
00001ED2,
00001EF2,
00001F34,
00001FC7,
00001FFF,
0000202A,
000006EA,
00000D23,
0000141C,
00001D1F,
000020B6,
0000005D,
00000437,
000006EA,
000009A9,
00000B60,
00000BD3,
00000D23,
00000DE1,
00000F5D,
000010B0,
00001354,
000013EA,
0000141C,
00001508,
00001979,
00001B75,
00001C14,
00001C16,
00001C17,
00001C24,
00001D1F,
00001D56,
00001D9A,
00001F1B,
00002053,
00002096,
00000123,
0000061A,
00000644,
0000095C,
00000A3E,
00000B62,
00000DE1,
00000DFE,
00000E88,
000010B0,
000010E7,
000013EA,
000014E2,
000014FB,
00001508,
00001549,
00001979,
00001A47,
00001AD1,
00001B30,
00001B54,
00001B75,
00001C17,
00001D56,
00001D93,
00001DFB,
00001E75,
00001EC7,
00001F0D,
000000A5,
000000AF,
00000123,
00000282,
000003F3,
0000045E,
00000644,
00000764,
000009C0,
000009DD,
00000A3E,
00000ADD,
00000CE2,
00000D6C,
00000DD8,
00000DFE,
00000EA9,
00000F69,
000010E7,
00001221,
00001312,
0000134A,
00001400,
000014C0,
000015E7,
00001A47,
00001BB4,
00001D93,
00001DD6,
00001DFB,
00001E1F,
00001F69,
00001FDD,
000000A5,
000000AF,
0000019C,
00000282,
00000286,
000002A9,
0000043F,
0000090B,
000009C0,
00000AB4,
00000AEA,
00000B03,
00000B7D,
00000BA3,
00000EAD,
00000F69,
00001118,
000012DF,
000012F1,
00001400,
00001407,
00001494,
00001518,
00001A36,
00001ABE,
00001B32,
00001C82,
00001D23,
00001D35,
00001D41,
00001D94,
00001DD6,
00000028,
00000144,
0000019C,
00000206,
00000427,
0000043F,
00000467,
00000668,
000006E4,
000006FD,
00000705,
00000734,
00000847,
00000996,
00000999,
00000A39,
00000AB4,
00000AB6,
00000AEA,
00000AFB,
00000B03,
00000B7D,
00000D19,
00000EAD,
0000114D,
00001163,
0000125E,
000012BE,
000012DF,
000013B9,
000013C0,
000013DD,
000013E6,
00001413,
0000143C,
00001458,
0000147F,
00001592,
00001740,
000017FA,
000018B3,
00001A5B,
00001B18,
00001B32,
00001B49,
00001CB9,
00001E7A,
00001EB2,
00001FE7,
00002144,
00000028,
00000049,
0000007B,
000002A6,
00000427,
00000521,
00000528,
00000623,
00000656,
000006E4,
00000701,
00000712,
000007F5,
0000088E,
00000947,
00000ACD,
00000CCF,
00000D19,
00000D2A,
00000DD1,
00000E7C,
00000EDC,
00000F63,
00001087,
0000113C,
00001190,
0000125E,
0000129D,
000012BE,
000013DD,
00001583,
000017BF,
000018B3,
0000190D,
00001968,
000019EC,
00001B18,
00001D51,
00001DBE,
00001DCA,
00001E7A,
00001EB2,
00000040,
0000007B,
00000162,
00000187,
000001CA,
00000459,
00000521,
000007F5,
0000090D,
0000092E,
00000C6A,
00000CCF,
00000D5B,
00000EF6,
00001042,
00001087,
0000113C,
00001190,
000011D0,
000011D9,
000012E9,
000013FC,
00001576,
00001583,
00001587,
000017F1,
0000185C,
0000190D,
0000191B,
000019EC,
00001A9D,
00001C77,
00001CA4,
00001CCE,
00001DCA,
00001FC0,
00000040,
00000077,
00000187,
000001CA,
0000053B,
0000073C,
0000088D,
00000919,
00000ABD,
00000BBF,
00000C9E,
00000CB4,
00000D1E,
00000D5B,
00000E8A,
00000EF6,
00000F91,
000010F5,
0000112A,
00001158,
000011CA,
000011D0,
000011D9,
000011F2,
000011FF,
000012CF,
000012E8,
00001305,
00001528,
00001576,
00001754,
000017F1,
000018B5,
0000191B,
0000196C,
00001A4A,
00001A9D,
00001B0B,
00001CA4,
00001CCE,
00001D6B,
00001D91,
00001DB9,
00001E1C,
00001ED0,
00000089,
000002D6,
00000672,
00000BBF,
00000C3E,
0000109B,
000011F2,
00001270,
000012EF,
00001305,
00001334,
000014E1,
000014E8,
0000151B,
00001528,
000015D5,
000018D8,
000018DE,
0000196C,
00001A4A,
00001AB6,
00001CED,
00001D6B,
00001D91,
00001E1C,
00001E4D,
00001FFF,
00002124,
000002D6,
00000B10,
00001334,
00001491,
0000151B,
000015C0,
00001A74,
00001E4D,
00001FFF,
00000218,
00000B12,
000010E4,
000017D7,
00001BB1,
00001E6E,
00002055,
00000218,
00000256,
000003D6,
00000472,
00000B12,
00000B24,
00000BDA,
00000BEF,
00000CE4,
00000D7B,
00000DE9,
0000107F,
00001108,
00001380,
0000157D,
0000158A,
000016A6,
000016AC,
0000175E,
000017D7,
00001903,
0000198F,
00001995,
00001AC3,
00001BB1,
00001CD9,
00001ED8,
00001EDB,
00001EFD,
00002054,
00002055,
000020B0,
00002109,
0000000D,
00000086,
000001A2,
00000234,
00000274,
00000472,
00000546,
00000575,
00000710,
000007FF,
00000840,
00000CDC,
00000D4F,
00000DB1,
00000E68,
000010F3,
000011DF,
000016A6,
0000172B,
0000173A,
0000175E,
00001835,
00001870,
000018AC,
00001903,
0000198F,
00001995,
00001AC3,
00001BEA,
00001CD9,
00002109,
00002141,
00000067,
00000102,
00000234,
00000331,
00000502,
00000543,
00000750,
00000767,
000007E3,
00000840,
000009A9,
00000BF7,
00000C66,
00000DB1,
00000F5D,
000011DF,
000013CB,
0000157C,
0000164B,
000017E4,
00001835,
000018F1,
00001908,
00001A1C,
00001B75,
00001D56,
00001D9A,
00002096,
00000331,
0000061A,
000007E3,
0000095C,
00000E88,
00001A47,
00001AD1,
00001B75,
00001D56,
00001F0D,
000009DD,
00000D6C,
00001221,
0000134A,
00001A47,
00000286,
00000EAD,
000012DF,
000012F1,
00001D23,
00000144,
000005B6,
00000AB6,
00000C1B,
00000D19,
00000EAD,
00001208,
000012DF,
00001413,
00001740,
00001CB9,
00001E7A,
000002A6,
000003A0,
000005B6,
00000623,
00000896,
00000947,
00000ACD,
00000C1B,
00000CDD,
00000D19,
00000D79,
00000E7C,
00001149,
000011AB,
00001208,
0000154F,
0000166F,
0000190D,
00001968,
000019EC,
00001C7A,
00001D3A,
00001E7A,
00000064,
00000345,
00000491,
000009DE,
00000A40,
00000D79,
00000E1E,
00000E82,
00000EF6,
00001042,
000014AA,
0000154F,
0000166F,
000017F1,
0000185C,
0000190D,
0000191B,
000019EC,
00001BD0,
00001C77,
00001CFB,
00001E0D,
00001E4B,
00001FC0,
0000004B,
00000077,
00000392,
00000491,
000005EF,
0000088D,
00000A93,
00000CB4,
00000D1E,
00000D86,
00000E82,
00000EF6,
00001012,
00001158,
000012CF,
00001305,
00001580,
000017F1,
00001824,
0000191B,
0000196C,
00001B5D,
00001BD0,
00001F81,
0000004B,
00000089,
00000392,
00000DDD,
00000F23,
00001305,
000018D8,
0000196C,
00001AB6,
000000B3,
00000401,
00000B00,
00000D13,
00000FF6,
000010E4,
0000140D,
00001434,
0000176A,
000017D7,
00001E6E,
00002001,
00002055,
000000A0,
000000B3,
00000791,
00000A1F,
00000B24,
00000D13,
00000D45,
00000DE9,
00000F4A,
00000FF6,
0000140D,
00001472,
0000175E,
0000176A,
000017D7,
00001FAE,
00002001,
00002054,
00002055,
000020B0,
0000173A,
0000175E,
00001D75,
00000102,
0000023F,
00000331,
00000429,
00000502,
00000543,
000007E3,
0000091A,
00000A9D,
00000B34,
00000BE6,
00000BF7,
00000C14,
00000C35,
00000C66,
00000EC0,
00000F12,
0000124C,
000012A7,
000017B6,
000017C5,
000017F0,
0000188B,
00001908,
00001A09,
00001A1C,
00001AF6,
00001B70,
00001B7B,
00001B91,
00001BB6,
00001BDC,
00001C6F,
00001CE9,
00001D3F,
00001D75,
00001DA8,
00001E45,
00001E5A,
00000331,
000007E3,
00000C14,
00000C35,
00000EC0,
00000F12,
000017B6,
00001AF6,
00001C6F,
00001D3F,
000003A0,
0000154F,
00001C7A,
00000E1E,
0000154F,
00001CFB,
00001E0D,
00000D13,
0000140D,
000000A0,
00000224,
00000296,
0000057C,
0000073B,
00000756,
00000791,
000008A9,
00000967,
00000BDC,
00000CCA,
00000D13,
00000F8B,
00001120,
000011E7,
0000140D,
00001472,
000014A9,
00001697,
00001B78,
00001D9D,
00001EBA,
00001F7D,
00001F94,
00001FAE,
00001FD5,
00000226,
00000296,
00000359,
0000051C,
00000582,
0000078F,
00000967,
00000A5A,
00000FA3,
00000FE4,
00001120,
00001670,
00001715,
00001982,
00001AE3,
00001BEC,
00001D75,
00000070,
00000226,
00000429,
00000640,
0000078F,
0000091A,
000009AD,
000009D4,
00000A32,
00000A5A,
00000E23,
00000E69,
00000FA3,
00000FE4,
0000124C,
000012CE,
000012F5,
000017C5,
0000188B,
0000197F,
00001A09,
00001AF6,
00001B7B,
00001BEC,
00001D3F,
00001D75,
00001DA8,
00001E41,
00001EEE,
00001AF6,
00001D3F,
00000296,
0000057C,
0000073B,
00000967,
00000976,
00000CCA,
00000F8B,
00001120,
000014A9,
00001697,
000016B5,
00001758,
00001A99,
00001D9D,
00001EBA,
00000296,
00000359,
00000391,
0000045A,
00000460,
0000051C,
000005A7,
000005CD,
000007AA,
00000853,
00000967,
00000976,
00000A5A,
00000ADE,
00000CD6,
00000EE9,
00000FA3,
00000FB4,
00000FE4,
00001120,
0000115F,
00001670,
000016B5,
00001715,
0000171F,
0000172D,
0000174C,
00001758,
000017DB,
00001982,
00001A99,
00001AE3,
00000055,
00000070,
000000AD,
00000167,
00000391,
0000045A,
00000640,
00000853,
000009AD,
000009D4,
00000A5A,
00000ADE,
00000D8E,
00000E01,
00000F88,
00000FA3,
00000FB4,
00000FE4,
00001084,
0000115F,
000012F5,
0000159B,
000015CA,
0000171F,
000017CB,
0000197F,
00001E41,
00001EEE,
00001F8A,
00001F91,
000016B5,
00000391,
0000045A,
000005A7,
00000853,
00000FB4,
000016B5,
0000172D,
00000391,
0000045A,
00000853,
00000FB4,
000000E0,
00000173,
00000227,
000002AE,
000006C5,
00000859,
000008C3,
0000092A,
00000A63,
00000A6B,
00000A77,
00000D07,
00000D3C,
00000E85,
00000EF2,
00000EF4,
00000F04,
00000F1E,
00001099,
00001135,
00001372,
00001378,
000015E4,
00001A17,
00001B5E,
00001CF4,
00001D18,
00001E42,
00001ED9,
00001EFE,
00001F08,
00001FAD,
00002119,
0000215A,
000000E0,
000000FA,
000003B3,
0000063E,
000006C5,
000006C9,
0000076B,
000007C0,
000007D7,
000008C3,
00000917,
00000961,
00000A6B,
00000A77,
00000C5C,
00000D48,
00000DBD,
00000E6A,
00000EF2,
00000EF4,
00000F1E,
00000F2A,
00000F5C,
00000FA1,
0000133E,
0000161B,
000016F9,
00001878,
000018FC,
0000195D,
00001A17,
00001A45,
00001AB7,
00001B5E,
00001B65,
00001B71,
00001BA4,
00001C94,
00001D55,
00001D7A,
00001ED9,
00001F08,
00002066,
0000215A,
000000FA,
000003B3,
000004F4,
0000063E,
0000069E,
000007C0,
000007D7,
0000097B,
00000BC6,
00000BE2,
00000C5C,
00000D48,
00000DBD,
00000E28,
00000E72,
00000EA4,
00000F9F,
00001344,
000013E5,
00001628,
000016D7,
000016E1,
000016F9,
000017A3,
000017AB,
00001B65,
00001D97,
00001E39,
00001E72,
00002065,
00002066,
00002121,
000004F4,
0000069E,
000009F7,
00000A80,
00000C3D,
00000C52,
00000EA4,
000017A3,
000017AB,
000019A6,
00002065,
00002121,
00000214,
0000030E,
00000495,
00000506,
00000570,
00000859,
00000A6B,
00000A77,
000019A5,
00001CF3,
00001CF4,
00001D18,
00001E42,
00001FAD,
0000011E,
00000214,
0000030E,
00000570,
000009E4,
00000A6B,
00000A77,
00000B3B,
00000C02,
00000C05,
00000C22,
00000C38,
00000D1F,
00000D48,
00000D91,
00000F06,
00000F2A,
00000F53,
00000F5F,
00000FA1,
00001101,
0000110C,
000011BF,
000013F0,
0000152E,
000015B9,
000015C3,
000016F9,
000018FC,
00001915,
00001932,
00001950,
0000195D,
00001966,
000019A5,
00001AB7,
00001D1A,
00001D8C,
00000019,
0000004C,
000000D0,
000001CD,
000001DE,
000001F3,
000003C6,
000004F4,
00000545,
0000075F,
00000771,
00000A9A,
00000A9F,
00000C22,
00000D1F,
00000D48,
00000D58,
00000E28,
000010C0,
000010FA,
0000110C,
0000115A,
000011BF,
0000136B,
00001381,
000013E5,
000014FE,
0000152E,
000015B9,
000015C3,
000016F9,
000017ED,
00001801,
00001810,
000018CB,
000018E7,
00001915,
00001966,
0000197C,
00001A34,
00001C43,
00001C6C,
00001C83,
00001D1A,
00001D5A,
00001D97,
00001DED,
00000132,
000001CD,
000001CE,
000001F3,
000002BD,
0000030F,
00000317,
000003C6,
000004F4,
00000580,
00000690,
000006B5,
000006BB,
0000077D,
00000956,
0000096C,
00000B41,
00000B6A,
00000BCF,
00000D1A,
00000D47,
00000D58,
00000DD7,
00000DEA,
000010C0,
000010FA,
000012AC,
0000133D,
0000136B,
00001381,
00001449,
000014FE,
000016E9,
000016F1,
000017C6,
000018DB,
00001E14,
00001EEC,
000020BB,
00000132,
00000203,
0000020B,
0000030F,
000003E1,
000004C2,
0000064D,
00000690,
000006B5,
000007CE,
00000885,
000008B4,
00000956,
00000B41,
00000B8A,
00000B90,
00000B93,
00000E17,
0000102F,
00001449,
0000164C,
000017E9,
00001800,
00001B87,
00001CB8,
00001E14,
00001FDC,
0000212E,
000001F5,
000007CE,
00000B79,
00001962,
00001B87,
0000011E,
00000CA2,
00000E3D,
00000F6F,
00000FA4,
0000110C,
00001343,
000013A6,
000013F0,
000014F9,
0000152B,
0000158C,
000018ED,
000019D7,
00001AAE,
00001AB1,
00001D1A,
00002160,
00000019,
0000003E,
00000054,
000003C6,
00000610,
00000678,
000006E1,
0000074D,
00000A7F,
00000A9A,
00000A9F,
00000B15,
00000B96,
00000D58,
00000F01,
00000F6F,
00000F84,
000010F6,
0000110C,
00001132,
000011D7,
00001311,
000013A6,
000014F9,
0000152A,
0000152B,
0000158C,
0000188D,
000018C0,
000018ED,
00001A0B,
00001A34,
00001B17,
00001B53,
00001C33,
00001C43,
00001D1A,
00001DED,
00001E5D,
00001E9A,
00002122,
00002160,
000002BD,
000003C6,
00000560,
0000074D,
000007B8,
00000A7F,
00000AFC,
00000B96,
00000C15,
00000C1F,
00000D58,
00000D7A,
00000D9E,
00000DD7,
00000DEA,
00000F92,
00001070,
00001155,
0000117C,
00001197,
00001198,
000011D7,
00001311,
000013B1,
00001449,
00001523,
0000167B,
000016F1,
00001761,
0000176E,
00001776,
0000177E,
000017F5,
000019D9,
000019F4,
00001A0B,
00001A3C,
00001C33,
00001E14,
00001E7F,
00001E9A,
00001EEC,
00001FDA,
000020BB,
00000220,
000002B1,
00000363,
00000424,
0000048A,
000004C6,
000004CF,
0000063B,
0000064D,
00000760,
000007CE,
000008A3,
000009BA,
000009D9,
00000A35,
00000A95,
00000B8A,
00000B90,
00000B93,
00000C15,
00000C1F,
00000D7A,
00000E10,
00000F92,
00001070,
000010CF,
00001140,
000012E3,
0000135C,
0000138C,
000013F7,
00001449,
00001523,
00001629,
0000177E,
000017F5,
00001955,
000019D9,
00001A3C,
00001A6F,
00001B87,
00001D3E,
00001D86,
00001E14,
00001FDC,
000020A1,
0000212E,
00002132,
000000AC,
000001F5,
00000220,
000007AC,
000007CE,
000008A3,
00000B0D,
00000B79,
00000E10,
00000FDD,
0000138C,
000013F7,
00001631,
00001962,
0000199B,
00001B87,
00001D28,
00001E1B,
000020A1,
000020AA,
0000213A,
0000215E,
0000132F,
00001351,
0000015C,
0000025C,
0000034C,
000003EA,
000004A5,
00000922,
0000095E,
00000A6E,
00000B48,
00000CA2,
00000D25,
00000E2E,
00000F4B,
00000FAC,
00001220,
000012B3,
0000132F,
00001343,
00001351,
000013F6,
00001487,
000018ED,
000019D7,
00001A38,
00001AB1,
00001FFA,
000020D1,
00002160,
00000054,
0000025C,
0000027C,
0000041F,
00000678,
000006A6,
000006E1,
00000832,
0000086C,
00000A6E,
00000A7F,
00000B15,
00000B48,
00000E2A,
00000F4B,
00001283,
000012B3,
000012C2,
000012CD,
00001311,
0000152A,
0000168E,
000016D6,
000016E0,
000017A9,
000018ED,
00001A0B,
00001A7D,
00001A87,
00001E62,
00001EB7,
00001EB9,
00002160,
00000087,
00000160,
000001AB,
000002F0,
00000560,
00000A5D,
00000A7F,
00000D9E,
00000E2A,
00000F92,
00001044,
000010EB,
0000117C,
00001311,
00001379,
0000138A,
00001523,
0000168E,
000016A4,
000017F5,
000018A9,
00001927,
00001935,
0000197E,
00001A0B,
00001A7D,
00001F7E,
000020C4,
0000005E,
00000160,
000001E0,
00000363,
00000424,
00000A95,
00000BD7,
00000E10,
00000EF5,
00000F92,
00001009,
000014BC,
000014EE,
0000150F,
00001523,
00001539,
0000154A,
0000158B,
0000160A,
000016A4,
000017F5,
000018A9,
0000197E,
00001A6F,
00001A72,
00001BEB,
00001D3E,
00001F00,
0000202D,
000020A1,
000020C4,
000020D2,
000020FF,
0000005E,
000003A1,
00000445,
000004FD,
0000076C,
00000B0D,
00000BD7,
00000BF6,
00000E10,
000014BC,
000014EE,
0000154A,
0000158B,
0000161C,
00001751,
0000199B,
000019C8,
00001A2B,
00001D28,
00001E2A,
000020A1,
000020AA,
0000210B,
00002117,
0000211F,
000019C8,
00000043,
000003CA,
00000548,
00000AA5,
00000EC9,
00001D54,
00002022,
00000043,
0000034C,
000003CA,
000003EA,
000004A5,
00000548,
00000562,
000005E6,
00000794,
0000081D,
00000857,
000008D1,
000009A3,
000009B5,
00000A43,
00000A6E,
00000ACC,
00000D17,
00000D25,
00000DFC,
00000E2E,
00000EC9,
00000ECF,
00000F4B,
00001180,
000013B8,
00001487,
000014A3,
00001936,
00001A38,
00001AB8,
00001B39,
00001BAA,
00001C2D,
00001D54,
00001ED7,
00001F71,
00002022,
000020D1,
000020DE,
0000027C,
00000562,
0000081D,
00000A6E,
00000ACC,
00000ED0,
00000F4B,
0000111B,
000012C2,
000014A0,
000016D6,
00001B39,
00001C2D,
00001E61,
00001EB7,
00002067,
0000004A,
00000160,
000001AB,
00000621,
00000A5D,
00000D99,
0000103E,
0000151C,
00001570,
000015BB,
000016A4,
00001927,
00001EAD,
00002067,
00000014,
0000004A,
0000005E,
000000F6,
00000160,
000001A5,
00000311,
0000032B,
00000621,
0000077A,
00000982,
00000BD7,
00000C48,
00000C61,
00000D99,
00000EF5,
0000103E,
000012CC,
00001432,
000014E4,
000014F8,
0000150F,
00001539,
00001553,
0000160A,
00001623,
000016A4,
00001EF4,
00001F00,
00001F1D,
00001F25,
00002000,
0000200B,
0000202D,
0000208E,
000020E7,
000020FF,
00002166,
0000005E,
000000D7,
00000291,
000003A1,
00000445,
00000447,
0000076C,
0000077A,
000007F8,
00000821,
0000083B,
00000908,
00000BD7,
00000C48,
00000C61,
0000128A,
000012CC,
00001432,
00001435,
000014AE,
00001553,
00001623,
000019C8,
00001A84,
00001CC6,
00001CEC,
00001D45,
00001E0A,
00001F1D,
0000209E,
0000210B,
00002117,
00002125,
00002127,
00002159,
000000D7,
000014AE,
000019C8,
00001D45,
00000043,
00000548,
00000EC9,
0000141F,
00002022,
00000018,
00000043,
00000305,
000003AB,
000003ED,
00000467,
00000548,
00000562,
000005F2,
000006FD,
0000071E,
00000794,
000008D1,
00000A39,
00000A43,
00000A7C,
00000ACC,
00000B6B,
00000C34,
00000EC9,
00000ECF,
00000EDF,
000012BE,
000013B8,
0000141F,
00001620,
00001936,
00001A11,
00001AB8,
00001B2E,
00001BC5,
00001CA2,
00001CD1,
00001DE2,
00001ED7,
00001F3C,
00002022,
000020DE,
000000CB,
00000275,
00000305,
000003ED,
00000562,
000005F2,
00000ACC,
00000B6B,
00000BBB,
00000BFC,
00000C34,
00000CE7,
000010B5,
000010D2,
0000111B,
000011A7,
000011BE,
000012BE,
000014A0,
00001541,
0000170C,
00001762,
00001919,
00001A11,
00001A4F,
00001AC8,
00001AE2,
00001B2E,
00001DD0,
00001E61,
00002030,
00002067,
000020A6,
0000212B,
000000CB,
00000432,
000007FA,
0000096A,
00000BB5,
00000BBB,
00000CE7,
00000D99,
000010B5,
00001440,
000014D1,
0000151C,
00001524,
00001545,
00001570,
000015BB,
00001611,
00001627,
00001BD7,
00001CAE,
00001DD0,
00002067,
000020A6,
0000211C,
00000247,
00000398,
00000432,
000005E1,
0000063C,
000007FA,
00000888,
00000919,
000009E3,
000009FC,
00000D99,
00000FA2,
00001115,
00001193,
000011A6,
0000120D,
000014C4,
000014F8,
00001528,
00001545,
00001548,
00001553,
00001611,
00001627,
00001661,
00001A4A,
00001BD7,
00001CAE,
00001CEF,
00001D66,
00001EF4,
00001F0A,
00001F1D,
0000200B,
0000211C,
00002166,
000001F7,
000005E1,
000007F8,
00000812,
00000821,
000009E3,
000011A6,
0000128A,
00001435,
00001528,
00001553,
0000198B,
00001A4A,
00001A70,
00001A84,
00001AB4,
00001CEF,
00001D61,
00001F1D,
00001FFD,
0000209E,
00000028,
00000305,
00000467,
000006FD,
00000A39,
00000C34,
000012BE,
000018B3,
00000028,
00000049,
000000CB,
00000305,
0000030B,
000004C7,
00000656,
00000A0B,
00000C34,
00000D2A,
00000DD1,
00000EDC,
00001087,
000011A7,
0000129D,
000012BE,
000014B4,
00001519,
00001541,
0000170C,
00001762,
000018B3,
0000191D,
0000195E,
00001AC8,
00001DCA,
00001DD0,
000000CB,
0000030B,
00000459,
0000047A,
00001087,
00001440,
000014D1,
0000191D,
0000195E,
00001A9D,
00001BD7,
00001CA4,
00001CAE,
00001CCE,
00001DCA,
00001DD0,
0000211C,
00000247,
0000053B,
0000063C,
00000888,
00000919,
000010F5,
0000112A,
000011FF,
0000120D,
00001528,
00001A4A,
00001A9D,
00001B0B,
00001BD7,
00001CA4,
00001CAE,
00001CCE,
00001D66,
00001DB9,
00001ED0,
0000211C,
00001528,
00001A4A,
0000082D,
00000B24,
00000BDA,
00000DE9,
0000107F,
0000175E,
0000198F,
00001D98,
0000000D,
00000086,
000000F2,
0000031D,
000004B3,
000004C0,
00000663,
000007FE,
000007FF,
0000080E,
0000082D,
00000840,
0000096D,
00000CDC,
00000DB1,
00000E68,
000012BF,
00001411,
0000172B,
0000173A,
0000175E,
0000198F,
000019B2,
000019B7,
00001E5C,
00001E91,
00001EBB,
0000204A,
00002050,
00002114,
00002141,
00000067,
000000F2,
000004C0,
00000543,
00000840,
0000096D,
00000BF7,
00000C0B,
00000C66,
00000DB1,
00001041,
0000157C,
00001C52,
00001E5C,
000000A0,
0000026F,
00000588,
000006AA,
0000082D,
000008A4,
000008C1,
00000A1F,
00000B24,
00000B7B,
00000BCE,
00000BDF,
00000DE9,
00000F4A,
000010AD,
000010FB,
0000130C,
00001470,
00001472,
000015FD,
0000175E,
00001879,
0000188E,
00001CB4,
00001D98,
00001F33,
0000214E,
00000050,
000001C0,
0000026F,
000004B3,
000004C0,
0000050C,
00000522,
00000588,
000007FE,
0000082D,
000008C1,
00000AC1,
00000F07,
00000F45,
00000F46,
000010F2,
000010FB,
0000153C,
000015FD,
0000168B,
000016C5,
0000173A,
0000175E,
00001879,
0000188E,
000019B2,
000019B7,
00001CB4,
00001D75,
00001DA7,
00001DD1,
00001E46,
00001E57,
00001E5C,
00001E91,
00001EBB,
00001EC8,
00001F33,
00001F62,
0000208C,
00002114,
000004C0,
00000522,
00000543,
000007F3,
0000086D,
00000A9D,
00000BF7,
00000C0B,
00000C66,
00000F07,
00000F46,
00001041,
000010A1,
000010F2,
0000153C,
000017B7,
0000186A,
00001A09,
00001B70,
00001B91,
00001BB6,
00001BDC,
00001C52,
00001D75,
00001DA8,
00001E57,
00001E5C,
00002128,
00000074,
000000A0,
00000296,
000006AA,
000008A4,
000008A5,
000008A9,
000008C1,
00000967,
000010E3,
000011E7,
00001472,
0000154E,
00001A3F,
00001B78,
00001F33,
00001FD5,
00000074,
00000136,
000001C0,
00000226,
00000296,
00000359,
0000050C,
0000051C,
00000522,
00000582,
0000078F,
00000868,
000008A5,
000008C1,
00000967,
00000AC1,
00000F07,
000010E3,
00001670,
000016C5,
00001715,
00001982,
00001A91,
00001AE3,
00001B1E,
00001BEC,
00001D2A,
00001D75,
00001DE3,
00001EA7,
00001F33,
00000226,
00000522,
0000078F,
00000F07,
00001A09,
00001BEC,
00001D75,
00001DA8,
00000296,
00000967,
00000296,
00000359,
0000051C,
00000967,
00001670,
00001715,
00001982,
00001AE3,
00000A7F,
00001311,
000002C3,
00000560,
00000A7F,
00000C15,
00000C1F,
00000D9E,
00000F92,
00001070,
0000117C,
00001184,
00001311,
000013B1,
00001523,
0000176E,
000017F5,
00001FDA,
00000C15,
00000C1F,
00000F92,
00001070,
00001523,
000017F5,
0000027C,
00000954,
00000A7F,
00000B18,
00000E2A,
00001283,
000012C2,
00001311,
000014C5,
0000168E,
000016D6,
00001EB7,
00001EB9,
00002028,
00000087,
00000111,
000001AB,
000002C3,
000002F0,
0000043A,
00000560,
000007C6,
00000954,
00000A5D,
00000A7F,
00000B18,
00000D9E,
00000E2A,
00000F92,
00001044,
000010EB,
0000117C,
00001311,
00001379,
0000137E,
00001387,
00001388,
0000138A,
000014C5,
00001523,
0000168E,
000016A4,
000017F5,
000018A9,
00001927,
0000197E,
00001FA5,
00002028,
000001E0,
00000F92,
00001009,
0000150F,
00001523,
000016A4,
000017F5,
000018A9,
0000197E,
00000544,
00000562,
0000081D,
00000857,
00000A43,
00000ACC,
00000ECF,
000013B8,
000014A3,
000015CD,
00001AEA,
00001B36,
00001B39,
00001CC0,
00001F71,
000020DE,
0000213D,
00000139,
0000027C,
00000443,
00000544,
00000562,
000005BB,
00000781,
0000081D,
00000935,
00000ACC,
00000C1E,
00000C73,
00000D18,
00000D4E,
00000ED0,
00001047,
00001054,
000010B9,
0000111B,
000012BB,
000012C2,
000012D8,
00001405,
00001447,
000014A0,
000014A6,
000014C5,
000015CD,
00001667,
000016D6,
00001892,
00001A2A,
00001AEA,
00001B36,
00001B39,
00001D84,
00001E61,
00001EB7,
00002028,
00002067,
00002143,
00002154,
0000004A,
00000111,
000001AB,
0000043A,
0000043E,
00000781,
00000994,
00000A5D,
00000C1E,
00000C73,
00000D99,
0000103E,
00001054,
0000112F,
000014A6,
000014C5,
0000151C,
00001570,
000015BB,
00001667,
000016A4,
00001927,
00001A2A,
00001D21,
00001D68,
00001EAD,
00001FA5,
00001FDB,
00002008,
00002028,
00002067,
0000208A,
0000004A,
000001A5,
00000D99,
0000103E,
0000150F,
000016A4,
00001FDB,
00002008,
0000200B,
000020E7,
000003ED,
00000562,
00000A43,
00000ACC,
00000ECF,
000013B8,
000020DE,
000003ED,
00000443,
00000562,
00000ACC,
00000BFC,
00000C1E,
00000D18,
000010B5,
0000111B,
00001405,
00001447,
000014A0,
00001919,
00001A2A,
00001E61,
00002030,
00002067,
000020A6,
000007FA,
00000C1E,
00000D99,
000010B5,
0000151C,
00001545,
00001570,
000015BB,
00001A2A,
00002008,
00002067,
000020A6,
000007FA,
00000D99,
00001545,
00002008,
0000200B
;
