; Triangle Memory COE File for Vivado
; Format: 1152-bit width (4 triangles x 9 floats x 32 bits)
; Total triangles: 13093
memory_initialization_radix=16;
memory_initialization_vector=
BEBD1DCD3F591F3FBEA9CFBCBEB61C583F54F5F5BEA65365BEBEC0D73F59BE2BBEA31DF7BEBC4A623F5C4BE4BEAC197EBEA93C683F5BF573BEB2979EBEB5CAD13F56C398BEAF2AE0BEBD1DCD3F591F3FBEA9CFBCBEBC4A623F5C4BE4BEAC197EBEB5CAD13F56C398BEAF2AE0BEA477143F5A2414BE9D7BC8BEB45FE13F566D26BEA0FECEBE9DF0913F558330BEA0D328,
BEB61C583F54F5F5BEA65365BEB45FE13F566D26BEA0FECEBEBB68AD3F586280BEA05469BEB51F1D3F54BFD3BEAC2DF1BEB61C583F54F5F5BEA65365BEBD1DCD3F591F3FBEA9CFBCBEB5CAD13F56C398BEAF2AE0BEB51F1D3F54BFD3BEAC2DF1BEBD1DCD3F591F3FBEA9CFBCBEB61C583F54F5F5BEA65365BEBB68AD3F586280BEA05469BEBEC0D73F59BE2BBEA31DF7,
BEBD1DCD3F591F3FBEA9CFBCBEC1FC8F3F606089BEA89635BEBC4A623F5C4BE4BEAC197EBEBB68AD3F586280BEA05469BEB45FE13F566D26BEA0FECEBEC0BD013F5D62BFBE9B7D63BEB51F1D3F54BFD3BEAC2DF1BEAB32CF3F503F2DBEAA569BBEB61C583F54F5F5BEA65365BEA41C1D3F50666FBEB59429BEA594D13F4E8124BEB2F599BEB5CAD13F56C398BEAF2AE0,
BEB5CAD13F56C398BEAF2AE0BEA93C683F5BF573BEB2979EBEA41C1D3F50666FBEB59429BEBEC0D73F59BE2BBEA31DF7BEBB68AD3F586280BEA05469BEC0BD013F5D62BFBE9B7D63BEC0BD013F5D62BFBE9B7D63BEB45FE13F566D26BEA0FECEBEA477143F5A2414BE9D7BC8BEB45FE13F566D26BEA0FECEBEAB32CF3F503F2DBEAA569BBEA5FE763F4EA20ABEA8997C,
BEAB32CF3F503F2DBEAA569BBEB51F1D3F54BFD3BEAC2DF1BEA594D13F4E8124BEB2F599BEBD1DCD3F591F3FBEA9CFBCBEBEC0D73F59BE2BBEA31DF7BEC332CF3F5D76CDBEA51D69BEC1FC8F3F606089BEA89635BEBD1DCD3F591F3FBEA9CFBCBEC332CF3F5D76CDBEA51D69BEA5FE763F4EA20ABEA8997CBE9DF0913F558330BEA0D328BEB45FE13F566D26BEA0FECE,
BEA477143F5A2414BE9D7BC8BEB45FE13F566D26BEA0FECEBE9DF0913F558330BEA0D328BEAB32CF3F503F2DBEAA569BBEB45FE13F566D26BEA0FECEBEB61C583F54F5F5BEA65365BEAB32CF3F503F2DBEAA569BBEA594D13F4E8124BEB2F599BEA5FE763F4EA20ABEA8997CBEB51F1D3F54BFD3BEAC2DF1BEB5CAD13F56C398BEAF2AE0BEA594D13F4E8124BEB2F599,
BEC1FC8F3F606089BEA89635BEC332CF3F5D76CDBEA51D69BEC621323F647432BEA582FDBEC1209F3F74B85ABEAF2629BEBA91753F77073ABEB84599BEB0BB4D3F6F3094BEB6FF3BBEA93C683F5BF573BEB2979EBEAC65C73F671DF7BEB39714BE9F45173F616A7BBEB6E73EBEC67FF63F771DD6BE9BBA99BEC077033F77AA69BE9DCCA7BEC9BCBA3F779CA6BE9EB591,
BEBD1DCD3F591F3FBEA9CFBCBEBC4A623F5C4BE4BEAC197EBEB5CAD13F56C398BEAF2AE0BEA6FAA43F7903FBBECB1C86BEABF1843F76E947BECB4891BEAE809D3F794ED3BEC7AA69BEAE809D3F794ED3BEC7AA69BEA9C9713F7A96E6BEC3B731BEA6FAA43F7903FBBECB1C86BEC746883F7ACB86BEA415F4BEC6E1DF3F78F57FBE9EDC1ABEC111063F7A6751BEA2337B,
BEBB9BED3F7239D6BE9A18DFBEB5BEC23F75FB72BEA100A4BEC077033F77AA69BE9DCCA7BEC1209F3F74B85ABEAF2629BEB0BB4D3F6F3094BEB6FF3BBEB8626F3F6E8CDFBEB0ED81BEB06B593F7CA98BBEB852F8BEB5AEA33F7AE4F3BEAAB735BEAA95423F78D573BEB07831BEBC4A623F5C4BE4BEAC197EBEA93C683F5BF573BEB2979EBEB5CAD13F56C398BEAF2AE0,
BEB8626F3F6E8CDFBEB0ED81BEC49ECB3F6ED6FEBEA8B84ABEC1209F3F74B85ABEAF2629BEBA86B63F7D12A9BEB55ED0BEC075B43F7C3C7DBEAAF6E8BEB8D4783F7CA06FBEAF3D7DBEC621323F647432BEA582FDBEC332CF3F5D76CDBEA51D69BEC98B933F639ECFBE9D9360BEB745173F795FFEBEBE98BBBEB2EB813F7C0421BEC11A33BEAE809D3F794ED3BEC7AA69,
BEC0BD013F5D62BFBE9B7D63BEA5C4653F5EF859BE9B328BBEB3BD5A3F61389BBE9A14F0BEC9D40F3F67EAB3BEA18D47BECDFF823F6B6588BE98A372BECB382E3F7096CCBEA2F31BBEC49ECB3F6ED6FEBEA8B84ABEC9D40F3F67EAB3BEA18D47BECB382E3F7096CCBEA2F31BBEABF1843F76E947BECB4891BEA6FAA43F7903FBBECB1C86BEA689EC3F76F0F1BECF8855,
BEC67FF63F771DD6BE9BBA99BECCBEE83F7385C6BE9A5E9ABEC979E13F7367A1BE9835BDBECA89553F6B6D22BE95D5F5BEC3E4043F673387BE967F91BECAE6433F7071D6BE9705C9BEABF1843F76E947BECB4891BEB745173F795FFEBEBE98BBBEAE809D3F794ED3BEC7AA69BEB745173F795FFEBEBE98BBBEB974823F7BF76ABEBBBF51BEB2EB813F7C0421BEC11A33,
BEA93C683F5BF573BEB2979EBEB294FF3F6219EBBEAF67F5BEAC65C73F671DF7BEB39714BEABF1843F76E947BECB4891BEA689EC3F76F0F1BECF8855BEAA24033F74D91FBECACE25BEA9C9713F7A96E6BEC3B731BEB2EB813F7C0421BEC11A33BEA623293F7ACB10BEC0D738BEC1378F3F7C2203BEB0FBECBEC0B4E13F78E896BEB2DEA9BEC5F71F3F7A147BBEABB3EA,
BEB0BB4D3F6F3094BEB6FF3BBEBA91753F77073ABEB84599BEAE9D733F735558BEBF316EBEC621323F647432BEA582FDBEC98B933F639ECFBE9D9360BEC9D40F3F67EAB3BEA18D47BECCBEE83F7385C6BE9A5E9ABEC67FF63F771DD6BE9BBA99BEC9BCBA3F779CA6BE9EB591BEC9C0EC3F75BA1BBEA5FC3BBECCBEE83F7385C6BE9A5E9ABEC9BCBA3F779CA6BE9EB591,
BEC6E1DF3F78F57FBE9EDC1ABEC077033F77AA69BE9DCCA7BEC111063F7A6751BEA2337BBECDFF823F6B6588BE98A372BEC98B933F639ECFBE9D9360BEC854263F639863BE986595BEC25E573F60E5E6BE98C437BEC3E4043F673387BE967F91BEC854263F639863BE986595BEADD26B3F6BA483BE9AD40BBEA963FE3F6598AFBE9A617CBEA0913A3F65DA49BE9B2229,
BEBD1DCD3F591F3FBEA9CFBCBEB61C583F54F5F5BEA65365BEBEC0D73F59BE2BBEA31DF7BEABF1843F76E947BECB4891BEAA24033F74D91FBECACE25BEAE9D733F735558BEBF316EBEAE9D733F735558BEBF316EBEA4B2313F7370ACBECF2D3CBE992A953F6B967DBEC42C3DBEBCC5763F6892EFBEAB9BEDBEB294FF3F6219EBBEAF67F5BEC1FC8F3F606089BEA89635,
BEB5BEC23F75FB72BEA100A4BEB5AEA33F7AE4F3BEAAB735BEC111063F7A6751BEA2337BBEC077033F77AA69BE9DCCA7BEB5BEC23F75FB72BEA100A4BEC111063F7A6751BEA2337BBEB5BEC23F75FB72BEA100A4BEA5E3DA3F714489BEA42C80BEA953583F74ED91BEA811F5BEB61C583F54F5F5BEA65365BEBB68AD3F586280BEA05469BEBEC0D73F59BE2BBEA31DF7,
BEC979E13F7367A1BE9835BDBEBB9BED3F7239D6BE9A18DFBEC67FF63F771DD6BE9BBA99BEC1209F3F74B85ABEAF2629BEC9C0EC3F75BA1BBEA5FC3BBEC0B4E13F78E896BEB2DEA9BEA5C4653F5EF859BE9B328BBEC0BD013F5D62BFBE9B7D63BEA477143F5A2414BE9D7BC8BEBB9BED3F7239D6BE9A18DFBEC3E4043F673387BE967F91BEB3B4913F6AED03BE99337F,
BECB382E3F7096CCBEA2F31BBECDFF823F6B6588BE98A372BECCBEE83F7385C6BE9A5E9ABECAE6433F7071D6BE9705C9BEBB9BED3F7239D6BE9A18DFBEC979E13F7367A1BE9835BDBECCBEE83F7385C6BE9A5E9ABECAE6433F7071D6BE9705C9BEC979E13F7367A1BE9835BDBEBB9BED3F7239D6BE9A18DFBEC077033F77AA69BE9DCCA7BEC67FF63F771DD6BE9BBA99,
BEAA95423F78D573BEB07831BEA953583F74ED91BEA811F5BE9DA5DB3F768D00BEB81FFBBECAE6433F7071D6BE9705C9BEC3E4043F673387BE967F91BEBB9BED3F7239D6BE9A18DFBEC25E573F60E5E6BE98C437BEC854263F639863BE986595BEC51F1D3F5E5FE9BE9D15CFBEA4B2313F7370ACBECF2D3CBEAE9D733F735558BEBF316EBEAA24033F74D91FBECACE25,
BEC0B4E13F78E896BEB2DEA9BEC9C0EC3F75BA1BBEA5FC3BBEC5F71F3F7A147BBEABB3EABEC9BCBA3F779CA6BE9EB591BEC077033F77AA69BE9DCCA7BEC6E1DF3F78F57FBE9EDC1ABEC9C0EC3F75BA1BBEA5FC3BBEC9BCBA3F779CA6BE9EB591BEC746883F7ACB86BEA415F4BEC0BD013F5D62BFBE9B7D63BEB3BD5A3F61389BBE9A14F0BEC25E573F60E5E6BE98C437,
BEBB68AD3F586280BEA05469BEB45FE13F566D26BEA0FECEBEC0BD013F5D62BFBE9B7D63BEA1769B3F68038ABEB9E59FBE9F45173F616A7BBEB6E73EBEAC65C73F671DF7BEB39714BEC075B43F7C3C7DBEAAF6E8BEBA86B63F7D12A9BEB55ED0BEC1378F3F7C2203BEB0FBECBEB745173F795FFEBEBE98BBBEBA91753F77073ABEB84599BEC0B4E13F78E896BEB2DEA9,
BEA27B2D3F6A965FBE9DEB74BEB5BEC23F75FB72BEA100A4BEADD26B3F6BA483BE9AD40BBEB8626F3F6E8CDFBEB0ED81BEAC65C73F671DF7BEB39714BEBCC5763F6892EFBEAB9BEDBEB294FF3F6219EBBEAF67F5BEA93C683F5BF573BEB2979EBEBC4A623F5C4BE4BEAC197EBEA1769B3F68038ABEB9E59FBEB0BB4D3F6F3094BEB6FF3BBEAE9D733F735558BEBF316E,
BEB974823F7BF76ABEBBBF51BEB06B593F7CA98BBEB852F8BEB2EB813F7C0421BEC11A33BEC98B933F639ECFBE9D9360BEC332CF3F5D76CDBEA51D69BEC51F1D3F5E5FE9BE9D15CFBEC5F71F3F7A147BBEABB3EABEC746883F7ACB86BEA415F4BEC075B43F7C3C7DBEAAF6E8BEBD1DCD3F591F3FBEA9CFBCBEC1FC8F3F606089BEA89635BEBC4A623F5C4BE4BEAC197E,
BEC111063F7A6751BEA2337BBEB5AEA33F7AE4F3BEAAB735BEB8D4783F7CA06FBEAF3D7DBEA689EC3F76F0F1BECF8855BEA4B2313F7370ACBECF2D3CBEAA24033F74D91FBECACE25BEC854263F639863BE986595BEC3E4043F673387BE967F91BECA89553F6B6D22BE95D5F5BEB745173F795FFEBEBE98BBBEC0B4E13F78E896BEB2DEA9BEB974823F7BF76ABEBBBF51,
BEB8D4783F7CA06FBEAF3D7DBEB5AEA33F7AE4F3BEAAB735BEB06B593F7CA98BBEB852F8BEC9BCBA3F779CA6BE9EB591BEC6E1DF3F78F57FBE9EDC1ABEC746883F7ACB86BEA415F4BEBEC0D73F59BE2BBEA31DF7BEBB68AD3F586280BEA05469BEC0BD013F5D62BFBE9B7D63BEC0BD013F5D62BFBE9B7D63BEB45FE13F566D26BEA0FECEBEA477143F5A2414BE9D7BC8,
BEA27B2D3F6A965FBE9DEB74BEA5E3DA3F714489BEA42C80BEB5BEC23F75FB72BEA100A4BEA963FE3F6598AFBE9A617CBEADD26B3F6BA483BE9AD40BBEB3B4913F6AED03BE99337FBEC3E4043F673387BE967F91BEC25E573F60E5E6BE98C437BEB3BD5A3F61389BBE9A14F0BEA9C9713F7A96E6BEC3B731BEAE809D3F794ED3BEC7AA69BEB2EB813F7C0421BEC11A33,
BEC1209F3F74B85ABEAF2629BECB382E3F7096CCBEA2F31BBEC9C0EC3F75BA1BBEA5FC3BBEBA91753F77073ABEB84599BEB745173F795FFEBEBE98BBBEABF1843F76E947BECB4891BEAE9D733F735558BEBF316EBEBA91753F77073ABEB84599BEABF1843F76E947BECB4891BECDFF823F6B6588BE98A372BEC9D40F3F67EAB3BEA18D47BEC98B933F639ECFBE9D9360,
BEC1209F3F74B85ABEAF2629BEC49ECB3F6ED6FEBEA8B84ABECB382E3F7096CCBEA2F31BBEA963FE3F6598AFBE9A617CBEB3BD5A3F61389BBE9A14F0BEA5C4653F5EF859BE9B328BBEA953583F74ED91BEA811F5BEAA95423F78D573BEB07831BEB5BEC23F75FB72BEA100A4BEB5CAD13F56C398BEAF2AE0BEA93C683F5BF573BEB2979EBEA41C1D3F50666FBEB59429,
BEB0BB4D3F6F3094BEB6FF3BBEAC65C73F671DF7BEB39714BEB8626F3F6E8CDFBEB0ED81BEBA86B63F7D12A9BEB55ED0BEB06B593F7CA98BBEB852F8BEB974823F7BF76ABEBBBF51BEBD1DCD3F591F3FBEA9CFBCBEBEC0D73F59BE2BBEA31DF7BEC332CF3F5D76CDBEA51D69BEC1FC8F3F606089BEA89635BEBD1DCD3F591F3FBEA9CFBCBEC332CF3F5D76CDBEA51D69,
BEC0BD013F5D62BFBE9B7D63BEC25E573F60E5E6BE98C437BEC51F1D3F5E5FE9BE9D15CFBEC1209F3F74B85ABEAF2629BEC0B4E13F78E896BEB2DEA9BEBA91753F77073ABEB84599BEC9D40F3F67EAB3BEA18D47BEC49ECB3F6ED6FEBEA8B84ABEC621323F647432BEA582FDBE992A953F6B967DBEC42C3DBEA1769B3F68038ABEB9E59FBEAE9D733F735558BEBF316E,
BEB5BEC23F75FB72BEA100A4BEBB9BED3F7239D6BE9A18DFBEADD26B3F6BA483BE9AD40BBEC111063F7A6751BEA2337BBEB8D4783F7CA06FBEAF3D7DBEC075B43F7C3C7DBEAAF6E8BEC746883F7ACB86BEA415F4BEC111063F7A6751BEA2337BBEC075B43F7C3C7DBEAAF6E8BEBC4A623F5C4BE4BEAC197EBEC1FC8F3F606089BEA89635BEB294FF3F6219EBBEAF67F5,
BEBEC0D73F59BE2BBEA31DF7BEC0BD013F5D62BFBE9B7D63BEC51F1D3F5E5FE9BE9D15CFBEC332CF3F5D76CDBEA51D69BEBEC0D73F59BE2BBEA31DF7BEC51F1D3F5E5FE9BE9D15CFBEC3E4043F673387BE967F91BEA963FE3F6598AFBE9A617CBEB3B4913F6AED03BE99337FBEBB9BED3F7239D6BE9A18DFBEB3B4913F6AED03BE99337FBEADD26B3F6BA483BE9AD40B,
BEB294FF3F6219EBBEAF67F5BEBCC5763F6892EFBEAB9BEDBEAC65C73F671DF7BEB39714BECAE6433F7071D6BE9705C9BECCBEE83F7385C6BE9A5E9ABECDFF823F6B6588BE98A372BEA1769B3F68038ABEB9E59FBEAC65C73F671DF7BEB39714BEB0BB4D3F6F3094BEB6FF3BBEC9C0EC3F75BA1BBEA5FC3BBECB382E3F7096CCBEA2F31BBECCBEE83F7385C6BE9A5E9A,
BEC9C0EC3F75BA1BBEA5FC3BBEC746883F7ACB86BEA415F4BEC5F71F3F7A147BBEABB3EABECDFF823F6B6588BE98A372BEC854263F639863BE986595BECA89553F6B6D22BE95D5F5BEA0913A3F65DA49BE9B2229BEA27B2D3F6A965FBE9DEB74BEADD26B3F6BA483BE9AD40BBEBCC5763F6892EFBEAB9BEDBEC49ECB3F6ED6FEBEA8B84ABEB8626F3F6E8CDFBEB0ED81,
BEB3BD5A3F61389BBE9A14F0BEA963FE3F6598AFBE9A617CBEC3E4043F673387BE967F91BEBCC5763F6892EFBEAB9BEDBEC1FC8F3F606089BEA89635BEC621323F647432BEA582FDBEC49ECB3F6ED6FEBEA8B84ABEBCC5763F6892EFBEAB9BEDBEC621323F647432BEA582FDBEA623293F7ACB10BEC0D738BEB2EB813F7C0421BEC11A33BEB06B593F7CA98BBEB852F8,
BEAA95423F78D573BEB07831BE9DA5DB3F768D00BEB81FFBBEB06B593F7CA98BBEB852F8BEB06B593F7CA98BBEB852F8BE9DA5DB3F768D00BEB81FFBBEA623293F7ACB10BEC0D738BEB974823F7BF76ABEBBBF51BEC0B4E13F78E896BEB2DEA9BEC1378F3F7C2203BEB0FBECBEBA86B63F7D12A9BEB55ED0BEB974823F7BF76ABEBBBF51BEC1378F3F7C2203BEB0FBEC,
BECA89553F6B6D22BE95D5F5BECAE6433F7071D6BE9705C9BECDFF823F6B6588BE98A372BEC98B933F639ECFBE9D9360BEC51F1D3F5E5FE9BE9D15CFBEC854263F639863BE986595BEBA86B63F7D12A9BEB55ED0BEB8D4783F7CA06FBEAF3D7DBEB06B593F7CA98BBEB852F8BEB5BEC23F75FB72BEA100A4BEAA95423F78D573BEB07831BEB5AEA33F7AE4F3BEAAB735,
BE500B033E1116A9BC821AF8BE4E7B813DF8572A3BD60A63BE66D71F3E2E04C03BAA0019BE66D71F3E2E04C03BAA0019BE4E7B813DF8572A3BD60A63BE5C93213E19068A3CC44391BE500B033E1116A9BC821AF8BE4E7B813DF8572A3BD60A63BE66D71F3E2E04C03BAA0019BEC075B43F7C3C7DBEAAF6E8BEC1378F3F7C2203BEB0FBECBEC5F71F3F7A147BBEABB3EA,
BE6457C13E57A4A5BD1BF488BE672DA13E821F6DBD81DEADBE5959603E764E05BD8F1887BE55A07B3E586F48BD614489BE6457C13E57A4A5BD1BF488BE5959603E764E05BD8F1887BE6AA6D23E8E7147BD8D7732BE66E2A83E9F2A17BDA256BDBE5959A33E941D4BBDBBD838BE672DA13E821F6DBD81DEADBE78AE323E82A8A8BD1E85FDBE6AA6D23E8E7147BD8D7732,
BE6457C13E57A4A5BD1BF488BE7370043E62DB62BC9CCFAFBE78AE323E82A8A8BD1E85FDBE76A7693E973B21BD53AB43BE66E2A83E9F2A17BDA256BDBE6AA6D23E8E7147BD8D7732BE6457C13E57A4A5BD1BF488BE55A07B3E586F48BD614489BE536BD33E315981BD210386BE6BA40E3E3AC3A83CC5C140BE6BEA4F3E56134DBCB2C1F4BE66D71F3E2E04C03BAA0019,
BE7F483D3EA6E115BCF7D73DBE7B33123E8F6167BD3674D1BE800C743E8F58E2BCD2977DBE6BEA4F3E56134DBCB2C1F4BE6BA40E3E3AC3A83CC5C140BE77FED23E62706D3AF6F08DBE6AA6D23E8E7147BD8D7732BE5959A33E941D4BBDBBD838BE5F30E83E8A6959BDA2BB66BE8000653EA3D5BBBC8F66A5BE800C743E8F58E2BCD2977DBE7F1E8E3E92E169BBEB356E,
BE78AE323E82A8A8BD1E85FDBE672DA13E821F6DBD81DEADBE6457C13E57A4A5BD1BF488BE6457C13E57A4A5BD1BF488BE6BEA4F3E56134DBCB2C1F4BE7370043E62DB62BC9CCFAFBE6457C13E57A4A5BD1BF488BE536BD33E315981BD210386BE61B4783E3801F7BCA0F909BE7B33123E8F6167BD3674D1BE6AA6D23E8E7147BD8D7732BE78AE323E82A8A8BD1E85FD,
BE78AE323E82A8A8BD1E85FDBE79DC723E7B7AA2BC9C6F37BE7EC3983E883DDEBC953155BE7B33123E8F6167BD3674D1BE78AE323E82A8A8BD1E85FDBE7EC3983E883DDEBC953155BE77FED23E62706D3AF6F08DBE79DC723E7B7AA2BC9C6F37BE7370043E62DB62BC9CCFAFBE77FED23E62706D3AF6F08DBE7370043E62DB62BC9CCFAFBE6BEA4F3E56134DBCB2C1F4,
BE5F30E83E8A6959BDA2BB66BE5959603E764E05BD8F1887BE672DA13E821F6DBD81DEADBE500B033E1116A9BC821AF8BE4E7B813DF8572A3BD60A63BE66D71F3E2E04C03BAA0019BE61B4783E3801F7BCA0F909BE500B033E1116A9BC821AF8BE66D71F3E2E04C03BAA0019BE6457C13E57A4A5BD1BF488BE61B4783E3801F7BCA0F909BE6BEA4F3E56134DBCB2C1F4,
BE7B33123E8F6167BD3674D1BE7EC3983E883DDEBC953155BE800C743E8F58E2BCD2977DBE672DA13E821F6DBD81DEADBE6AA6D23E8E7147BD8D7732BE5F30E83E8A6959BDA2BB66BE7EC3983E883DDEBC953155BE7EF6B63E88A6DB3C18C3B1BE7F1E8E3E92E169BBEB356EBE7EF6B63E88A6DB3C18C3B1BE7715403E97AD6D3D61D756BE7F1E8E3E92E169BBEB356E,
BE76A7693E973B21BD53AB43BE7B33123E8F6167BD3674D1BE7F483D3EA6E115BCF7D73DBE66D71F3E2E04C03BAA0019BE6BEA4F3E56134DBCB2C1F4BE61B4783E3801F7BCA0F909BE76A7693E973B21BD53AB43BE6AA6D23E8E7147BD8D7732BE7B33123E8F6167BD3674D1BE78AE323E82A8A8BD1E85FDBE7370043E62DB62BC9CCFAFBE79DC723E7B7AA2BC9C6F37,
BE800C743E8F58E2BCD2977DBE7EC3983E883DDEBC953155BE7F1E8E3E92E169BBEB356EBE79DC723E7B7AA2BC9C6F37BE77FED23E62706D3AF6F08DBE7EF6B63E88A6DB3C18C3B1BE7EC3983E883DDEBC953155BE79DC723E7B7AA2BC9C6F37BE7EF6B63E88A6DB3C18C3B1BE8000653EA3D5BBBC8F66A5BE7F483D3EA6E115BCF7D73DBE800C743E8F58E2BCD2977D,
BE6BA40E3E3AC3A83CC5C140BE6BEA4F3E56134DBCB2C1F4BE66D71F3E2E04C03BAA0019BE63415B3E47C8083DBDF7E8BE632B133E3A28BB3D9B994EBE56F86A3E25B2923DAF73C1BE6DFB503E76A1A53D3F76A3BE76F86A3E807A4A3D17BB73BE73D70A3E6276B83CA0BC38BE67B02D3E4EE5EF3D96C69BBE658A333E42C4933D46412DBE632B133E3A28BB3D9B994E,
BE56F86A3E25B2923DAF73C1BE632B133E3A28BB3D9B994EBE58AC193E247B243D8820E6BE63415B3E47C8083DBDF7E8BE56F86A3E25B2923DAF73C1BE522D513E24C7B03DD7ED42BE7585BE3E8779643D5A7B0BBE6E29303E813FD13D7778DDBE73660E3E90385C3D898B2FBE66D71F3E2E04C03BAA0019BE4E7B813DF8572A3BD60A63BE5C93213E19068A3CC44391,
BE5F34D73E73126F3DD124D1BE58BB4D3E731D2E3E0244A6BE62B7353E860E523E04C405BE7715403E97AD6D3D61D756BE7585BE3E8779643D5A7B0BBE73660E3E90385C3D898B2FBE687F453E85FD263DBC0E39BE6931013E8B53723DE12945BE6BBCB23E8FCAEA3DC307F2BE658A333E42C4933D46412DBE5C93213E19068A3CC44391BE5E71473E2951403D273E68,
BE62B7353E860E523E04C405BE5D86663E81899C3E17E5A8BE5D9DBB3E9363F53E295C85BE6478C83E9320533E0BACB4BE6B1EE23E9C57193DD25919BE6931013E8B53723DE12945BE658A333E42C4933D46412DBE5E71473E2951403D273E68BE58AC193E247B243D8820E6BE69B0683E5070763D54B6A6BE658A333E42C4933D46412DBE67B02D3E4EE5EF3D96C69B,
BE687A4A3E65703F3D5A9B8DBE6DFB503E76A1A53D3F76A3BE73D70A3E6276B83CA0BC38BE77FED23E62706D3AF6F08DBE69B0683E5070763D54B6A6BE73D70A3E6276B83CA0BC38BE66D71F3E2E04C03BAA0019BE5C93213E19068A3CC44391BE6BA40E3E3AC3A83CC5C140BE5F34D73E73126F3DD124D1BE62B7353E860E523E04C405BE6931013E8B53723DE12945,
BE6BEA4F3E56134DBCB2C1F4BE6BA40E3E3AC3A83CC5C140BE77FED23E62706D3AF6F08DBE5D9DBB3E9363F53E295C85BE6478C83E9320533E0BACB4BE62B7353E860E523E04C405BE76F86A3E807A4A3D17BB73BE7585BE3E8779643D5A7B0BBE7715403E97AD6D3D61D756BE6E29303E813FD13D7778DDBE7585BE3E8779643D5A7B0BBE6DFB503E76A1A53D3F76A3,
BE7EF6B63E88A6DB3C18C3B1BE77FED23E62706D3AF6F08DBE73D70A3E6276B83CA0BC38BE7EF6B63E88A6DB3C18C3B1BE73D70A3E6276B83CA0BC38BE76F86A3E807A4A3D17BB73BE7715403E97AD6D3D61D756BE7EF6B63E88A6DB3C18C3B1BE76F86A3E807A4A3D17BB73BE6BA40E3E3AC3A83CC5C140BE658A333E42C4933D46412DBE69B0683E5070763D54B6A6,
BE77FED23E62706D3AF6F08DBE7370043E62DB62BC9CCFAFBE6BEA4F3E56134DBCB2C1F4BE73D70A3E6276B83CA0BC38BE69B0683E5070763D54B6A6BE687A4A3E65703F3D5A9B8DBE522D513E24C7B03DD7ED42BE5DC9C53E476EA43DDD9A95BE63415B3E47C8083DBDF7E8BE69B0683E5070763D54B6A6BE6633CE3E6288CE3D8B178BBE687A4A3E65703F3D5A9B8D,
BE77FED23E62706D3AF6F08DBE79DC723E7B7AA2BC9C6F37BE7370043E62DB62BC9CCFAFBE5F34D73E73126F3DD124D1BE6931013E8B53723DE12945BE687F453E85FD263DBC0E39BE5F34D73E73126F3DD124D1BE687F453E85FD263DBC0E39BE6ABE6A3E75818C3D9CE6C1BE6633CE3E6288CE3D8B178BBE5F34D73E73126F3DD124D1BE6ABE6A3E75818C3D9CE6C1,
BE632B133E3A28BB3D9B994EBE658A333E42C4933D46412DBE58AC193E247B243D8820E6BE7EF6B63E88A6DB3C18C3B1BE7715403E97AD6D3D61D756BE7F1E8E3E92E169BBEB356EBE500B033E1116A9BC821AF8BE4E7B813DF8572A3BD60A63BE66D71F3E2E04C03BAA0019BE61B4783E3801F7BCA0F909BE500B033E1116A9BC821AF8BE66D71F3E2E04C03BAA0019,
BE6ABE6A3E75818C3D9CE6C1BE6E29303E813FD13D7778DDBE687A4A3E65703F3D5A9B8DBE6DFB503E76A1A53D3F76A3BE7585BE3E8779643D5A7B0BBE76F86A3E807A4A3D17BB73BE69B0683E5070763D54B6A6BE77FED23E62706D3AF6F08DBE6BA40E3E3AC3A83CC5C140BE7EC3983E883DDEBC953155BE7EF6B63E88A6DB3C18C3B1BE7F1E8E3E92E169BBEB356E,
BE6BBCB23E8FCAEA3DC307F2BE6B1EE23E9C57193DD25919BE75C7043E9810413D9E4799BE687F453E85FD263DBC0E39BE6BBCB23E8FCAEA3DC307F2BE73660E3E90385C3D898B2FBE687F453E85FD263DBC0E39BE73660E3E90385C3D898B2FBE6E29303E813FD13D7778DDBE6ABE6A3E75818C3D9CE6C1BE687F453E85FD263DBC0E39BE6E29303E813FD13D7778DD,
BE67B02D3E4EE5EF3D96C69BBE632B133E3A28BB3D9B994EBE63415B3E47C8083DBDF7E8BE60FF973E572C0E3DCD6A16BE6633CE3E6288CE3D8B178BBE67B02D3E4EE5EF3D96C69BBE63415B3E47C8083DBDF7E8BE60FF973E572C0E3DCD6A16BE67B02D3E4EE5EF3D96C69BBE5C93213E19068A3CC44391BE658A333E42C4933D46412DBE6BA40E3E3AC3A83CC5C140,
BE6E29303E813FD13D7778DDBE6DFB503E76A1A53D3F76A3BE687A4A3E65703F3D5A9B8DBE62B7353E860E523E04C405BE58BB4D3E731D2E3E0244A6BE5D86663E81899C3E17E5A8BE75C7043E9810413D9E4799BE73660E3E90385C3D898B2FBE6BBCB23E8FCAEA3DC307F2BE66D71F3E2E04C03BAA0019BE6BEA4F3E56134DBCB2C1F4BE61B4783E3801F7BCA0F909,
BE73660E3E90385C3D898B2FBE789ACC3E9EBC843D8114D3BE7715403E97AD6D3D61D756BE62B7353E860E523E04C405BE6478C83E9320533E0BACB4BE6931013E8B53723DE12945BE60FF973E572C0E3DCD6A16BE63415B3E47C8083DBDF7E8BE5DC9C53E476EA43DDD9A95BE6633CE3E6288CE3D8B178BBE6ABE6A3E75818C3D9CE6C1BE687A4A3E65703F3D5A9B8D,
BE79DC723E7B7AA2BC9C6F37BE77FED23E62706D3AF6F08DBE7EF6B63E88A6DB3C18C3B1BE7EC3983E883DDEBC953155BE79DC723E7B7AA2BC9C6F37BE7EF6B63E88A6DB3C18C3B1BE67B02D3E4EE5EF3D96C69BBE6633CE3E6288CE3D8B178BBE69B0683E5070763D54B6A6BE73660E3E90385C3D898B2FBE75C7043E9810413D9E4799BE789ACC3E9EBC843D8114D3,
BE5D9DBB3E9363F53E295C85BE6478C83E9320533E0BACB4BE62B7353E860E523E04C405BE62B7353E860E523E04C405BE5D86663E81899C3E17E5A8BE5D9DBB3E9363F53E295C85BE60FF973E572C0E3DCD6A16BE5F34D73E73126F3DD124D1BE6633CE3E6288CE3D8B178BBE6931013E8B53723DE12945BE6B1EE23E9C57193DD25919BE6BBCB23E8FCAEA3DC307F2,
BE6BC6A83EB77B18BD82B735BE4ECFEA3EBC68A9BDA9F6A9BE68F5C33EAFE6D6BD9995EEBE66E2A83E9F2A17BDA256BDBE70728F3EA11601BD8D527EBE68F5C33EAFE6D6BD9995EEBE6AA6D23E8E7147BD8D7732BE66E2A83E9F2A17BDA256BDBE5959A33E941D4BBDBBD838BE62B7353E860E523E04C405BE58BB4D3E731D2E3E0244A6BE5D86663E81899C3E17E5A8,
BE66E2A83E9F2A17BDA256BDBE68F5C33EAFE6D6BD9995EEBE6059A73EAEDE98BDA76A72BE6E34763EC6D43DBB4A4F44BE79F1F13EBB34403CDFAA8BBE6EA8543EC666663CF112FDBE64E6193ECE21D93CE6644EBE6E34763EC6D43DBB4A4F44BE6EA8543EC666663CF112FDBE4ECFEA3EBC68A9BDA9F6A9BE6059A73EAEDE98BDA76A72BE68F5C33EAFE6D6BD9995EE,
BE76A7693E973B21BD53AB43BE66E2A83E9F2A17BDA256BDBE6AA6D23E8E7147BD8D7732BE7F483D3EA6E115BCF7D73DBE8000653EA3D5BBBC8F66A5BE79B3073EB60B70BCA326E1BE5023A73ED794C83D17928EBE5FCC9F3ECEBCE8BC38CB8EBE64E6193ECE21D93CE6644EBE7AB96F3E98B4E13CBE553BBE7F1E8E3E92E169BBEB356EBE7715403E97AD6D3D61D756,
BE7B089A3EBA91B8BB98244FBE79F1F13EBB34403CDFAA8BBE6E34763EC6D43DBB4A4F44BE8000653EA3D5BBBC8F66A5BE7F1E8E3E92E169BBEB356EBE7C2C5E3E9B54E33B9D8C6DBE7285233EAA9BAEBD81A155BE7F483D3EA6E115BCF7D73DBE77928E3EB4F3DCBD21144DBE7F483D3EA6E115BCF7D73DBE79B3073EB60B70BCA326E1BE77928E3EB4F3DCBD21144D,
BE66E2A83E9F2A17BDA256BDBE4F7CAA3EA0D174BDC765BABE5959A33E941D4BBDBBD838BE6AA6D23E8E7147BD8D7732BE5959A33E941D4BBDBBD838BE5F30E83E8A6959BDA2BB66BE8000653EA3D5BBBC8F66A5BE800C743E8F58E2BCD2977DBE7F1E8E3E92E169BBEB356EBE5B6CBE3ECBB470BD2FFE2ABE6126A63EC16207BD7A6373BE699D023EC4A969BD20F5E4,
BE4ECFEA3EBC68A9BDA9F6A9BE6BC6A83EB77B18BD82B735BE6126A63EC16207BD7A6373BE79B3073EB60B70BCA326E1BE8009F63EB21F2A3A82ADC5BE7B089A3EBA91B8BB98244FBE7F483D3EA6E115BCF7D73DBE7B33123E8F6167BD3674D1BE800C743E8F58E2BCD2977DBE7B089A3EBA91B8BB98244FBE6E34763EC6D43DBB4A4F44BE699D023EC4A969BD20F5E4,
BE5FCC9F3ECEBCE8BC38CB8EBE6E34763EC6D43DBB4A4F44BE64E6193ECE21D93CE6644EBE7285233EAA9BAEBD81A155BE6BC6A83EB77B18BD82B735BE68F5C33EAFE6D6BD9995EEBE70728F3EA11601BD8D527EBE76A7693E973B21BD53AB43BE7F483D3EA6E115BCF7D73DBE70728F3EA11601BD8D527EBE7F483D3EA6E115BCF7D73DBE7285233EAA9BAEBD81A155,
BE699D023EC4A969BD20F5E4BE6126A63EC16207BD7A6373BE6BC6A83EB77B18BD82B735BE7EC3983E883DDEBC953155BE7EF6B63E88A6DB3C18C3B1BE7F1E8E3E92E169BBEB356EBE7B089A3EBA91B8BB98244FBE8009F63EB21F2A3A82ADC5BE79F1F13EBB34403CDFAA8BBE7EF6B63E88A6DB3C18C3B1BE7715403E97AD6D3D61D756BE7F1E8E3E92E169BBEB356E,
BE4F7CAA3EA0D174BDC765BABE66E2A83E9F2A17BDA256BDBE6059A73EAEDE98BDA76A72BE79B3073EB60B70BCA326E1BE7B089A3EBA91B8BB98244FBE699D023EC4A969BD20F5E4BE77928E3EB4F3DCBD21144DBE79B3073EB60B70BCA326E1BE699D023EC4A969BD20F5E4BE8000653EA3D5BBBC8F66A5BE8009F63EB21F2A3A82ADC5BE79B3073EB60B70BCA326E1,
BE6E34763EC6D43DBB4A4F44BE5FCC9F3ECEBCE8BC38CB8EBE699D023EC4A969BD20F5E4BE5B6CBE3ECBB470BD2FFE2ABE699D023EC4A969BD20F5E4BE5FCC9F3ECEBCE8BC38CB8EBE76A7693E973B21BD53AB43BE6AA6D23E8E7147BD8D7732BE7B33123E8F6167BD3674D1BE70728F3EA11601BD8D527EBE7285233EAA9BAEBD81A155BE68F5C33EAFE6D6BD9995EE,
BE77928E3EB4F3DCBD21144DBE699D023EC4A969BD20F5E4BE6BC6A83EB77B18BD82B735BE7285233EAA9BAEBD81A155BE77928E3EB4F3DCBD21144DBE6BC6A83EB77B18BD82B735BE76A7693E973B21BD53AB43BE7B33123E8F6167BD3674D1BE7F483D3EA6E115BCF7D73DBE70728F3EA11601BD8D527EBE66E2A83E9F2A17BDA256BDBE76A7693E973B21BD53AB43,
BE8009F63EB21F2A3A82ADC5BE8000653EA3D5BBBC8F66A5BE814DF93EA51CC13C014941BE7C2C5E3E9B54E33B9D8C6DBE814DF93EA51CC13C014941BE8000653EA3D5BBBC8F66A5BE8000653EA3D5BBBC8F66A5BE7F483D3EA6E115BCF7D73DBE800C743E8F58E2BCD2977DBE7C2C5E3E9B54E33B9D8C6DBE7F1E8E3E92E169BBEB356EBE7AB96F3E98B4E13CBE553B,
BE8066E43EA3F0FE3CAA38B9BE78C3F43EB1CB8A3D5DE482BE7C29393EB53F9E3D1769A9BE7C2C5E3E9B54E33B9D8C6DBE7AB96F3E98B4E13CBE553BBE814DF93EA51CC13C014941BE76CFC83EACD3E13DAC9082BE6EF30A3EA835DF3DDD627CBE71F6453EB192C93DC750C2BE800C743E8F58E2BCD2977DBE7EC3983E883DDEBC953155BE7F1E8E3E92E169BBEB356E,
BE6EF30A3EA835DF3DDD627CBE72A1B63EA295A73DB08F65BE6B1EE23E9C57193DD25919BE6DA7F43EBC996B3D93E469BE78C3F43EB1CB8A3D5DE482BE71F6453EB192C93DC750C2BE6E34763EC6D43DBB4A4F44BE79F1F13EBB34403CDFAA8BBE6EA8543EC666663CF112FDBE64E6193ECE21D93CE6644EBE6E34763EC6D43DBB4A4F44BE6EA8543EC666663CF112FD,
BE7C29393EB53F9E3D1769A9BE736FC13EB9ECD53D394424BE79F1F13EBB34403CDFAA8BBE7AB96F3E98B4E13CBE553BBE7F1E8E3E92E169BBEB356EBE7715403E97AD6D3D61D756BE7715403E97AD6D3D61D756BE7585BE3E8779643D5A7B0BBE73660E3E90385C3D898B2FBE6EA8543EC666663CF112FDBE6D58433EC43CC03D5FFD61BE6916873EC9D9D33D412DFD,
BE6478C83E9320533E0BACB4BE6B1EE23E9C57193DD25919BE6931013E8B53723DE12945BE69420B3EBBB3633DC6F3F5BE5F8EC13EC3ADC13DEB0C02BE6591CD3EC318DB3DCEE30DBE5023A73ED794C83D17928EBE5FCC9F3ECEBCE8BC38CB8EBE64E6193ECE21D93CE6644EBE6916873EC9D9D33D412DFDBE6D58433EC43CC03D5FFD61BE6DA7F43EBC996B3D93E469,
BE781A9C3EA98E973D5C9D5ABE789ACC3E9EBC843D8114D3BE72A1B63EA295A73DB08F65BE76CFC83EACD3E13DAC9082BE781A9C3EA98E973D5C9D5ABE72A1B63EA295A73DB08F65BE62B7353E860E523E04C405BE5D86663E81899C3E17E5A8BE5D9DBB3E9363F53E295C85BE6EA8543EC666663CF112FDBE79F1F13EBB34403CDFAA8BBE736FC13EB9ECD53D394424,
BE8000653EA3D5BBBC8F66A5BE7F1E8E3E92E169BBEB356EBE7C2C5E3E9B54E33B9D8C6DBE64E6193ECE21D93CE6644EBE6916873EC9D9D33D412DFDBE5B517A3ED24E9C3D746AA1BE8009F63EB21F2A3A82ADC5BE814DF93EA51CC13C014941BE8066E43EA3F0FE3CAA38B9BE78C3F43EB1CB8A3D5DE482BE76CFC83EACD3E13DAC9082BE71F6453EB192C93DC750C2,
BE6EF30A3EA835DF3DDD627CBE61E3223EAB6BB13E056649BE71F6453EB192C93DC750C2BE7B089A3EBA91B8BB98244FBE79F1F13EBB34403CDFAA8BBE6E34763EC6D43DBB4A4F44BE76F86A3E807A4A3D17BB73BE7585BE3E8779643D5A7B0BBE7715403E97AD6D3D61D756BE75C7043E9810413D9E4799BE6B1EE23E9C57193DD25919BE72A1B63EA295A73DB08F65,
BE79B3073EB60B70BCA326E1BE8009F63EB21F2A3A82ADC5BE7B089A3EBA91B8BB98244FBE69420B3EBBB3633DC6F3F5BE5DCDB33EB6F45A3E02DB1FBE5F8EC13EC3ADC13DEB0C02BE5D9DBB3E9363F53E295C85BE6478C83E9320533E0BACB4BE62B7353E860E523E04C405BE64E6193ECE21D93CE6644EBE5B517A3ED24E9C3D746AA1BE5023A73ED794C83D17928E,
BE61E3223EAB6BB13E056649BE66DE763E9F27DD3DF15CEABE5DC5D63EA0E12F3E12F0E1BE814DF93EA51CC13C014941BE7AB96F3E98B4E13CBE553BBE8066E43EA3F0FE3CAA38B9BE78C3F43EB1CB8A3D5DE482BE8066E43EA3F0FE3CAA38B9BE781A9C3EA98E973D5C9D5ABE7715403E97AD6D3D61D756BE7EF6B63E88A6DB3C18C3B1BE76F86A3E807A4A3D17BB73,
BE6DA7F43EBC996B3D93E469BE6D58433EC43CC03D5FFD61BE736FC13EB9ECD53D394424BE72A1B63EA295A73DB08F65BE6EF30A3EA835DF3DDD627CBE76CFC83EACD3E13DAC9082BE72A1B63EA295A73DB08F65BE789ACC3E9EBC843D8114D3BE75C7043E9810413D9E4799BE66DE763E9F27DD3DF15CEABE6478C83E9320533E0BACB4BE5DC5D63EA0E12F3E12F0E1,
BE7EF6B63E88A6DB3C18C3B1BE7715403E97AD6D3D61D756BE7F1E8E3E92E169BBEB356EBE66A11F3EC8F6AD3DA28028BE5A6EFC3ECD4F373DDE7642BE501EAC3ED6B4EA3DB83383BE66A11F3EC8F6AD3DA28028BE501EAC3ED6B4EA3DB83383BE5B517A3ED24E9C3D746AA1BE5FCC9F3ECEBCE8BC38CB8EBE6E34763EC6D43DBB4A4F44BE64E6193ECE21D93CE6644E,
BE736FC13EB9ECD53D394424BE6D58433EC43CC03D5FFD61BE6EA8543EC666663CF112FDBE7EC3983E883DDEBC953155BE7EF6B63E88A6DB3C18C3B1BE7F1E8E3E92E169BBEB356EBE8009F63EB21F2A3A82ADC5BE7C29393EB53F9E3D1769A9BE79F1F13EBB34403CDFAA8BBE7B089A3EBA91B8BB98244FBE8009F63EB21F2A3A82ADC5BE79F1F13EBB34403CDFAA8B,
BE781A9C3EA98E973D5C9D5ABE7AB96F3E98B4E13CBE553BBE7715403E97AD6D3D61D756BE781A9C3EA98E973D5C9D5ABE7715403E97AD6D3D61D756BE789ACC3E9EBC843D8114D3BE6EA8543EC666663CF112FDBE6916873EC9D9D33D412DFDBE64E6193ECE21D93CE6644EBE8009F63EB21F2A3A82ADC5BE8066E43EA3F0FE3CAA38B9BE7C29393EB53F9E3D1769A9,
BE66DE763E9F27DD3DF15CEABE6EF30A3EA835DF3DDD627CBE6B1EE23E9C57193DD25919BE6BBCB23E8FCAEA3DC307F2BE6B1EE23E9C57193DD25919BE75C7043E9810413D9E4799BE8000653EA3D5BBBC8F66A5BE8009F63EB21F2A3A82ADC5BE79B3073EB60B70BCA326E1BE6591CD3EC318DB3DCEE30DBE5A6EFC3ECD4F373DDE7642BE66A11F3EC8F6AD3DA28028,
BE5F8EC13EC3ADC13DEB0C02BE5A6EFC3ECD4F373DDE7642BE6591CD3EC318DB3DCEE30DBE5DCDB33EB6F45A3E02DB1FBE69420B3EBBB3633DC6F3F5BE71F6453EB192C93DC750C2BE61E3223EAB6BB13E056649BE5DCDB33EB6F45A3E02DB1FBE71F6453EB192C93DC750C2BE69420B3EBBB3633DC6F3F5BE6591CD3EC318DB3DCEE30DBE66A11F3EC8F6AD3DA28028,
BE7C2C5E3E9B54E33B9D8C6DBE7F1E8E3E92E169BBEB356EBE7AB96F3E98B4E13CBE553BBE8066E43EA3F0FE3CAA38B9BE7AB96F3E98B4E13CBE553BBE781A9C3EA98E973D5C9D5ABE75C7043E9810413D9E4799BE73660E3E90385C3D898B2FBE6BBCB23E8FCAEA3DC307F2BE66DE763E9F27DD3DF15CEABE61E3223EAB6BB13E056649BE6EF30A3EA835DF3DDD627C,
BE62B7353E860E523E04C405BE6478C83E9320533E0BACB4BE6931013E8B53723DE12945BE78C3F43EB1CB8A3D5DE482BE6DA7F43EBC996B3D93E469BE736FC13EB9ECD53D394424BE6DA7F43EBC996B3D93E469BE71F6453EB192C93DC750C2BE69420B3EBBB3633DC6F3F5BE66A11F3EC8F6AD3DA28028BE6DA7F43EBC996B3D93E469BE69420B3EBBB3633DC6F3F5,
BE76CFC83EACD3E13DAC9082BE78C3F43EB1CB8A3D5DE482BE781A9C3EA98E973D5C9D5ABE73660E3E90385C3D898B2FBE75C7043E9810413D9E4799BE789ACC3E9EBC843D8114D3BE73660E3E90385C3D898B2FBE789ACC3E9EBC843D8114D3BE7715403E97AD6D3D61D756BE7C2C5E3E9B54E33B9D8C6DBE814DF93EA51CC13C014941BE8000653EA3D5BBBC8F66A5,
BE6916873EC9D9D33D412DFDBE6DA7F43EBC996B3D93E469BE66A11F3EC8F6AD3DA28028BE6931013E8B53723DE12945BE6B1EE23E9C57193DD25919BE6BBCB23E8FCAEA3DC307F2BE66A11F3EC8F6AD3DA28028BE5B517A3ED24E9C3D746AA1BE6916873EC9D9D33D412DFDBE5D9DBB3E9363F53E295C85BE5DC5D63EA0E12F3E12F0E1BE6478C83E9320533E0BACB4,
BE62B7353E860E523E04C405BE5D86663E81899C3E17E5A8BE5D9DBB3E9363F53E295C85BE78C3F43EB1CB8A3D5DE482BE736FC13EB9ECD53D394424BE7C29393EB53F9E3D1769A9BE6478C83E9320533E0BACB4BE66DE763E9F27DD3DF15CEABE6B1EE23E9C57193DD25919BE8009F63EB21F2A3A82ADC5BE8000653EA3D5BBBC8F66A5BE814DF93EA51CC13C014941,
BE5D9DBB3E9363F53E295C85BE5DC5D63EA0E12F3E12F0E1BE6478C83E9320533E0BACB4BE66DE763E9F27DD3DF15CEABE6478C83E9320533E0BACB4BE5DC5D63EA0E12F3E12F0E1BE61E3223EAB6BB13E056649BE66DE763E9F27DD3DF15CEABE5DC5D63EA0E12F3E12F0E1BE5D9DBB3E9363F53E295C85BE6478C83E9320533E0BACB4BE62B7353E860E523E04C405,
BE8AC7FC3F5DFBD7BE9A934BBE66AE7D3F519FF5BE9B6AE8BE638BCE3F5A2E6FBE98E25DBE96E8083F5C563FBE9BCDBCBEA477143F5A2414BE9D7BC8BE928FE23F56686EBE9E46D0BE85753A3F569DF9BE9C50CEBE8B825E3F502B52BEA3293DBE66AE7D3F519FF5BE9B6AE8BEA477143F5A2414BE9D7BC8BEB45FE13F566D26BEA0FECEBE9DF0913F558330BEA0D328,
BE934F613F4ADA66BEAA2BBFBE89DE8B3F4C202EBEA7CB71BE8B825E3F502B52BEA3293DBE6310563F48F228BEA4E4EBBE5714343F456052BEAA9197BE2F9CA63F46F1DCBE9F980FBE50D4133F4F5AD9BEBFA95DBE4115163F49CAB0BEC49D9DBE66F9BA3F50C576BEBD6FFCBEBC4A623F5C4BE4BEAC197EBEA93C683F5BF573BEB2979EBEB5CAD13F56C398BEAF2AE0,
BE7790FB3F4D35FCBEA233BEBE8B825E3F502B52BEA3293DBE89DE8B3F4C202EBEA7CB71BE8B14CB3F487400BEAEA67FBE7790FB3F4D35FCBEA233BEBE89DE8B3F4C202EBEA7CB71BE928FE23F56686EBE9E46D0BE85753A3F569DF9BE9C50CEBE8AC7FC3F5DFBD7BE9A934BBE830E3D3F4671CEBEB672DABE8B14CB3F487400BEAEA67FBE8E6B833F48445BBEB5C2F4,
BE9EA6E33F4C9481BEAA888BBE934F613F4ADA66BEAA2BBFBEA5FE763F4EA20ABEA8997CBE6310563F48F228BEA4E4EBBE7790FB3F4D35FCBEA233BEBE7AE6003F47F22CBEAB647CBE61F2DC3F454339BEAF3DC0BE6310563F48F228BEA4E4EBBE7AE6003F47F22CBEAB647CBE89DE8B3F4C202EBEA7CB71BE934F613F4ADA66BEAA2BBFBE8B14CB3F487400BEAEA67F,
BE83E4693F52E3E7BEBAE771BE6D80A13F544EF9BEBD3F18BE7A0E843F4FF64DBEBCD7CFBE928FE23F56686EBE9E46D0BE9DF0913F558330BEA0D328BE934F613F4ADA66BEAA2BBFBE665ADE3F44FE48BEBABE06BE3A4B123F43707ABEBBFB9CBE4C386D3F43BB62BEB61C37BE8E34983F492C9DBEBAD0E5BE9644FA3F4B0585BEB8092DBE94ACD23F4C27B7BEBA148C,
BE5714343F456052BEAA9197BE6310563F48F228BEA4E4EBBE61F2DC3F454339BEAF3DC0BE9644FA3F4B0585BEB8092DBE9E5D3A3F4C298DBEB021F3BEA1BA5E3F4DBD62BEB554DABE4C386D3F43BB62BEB61C37BE61F2DC3F454339BEAF3DC0BE8041463F464FB9BEB34374BE665ADE3F44FE48BEBABE06BE4C386D3F43BB62BEB61C37BE8041463F464FB9BEB34374,
BE9DF0913F558330BEA0D328BEA5FE763F4EA20ABEA8997CBE934F613F4ADA66BEAA2BBFBE5FA4403F582D17BEC042FABE74AD363F5CA2CBBEC084E8BE5B16C23F5CFB65BEC6BB13BE70763A3F474B62BEC04513BE4115163F49CAB0BEC49D9DBE4A005C3F47381DBEC4304DBE665ADE3F44FE48BEBABE06BE70763A3F474B62BEC04513BE4A005C3F47381DBEC4304D,
BE8AC7FC3F5DFBD7BE9A934BBE85753A3F569DF9BE9C50CEBE66AE7D3F519FF5BE9B6AE8BE830E3D3F4671CEBEB672DABE8E6B833F48445BBEB5C2F4BE84D1C83F4744B3BEBC44E1BEA41C1D3F50666FBEB59429BEA594D13F4E8124BEB2F599BEB5CAD13F56C398BEAF2AE0BE51E0C63F57736DBE98229ABE45AFF33F5B0BE1BE99528FBE638BCE3F5A2E6FBE98E25D,
BEA1BA5E3F4DBD62BEB554DABE94ACD23F4C27B7BEBA148CBE9644FA3F4B0585BEB8092DBEA594D13F4E8124BEB2F599BEA41C1D3F50666FBEB59429BEA1BA5E3F4DBD62BEB554DABE9E5D3A3F4C298DBEB021F3BEA594D13F4E8124BEB2F599BEA1BA5E3F4DBD62BEB554DABE7AE6003F47F22CBEAB647CBE8B14CB3F487400BEAEA67FBE8041463F464FB9BEB34374,
BE934F613F4ADA66BEAA2BBFBE95BFF03F4A7FB2BEAE4303BE8B14CB3F487400BEAEA67FBE7A0E843F4FF64DBEBCD7CFBE86DE123F49DD7FBEBDC726BE83E4693F52E3E7BEBAE771BE6310563F48F228BEA4E4EBBE2F9CA63F46F1DCBE9F980FBE552A413F4D4E90BE9CBCAEBE61F2DC3F454339BEAF3DC0BE7AE6003F47F22CBEAB647CBE8041463F464FB9BEB34374,
BEB45FE13F566D26BEA0FECEBEAB32CF3F503F2DBEAA569BBEA5FE763F4EA20ABEA8997CBE665ADE3F44FE48BEBABE06BE830E3D3F4671CEBEB672DABE84D1C83F4744B3BEBC44E1BE9DF0913F558330BEA0D328BE928FE23F56686EBE9E46D0BEA477143F5A2414BE9D7BC8BE95BFF03F4A7FB2BEAE4303BE8E6B833F48445BBEB5C2F4BE8B14CB3F487400BEAEA67F,
BEC0BD013F5D62BFBE9B7D63BEB45FE13F566D26BEA0FECEBEA477143F5A2414BE9D7BC8BE9E5D3A3F4C298DBEB021F3BE9EA6E33F4C9481BEAA888BBEA5FE763F4EA20ABEA8997CBE95BFF03F4A7FB2BEAE4303BE934F613F4ADA66BEAA2BBFBE9EA6E33F4C9481BEAA888BBE83E4693F52E3E7BEBAE771BE89D7FE3F5CBF5DBEBBEB7DBE6D80A13F544EF9BEBD3F18,
BE8F39B03F561ED6BEB8A676BEA93C683F5BF573BEB2979EBE9F45173F616A7BBEB6E73EBEB5CAD13F56C398BEAF2AE0BEA93C683F5BF573BEB2979EBEA41C1D3F50666FBEB59429BE8B14CB3F487400BEAEA67FBE830E3D3F4671CEBEB672DABE8041463F464FB9BEB34374BE665ADE3F44FE48BEBABE06BE4A005C3F47381DBEC4304DBE44E4433F44F5C3BEBFC244,
BEB51F1D3F54BFD3BEAC2DF1BEB5CAD13F56C398BEAF2AE0BEA594D13F4E8124BEB2F599BEAB32CF3F503F2DBEAA569BBEB51F1D3F54BFD3BEAC2DF1BEA594D13F4E8124BEB2F599BEA5FE763F4EA20ABEA8997CBE9DF0913F558330BEA0D328BEB45FE13F566D26BEA0FECEBE44E4433F44F5C3BEBFC244BE3A4B123F43707ABEBBFB9CBE665ADE3F44FE48BEBABE06,
BE830E3D3F4671CEBEB672DABE665ADE3F44FE48BEBABE06BE8041463F464FB9BEB34374BE8E6B833F48445BBEB5C2F4BE9644FA3F4B0585BEB8092DBE8E34983F492C9DBEBAD0E5BE95BFF03F4A7FB2BEAE4303BE9E5D3A3F4C298DBEB021F3BE9644FA3F4B0585BEB8092DBE8E6B833F48445BBEB5C2F4BE95BFF03F4A7FB2BEAE4303BE9644FA3F4B0585BEB8092D,
BE86DE123F49DD7FBEBDC726BE84D1C83F4744B3BEBC44E1BE8E34983F492C9DBEBAD0E5BE9E5D3A3F4C298DBEB021F3BE95BFF03F4A7FB2BEAE4303BE9EA6E33F4C9481BEAA888BBE6310563F48F228BEA4E4EBBE552A413F4D4E90BE9CBCAEBE7790FB3F4D35FCBEA233BEBE84D1C83F4744B3BEBC44E1BE70763A3F474B62BEC04513BE665ADE3F44FE48BEBABE06,
BEA594D13F4E8124BEB2F599BE9E5D3A3F4C298DBEB021F3BEA5FE763F4EA20ABEA8997CBEAB32CF3F503F2DBEAA569BBEA594D13F4E8124BEB2F599BEA5FE763F4EA20ABEA8997CBE86DE123F49DD7FBEBDC726BE66F9BA3F50C576BEBD6FFCBE4115163F49CAB0BEC49D9DBE84D1C83F4744B3BEBC44E1BE8E6B833F48445BBEB5C2F4BE8E34983F492C9DBEBAD0E5,
BE552A413F4D4E90BE9CBCAEBE4917D73F4F7037BE9A2C67BE66AE7D3F519FF5BE9B6AE8BE51E0C63F57736DBE98229ABE638BCE3F5A2E6FBE98E25DBE66AE7D3F519FF5BE9B6AE8BE8B825E3F502B52BEA3293DBE928FE23F56686EBE9E46D0BE934F613F4ADA66BEAA2BBFBE86DE123F49DD7FBEBDC726BE70763A3F474B62BEC04513BE84D1C83F4744B3BEBC44E1,
BE8B825E3F502B52BEA3293DBE85753A3F569DF9BE9C50CEBE928FE23F56686EBE9E46D0BE928FE23F56686EBE9E46D0BE8AC7FC3F5DFBD7BE9A934BBE96E8083F5C563FBE9BCDBCBE7AE6003F47F22CBEAB647CBE7790FB3F4D35FCBEA233BEBE8B14CB3F487400BEAEA67FBE4917D73F4F7037BE9A2C67BE51E0C63F57736DBE98229ABE66AE7D3F519FF5BE9B6AE8,
BE74AD363F5CA2CBBEC084E8BE6D80A13F544EF9BEBD3F18BE89D7FE3F5CBF5DBEBBEB7DBE66AE7D3F519FF5BE9B6AE8BE8B825E3F502B52BEA3293DBE7790FB3F4D35FCBEA233BEBE86DE123F49DD7FBEBDC726BE7A0E843F4FF64DBEBCD7CFBE66F9BA3F50C576BEBD6FFCBE552A413F4D4E90BE9CBCAEBE66AE7D3F519FF5BE9B6AE8BE7790FB3F4D35FCBEA233BE,
BE5FA4403F582D17BEC042FABE435D253F548D09BEC0DA3CBE66F9BA3F50C576BEBD6FFCBE5FA4403F582D17BEC042FABE66F9BA3F50C576BEBD6FFCBE6D80A13F544EF9BEBD3F18BE70763A3F474B62BEC04513BE86DE123F49DD7FBEBDC726BE4115163F49CAB0BEC49D9DBE5FA4403F582D17BEC042FABE6D80A13F544EF9BEBD3F18BE74AD363F5CA2CBBEC084E8,
BE94ACD23F4C27B7BEBA148CBE8F39B03F561ED6BEB8A676BE86DE123F49DD7FBEBDC726BE86DE123F49DD7FBEBDC726BE8E34983F492C9DBEBAD0E5BE94ACD23F4C27B7BEBA148CBE9F45173F616A7BBEB6E73EBE89D7FE3F5CBF5DBEBBEB7DBE8F39B03F561ED6BEB8A676BE435D253F548D09BEC0DA3CBE50D4133F4F5AD9BEBFA95DBE66F9BA3F50C576BEBD6FFC,
BEA93C683F5BF573BEB2979EBE8F39B03F561ED6BEB8A676BEA41C1D3F50666FBEB59429BE89D7FE3F5CBF5DBEBBEB7DBE83E4693F52E3E7BEBAE771BE8F39B03F561ED6BEB8A676BE94ACD23F4C27B7BEBA148CBEA1BA5E3F4DBD62BEB554DABEA41C1D3F50666FBEB59429BE8F39B03F561ED6BEB8A676BE94ACD23F4C27B7BEBA148CBEA41C1D3F50666FBEB59429,
BEA93C683F5BF573BEB2979EBEAC65C73F671DF7BEB39714BE9F45173F616A7BBEB6E73EBEA477143F5A2414BE9D7BC8BEB45FE13F566D26BEA0FECEBE9DF0913F558330BEA0D328BE6D80A13F544EF9BEBD3F18BE66F9BA3F50C576BEBD6FFCBE7A0E843F4FF64DBEBCD7CFBE8F39B03F561ED6BEB8A676BE83E4693F52E3E7BEBAE771BE86DE123F49DD7FBEBDC726,
BEAE809D3F794ED3BEC7AA69BEA9C9713F7A96E6BEC3B731BEA6FAA43F7903FBBECB1C86BE96E8083F5C563FBE9BCDBCBEA477143F5A2414BE9D7BC8BE928FE23F56686EBE9E46D0BE8262893F692685BEA5A61EBE77DD443F6BCE74BEADAE82BE922AB23F6E8512BEAA2899BE75A0383F6041DDBEC507EABE8DE13B3F66353FBEC2D9AEBE7489D23F644BC2BED249C3,
BEA623293F7ACB10BEC0D738BE98CD423F76E632BEC381B6BE9FCFA23F78E432BEC6468DBEBC4A623F5C4BE4BEAC197EBEA93C683F5BF573BEB2979EBEB5CAD13F56C398BEAF2AE0BE8AC7FC3F5DFBD7BE9A934BBE66AE7D3F519FF5BE9B6AE8BE638BCE3F5A2E6FBE98E25DBEA6FAA43F7903FBBECB1C86BEABF1843F76E947BECB4891BEAE809D3F794ED3BEC7AA69,
BE38FEEF3F697343BEB44FE3BE80850A3F6F8898BEB96FA8BE77DD443F6BCE74BEADAE82BE8B295F3F690082BECEED03BE992A953F6B967DBEC42C3DBE8F99803F6B368BBED1C21ABE9DA5DB3F768D00BEB81FFBBE98CD423F76E632BEC381B6BEA623293F7ACB10BEC0D738BE8D28AE3F71B3F2BECEE200BE8D3C793F6E2A1BBED3F035BE90EBEE3F70BBB2BED270F4,
BE8F99803F6B368BBED1C21ABE92977D3F6E98FEBED3D3E5BE8D3C793F6E2A1BBED3F035BE8B295F3F690082BECEED03BE8F99803F6B368BBED1C21ABE89E42E3F6AFAD7BED47970BE8D28AE3F71B3F2BECEE200BE973D3A3F73C59CBED0FBCABE9B3B753F762DE8BECDCEE1BE7489D23F644BC2BED249C3BE8DE13B3F66353FBEC2D9AEBE837D413F678AE3BED322AF,
BEABF1843F76E947BECB4891BEA6FAA43F7903FBBECB1C86BEA689EC3F76F0F1BECF8855BE98CD423F76E632BEC381B6BE914EE43F741CF8BEBDA72ABE85E6BC3F71DD3CBEC5C704BE9B3B753F762DE8BECDCEE1BE98CD423F76E632BEC381B6BE85E6BC3F71DD3CBEC5C704BE928FE23F56686EBE9E46D0BE85753A3F569DF9BE9C50CEBE8AC7FC3F5DFBD7BE9A934B,
BE8F99803F6B368BBED1C21ABE8D3C793F6E2A1BBED3F035BE89E42E3F6AFAD7BED47970BE8B295F3F690082BECEED03BE8DE13B3F66353FBEC2D9AEBE992A953F6B967DBEC42C3DBE83A92A3F60E9C4BEC12B5EBE75A0383F6041DDBEC507EABE74AD363F5CA2CBBEC084E8BEC0BD013F5D62BFBE9B7D63BEA5C4653F5EF859BE9B328BBEB3BD5A3F61389BBE9A14F0,
BE8F99803F6B368BBED1C21ABE992A953F6B967DBEC42C3DBEA4B2313F7370ACBECF2D3CBE75A0383F6041DDBEC507EABE83A92A3F60E9C4BEC12B5EBE8DE13B3F66353FBEC2D9AEBE97926C3F6FBDF1BED2D730BE8F99803F6B368BBED1C21ABE9E0AE93F72BF01BED286D7BE8D3C793F6E2A1BBED3F035BE92977D3F6E98FEBED3D3E5BE90EBEE3F70BBB2BED270F4,
BEABF1843F76E947BECB4891BEA689EC3F76F0F1BECF8855BEAA24033F74D91FBECACE25BEA9C9713F7A96E6BEC3B731BEB2EB813F7C0421BEC11A33BEA623293F7ACB10BEC0D738BE85E6BC3F71DD3CBEC5C704BE7D56F33F70285FBEBFDE0DBE6B66733F6DF213BEC5100ABE83AFFB3F69056CBED52546BE7489D23F644BC2BED249C3BE837D413F678AE3BED322AF,
BE8F82903F71B973BEB5A251BE914EE43F741CF8BEBDA72ABE9DA5DB3F768D00BEB81FFBBE560A633F6C5C79BEBBFCEBBE2C111B3F69449ABEBD3650BE6B66733F6DF213BEC5100ABE80850A3F6F8898BEB96FA8BE560A633F6C5C79BEBBFCEBBE7D56F33F70285FBEBFDE0DBEA93C683F5BF573BEB2979EBEB294FF3F6219EBBEAF67F5BEAC65C73F671DF7BEB39714,
BE74AD363F5CA2CBBEC084E8BE75A0383F6041DDBEC507EABE5B16C23F5CFB65BEC6BB13BE8D28AE3F71B3F2BECEE200BE85E6BC3F71DD3CBEC5C704BE6B66733F6DF213BEC5100ABEADD26B3F6BA483BE9AD40BBEA963FE3F6598AFBE9A617CBEA0913A3F65DA49BE9B2229BE48305E3F610204BED3C72EBE5DED6C3F617E56BED31EE2BE67E4583F63EA1CBED46541,
BE83A92A3F60E9C4BEC12B5EBEA1769B3F68038ABEB9E59FBE8DE13B3F66353FBEC2D9AEBE57EBAF3F5FB2CCBE9C662CBE7736CE3F6028B3BE9B70ACBE638BCE3F5A2E6FBE98E25DBE8DE13B3F66353FBEC2D9AEBEA1769B3F68038ABEB9E59FBE992A953F6B967DBEC42C3DBE8D3C793F6E2A1BBED3F035BE8D28AE3F71B3F2BECEE200BE6E38223F6ABD4DBED0E6B0,
BE67E4583F63EA1CBED46541BE62E3823F674246BED365EDBE48305E3F610204BED3C72EBEA9C9713F7A96E6BEC3B731BE9FCFA23F78E432BEC6468DBEA6FAA43F7903FBBECB1C86BEAE9D733F735558BEBF316EBEA4B2313F7370ACBECF2D3CBE992A953F6B967DBEC42C3DBE9BD1673F6E3769BEA4DD51BEA27B2D3F6A965FBE9DEB74BE8ED2033F698772BEA2C14C,
BEA4B2313F7370ACBECF2D3CBEA17B743F750B95BED18A22BE9E0AE93F72BF01BED286D7BE8F99803F6B368BBED1C21ABEA4B2313F7370ACBECF2D3CBE9E0AE93F72BF01BED286D7BE792D133F650BC8BEA053E3BE90D0033F646B38BE9C8CF8BE80FE693F5E17A0BE9A580CBE5FA4403F582D17BEC042FABE74AD363F5CA2CBBEC084E8BE5B16C23F5CFB65BEC6BB13,
BE51E0C63F57736DBE98229ABE45AFF33F5B0BE1BE99528FBE638BCE3F5A2E6FBE98E25DBE7D56F33F70285FBEBFDE0DBE85E6BC3F71DD3CBEC5C704BE914EE43F741CF8BEBDA72ABEB5BEC23F75FB72BEA100A4BEA5E3DA3F714489BEA42C80BEA953583F74ED91BEA811F5BE638BCE3F5A2E6FBE98E25DBE45AFF33F5B0BE1BE99528FBE57EBAF3F5FB2CCBE9C662C,
BEA5C4653F5EF859BE9B328BBEC0BD013F5D62BFBE9B7D63BEA477143F5A2414BE9D7BC8BE5C78213F6ACADEBECBF706BE62E3823F674246BED365EDBE6E38223F6ABD4DBED0E6B0BE92977D3F6E98FEBED3D3E5BE8F99803F6B368BBED1C21ABE97926C3F6FBDF1BED2D730BE90EBEE3F70BBB2BED270F4BE92977D3F6E98FEBED3D3E5BE97926C3F6FBDF1BED2D730,
BEA4B2313F7370ACBECF2D3CBEAE9D733F735558BEBF316EBEAA24033F74D91FBECACE25BE9FCFA23F78E432BEC6468DBEA9C9713F7A96E6BEC3B731BEA623293F7ACB10BEC0D738BE75A0383F6041DDBEC507EABE67E4583F63EA1CBED46541BE5DED6C3F617E56BED31EE2BE5B16C23F5CFB65BEC6BB13BE75A0383F6041DDBEC507EABE5DED6C3F617E56BED31EE2,
BEA1769B3F68038ABEB9E59FBE9F45173F616A7BBEB6E73EBEAC65C73F671DF7BEB39714BE8AC7FC3F5DFBD7BE9A934BBE85753A3F569DF9BE9C50CEBE66AE7D3F519FF5BE9B6AE8BE90D0033F646B38BE9C8CF8BEA0913A3F65DA49BE9B2229BE8AC7FC3F5DFBD7BE9A934BBEAA95423F78D573BEB07831BEA953583F74ED91BEA811F5BE9DA5DB3F768D00BEB81FFB,
BE8F82903F71B973BEB5A251BE77DD443F6BCE74BEADAE82BE80850A3F6F8898BEB96FA8BEB294FF3F6219EBBEAF67F5BEA93C683F5BF573BEB2979EBEBC4A623F5C4BE4BEAC197EBEA1769B3F68038ABEB9E59FBEB0BB4D3F6F3094BEB6FF3BBEAE9D733F735558BEBF316EBE7736CE3F6028B3BE9B70ACBE57EBAF3F5FB2CCBE9C662CBE792D133F650BC8BEA053E3,
BEA27B2D3F6A965FBE9DEB74BEB5BEC23F75FB72BEA100A4BEADD26B3F6BA483BE9AD40BBE2C111B3F69449ABEBD3650BE5C78213F6ACADEBECBF706BE6B66733F6DF213BEC5100ABE20C5653F60B75FBECF62FABE48305E3F610204BED3C72EBE62E3823F674246BED365EDBEA477143F5A2414BE9D7BC8BE96E8083F5C563FBE9BCDBCBEA5C4653F5EF859BE9B328B,
BE80850A3F6F8898BEB96FA8BE38FEEF3F697343BEB44FE3BE560A633F6C5C79BEBBFCEBBE837D413F678AE3BED322AFBE8DE13B3F66353FBEC2D9AEBE8B295F3F690082BECEED03BE89E42E3F6AFAD7BED47970BE837D413F678AE3BED322AFBE8B295F3F690082BECEED03BE5A40103F664192BEA4CAF7BE792D133F650BC8BEA053E3BE57EBAF3F5FB2CCBE9C662C,
BE75A0383F6041DDBEC507EABE7489D23F644BC2BED249C3BE67E4583F63EA1CBED46541BE9B3B753F762DE8BECDCEE1BE85E6BC3F71DD3CBEC5C704BE8D28AE3F71B3F2BECEE200BE9DF0913F558330BEA0D328BE928FE23F56686EBE9E46D0BEA477143F5A2414BE9D7BC8BE922AB23F6E8512BEAA2899BE9BD1673F6E3769BEA4DD51BE8ED2033F698772BEA2C14C,
BEA689EC3F76F0F1BECF8855BEA4B2313F7370ACBECF2D3CBEAA24033F74D91FBECACE25BE9B3B753F762DE8BECDCEE1BE9FCFA23F78E432BEC6468DBE98CD423F76E632BEC381B6BE6B66733F6DF213BEC5100ABE6E38223F6ABD4DBED0E6B0BE8D28AE3F71B3F2BECEE200BE7489D23F644BC2BED249C3BE83AFFB3F69056CBED52546BE67E4583F63EA1CBED46541,
BEA27B2D3F6A965FBE9DEB74BEA0913A3F65DA49BE9B2229BE90D0033F646B38BE9C8CF8BEA5C4653F5EF859BE9B328BBE96E8083F5C563FBE9BCDBCBEA0913A3F65DA49BE9B2229BE83E4693F52E3E7BEBAE771BE89D7FE3F5CBF5DBEBBEB7DBE6D80A13F544EF9BEBD3F18BEA1769B3F68038ABEB9E59FBE83A92A3F60E9C4BEC12B5EBE9F45173F616A7BBEB6E73E,
BEA963FE3F6598AFBE9A617CBEADD26B3F6BA483BE9AD40BBEB3B4913F6AED03BE99337FBEA9C9713F7A96E6BEC3B731BEAE809D3F794ED3BEC7AA69BEB2EB813F7C0421BEC11A33BE77DD443F6BCE74BEADAE82BE5A40103F664192BEA4CAF7BE4C23B83F67C654BEA9EF74BEC0BD013F5D62BFBE9B7D63BEB45FE13F566D26BEA0FECEBEA477143F5A2414BE9D7BC8,
BE792D133F650BC8BEA053E3BE8ED2033F698772BEA2C14CBE90D0033F646B38BE9C8CF8BE8F39B03F561ED6BEB8A676BEA93C683F5BF573BEB2979EBE9F45173F616A7BBEB6E73EBEB5CAD13F56C398BEAF2AE0BEA93C683F5BF573BEB2979EBEA41C1D3F50666FBEB59429BEA27B2D3F6A965FBE9DEB74BEA5E3DA3F714489BEA42C80BEB5BEC23F75FB72BEA100A4,
BE914EE43F741CF8BEBDA72ABE98CD423F76E632BEC381B6BE9DA5DB3F768D00BEB81FFBBE6E38223F6ABD4DBED0E6B0BE6B66733F6DF213BEC5100ABE5C78213F6ACADEBECBF706BEA963FE3F6598AFBE9A617CBEB3BD5A3F61389BBE9A14F0BEA5C4653F5EF859BE9B328BBEA953583F74ED91BEA811F5BEAA95423F78D573BEB07831BEB5BEC23F75FB72BEA100A4,
BE8F82903F71B973BEB5A251BE9BFBDF3F71CEC0BEABD6C7BE922AB23F6E8512BEAA2899BE9E0AE93F72BF01BED286D7BE9B3B753F762DE8BECDCEE1BE973D3A3F73C59CBED0FBCABEA17B743F750B95BED18A22BEA6FAA43F7903FBBECB1C86BE9B3B753F762DE8BECDCEE1BE9B3B753F762DE8BECDCEE1BE9E0AE93F72BF01BED286D7BEA17B743F750B95BED18A22,
BEA27B2D3F6A965FBE9DEB74BE90D0033F646B38BE9C8CF8BE8ED2033F698772BEA2C14CBE8D28AE3F71B3F2BECEE200BE90EBEE3F70BBB2BED270F4BE973D3A3F73C59CBED0FBCABE80850A3F6F8898BEB96FA8BE914EE43F741CF8BEBDA72ABE8F82903F71B973BEB5A251BE9BFBDF3F71CEC0BEABD6C7BE9BD1673F6E3769BEA4DD51BE922AB23F6E8512BEAA2899,
BE7D56F33F70285FBEBFDE0DBE560A633F6C5C79BEBBFCEBBE6B66733F6DF213BEC5100ABE20C5653F60B75FBECF62FABE62E3823F674246BED365EDBE39A1773F65BA3DBECDE2EFBE992A953F6B967DBEC42C3DBEA1769B3F68038ABEB9E59FBEAE9D733F735558BEBF316EBE39A1773F65BA3DBECDE2EFBE62E3823F674246BED365EDBE5C78213F6ACADEBECBF706,
BE51E0C63F57736DBE98229ABE638BCE3F5A2E6FBE98E25DBE66AE7D3F519FF5BE9B6AE8BEC3E4043F673387BE967F91BEA963FE3F6598AFBE9A617CBEB3B4913F6AED03BE99337FBE89E42E3F6AFAD7BED47970BE8D3C793F6E2A1BBED3F035BE83AFFB3F69056CBED52546BE837D413F678AE3BED322AFBE89E42E3F6AFAD7BED47970BE83AFFB3F69056CBED52546,
BEA1769B3F68038ABEB9E59FBEAC65C73F671DF7BEB39714BEB0BB4D3F6F3094BEB6FF3BBE792D133F650BC8BEA053E3BE8262893F692685BEA5A61EBE8ED2033F698772BEA2C14CBE80FE693F5E17A0BE9A580CBE8AC7FC3F5DFBD7BE9A934BBE638BCE3F5A2E6FBE98E25DBE7736CE3F6028B3BE9B70ACBE80FE693F5E17A0BE9A580CBE638BCE3F5A2E6FBE98E25D,
BE928FE23F56686EBE9E46D0BE8AC7FC3F5DFBD7BE9A934BBE96E8083F5C563FBE9BCDBCBE7736CE3F6028B3BE9B70ACBE792D133F650BC8BEA053E3BE80FE693F5E17A0BE9A580CBEA17B743F750B95BED18A22BEA4B2313F7370ACBECF2D3CBEA689EC3F76F0F1BECF8855BEA6FAA43F7903FBBECB1C86BEA17B743F750B95BED18A22BEA689EC3F76F0F1BECF8855,
BE9E0AE93F72BF01BED286D7BE973D3A3F73C59CBED0FBCABE90EBEE3F70BBB2BED270F4BE97926C3F6FBDF1BED2D730BE9E0AE93F72BF01BED286D7BE90EBEE3F70BBB2BED270F4BE62E3823F674246BED365EDBE83AFFB3F69056CBED52546BE8D3C793F6E2A1BBED3F035BE6E38223F6ABD4DBED0E6B0BE62E3823F674246BED365EDBE8D3C793F6E2A1BBED3F035,
BEA5E3DA3F714489BEA42C80BEA27B2D3F6A965FBE9DEB74BE9BD1673F6E3769BEA4DD51BEA0913A3F65DA49BE9B2229BEA27B2D3F6A965FBE9DEB74BEADD26B3F6BA483BE9AD40BBEA0913A3F65DA49BE9B2229BE96E8083F5C563FBE9BCDBCBE8AC7FC3F5DFBD7BE9A934BBE90D0033F646B38BE9C8CF8BE8AC7FC3F5DFBD7BE9A934BBE80FE693F5E17A0BE9A580C,
BEB3BD5A3F61389BBE9A14F0BEA963FE3F6598AFBE9A617CBEC3E4043F673387BE967F91BEA963FE3F6598AFBE9A617CBEA5C4653F5EF859BE9B328BBEA0913A3F65DA49BE9B2229BE914EE43F741CF8BEBDA72ABE80850A3F6F8898BEB96FA8BE7D56F33F70285FBEBFDE0DBEA623293F7ACB10BEC0D738BEB2EB813F7C0421BEC11A33BEB06B593F7CA98BBEB852F8,
BEAA95423F78D573BEB07831BE9DA5DB3F768D00BEB81FFBBEB06B593F7CA98BBEB852F8BEB06B593F7CA98BBEB852F8BE9DA5DB3F768D00BEB81FFBBEA623293F7ACB10BEC0D738BE74AD363F5CA2CBBEC084E8BE6D80A13F544EF9BEBD3F18BE89D7FE3F5CBF5DBEBBEB7DBE83A92A3F60E9C4BEC12B5EBE74AD363F5CA2CBBEC084E8BE89D7FE3F5CBF5DBEBBEB7D,
BE89D7FE3F5CBF5DBEBBEB7DBE83E4693F52E3E7BEBAE771BE8F39B03F561ED6BEB8A676BE83A92A3F60E9C4BEC12B5EBE89D7FE3F5CBF5DBEBBEB7DBE9F45173F616A7BBEB6E73EBE9F45173F616A7BBEB6E73EBE89D7FE3F5CBF5DBEBBEB7DBE8F39B03F561ED6BEB8A676BE5FA4403F582D17BEC042FABE6D80A13F544EF9BEBD3F18BE74AD363F5CA2CBBEC084E8,
BE5A40103F664192BEA4CAF7BE8262893F692685BEA5A61EBE792D133F650BC8BEA053E3BE9BFBDF3F71CEC0BEABD6C7BEA5E3DA3F714489BEA42C80BE9BD1673F6E3769BEA4DD51BEA93C683F5BF573BEB2979EBE8F39B03F561ED6BEB8A676BEA41C1D3F50666FBEB59429BE9BFBDF3F71CEC0BEABD6C7BEA953583F74ED91BEA811F5BEA5E3DA3F714489BEA42C80,
BE8F82903F71B973BEB5A251BE9DA5DB3F768D00BEB81FFBBE9BFBDF3F71CEC0BEABD6C7BE9DA5DB3F768D00BEB81FFBBEA953583F74ED91BEA811F5BE9BFBDF3F71CEC0BEABD6C7BE9B3B753F762DE8BECDCEE1BEA6FAA43F7903FBBECB1C86BE9FCFA23F78E432BEC6468DBE8262893F692685BEA5A61EBE922AB23F6E8512BEAA2899BE8ED2033F698772BEA2C14C,
BE77DD443F6BCE74BEADAE82BE4C23B83F67C654BEA9EF74BE38FEEF3F697343BEB44FE3BE67E4583F63EA1CBED46541BE83AFFB3F69056CBED52546BE62E3823F674246BED365EDBE8F82903F71B973BEB5A251BE922AB23F6E8512BEAA2899BE77DD443F6BCE74BEADAE82BE77DD443F6BCE74BEADAE82BE8262893F692685BEA5A61EBE5A40103F664192BEA4CAF7,
BE20B9993D019D24BE355F78BE249C6F3C27EB6CBE389119BE2A6DAD3CAF1CB9BE33269EBE2BC5DF3C0BEF8DBE340C41BE229FE03B6F77F2BE26655ABE346E093BD2DCB1BE29C497BDE8E7143C4FD8F1BE49E1B1BDFBFD723B690BC8BE3FA11BBE0FA58F3BF4623DBE404684BDFADC903D883BA3BE345BF2BE0809D53DB0BE0EBE1B6955BDCC49BA3DB5BDD7BE261D43,
BE1BEE803D790646BE1EAB36BE1426FE3D697E13BE29AED5BE20C4DF3D42AA9FBE2A960BBDCF6C6A3B98B2EABE48F6CFBDE8E7143C4FD8F1BE49E1B1BDD10F523C221A72BE4ECAEFBE3D4F593C8E8C8BBE18548BBE330BE13CBC31DFBE25A9A8BE346E093BD2DCB1BE29C497BE2BC5DF3C0BEF8DBE340C41BE346E093BD2DCB1BE29C497BE319B0B3C9B23DDBE307747,
BDD10F523C221A72BE4ECAEFBDE8E7143C4FD8F1BE49E1B1BDE18CE33D02D278BE4811B2BE0809D53DB0BE0EBE1B6955BDFADC903D883BA3BE345BF2BE0D31FD3D973D19BE27FBF0BDE8E7143C4FD8F1BE49E1B1BE0FA58F3BF4623DBE404684BE0AF9663C7AB53DBE446738BE0FA58F3BF4623DBE404684BDFBFD723B690BC8BE3FA11BBE1420B43B9131ECBE38387E,
BDE8E7143C4FD8F1BE49E1B1BDCF6C6A3B98B2EABE48F6CFBDFBFD723B690BC8BE3FA11BBE346E093BD2DCB1BE29C497BE330BE13CBC31DFBE25A9A8BE319B0B3C9B23DDBE307747BE3EED463BDA3C21BE1E12E8BE3D4F593C8E8C8BBE18548BBE346E093BD2DCB1BE29C497BE1426FE3D697E13BE29AED5BE0D7C2D3D141312BE3F5DBCBE13708B3CD9018EBE3BBF94,
BDE945FA3BB53D64BE0F8E3BBDB4D37C3BEEAE9FBE1C0DB2BDC05E5F3C3F7AD5BE0D59D5BE2A6DAD3CAF1CB9BE33269EBE330BE13CBC31DFBE25A9A8BE2BE7293D08D7E0BE2CEB35BE3F54D23B9EB207BE139000BE3D4F593C8E8C8BBE18548BBE3EED463BDA3C21BE1E12E8BE1420B43B9131ECBE38387EBE229FE03B6F77F2BE26655ABE2BC5DF3C0BEF8DBE340C41,
BE1420B43B9131ECBE38387EBE249C6F3C27EB6CBE389119BE0FA58F3BF4623DBE404684BE229FE03B6F77F2BE26655ABE1420B43B9131ECBE38387EBDFBFD723B690BC8BE3FA11BBE2364393DA0A73FBE0BCF0BBE1BEE803D790646BE1EAB36BE29945B3D656042BE1BCA10BE3F54D23B9EB207BE139000BE4458CD3C4BF2B2BE0AD57CBE3D4F593C8E8C8BBE18548B,
BE0A671F3B8900C5BE05C704BE229FE03B6F77F2BE26655ABDE945FA3BB53D64BE0F8E3BBE39D8413B90EED0BE11FAB9BE3F54D23B9EB207BE139000BE3EED463BDA3C21BE1E12E8BE3D4F593C8E8C8BBE18548BBE3ACABC3D3F0ED4BE0C5111BE2BE7293D08D7E0BE2CEB35BE1420B43B9131ECBE38387EBE2BC5DF3C0BEF8DBE340C41BE249C6F3C27EB6CBE389119,
BE02424A3D119264BE445B6CBDFADC903D883BA3BE345BF2BDD9BF593D8023A7BE3894C4BE330BE13CBC31DFBE25A9A8BE2A6DAD3CAF1CB9BE33269EBE319B0B3C9B23DDBE307747BE229FE03B6F77F2BE26655ABDFBFD723B690BC8BE3FA11BBD9A57EB3BB19A41BE268598BE229FE03B6F77F2BE26655ABD9A57EB3BB19A41BE268598BDE945FA3BB53D64BE0F8E3B,
BE363CFB3D8C64FEBE00A0B2BE29945B3D656042BE1BCA10BE3ACABC3D3F0ED4BE0C5111BDFADC903D883BA3BE345BF2BDCC49BA3DB5BDD7BE261D43BDD9BF593D8023A7BE3894C4BDFADC903D883BA3BE345BF2BE02424A3D119264BE445B6CBE0D7C2D3D141312BE3F5DBCBE1426FE3D697E13BE29AED5BE0D31FD3D973D19BE27FBF0BE0D7C2D3D141312BE3F5DBC,
BE249C6F3C27EB6CBE389119BE20B9993D019D24BE355F78BE19C5613C6410B6BE3C3223BE39D8413B90EED0BE11FAB9BE4458CD3C4BF2B2BE0AD57CBE3F54D23B9EB207BE139000BE1A34013DB83383BE01F751BE0809D53DB0BE0EBE1B6955BE13E1CA3DACAAB9BE10ED3EBE13E1CA3DACAAB9BE10ED3EBE1BEE803D790646BE1EAB36BE2364393DA0A73FBE0BCF0B,
BE13E1CA3DACAAB9BE10ED3EBE0809D53DB0BE0EBE1B6955BE0D31FD3D973D19BE27FBF0BDFADC903D883BA3BE345BF2BE0D7C2D3D141312BE3F5DBCBE0D31FD3D973D19BE27FBF0BD9A57EB3BB19A41BE268598BDFBFD723B690BC8BE3FA11BBDCF6C6A3B98B2EABE48F6CFBE3D4F593C8E8C8BBE18548BBE2BE7293D08D7E0BE2CEB35BE330BE13CBC31DFBE25A9A8,
BE19C5613C6410B6BE3C3223BE0FA58F3BF4623DBE404684BE249C6F3C27EB6CBE389119BD9A57EB3BB19A41BE268598BDB4D37C3BEEAE9FBE1C0DB2BDE945FA3BB53D64BE0F8E3BBE13E1CA3DACAAB9BE10ED3EBE0D31FD3D973D19BE27FBF0BE1426FE3D697E13BE29AED5BE3EED463BDA3C21BE1E12E8BE346E093BD2DCB1BE29C497BE229FE03B6F77F2BE26655A,
BE0AF9663C7AB53DBE446738BE13708B3CD9018EBE3BBF94BE02424A3D119264BE445B6CBDE8E7143C4FD8F1BE49E1B1BE0AF9663C7AB53DBE446738BE02424A3D119264BE445B6CBE2BE7293D08D7E0BE2CEB35BE20C4DF3D42AA9FBE2A960BBE20B9993D019D24BE355F78BE2A6DAD3CAF1CB9BE33269EBE2BE7293D08D7E0BE2CEB35BE20B9993D019D24BE355F78,
BE20B9993D019D24BE355F78BE20C4DF3D42AA9FBE2A960BBE1426FE3D697E13BE29AED5BE0D7C2D3D141312BE3F5DBCBE02424A3D119264BE445B6CBE13708B3CD9018EBE3BBF94BE4458CD3C4BF2B2BE0AD57CBE3ACABC3D3F0ED4BE0C5111BE3D4F593C8E8C8BBE18548BBE1BEE803D790646BE1EAB36BE13E1CA3DACAAB9BE10ED3EBE1426FE3D697E13BE29AED5,
BE0809D53DB0BE0EBE1B6955BE1A34013DB83383BE01F751BDE4F5D33DD2439ABDF12770BE0809D53DB0BE0EBE1B6955BDE4F5D33DD2439ABDF12770BDCF94423DC70A81BE1137F4BE2BE7293D08D7E0BE2CEB35BE29945B3D656042BE1BCA10BE20C4DF3D42AA9FBE2A960BBE20C4DF3D42AA9FBE2A960BBE29945B3D656042BE1BCA10BE1BEE803D790646BE1EAB36,
BE319B0B3C9B23DDBE307747BE2A6DAD3CAF1CB9BE33269EBE2BC5DF3C0BEF8DBE340C41BE39D8413B90EED0BE11FAB9BE3EED463BDA3C21BE1E12E8BE229FE03B6F77F2BE26655ABE39D8413B90EED0BE11FAB9BE229FE03B6F77F2BE26655ABE3B85623B550EBBBDB81A58BE3B85623B550EBBBDB81A58BE229FE03B6F77F2BE26655ABE0A671F3B8900C5BE05C704,
BE19C5613C6410B6BE3C3223BE20B9993D019D24BE355F78BE13708B3CD9018EBE3BBF94BDE8E7143C4FD8F1BE49E1B1BE02424A3D119264BE445B6CBDE18CE33D02D278BE4811B2BE20B9993D019D24BE355F78BE1426FE3D697E13BE29AED5BE13708B3CD9018EBE3BBF94BE2A6DAD3CAF1CB9BE33269EBE249C6F3C27EB6CBE389119BE2BC5DF3C0BEF8DBE340C41,
BE2BE7293D08D7E0BE2CEB35BE3ACABC3D3F0ED4BE0C5111BE29945B3D656042BE1BCA10BE363CFB3D8C64FEBE00A0B2BE2364393DA0A73FBE0BCF0BBE29945B3D656042BE1BCA10BE0809D53DB0BE0EBE1B6955BDCF94423DC70A81BE1137F4BDCC49BA3DB5BDD7BE261D43BE02424A3D119264BE445B6CBDD9BF593D8023A7BE3894C4BDE18CE33D02D278BE4811B2,
BDE3211D3CFA4C62BD1859C9BDEE90BC3C29EB203BDB8349BDF052933C770585BCA40B78BE31DD5D3C3AE46DBCA07703BE2DE3FC3C989BD8BB8EA39CBE2C40073CD6E2653BCE1C58BE19C5613C6410B6BE3C3223BE13708B3CD9018EBE3BBF94BE0AF9663C7AB53DBE446738BE0FA58F3BF4623DBE404684BE19C5613C6410B6BE3C3223BE0AF9663C7AB53DBE446738,
BDF2617C3DF3AABDBDAFEE70BDE8F7DB3DE3DDDBBDCF177ABE023D923DE0BAA6BDBA98EEBE39207D3D6A8A83BCB30F8CBE391A333CBA6699BD2B367ABE31DD5D3C3AE46DBCA07703BE0598183E0F8833BDAF4A56BE14B5DD3E278EE3BDA22920BDF424E63E23443DBDB7995FBE3C25073D8F9C20BDC63F9ABE409EDC3D725919BDB2A305BE3760393D9B1C00BD702B41,
BE1EEF1C3B6B13E0BC4D3E0CBE2DE3FC3C989BD8BB8EA39CBE31DD5D3C3AE46DBCA07703BE4458CD3C4BF2B2BE0AD57CBE39D8413B90EED0BE11FAB9BE4582DC3BB6390DBE04C8BDBE33B14B3DB90D9DBCD91CD2BE31E0C63D939DA1BB695FABBE3577103DA9E5E23A12CCF7BE3049663DCE160EBD2F1FDEBE26F21F3DDB5393BD7837B5BE2A72223DC4DD2FBD6862F6,
BDA48E043DE41B33BDEC0CE9BDE4F5D33DD2439ABDF12770BDD6DD273DE35AC9BDCD490EBE4595363D001F75BDCDF698BE3F18013D6DC7EFBDF22963BE4661F23CD1C9F7BDE9DC72BE086F8B3B9BB6AABC8FBA88BE09C1F83BB76F6DBDA45565BE050DAE3BDDD6E0BD63F35ABE31DD5D3C3AE46DBCA07703BE2999DD3B57CF5FBD8FDDA9BE1EEF1C3B6B13E0BC4D3E0C,
BE33BC4D3DA2E1263C900608BE31E0C63D939DA1BB695FABBE2B00373D8EBE593CB65CB3BE3049663DCE160EBD2F1FDEBE3352EB3DAF9442BD0A276BBE33B14B3DB90D9DBCD91CD2BE1A34013DB83383BE01F751BE13E1CA3DACAAB9BE10ED3EBE2364393DA0A73FBE0BCF0BBE3D13D73C1B77C0BD8C197EBE45BB383C5C93EABDC2FA51BE3B85623B550EBBBDB81A58,
BE2F87F03E1458CDBD7DE93ABE34A83B3E0C75C5BD5AD645BE3080303E24B1EEBD893FAFBE2999DD3B57CF5FBD8FDDA9BE086F8B3B9BB6AABC8FBA88BE1EEF1C3B6B13E0BC4D3E0CBE2F826F3DAAAEB0BDD88872BE1A34013DB83383BE01F751BE2510D43DAC692FBE007B78BDB4434E3D0842FA3DB831F0BDE3211D3CFA4C62BD1859C9BDC6223E3D1B6806BBECBFB1,
BE3352EB3DAF9442BD0A276BBE31E0C63D939DA1BB695FABBE33B14B3DB90D9DBCD91CD2BE4458CD3C4BF2B2BE0AD57CBE4582DC3BB6390DBE04C8BDBE4A4A493C806AF4BDF6BF44BE4E7B813DF8572A3BD60A63BE500B033E1116A9BC821AF8BE430A4E3DF76B3CBCB8E8EABE33B14B3DB90D9DBCD91CD2BE430A4E3DF76B3CBCB8E8EABE3049663DCE160EBD2F1FDE,
BE3F33443CA6F1DCBD8D4456BE45BB383C5C93EABDC2FA51BE3D13D73C1B77C0BD8C197EBDD6B2293C7D7E46BDFCB70BBDCE8EA43D1019F4BDCB9885BDEF55583C5F505DBDDEE675BE01DE6A3DF84231BDACF638BE023D923DE0BAA6BDBA98EEBE141E583DE1669DBDA34331BE3B85623B550EBBBDB81A58BE4A4A493C806AF4BDF6BF44BE4582DC3BB6390DBE04C8BD,
BDEE90BC3C29EB203BDB8349BDE3211D3CFA4C62BD1859C9BDB4434E3D0842FA3DB831F0BE0000863C3A83F5BD9A0C6BBDF052933C770585BCA40B78BE050DAE3BDDD6E0BD63F35ABE0F84453DF356DABDA33483BE1D933E3E0712E4BD940703BE0598183E0F8833BDAF4A56BE141E583DE1669DBDA34331BE0F84453DF356DABDA33483BE01DE6A3DF84231BDACF638,
BE086F8B3B9BB6AABC8FBA88BDDAEE633C25375D3D9CF2D0BDDA16E83BFE82513E0D5A9FBDA48E043DE41B33BDEC0CE9BDCF94423DC70A81BE1137F4BDE4F5D33DD2439ABDF12770BE3A886A3C5BF8BABD787592BE2999DD3B57CF5FBD8FDDA9BE31DD5D3C3AE46DBCA07703BE391A333CBA6699BD2B367ABE3A886A3C5BF8BABD787592BE31DD5D3C3AE46DBCA07703,
BE2689013C47BCC33C0ABD5EBE2C40073CD6E2653BCE1C58BE2DE3FC3C989BD8BB8EA39CBE1EEF1C3B6B13E0BC4D3E0CBE2689013C47BCC33C0ABD5EBE2DE3FC3C989BD8BB8EA39CBDF2617C3DF3AABDBDAFEE70BE023D923DE0BAA6BDBA98EEBE01DE6A3DF84231BDACF638BE0598183E0F8833BDAF4A56BDD924293E05B079BDB64A5ABE01DE6A3DF84231BDACF638,
BE1D933E3E0712E4BD940703BE14B5DD3E278EE3BDA22920BE0598183E0F8833BDAF4A56BDE8F7DB3DE3DDDBBDCF177ABDE4F5D33DD2439ABDF12770BE023D923DE0BAA6BDBA98EEBDE8E6083CAF709BBDC99286BE03B3633BC97529BDE6C11ABDEF55583C5F505DBDDEE675BE4661F23CD1C9F7BDE9DC72BE4458CD3C4BF2B2BE0AD57CBE4A4A493C806AF4BDF6BF44,
BDE945FA3BB53D64BE0F8E3BBDB4D37C3BEEAE9FBE1C0DB2BDC05E5F3C3F7AD5BE0D59D5BDE75A323C01BEB2BE046CB9BDE945FA3BB53D64BE0F8E3BBDC05E5F3C3F7AD5BE0D59D5BE500B033E1116A9BC821AF8BE34A83B3E0C75C5BD5AD645BE430A4E3DF76B3CBCB8E8EABE3C25073D8F9C20BDC63F9ABE3F18013D6DC7EFBDF22963BE409EDC3D725919BDB2A305,
BDD00A393DF44B2BBDBD084FBDD6DD273DE35AC9BDCD490EBDE8F7DB3DE3DDDBBDCF177ABDC05E5F3C3F7AD5BE0D59D5BDD6B2293C7D7E46BDFCB70BBDE75A323C01BEB2BE046CB9BE2510D43DAC692FBE007B78BE2364393DA0A73FBE0BCF0BBE363CFB3D8C64FEBE00A0B2BE2999DD3B57CF5FBD8FDDA9BE3D13D73C1B77C0BD8C197EBE3B85623B550EBBBDB81A58,
BE4661F23CD1C9F7BDE9DC72BE4A4A493C806AF4BDF6BF44BE45BB383C5C93EABDC2FA51BE3F54D23B9EB207BE139000BE4458CD3C4BF2B2BE0AD57CBE3D4F593C8E8C8BBE18548BBE4661F23CD1C9F7BDE9DC72BE3ACABC3D3F0ED4BE0C5111BE4458CD3C4BF2B2BE0AD57CBDD6DD273DE35AC9BDCD490EBDE4F5D33DD2439ABDF12770BDE8F7DB3DE3DDDBBDCF177A,
BE2B00373D8EBE593CB65CB3BE31E0C63D939DA1BB695FABBE29E59F3D3E49B23D0198F2BE2364393DA0A73FBE0BCF0BBE1BEE803D790646BE1EAB36BE29945B3D656042BE1BCA10BE39207D3D6A8A83BCB30F8CBE3760393D9B1C00BD702B41BE409EDC3D725919BDB2A305BE4A4A493C806AF4BDF6BF44BE3B85623B550EBBBDB81A58BE45BB383C5C93EABDC2FA51,
BE1A34013DB83383BE01F751BE1739B03DCF1E4BBDC151A4BDE4F5D33DD2439ABDF12770BE1D933E3E0712E4BD940703BE22CCB43DEA7DEDBD87A637BE2F87F03E1458CDBD7DE93ABE1AD1073DD79314BD978CCABE22CCB43DEA7DEDBD87A637BE141E583DE1669DBDA34331BE2999DD3B57CF5FBD8FDDA9BE3B85623B550EBBBDB81A58BE09C1F83BB76F6DBDA45565,
BE39D8413B90EED0BE11FAB9BE3F54D23B9EB207BE139000BE3EED463BDA3C21BE1E12E8BDDF98B73D046F9CBDACE810BDE8E6083CAF709BBDC99286BDCE8EA43D1019F4BDCB9885BE29E59F3D3E49B23D0198F2BE31DD5D3C3AE46DBCA07703BE2C40073CD6E2653BCE1C58BE3D4F593C8E8C8BBE18548BBE3ACABC3D3F0ED4BE0C5111BE2BE7293D08D7E0BE2CEB35,
BE0A671F3B8900C5BE05C704BE229FE03B6F77F2BE26655ABDE945FA3BB53D64BE0F8E3BBE15FAEC3BA3486F3D2ACB86BE086F8B3B9BB6AABC8FBA88BDDA16E83BFE82513E0D5A9FBE39D8413B90EED0BE11FAB9BE3B85623B550EBBBDB81A58BE4582DC3BB6390DBE04C8BDBE1AD1073DD79314BD978CCABE33B7523DA78F26BDBA7C18BE23E7D13DCA8DA8BD8D130E,
BE29E59F3D3E49B23D0198F2BE39207D3D6A8A83BCB30F8CBE31DD5D3C3AE46DBCA07703BE4661F23CD1C9F7BDE9DC72BE3F18013D6DC7EFBDF22963BE3ACABC3D3F0ED4BE0C5111BE1EEF1C3B6B13E0BC4D3E0CBE2377E23C4BFB163CEAFCCEBE2689013C47BCC33C0ABD5EBE229FE03B6F77F2BE26655ABD9A57EB3BB19A41BE268598BDE945FA3BB53D64BE0F8E3B,
BE3049663DCE160EBD2F1FDEBE430A4E3DF76B3CBCB8E8EABE34A83B3E0C75C5BD5AD645BE01DE6A3DF84231BDACF638BDD924293E05B079BDB64A5ABDF2617C3DF3AABDBDAFEE70BE2F826F3DAAAEB0BDD88872BE33B7523DA78F26BDBA7C18BE1AD1073DD79314BD978CCABE086F8B3B9BB6AABC8FBA88BDEE90BC3C29EB203BDB8349BDDAEE633C25375D3D9CF2D0,
BE3C25073D8F9C20BDC63F9ABE3760393D9B1C00BD702B41BE3207923DABFC22BD8C5543BDE3211D3CFA4C62BD1859C9BE0000863C3A83F5BD9A0C6BBDDEA8973D104E62BD80913ABE0F84453DF356DABDA33483BE0598183E0F8833BDAF4A56BE01DE6A3DF84231BDACF638BE0598183E0F8833BDAF4A56BDF424E63E23443DBDB7995FBDD924293E05B079BDB64A5A,
BDE75A323C01BEB2BE046CB9BDD6B2293C7D7E46BDFCB70BBDEF55583C5F505DBDDEE675BE13E1CA3DACAAB9BE10ED3EBE1BEE803D790646BE1EAB36BE2364393DA0A73FBE0BCF0BBE31E0C63D939DA1BB695FABBE3352EB3DAF9442BD0A276BBE39207D3D6A8A83BCB30F8CBE363CFB3D8C64FEBE00A0B2BE29945B3D656042BE1BCA10BE3ACABC3D3F0ED4BE0C5111,
BE15FAEC3BA3486F3D2ACB86BE2377E23C4BFB163CEAFCCEBE1EEF1C3B6B13E0BC4D3E0CBE086F8B3B9BB6AABC8FBA88BE15FAEC3BA3486F3D2ACB86BE1EEF1C3B6B13E0BC4D3E0CBE33B7523DA78F26BDBA7C18BE2F826F3DAAAEB0BDD88872BE3C25073D8F9C20BDC63F9ABE34A83B3E0C75C5BD5AD645BE500B033E1116A9BC821AF8BE536BD33E315981BD210386,
BE09C1F83BB76F6DBDA45565BE3B85623B550EBBBDB81A58BE0A671F3B8900C5BE05C704BE39207D3D6A8A83BCB30F8CBE409EDC3D725919BDB2A305BE391A333CBA6699BD2B367ABE39D8413B90EED0BE11FAB9BE4458CD3C4BF2B2BE0AD57CBE3F54D23B9EB207BE139000BE1A34013DB83383BE01F751BE0809D53DB0BE0EBE1B6955BE13E1CA3DACAAB9BE10ED3E,
BDE8F7DB3DE3DDDBBDCF177ABDF2617C3DF3AABDBDAFEE70BDD00A393DF44B2BBDBD084FBE2A72223DC4DD2FBD6862F6BE26F21F3DDB5393BD7837B5BE23E7D13DCA8DA8BD8D130EBE3207923DABFC22BD8C5543BE2A72223DC4DD2FBD6862F6BE23E7D13DCA8DA8BD8D130EBDE8E6083CAF709BBDC99286BDDF98B73D046F9CBDACE810BE0000863C3A83F5BD9A0C6B,
BE086F8B3B9BB6AABC8FBA88BE2999DD3B57CF5FBD8FDDA9BE09C1F83BB76F6DBDA45565BE34A83B3E0C75C5BD5AD645BE46B4423E3A4378BD79FA98BE39B90F3E3E61D0BD9395C4BE3080303E24B1EEBD893FAFBE34A83B3E0C75C5BD5AD645BE39B90F3E3E61D0BD9395C4BDF2617C3DF3AABDBDAFEE70BDD924293E05B079BDB64A5ABDD00A393DF44B2BBDBD084F,
BE13E1CA3DACAAB9BE10ED3EBE0809D53DB0BE0EBE1B6955BE0D31FD3D973D19BE27FBF0BE22CCB43DEA7DEDBD87A637BE1D933E3E0712E4BD940703BE0F84453DF356DABDA33483BE141E583DE1669DBDA34331BE22CCB43DEA7DEDBD87A637BE0F84453DF356DABDA33483BE1D933E3E0712E4BD940703BE3080303E24B1EEBD893FAFBE14B5DD3E278EE3BDA22920,
BE1739B03DCF1E4BBDC151A4BE141E583DE1669DBDA34331BE023D923DE0BAA6BDBA98EEBDE4F5D33DD2439ABDF12770BE1739B03DCF1E4BBDC151A4BE023D923DE0BAA6BDBA98EEBE0000863C3A83F5BD9A0C6BBE050DAE3BDDD6E0BD63F35ABE09C1F83BB76F6DBDA45565BE13E1CA3DACAAB9BE10ED3EBE0D31FD3D973D19BE27FBF0BE1426FE3D697E13BE29AED5,
BD9A57EB3BB19A41BE268598BDB4D37C3BEEAE9FBE1C0DB2BDE945FA3BB53D64BE0F8E3BBE03B3633BC97529BDE6C11ABDE8E6083CAF709BBDC99286BE0000863C3A83F5BD9A0C6BBE03B3633BC97529BDE6C11ABE0000863C3A83F5BD9A0C6BBE09C1F83BB76F6DBDA45565BE0A671F3B8900C5BE05C704BE03B3633BC97529BDE6C11ABE09C1F83BB76F6DBDA45565,
BE4458CD3C4BF2B2BE0AD57CBE3ACABC3D3F0ED4BE0C5111BE3D4F593C8E8C8BBE18548BBE1BEE803D790646BE1EAB36BE13E1CA3DACAAB9BE10ED3EBE1426FE3D697E13BE29AED5BE3A886A3C5BF8BABD787592BE3F33443CA6F1DCBD8D4456BE3D13D73C1B77C0BD8C197EBE2999DD3B57CF5FBD8FDDA9BE3A886A3C5BF8BABD787592BE3D13D73C1B77C0BD8C197E,
BE141E583DE1669DBDA34331BE1739B03DCF1E4BBDC151A4BE1AD1073DD79314BD978CCABE500B033E1116A9BC821AF8BE4E7B813DF8572A3BD60A63BE66D71F3E2E04C03BAA0019BE409EDC3D725919BDB2A305BE4595363D001F75BDCDF698BE391A333CBA6699BD2B367ABDCE8EA43D1019F4BDCB9885BDE8E6083CAF709BBDC99286BDEF55583C5F505DBDDEE675,
BE2510D43DAC692FBE007B78BE1A34013DB83383BE01F751BE2364393DA0A73FBE0BCF0BBE23E7D13DCA8DA8BD8D130EBE33B7523DA78F26BDBA7C18BE3207923DABFC22BD8C5543BE26F21F3DDB5393BD7837B5BE22CCB43DEA7DEDBD87A637BE1AD1073DD79314BD978CCABE23E7D13DCA8DA8BD8D130EBE26F21F3DDB5393BD7837B5BE1AD1073DD79314BD978CCA,
BE0A671F3B8900C5BE05C704BDE945FA3BB53D64BE0F8E3BBDE75A323C01BEB2BE046CB9BE0809D53DB0BE0EBE1B6955BE1A34013DB83383BE01F751BDE4F5D33DD2439ABDF12770BE34A83B3E0C75C5BD5AD645BE26F21F3DDB5393BD7837B5BE3049663DCE160EBD2F1FDEBE0809D53DB0BE0EBE1B6955BDE4F5D33DD2439ABDF12770BDCF94423DC70A81BE1137F4,
BE3577103DA9E5E23A12CCF7BE31E0C63D939DA1BB695FABBE33BC4D3DA2E1263C900608BE39D8413B90EED0BE11FAB9BE3EED463BDA3C21BE1E12E8BE229FE03B6F77F2BE26655ABE39D8413B90EED0BE11FAB9BE229FE03B6F77F2BE26655ABE3B85623B550EBBBDB81A58BE3B85623B550EBBBDB81A58BE229FE03B6F77F2BE26655ABE0A671F3B8900C5BE05C704,
BE4595363D001F75BDCDF698BE45BB383C5C93EABDC2FA51BE3F33443CA6F1DCBD8D4456BE391A333CBA6699BD2B367ABE4595363D001F75BDCDF698BE3F33443CA6F1DCBD8D4456BE430A4E3DF76B3CBCB8E8EABE33B14B3DB90D9DBCD91CD2BE4E7B813DF8572A3BD60A63BE4E7B813DF8572A3BD60A63BE33B14B3DB90D9DBCD91CD2BE3577103DA9E5E23A12CCF7,
BDEF55583C5F505DBDDEE675BE03B3633BC97529BDE6C11ABDE75A323C01BEB2BE046CB9BDE75A323C01BEB2BE046CB9BE03B3633BC97529BDE6C11ABE0A671F3B8900C5BE05C704BE4595363D001F75BDCDF698BE4661F23CD1C9F7BDE9DC72BE45BB383C5C93EABDC2FA51BE34A83B3E0C75C5BD5AD645BE536BD33E315981BD210386BE46B4423E3A4378BD79FA98,
BE3080303E24B1EEBD893FAFBE1D933E3E0712E4BD940703BE2F87F03E1458CDBD7DE93ABE33B7523DA78F26BDBA7C18BE3C25073D8F9C20BDC63F9ABE3207923DABFC22BD8C5543BE2510D43DAC692FBE007B78BE363CFB3D8C64FEBE00A0B2BE2F826F3DAAAEB0BDD88872BE1A34013DB83383BE01F751BE2F826F3DAAAEB0BDD88872BE1739B03DCF1E4BBDC151A4,
BE3C25073D8F9C20BDC63F9ABE2F826F3DAAAEB0BDD88872BE363CFB3D8C64FEBE00A0B2BE3F18013D6DC7EFBDF22963BE3C25073D8F9C20BDC63F9ABE363CFB3D8C64FEBE00A0B2BE3F18013D6DC7EFBDF22963BE363CFB3D8C64FEBE00A0B2BE3ACABC3D3F0ED4BE0C5111BE3760393D9B1C00BD702B41BE2A72223DC4DD2FBD6862F6BE3207923DABFC22BD8C5543,
BE2F87F03E1458CDBD7DE93ABE22CCB43DEA7DEDBD87A637BE34A83B3E0C75C5BD5AD645BDE3211D3CFA4C62BD1859C9BDF052933C770585BCA40B78BE0000863C3A83F5BD9A0C6BBDF424E63E23443DBDB7995FBDC09D493E1AFA2FBDBE0610BDD924293E05B079BDB64A5ABE0000863C3A83F5BD9A0C6BBDDF98B73D046F9CBDACE810BDDEA8973D104E62BD80913A,
BE050DAE3BDDD6E0BD63F35ABDF052933C770585BCA40B78BDEE90BC3C29EB203BDB8349BDEE90BC3C29EB203BDB8349BE086F8B3B9BB6AABC8FBA88BE050DAE3BDDD6E0BD63F35ABDE3211D3CFA4C62BD1859C9BDDEA8973D104E62BD80913ABDC6223E3D1B6806BBECBFB1BE22CCB43DEA7DEDBD87A637BE26F21F3DDB5393BD7837B5BE34A83B3E0C75C5BD5AD645,
BE363CFB3D8C64FEBE00A0B2BE2364393DA0A73FBE0BCF0BBE29945B3D656042BE1BCA10BE0809D53DB0BE0EBE1B6955BDCF94423DC70A81BE1137F4BDCC49BA3DB5BDD7BE261D43BE3352EB3DAF9442BD0A276BBE3049663DCE160EBD2F1FDEBE2A72223DC4DD2FBD6862F6BE3760393D9B1C00BD702B41BE3352EB3DAF9442BD0A276BBE2A72223DC4DD2FBD6862F6,
BE2BE7293D08D7E0BE2CEB35BE3ACABC3D3F0ED4BE0C5111BE29945B3D656042BE1BCA10BE39207D3D6A8A83BCB30F8CBE3352EB3DAF9442BD0A276BBE3760393D9B1C00BD702B41BE29E59F3D3E49B23D0198F2BE31E0C63D939DA1BB695FABBE39207D3D6A8A83BCB30F8CBE4595363D001F75BDCDF698BE409EDC3D725919BDB2A305BE3F18013D6DC7EFBDF22963,
BDE3211D3CFA4C62BD1859C9BDEE90BC3C29EB203BDB8349BDF052933C770585BCA40B78BE31DD5D3C3AE46DBCA07703BE2DE3FC3C989BD8BB8EA39CBE2C40073CD6E2653BCE1C58BE2F826F3DAAAEB0BDD88872BE1AD1073DD79314BD978CCABE1739B03DCF1E4BBDC151A4BE3A886A3C5BF8BABD787592BE391A333CBA6699BD2B367ABE3F33443CA6F1DCBD8D4456,
BE33B14B3DB90D9DBCD91CD2BE31E0C63D939DA1BB695FABBE3577103DA9E5E23A12CCF7BE234EFD3CAFBE343D2D9275BE2377E23C4BFB163CEAFCCEBE15FAEC3BA3486F3D2ACB86BE1DB7283C596E9C3D7F4FD7BE234EFD3CAFBE343D2D9275BE15FAEC3BA3486F3D2ACB86BE386B163DB4FBDB3DCAC7DABE291DDE3DA16A483DDE3DA3BE34801F3DB8C6D63E0A8F3B,
BE1662353CAA77A33E17D849BE11F2993C48EAC03E0A1A50BE0403583BECBFB13E137C13BE4B56B83DEA8DA83D15171EBE3F1C323DBABDA13CC536D6BE3D0D063DB30B5B3D3763E5BE1737DA3C3EDB733DDA9D1FBE1BFC653CA8D4353DEFBF40BE1FB2EE3CB402D13D99EF95BE386B163DB4FBDB3DCAC7DABE34801F3DB8C6D63E0A8F3BBE3CEA6C3DCE65BF3E09D495,
BE33BC4D3DA2E1263C900608BE31E0C63D939DA1BB695FABBE2B00373D8EBE593CB65CB3BE0C80C73BC319C63DC02108BE186F483C4914B13DBA708FBE15FAEC3BA3486F3D2ACB86BE2377E23C4BFB163CEAFCCEBE29E59F3D3E49B23D0198F2BE2C40073CD6E2653BCE1C58BE386B163DB4FBDB3DCAC7DABE25E02F3D8E22A33DAD2A20BE2064243D8E37153DD4CDB8,
BDDA16E83BFE82513E0D5A9FBE0C80C73BC319C63DC02108BE15FAEC3BA3486F3D2ACB86BE1FB2EE3CB402D13D99EF95BE2724743D401A373D6C679DBE1DB7283C596E9C3D7F4FD7BE1CA2123D0C04863E09A5A9BE1FB2EE3CB402D13D99EF95BE1BFC653CA8D4353DEFBF40BE11C3F03D028E503E3EA6C2BE1CA2123D0C04863E09A5A9BE1662353CAA77A33E17D849,
BE26BF873DA700043E15FCC2BE31E7963DD106683E22E4D2BE34801F3DB8C6D63E0A8F3BBE4E7B813DF8572A3BD60A63BE500B033E1116A9BC821AF8BE430A4E3DF76B3CBCB8E8EABE66D71F3E2E04C03BAA0019BE4E7B813DF8572A3BD60A63BE5C93213E19068A3CC44391BDB4434E3D0842FA3DB831F0BDE3211D3CFA4C62BD1859C9BDC6223E3D1B6806BBECBFB1,
BE37C4A03DA6937D3D9F4F51BE386B163DB4FBDB3DCAC7DABE3F633D3DBAE70C3DABDFD2BDEE90BC3C29EB203BDB8349BDE3211D3CFA4C62BD1859C9BDB4434E3D0842FA3DB831F0BE58CA3E3E06B9C33D1ECB32BE52D7F93E054A3C3D8E0DAABE5ACA363E10D6F53D4B2852BE3D0D063DB30B5B3D3763E5BE2804533D8E685E3D431F04BE3950B93DA6DC5D3D6CC2D7,
BE1B56FC3D74F3FE3E032724BE1609143D5C59323E285272BE1D36F83D8CFD093E15158CBE2689013C47BCC33C0ABD5EBE2C40073CD6E2653BCE1C58BE2DE3FC3C989BD8BB8EA39CBE1EEF1C3B6B13E0BC4D3E0CBE2689013C47BCC33C0ABD5EBE2DE3FC3C989BD8BB8EA39CBE086F8B3B9BB6AABC8FBA88BDDAEE633C25375D3D9CF2D0BDDA16E83BFE82513E0D5A9F,
BE58CA3E3E06B9C33D1ECB32BE4B56B83DEA8DA83D15171EBE52D7F93E054A3C3D8E0DAABE3950B93DA6DC5D3D6CC2D7BE2804533D8E685E3D431F04BE37C4A03DA6937D3D9F4F51BE454AC33E0BC6223DE9C5E7BE4AF6403DFD4F9C3DB9C843BE46D2AA3DE75E633DE7B80BBE232BDC3D7568623DB09635BE2064243D8E37153DD4CDB8BE25E02F3D8E22A33DAD2A20,
BE2804533D8E685E3D431F04BE2B00373D8EBE593CB65CB3BE26759B3D7967CB3D468124BDC720863C9AED573DB211CBBDDAEE633C25375D3D9CF2D0BDEE90BC3C29EB203BDB8349BE1737DA3C3EDB733DDA9D1FBE0C80C73BC319C63DC02108BE11F2993C48EAC03E0A1A50BE1662353CAA77A33E17D849BE1737DA3C3EDB733DDA9D1FBE11F2993C48EAC03E0A1A50,
BE0403583BECBFB13E137C13BDDA16E83BFE82513E0D5A9FBDFF5DFF3C0B08DD3E2ECF64BE33BC4D3DA2E1263C900608BE2B00373D8EBE593CB65CB3BE3F1C323DBABDA13CC536D6BE2B00373D8EBE593CB65CB3BE31E0C63D939DA1BB695FABBE29E59F3D3E49B23D0198F2BE3F1C323DBABDA13CC536D6BE2B00373D8EBE593CB65CB3BE2804533D8E685E3D431F04,
BE3F633D3DBAE70C3DABDFD2BE417EBB3DBB2C413D789A46BE37C4A03DA6937D3D9F4F51BE386B163DB4FBDB3DCAC7DABE4446B73DD4F50A3DD724FBBE3F633D3DBAE70C3DABDFD2BE29E59F3D3E49B23D0198F2BE31DD5D3C3AE46DBCA07703BE2C40073CD6E2653BCE1C58BE5ACA363E10D6F53D4B2852BE5C93213E19068A3CC44391BE58CA3E3E06B9C33D1ECB32,
BE1EEF1C3B6B13E0BC4D3E0CBE2377E23C4BFB163CEAFCCEBE2689013C47BCC33C0ABD5EBE15FAEC3BA3486F3D2ACB86BE086F8B3B9BB6AABC8FBA88BDDA16E83BFE82513E0D5A9FBE4E7B813DF8572A3BD60A63BE4B56B83DEA8DA83D15171EBE5242073E03EAF73CB8D3F2BE417EBB3DBB2C413D789A46BE3950B93DA6DC5D3D6CC2D7BE37C4A03DA6937D3D9F4F51,
BE086F8B3B9BB6AABC8FBA88BDEE90BC3C29EB203BDB8349BDDAEE633C25375D3D9CF2D0BE29E59F3D3E49B23D0198F2BE39207D3D6A8A83BCB30F8CBE31DD5D3C3AE46DBCA07703BE386B163DB4FBDB3DCAC7DABE2064243D8E37153DD4CDB8BE291DDE3DA16A483DDE3DA3BE3B677F3DEA2EC33E15703FBE40FA9C3E0667303E0C1E79BE41248D3DE269163E087831,
BE522D513E24C7B03DD7ED42BE4AF6403DFD4F9C3DB9C843BE454AC33E0BC6223DE9C5E7BE26BF873DA700043E15FCC2BE34801F3DB8C6D63E0A8F3BBE291DDE3DA16A483DDE3DA3BE1D36F83D8CFD093E15158CBE26BF873DA700043E15FCC2BE291DDE3DA16A483DDE3DA3BE1B56FC3D74F3FE3E032724BE1CA2123D0C04863E09A5A9BE11C3F03D028E503E3EA6C2,
BE2724743D401A373D6C679DBE1CA2123D0C04863E09A5A9BE232BDC3D7568623DB09635BE2C40073CD6E2653BCE1C58BE2689013C47BCC33C0ABD5EBE2377E23C4BFB163CEAFCCEBE1BFC653CA8D4353DEFBF40BE1737DA3C3EDB733DDA9D1FBE1662353CAA77A33E17D849BE1CA2123D0C04863E09A5A9BE1BFC653CA8D4353DEFBF40BE1662353CAA77A33E17D849,
BDC720863C9AED573DB211CBBDEE90BC3C29EB203BDB8349BDB4434E3D0842FA3DB831F0BE26759B3D7967CB3D468124BE2B00373D8EBE593CB65CB3BE29E59F3D3E49B23D0198F2BE15FAEC3BA3486F3D2ACB86BE2377E23C4BFB163CEAFCCEBE1EEF1C3B6B13E0BC4D3E0CBE086F8B3B9BB6AABC8FBA88BE15FAEC3BA3486F3D2ACB86BE1EEF1C3B6B13E0BC4D3E0C,
BE186F483C4914B13DBA708FBE0C80C73BC319C63DC02108BE1737DA3C3EDB733DDA9D1FBE1FB2EE3CB402D13D99EF95BE186F483C4914B13DBA708FBE1737DA3C3EDB733DDA9D1FBE5ACA363E10D6F53D4B2852BE52D7F93E054A3C3D8E0DAABE58AC193E247B243D8820E6BE3F1C323DBABDA13CC536D6BE4B56B83DEA8DA83D15171EBE4E7B813DF8572A3BD60A63,
BDDA16E83BFE82513E0D5A9FBE0403583BECBFB13E137C13BE0C80C73BC319C63DC02108BE4B56B83DEA8DA83D15171EBE488ACE3DE1D0853D572368BE52D7F93E054A3C3D8E0DAABE40FA9C3E0667303E0C1E79BE479B783E2164843E1362E9BE4E2C133E1DD1E53E02CB21BE454AC33E0BC6223DE9C5E7BE40FA9C3E0667303E0C1E79BE4E2C133E1DD1E53E02CB21,
BE454AC33E0BC6223DE9C5E7BE46D2AA3DE75E633DE7B80BBE40FA9C3E0667303E0C1E79BE2804533D8E685E3D431F04BE26759B3D7967CB3D468124BE25E02F3D8E22A33DAD2A20BE37C4A03DA6937D3D9F4F51BE2804533D8E685E3D431F04BE25E02F3D8E22A33DAD2A20BE0403583BECBFB13E137C13BE11F2993C48EAC03E0A1A50BE0C80C73BC319C63DC02108,
BE34801F3DB8C6D63E0A8F3BBE31E7963DD106683E22E4D2BE3CEA6C3DCE65BF3E09D495BE25E02F3D8E22A33DAD2A20BE386B163DB4FBDB3DCAC7DABE37C4A03DA6937D3D9F4F51BE26759B3D7967CB3D468124BE2724743D401A373D6C679DBE232BDC3D7568623DB09635BE25E02F3D8E22A33DAD2A20BE26759B3D7967CB3D468124BE232BDC3D7568623DB09635,
BE52D7F93E054A3C3D8E0DAABE522D513E24C7B03DD7ED42BE56F86A3E25B2923DAF73C1BE2804533D8E685E3D431F04BE3D0D063DB30B5B3D3763E5BE3F1C323DBABDA13CC536D6BE4B56B83DEA8DA83D15171EBE3D0D063DB30B5B3D3763E5BE488ACE3DE1D0853D572368BE31E7963DD106683E22E4D2BE3B677F3DEA2EC33E15703FBE3CEA6C3DCE65BF3E09D495,
BE3F1C323DBABDA13CC536D6BE4E7B813DF8572A3BD60A63BE3577103DA9E5E23A12CCF7BE33BC4D3DA2E1263C900608BE3F1C323DBABDA13CC536D6BE3577103DA9E5E23A12CCF7BE500B033E1116A9BC821AF8BE4E7B813DF8572A3BD60A63BE66D71F3E2E04C03BAA0019BE2377E23C4BFB163CEAFCCEBE234EFD3CAFBE343D2D9275BE2724743D401A373D6C679D,
BE3577103DA9E5E23A12CCF7BE31E0C63D939DA1BB695FABBE33BC4D3DA2E1263C900608BE5C93213E19068A3CC44391BE4E7B813DF8572A3BD60A63BE5242073E03EAF73CB8D3F2BE3B677F3DEA2EC33E15703FBE479B783E2164843E1362E9BE40FA9C3E0667303E0C1E79BE488ACE3DE1D0853D572368BE3D0D063DB30B5B3D3763E5BE417EBB3DBB2C413D789A46,
BE3D0D063DB30B5B3D3763E5BE3950B93DA6DC5D3D6CC2D7BE417EBB3DBB2C413D789A46BE3CEA6C3DCE65BF3E09D495BE3B677F3DEA2EC33E15703FBE41248D3DE269163E087831BE430A4E3DF76B3CBCB8E8EABE33B14B3DB90D9DBCD91CD2BE4E7B813DF8572A3BD60A63BE4E7B813DF8572A3BD60A63BE33B14B3DB90D9DBCD91CD2BE3577103DA9E5E23A12CCF7,
BE5242073E03EAF73CB8D3F2BE4B56B83DEA8DA83D15171EBE58CA3E3E06B9C33D1ECB32BE5C93213E19068A3CC44391BE5242073E03EAF73CB8D3F2BE58CA3E3E06B9C33D1ECB32BE3CEA6C3DCE65BF3E09D495BE46D2AA3DE75E633DE7B80BBE4446B73DD4F50A3DD724FBBE386B163DB4FBDB3DCAC7DABE3CEA6C3DCE65BF3E09D495BE4446B73DD4F50A3DD724FB,
BDC78C873BF9C1F83E2EBB34BDFF5DFF3C0B08DD3E2ECF64BDDA16E83BFE82513E0D5A9FBE58AC193E247B243D8820E6BE52D7F93E054A3C3D8E0DAABE56F86A3E25B2923DAF73C1BE2064243D8E37153DD4CDB8BE1B56FC3D74F3FE3E032724BE1D36F83D8CFD093E15158CBE291DDE3DA16A483DDE3DA3BE2064243D8E37153DD4CDB8BE1D36F83D8CFD093E15158C,
BE4AF6403DFD4F9C3DB9C843BE3F633D3DBAE70C3DABDFD2BE4446B73DD4F50A3DD724FBBE1CA2123D0C04863E09A5A9BE2724743D401A373D6C679DBE1FB2EE3CB402D13D99EF95BE186F483C4914B13DBA708FBE1FB2EE3CB402D13D99EF95BE1DB7283C596E9C3D7F4FD7BE15FAEC3BA3486F3D2ACB86BE186F483C4914B13DBA708FBE1DB7283C596E9C3D7F4FD7,
BE522D513E24C7B03DD7ED42BE454AC33E0BC6223DE9C5E7BE4E2C133E1DD1E53E02CB21BE1DB7283C596E9C3D7F4FD7BE2724743D401A373D6C679DBE234EFD3CAFBE343D2D9275BE52D7F93E054A3C3D8E0DAABE3F633D3DBAE70C3DABDFD2BE4AF6403DFD4F9C3DB9C843BE522D513E24C7B03DD7ED42BE52D7F93E054A3C3D8E0DAABE4AF6403DFD4F9C3DB9C843,
BE050DAE3BDDD6E0BD63F35ABDF052933C770585BCA40B78BDEE90BC3C29EB203BDB8349BDEE90BC3C29EB203BDB8349BE086F8B3B9BB6AABC8FBA88BE050DAE3BDDD6E0BD63F35ABE52D7F93E054A3C3D8E0DAABE488ACE3DE1D0853D572368BE3F633D3DBAE70C3DABDFD2BE11C3F03D028E503E3EA6C2BE1609143D5C59323E285272BE1B56FC3D74F3FE3E032724,
BE41248D3DE269163E087831BE40FA9C3E0667303E0C1E79BE46D2AA3DE75E633DE7B80BBE3CEA6C3DCE65BF3E09D495BE41248D3DE269163E087831BE46D2AA3DE75E633DE7B80BBE232BDC3D7568623DB09635BE1CA2123D0C04863E09A5A9BE1B56FC3D74F3FE3E032724BE2064243D8E37153DD4CDB8BE232BDC3D7568623DB09635BE1B56FC3D74F3FE3E032724,
BE29E59F3D3E49B23D0198F2BE31E0C63D939DA1BB695FABBE39207D3D6A8A83BCB30F8CBE4AF6403DFD4F9C3DB9C843BE4446B73DD4F50A3DD724FBBE46D2AA3DE75E633DE7B80BBE2377E23C4BFB163CEAFCCEBE2724743D401A373D6C679DBE29E59F3D3E49B23D0198F2BE488ACE3DE1D0853D572368BE417EBB3DBB2C413D789A46BE3F633D3DBAE70C3DABDFD2,
BE1662353CAA77A33E17D849BE08C36E3C3F98313E2559B4BE0FE2A43CABF5513E391538BDF0D4133DAE97073E82C365BDDE4FFD3DAFBC1B3E868F2ABDF5AFB03DC0FFDA3E871E6DBE23F4ED3E0094A33E7E05CDBE05D80E3DC584F53E800C74BE15B35B3DF2EAD93E8523F6BE2724743D401A373D6C679DBE26759B3D7967CB3D468124BE29E59F3D3E49B23D0198F2,
BDC72C0E3C750A033E62FD76BDFE54B53CC3675E3E5A6699BDDD73C93C2B81F93E54AEC9BE3B677F3DEA2EC33E15703FBE472EF13E17939A3E2753A4BE479B783E2164843E1362E9BE0FE2A43CABF5513E391538BE08C36E3C3F98313E2559B4BDFF5DFF3C0B08DD3E2ECF64BDFAB6D03DDA415F3E905AB4BE05D80E3DC584F53E800C74BDF5AFB03DC0FFDA3E871E6D,
BDDD73C93C2B81F93E54AEC9BDFE54B53CC3675E3E5A6699BDF659083C3AA1513E4966BEBDC78C873BF9C1F83E2EBB34BDDD73C93C2B81F93E54AEC9BDF659083C3AA1513E4966BEBE12BBAA3DCAB1D53E6DB728BE1B738E3DDFE0053E68E219BE21144D3DC727DD3E55E4E7BE13D3E53D4CA3E83E421AF8BE1F92B03D9477BC3E3E5C4FBE1609143D5C59323E285272,
BE1171E33E02B6F23E8A4FCABE138A7E3E2FAEFF3E91B563BE25EE573E1190D13E85A1ECBE1662353CAA77A33E17D849BE11F2993C48EAC03E0A1A50BE0403583BECBFB13E137C13BE07763E3D561B2A3E694FF0BDFE54B53CC3675E3E5A6699BDF13D753D1E0E733E6B1141BE11C3F03D028E503E3EA6C2BE1662353CAA77A33E17D849BE0FE2A43CABF5513E391538,
BE3C3B4F3E1608D13E4CF1C3BE3C37613DFA237D3E31259ABE322A2C3E04E9C43E5334C6BE1D36F83D8CFD093E15158CBE1609143D5C59323E285272BE2500D63DB275EF3E26EC5BBE1423D93DA704363E6A8588BE12BBAA3DCAB1D53E6DB728BE21144D3DC727DD3E55E4E7BE11C3F03D028E503E3EA6C2BE1CA2123D0C04863E09A5A9BE1662353CAA77A33E17D849,
BDFAB6D03DDA415F3E905AB4BDDE4FFD3DAFBC1B3E868F2ABDC7EC783DBC6EB13E92AC11BDCF4CF53DCF52B93E96F06BBDFAB6D03DDA415F3E905AB4BDC7EC783DBC6EB13E92AC11BE26BF873DA700043E15FCC2BE31E7963DD106683E22E4D2BE34801F3DB8C6D63E0A8F3BBE138A7E3E2FAEFF3E91B563BE1171E33E02B6F23E8A4FCABE05931D3E1A0CF23E92265F,
BDF0D4133DAE97073E82C365BDF5AFB03DC0FFDA3E871E6DBE05D80E3DC584F53E800C74BE06B8FA3DB2C83F3E7B7AA2BDF0D4133DAE97073E82C365BE05D80E3DC584F53E800C74BE3447803E11971C3E6CDD0EBE23F4ED3E0094A33E7E05CDBE2C2D283E0CDB7B3E7D45A6BE08C36E3C3F98313E2559B4BE1662353CAA77A33E17D849BE0403583BECBFB13E137C13,
BE3C37613DFA237D3E31259ABE3B677F3DEA2EC33E15703FBE31E7963DD106683E22E4D2BE15B35B3DF2EAD93E8523F6BE05D80E3DC584F53E800C74BDFAB6D03DDA415F3E905AB4BE01D4303DFAF07C3E94EF46BE15B35B3DF2EAD93E8523F6BDFAB6D03DDA415F3E905AB4BE07763E3D561B2A3E694FF0BE0AC3223D1FACA33E55796CBDFE54B53CC3675E3E5A6699,
BE3095293E19081C3E7AEB3EBE3447803E11971C3E6CDD0EBE2C2D283E0CDB7B3E7D45A6BE2A3E3A3DFC94F73E60EA9EBE23F4ED3E0094A33E7E05CDBE3447803E11971C3E6CDD0EBE08C36E3C3F98313E2559B4BE0403583BECBFB13E137C13BDFF5DFF3C0B08DD3E2ECF64BE01D4303DFAF07C3E94EF46BE05931D3E1A0CF23E92265FBE1171E33E02B6F23E8A4FCA,
BE09231C3C94BBE43E448E04BDFF5DFF3C0B08DD3E2ECF64BDF659083C3AA1513E4966BEBE1B56FC3D74F3FE3E032724BE1609143D5C59323E285272BE1D36F83D8CFD093E15158CBE3095293E19081C3E7AEB3EBE2C2D283E0CDB7B3E7D45A6BE25EE573E1190D13E85A1ECBE472EF13E17939A3E2753A4BE3B677F3DEA2EC33E15703FBE3C37613DFA237D3E31259A,
BE1F92B03D9477BC3E3E5C4FBE1A88273D8D490E3E53A648BE20E0653DB9578A3E4CEFEDBE322A2C3E04E9C43E5334C6BE3C37613DFA237D3E31259ABE33165D3DD9103D3E39EFD8BE1171E33E02B6F23E8A4FCABE15B35B3DF2EAD93E8523F6BE01D4303DFAF07C3E94EF46BDFF5DFF3C0B08DD3E2ECF64BDC78C873BF9C1F83E2EBB34BDF659083C3AA1513E4966BE,
BE0403583BECBFB13E137C13BDDA16E83BFE82513E0D5A9FBDFF5DFF3C0B08DD3E2ECF64BDF699853D847FDC3E800043BDD3CE643CCB70AC3E6A3DB4BDAFBC1B3CDD1E543E724D90BE1662353CAA77A33E17D849BE1737DA3C3EDB733DDA9D1FBE11F2993C48EAC03E0A1A50BDF5AFB03DC0FFDA3E871E6DBDDE4FFD3DAFBC1B3E868F2ABDFAB6D03DDA415F3E905AB4,
BDD0A1BE3D9D041D3E84FF00BDDE4FFD3DAFBC1B3E868F2ABDF0D4133DAE97073E82C365BE2A3E3A3DFC94F73E60EA9EBE1B738E3DDFE0053E68E219BE23F4ED3E0094A33E7E05CDBE0A3AD23D8FE2613E7846E9BE07763E3D561B2A3E694FF0BDF699853D847FDC3E800043BE3C3B4F3E1608D13E4CF1C3BE322A2C3E04E9C43E5334C6BE3447803E11971C3E6CDD0E,
BE1F92B03D9477BC3E3E5C4FBE13D3E53D4CA3E83E421AF8BE1A88273D8D490E3E53A648BE1171E33E02B6F23E8A4FCABE25EE573E1190D13E85A1ECBE15B35B3DF2EAD93E8523F6BE3B677F3DEA2EC33E15703FBE40FA9C3E0667303E0C1E79BE41248D3DE269163E087831BE0FE2A43CABF5513E391538BDFF5DFF3C0B08DD3E2ECF64BE09231C3C94BBE43E448E04,
BE1D36F83D8CFD093E15158CBE26BF873DA700043E15FCC2BE291DDE3DA16A483DDE3DA3BE1B56FC3D74F3FE3E032724BE1CA2123D0C04863E09A5A9BE11C3F03D028E503E3EA6C2BE1B738E3DDFE0053E68E219BE12BBAA3DCAB1D53E6DB728BE05D80E3DC584F53E800C74BE23F4ED3E0094A33E7E05CDBE1B738E3DDFE0053E68E219BE05D80E3DC584F53E800C74,
BE1BFC653CA8D4353DEFBF40BE1737DA3C3EDB733DDA9D1FBE1662353CAA77A33E17D849BE1CA2123D0C04863E09A5A9BE1BFC653CA8D4353DEFBF40BE1662353CAA77A33E17D849BE07763E3D561B2A3E694FF0BDF13D753D1E0E733E6B1141BDF699853D847FDC3E800043BE26BF873DA700043E15FCC2BE34801F3DB8C6D63E0A8F3BBE291DDE3DA16A483DDE3DA3,
BE20E0653DB9578A3E4CEFEDBE2C3FC43DE079A33E54F052BE33165D3DD9103D3E39EFD8BE2500D63DB275EF3E26EC5BBE20E0653DB9578A3E4CEFEDBE33165D3DD9103D3E39EFD8BE0A3AD23D8FE2613E7846E9BE06B8FA3DB2C83F3E7B7AA2BE1423D93DA704363E6A8588BE3C37613DFA237D3E31259ABE31E7963DD106683E22E4D2BE33165D3DD9103D3E39EFD8,
BE11C3F03D028E503E3EA6C2BE13D3E53D4CA3E83E421AF8BE1609143D5C59323E285272BE01D4303DFAF07C3E94EF46BDFAB6D03DDA415F3E905AB4BDE3A6483DFE6D593E9B51DFBE0A3AD23D8FE2613E7846E9BE1A88273D8D490E3E53A648BE07763E3D561B2A3E694FF0BDF659083C3AA1513E4966BEBDFE54B53CC3675E3E5A6699BE09231C3C94BBE43E448E04,
BE0403583BECBFB13E137C13BE11F2993C48EAC03E0A1A50BE0C80C73BC319C63DC02108BDDA16E83BFE82513E0D5A9FBE0403583BECBFB13E137C13BE0C80C73BC319C63DC02108BE40FA9C3E0667303E0C1E79BE479B783E2164843E1362E9BE4E2C133E1DD1E53E02CB21BE2C3FC43DE079A33E54F052BE322A2C3E04E9C43E5334C6BE33165D3DD9103D3E39EFD8,
BE2A3E3A3DFC94F73E60EA9EBE2C3FC43DE079A33E54F052BE1B738E3DDFE0053E68E219BDF699853D847FDC3E800043BDF13D753D1E0E733E6B1141BDD3CE643CCB70AC3E6A3DB4BE31E7963DD106683E22E4D2BE3B677F3DEA2EC33E15703FBE3CEA6C3DCE65BF3E09D495BE34801F3DB8C6D63E0A8F3BBE31E7963DD106683E22E4D2BE3CEA6C3DCE65BF3E09D495,
BDF13D753D1E0E733E6B1141BDFE54B53CC3675E3E5A6699BDD3CE643CCB70AC3E6A3DB4BE31E7963DD106683E22E4D2BE2500D63DB275EF3E26EC5BBE33165D3DD9103D3E39EFD8BE25EE573E1190D13E85A1ECBE23F4ED3E0094A33E7E05CDBE15B35B3DF2EAD93E8523F6BE2C3FC43DE079A33E54F052BE21144D3DC727DD3E55E4E7BE1B738E3DDFE0053E68E219,
BDCF4CF53DCF52B93E96F06BBDE3A6483DFE6D593E9B51DFBDFAB6D03DDA415F3E905AB4BE06B8FA3DB2C83F3E7B7AA2BE05D80E3DC584F53E800C74BE12BBAA3DCAB1D53E6DB728BE2C2D283E0CDB7B3E7D45A6BE23F4ED3E0094A33E7E05CDBE25EE573E1190D13E85A1ECBDFE54B53CC3675E3E5A6699BDC72C0E3C750A033E62FD76BDD3CE643CCB70AC3E6A3DB4,
BE3B677F3DEA2EC33E15703FBE479B783E2164843E1362E9BE40FA9C3E0667303E0C1E79BE1423D93DA704363E6A8588BE1A88273D8D490E3E53A648BE0A3AD23D8FE2613E7846E9BE12BBAA3DCAB1D53E6DB728BE1423D93DA704363E6A8588BE06B8FA3DB2C83F3E7B7AA2BE31E7963DD106683E22E4D2BE26BF873DA700043E15FCC2BE2500D63DB275EF3E26EC5B,
BDF699853D847FDC3E800043BDD0A1BE3D9D041D3E84FF00BDF0D4133DAE97073E82C365BE0AC3223D1FACA33E55796CBE09231C3C94BBE43E448E04BDFE54B53CC3675E3E5A6699BE3CEA6C3DCE65BF3E09D495BE3B677F3DEA2EC33E15703FBE41248D3DE269163E087831BE26BF873DA700043E15FCC2BE1D36F83D8CFD093E15158CBE2500D63DB275EF3E26EC5B,
BE291DDE3DA16A483DDE3DA3BE2064243D8E37153DD4CDB8BE1D36F83D8CFD093E15158CBE3C37613DFA237D3E31259ABE3C3B4F3E1608D13E4CF1C3BE42CE893E11EABC3E3557DEBE2C3FC43DE079A33E54F052BE20E0653DB9578A3E4CEFEDBE21144D3DC727DD3E55E4E7BDAFBC1B3CDD1E543E724D90BDD0A1BE3D9D041D3E84FF00BDF699853D847FDC3E800043,
BE0FE2A43CABF5513E391538BE09231C3C94BBE43E448E04BE11C3F03D028E503E3EA6C2BE0AC3223D1FACA33E55796CBE13D3E53D4CA3E83E421AF8BE11C3F03D028E503E3EA6C2BE1A88273D8D490E3E53A648BE13D3E53D4CA3E83E421AF8BE0AC3223D1FACA33E55796CBE2064243D8E37153DD4CDB8BE1B56FC3D74F3FE3E032724BE1D36F83D8CFD093E15158C,
BE06B8FA3DB2C83F3E7B7AA2BE0A3AD23D8FE2613E7846E9BDF0D4133DAE97073E82C365BE07763E3D561B2A3E694FF0BE1A88273D8D490E3E53A648BE0AC3223D1FACA33E55796CBDC78C873BF9C1F83E2EBB34BDFF5DFF3C0B08DD3E2ECF64BDDA16E83BFE82513E0D5A9FBE2500D63DB275EF3E26EC5BBE1F92B03D9477BC3E3E5C4FBE20E0653DB9578A3E4CEFED,
BE2C3FC43DE079A33E54F052BE2A3E3A3DFC94F73E60EA9EBE322A2C3E04E9C43E5334C6BE20E0653DB9578A3E4CEFEDBE1A88273D8D490E3E53A648BE1423D93DA704363E6A8588BE21144D3DC727DD3E55E4E7BE20E0653DB9578A3E4CEFEDBE1423D93DA704363E6A8588BE0A3AD23D8FE2613E7846E9BDF699853D847FDC3E800043BDF0D4133DAE97073E82C365,
BE3C37613DFA237D3E31259ABE42CE893E11EABC3E3557DEBE472EF13E17939A3E2753A4BE2500D63DB275EF3E26EC5BBE1609143D5C59323E285272BE1F92B03D9477BC3E3E5C4FBE11C3F03D028E503E3EA6C2BE1609143D5C59323E285272BE1B56FC3D74F3FE3E032724BE2A3E3A3DFC94F73E60EA9EBE3447803E11971C3E6CDD0EBE322A2C3E04E9C43E5334C6,
BDFAB6D03DDA415F3E905AB4BDDE4FFD3DAFBC1B3E868F2ABDC7EC783DBC6EB13E92AC11BDCF4CF53DCF52B93E96F06BBDFAB6D03DDA415F3E905AB4BDC7EC783DBC6EB13E92AC11BE138A7E3E2FAEFF3E91B563BE1171E33E02B6F23E8A4FCABE05931D3E1A0CF23E92265FBE11C3F03D028E503E3EA6C2BE09231C3C94BBE43E448E04BE0AC3223D1FACA33E55796C,
BE05931D3E1A0CF23E92265FBE01D4303DFAF07C3E94EF46BDEDC0123E10D9943E9AEC29BE1171E33E02B6F23E8A4FCABE15B35B3DF2EAD93E8523F6BE01D4303DFAF07C3E94EF46BE01D4303DFAF07C3E94EF46BE05931D3E1A0CF23E92265FBE1171E33E02B6F23E8A4FCABE01D4303DFAF07C3E94EF46BE15B35B3DF2EAD93E8523F6BDFAB6D03DDA415F3E905AB4,
BDE3A6483DFE6D593E9B51DFBDEDC0123E10D9943E9AEC29BE01D4303DFAF07C3E94EF46BDCF4CF53DCF52B93E96F06BBDE3A6483DFE6D593E9B51DFBDFAB6D03DDA415F3E905AB4BE01D4303DFAF07C3E94EF46BDFAB6D03DDA415F3E905AB4BDE3A6483DFE6D593E9B51DFBD794B7B3DF779643EA40464BDE3A6483DFE6D593E9B51DFBDCF4CF53DCF52B93E96F06B,
BDEBB01D3EA15832BE9E1BD2BDD9EE033E91E14CBE9F5BA3BDDAF9663E8F62FABE95898BBDEDC0123E10D9943E9AEC29BDE3A6483DFE6D593E9B51DFBDC80E8D3E1190083EA014F9BDC80E8D3E1190083EA014F9BDE3A6483DFE6D593E9B51DFBDB0D5A63DFED41B3EA05187BDE3A6483DFE6D593E9B51DFBD794B7B3DF779643EA40464BDB0D5A63DFED41B3EA05187,
BDE0DD403E906AD3BE17C0F4BDED01C13E957BC8BE3032DBBDDD03973E81DECEBE2FB6DDBDF38DE73E9DACEFBE1A8544BDED01C13E957BC8BE3032DBBDE0DD403E906AD3BE17C0F4BDEBB01D3EA15832BE9E1BD2BDDAF9663E8F62FABE95898BBDE8CAC53E91287CBE8CC059BDDAF9663E8F62FABE95898BBDCDB7283E85C91DBE8C18D7BDE8CAC53E91287CBE8CC059,
BDF38DE73E9DACEFBE1A8544BDE4712E3E8FF0EDBE0D2C38BDF6A7263E9A38B9BE0070FCBDE034F43E911559BE639C52BDCA8DA83E8829F1BE4E7147BDED288D3E99C38BBE5CE853BDE034F43E911559BE639C52BDF0F0633E941744BE8297C0BDBFD8273E866F50BE5E62DCBDE0DD403E906AD3BE17C0F4BDE4712E3E8FF0EDBE0D2C38BDF38DE73E9DACEFBE1A8544,
BDD41A693E82EDDDBE1AD539BDD8FB443E85B37DBE0E7579BDE4712E3E8FF0EDBE0D2C38BDE0DD403E906AD3BE17C0F4BDD41A693E82EDDDBE1AD539BDE4712E3E8FF0EDBE0D2C38BDBFD8273E866F50BE5E62DCBDF0F0633E941744BE8297C0BDCDB7283E85C91DBE8C18D7BDDF23463E927829BE44C166BDDCBAB63E83D6C7BE39CBABBDED01C13E957BC8BE3032DB,
BDDF23463E927829BE44C166BDED288D3E99C38BBE5CE853BDCA8DA83E8829F1BE4E7147BDCDB7283E85C91DBE8C18D7BDF0F0633E941744BE8297C0BDE8CAC53E91287CBE8CC059BDDD03973E81DECEBE2FB6DDBDED01C13E957BC8BE3032DBBDDCBAB63E83D6C7BE39CBABBDDAF9663E8F62FABE95898BBDCDB7283E85C91DBE8C18D7BDE8CAC53E91287CBE8CC059,
BE6AA6D23E8E7147BD8D7732BE66E2A83E9F2A17BDA256BDBE5959A33E941D4BBDBBD838BDDF6A943E84C37EBE000CD8BDD217093E70281CBDF25919BDE5CDD53E8250F8BDF48238BE0598183E0F8833BDAF4A56BE14B5DD3E278EE3BDA22920BDF424E63E23443DBDB7995FBDEBB01D3EA15832BE9E1BD2BDDAF9663E8F62FABE95898BBDE8CAC53E91287CBE8CC059,
BE5959A33E941D4BBDBBD838BE4DB1A73E8B9714BDBC7B46BE5F30E83E8A6959BDA2BB66BE1E0A423E614CECBDC0C9DABE31BBCF3E5A7AC8BDB230BABE3469943E721D11BDB7079EBE49934F3E7A7B91BDA8A611BE397D8D3E80AD47BDBEA67FBE431BDF3E6BA3CABD9F3D7DBE01BEF53E8ABA9DBDF328B7BE14E0113E8AC27ABDE4EC63BE01EF313E9310BABDF6B767,
BE6457C13E57A4A5BD1BF488BE672DA13E821F6DBD81DEADBE5959603E764E05BD8F1887BE55A07B3E586F48BD614489BE6457C13E57A4A5BD1BF488BE5959603E764E05BD8F1887BE3B645A3E8EC67ABDCC8CD6BE3A34873E94DF6ABDD6B65BBE310D393E92E03BBDE1101BBE4DB1A73E8B9714BDBC7B46BE397D8D3E80AD47BDBEA67FBE49934F3E7A7B91BDA8A611,
BDF424E63E23443DBDB7995FBE05F0B33E3BEF07BDB64C73BDD863BF3E33DFB1BDC53DA7BE01BEF53E8ABA9DBDF328B7BE01EF313E9310BABDF6B767BDEDAEC53E8E2307BE012EC7BE4E7B813DF8572A3BD60A63BE500B033E1116A9BC821AF8BE430A4E3DF76B3CBCB8E8EABE2F87F03E1458CDBD7DE93ABE34A83B3E0C75C5BD5AD645BE3080303E24B1EEBD893FAF,
BE6457C13E57A4A5BD1BF488BE55A07B3E586F48BD614489BE536BD33E315981BD210386BE61B4783E3801F7BCA0F909BE536BD33E315981BD210386BE500B033E1116A9BC821AF8BE1A2F063E4BB0A3BDAE6538BE1E0A423E614CECBDC0C9DABE0A31A53E61CB04BDC765BABE31BBCF3E5A7AC8BDB230BABE39B90F3E3E61D0BD9395C4BE431BDF3E6BA3CABD9F3D7D,
BE1E0A423E614CECBDC0C9DABE18166A3E72CA15BDCB5CC0BE0A31A53E61CB04BDC765BABE5959603E764E05BD8F1887BE5F30E83E8A6959BDA2BB66BE49934F3E7A7B91BDA8A611BE3B645A3E8EC67ABDCC8CD6BE397D8D3E80AD47BDBEA67FBE4DB1A73E8B9714BDBC7B46BE14E0113E8AC27ABDE4EC63BE01BEF53E8ABA9DBDF328B7BDE685553E68CC9ABDDBCA97,
BDE4712E3E8FF0EDBE0D2C38BDEDAEC53E8E2307BE012EC7BDF6A7263E9A38B9BE0070FCBE2318333E8DA986BDE3C9EFBE3B645A3E8EC67ABDCC8CD6BE310D393E92E03BBDE1101BBE500B033E1116A9BC821AF8BE34A83B3E0C75C5BD5AD645BE430A4E3DF76B3CBCB8E8EABE1D933E3E0712E4BD940703BE14B5DD3E278EE3BDA22920BE0598183E0F8833BDAF4A56,
BDE685553E68CC9ABDDBCA97BE01BEF53E8ABA9DBDF328B7BDE5CDD53E8250F8BDF48238BE496B763E978AF4BDD1EE24BE3A34873E94DF6ABDD6B65BBE3B645A3E8EC67ABDCC8CD6BDDF6A943E84C37EBE000CD8BE01BEF53E8ABA9DBDF328B7BDEDAEC53E8E2307BE012EC7BDD8FB443E85B37DBE0E7579BDDF6A943E84C37EBE000CD8BDE4712E3E8FF0EDBE0D2C38,
BE4DB1A73E8B9714BDBC7B46BE5959A33E941D4BBDBBD838BE496B763E978AF4BDD1EE24BDE0DD403E906AD3BE17C0F4BDE4712E3E8FF0EDBE0D2C38BDF38DE73E9DACEFBE1A8544BE1D933E3E0712E4BD940703BE22CCB43DEA7DEDBD87A637BE2F87F03E1458CDBD7DE93ABE01BEF53E8ABA9DBDF328B7BDDF6A943E84C37EBE000CD8BDE5CDD53E8250F8BDF48238,
BE3B645A3E8EC67ABDCC8CD6BE4DB1A73E8B9714BDBC7B46BE496B763E978AF4BDD1EE24BDE685553E68CC9ABDDBCA97BDD217093E70281CBDF25919BDB886593E60ECFABDF45415BDDB94103E5C6434BDDD438DBDE685553E68CC9ABDDBCA97BDB886593E60ECFABDF45415BE6AA6D23E8E7147BD8D7732BE5959A33E941D4BBDBBD838BE5F30E83E8A6959BDA2BB66,
BE431BDF3E6BA3CABD9F3D7DBE397D8D3E80AD47BDBEA67FBE3469943E721D11BDB7079EBE4DB1A73E8B9714BDBC7B46BE49934F3E7A7B91BDA8A611BE5F30E83E8A6959BDA2BB66BE6457C13E57A4A5BD1BF488BE536BD33E315981BD210386BE61B4783E3801F7BCA0F909BE0598183E0F8833BDAF4A56BDF424E63E23443DBDB7995FBDD924293E05B079BDB64A5A,
BE2318333E8DA986BDE3C9EFBE310D393E92E03BBDE1101BBE17414A3E964B45BDEFCA43BE1A2F063E4BB0A3BDAE6538BE2DA6A43E456580BDA1B542BE31BBCF3E5A7AC8BDB230BABE18166A3E72CA15BDCB5CC0BDE685553E68CC9ABDDBCA97BE0A31A53E61CB04BDC765BABE34A83B3E0C75C5BD5AD645BE500B033E1116A9BC821AF8BE536BD33E315981BD210386,
BE3080303E24B1EEBD893FAFBE34A83B3E0C75C5BD5AD645BE39B90F3E3E61D0BD9395C4BDEDAEC53E8E2307BE012EC7BE01EF313E9310BABDF6B767BDF6A7263E9A38B9BE0070FCBDE685553E68CC9ABDDBCA97BE18166A3E72CA15BDCB5CC0BE14E0113E8AC27ABDE4EC63BE1A2F063E4BB0A3BDAE6538BE0A31A53E61CB04BDC765BABE05F0B33E3BEF07BDB64C73,
BE01EF313E9310BABDF6B767BE14E0113E8AC27ABDE4EC63BE17414A3E964B45BDEFCA43BE05F0B33E3BEF07BDB64C73BE14B5DD3E278EE3BDA22920BE1A2F063E4BB0A3BDAE6538BE1D933E3E0712E4BD940703BE3080303E24B1EEBD893FAFBE14B5DD3E278EE3BDA22920BE34A83B3E0C75C5BD5AD645BE46B4423E3A4378BD79FA98BE39B90F3E3E61D0BD9395C4,
BE500B033E1116A9BC821AF8BE4E7B813DF8572A3BD60A63BE66D71F3E2E04C03BAA0019BE61B4783E3801F7BCA0F909BE500B033E1116A9BC821AF8BE66D71F3E2E04C03BAA0019BE6457C13E57A4A5BD1BF488BE61B4783E3801F7BCA0F909BE6BEA4F3E56134DBCB2C1F4BDF38DE73E9DACEFBE1A8544BDE4712E3E8FF0EDBE0D2C38BDF6A7263E9A38B9BE0070FC,
BE49934F3E7A7B91BDA8A611BE431BDF3E6BA3CABD9F3D7DBE5959603E764E05BD8F1887BE5959603E764E05BD8F1887BE431BDF3E6BA3CABD9F3D7DBE55A07B3E586F48BD614489BE5F30E83E8A6959BDA2BB66BE5959603E764E05BD8F1887BE672DA13E821F6DBD81DEADBE2DA6A43E456580BDA1B542BE39B90F3E3E61D0BD9395C4BE31BBCF3E5A7AC8BDB230BA,
BE34A83B3E0C75C5BD5AD645BE536BD33E315981BD210386BE46B4423E3A4378BD79FA98BE672DA13E821F6DBD81DEADBE6AA6D23E8E7147BD8D7732BE5F30E83E8A6959BDA2BB66BE05F0B33E3BEF07BDB64C73BDDB94103E5C6434BDDD438DBDD863BF3E33DFB1BDC53DA7BDE4712E3E8FF0EDBE0D2C38BDDF6A943E84C37EBE000CD8BDEDAEC53E8E2307BE012EC7,
BDE685553E68CC9ABDDBCA97BDDB94103E5C6434BDDD438DBE0A31A53E61CB04BDC765BABE05F0B33E3BEF07BDB64C73BE0A31A53E61CB04BDC765BABDDB94103E5C6434BDDD438DBE3B645A3E8EC67ABDCC8CD6BE2318333E8DA986BDE3C9EFBE397D8D3E80AD47BDBEA67FBE55A07B3E586F48BD614489BE431BDF3E6BA3CABD9F3D7DBE46B4423E3A4378BD79FA98,
BE14E0113E8AC27ABDE4EC63BE3469943E721D11BDB7079EBE397D8D3E80AD47BDBEA67FBE2318333E8DA986BDE3C9EFBE14E0113E8AC27ABDE4EC63BE397D8D3E80AD47BDBEA67FBE2DA6A43E456580BDA1B542BE14B5DD3E278EE3BDA22920BE3080303E24B1EEBD893FAFBE2DA6A43E456580BDA1B542BE3080303E24B1EEBD893FAFBE39B90F3E3E61D0BD9395C4,
BE536BD33E315981BD210386BE55A07B3E586F48BD614489BE46B4423E3A4378BD79FA98BE3469943E721D11BDB7079EBE31BBCF3E5A7AC8BDB230BABE431BDF3E6BA3CABD9F3D7DBE431BDF3E6BA3CABD9F3D7DBE39B90F3E3E61D0BD9395C4BE46B4423E3A4378BD79FA98BE3469943E721D11BDB7079EBE14E0113E8AC27ABDE4EC63BE18166A3E72CA15BDCB5CC0,
BDD41A693E82EDDDBE1AD539BDD8FB443E85B37DBE0E7579BDE4712E3E8FF0EDBE0D2C38BDE0DD403E906AD3BE17C0F4BDD41A693E82EDDDBE1AD539BDE4712E3E8FF0EDBE0D2C38BDE5CDD53E8250F8BDF48238BDD217093E70281CBDF25919BDE685553E68CC9ABDDBCA97BE2318333E8DA986BDE3C9EFBE17414A3E964B45BDEFCA43BE14E0113E8AC27ABDE4EC63,
BE1E0A423E614CECBDC0C9DABE1A2F063E4BB0A3BDAE6538BE31BBCF3E5A7AC8BDB230BABE18166A3E72CA15BDCB5CC0BE1E0A423E614CECBDC0C9DABE3469943E721D11BDB7079EBE66D71F3E2E04C03BAA0019BE6BEA4F3E56134DBCB2C1F4BE61B4783E3801F7BCA0F909BE3080303E24B1EEBD893FAFBE1D933E3E0712E4BD940703BE2F87F03E1458CDBD7DE93A,
BE1A2F063E4BB0A3BDAE6538BE14B5DD3E278EE3BDA22920BE2DA6A43E456580BDA1B542BE2F87F03E1458CDBD7DE93ABE22CCB43DEA7DEDBD87A637BE34A83B3E0C75C5BD5AD645BDF424E63E23443DBDB7995FBDC09D493E1AFA2FBDBE0610BDD924293E05B079BDB64A5ABE05F0B33E3BEF07BDB64C73BDF424E63E23443DBDB7995FBE14B5DD3E278EE3BDA22920,
BE522D513E24C7B03DD7ED42BE4E2C133E1DD1E53E02CB21BE59691A3E4008EA3DFB2464BD9BDF8F3E24AC2ABDCD0A24BDC09D493E1AFA2FBDBE0610BDF424E63E23443DBDB7995FBDB6CB533E37B02DBDCFF9F8BD9BDF8F3E24AC2ABDCD0A24BDF424E63E23443DBDB7995FBDB6CB533E37B02DBDCFF9F8BDF424E63E23443DBDB7995FBDD863BF3E33DFB1BDC53DA7,
BE59691A3E4008EA3DFB2464BE51A1553E30EE4A3E091B82BE4CAFB43E3D72BD3E131E7EBE66D71F3E2E04C03BAA0019BE4E7B813DF8572A3BD60A63BE5C93213E19068A3CC44391BE63415B3E47C8083DBDF7E8BE632B133E3A28BB3D9B994EBE56F86A3E25B2923DAF73C1BE58BB4D3E731D2E3E0244A6BE53C03C3E70489D3E1C6089BE5D86663E81899C3E17E5A8,
BE56F86A3E25B2923DAF73C1BE632B133E3A28BB3D9B994EBE58AC193E247B243D8820E6BE63415B3E47C8083DBDF7E8BE56F86A3E25B2923DAF73C1BE522D513E24C7B03DD7ED42BE5ACA363E10D6F53D4B2852BE5E71473E2951403D273E68BE5C93213E19068A3CC44391BE4E7B813DF8572A3BD60A63BE500B033E1116A9BC821AF8BE430A4E3DF76B3CBCB8E8EA,
BE5F34D73E73126F3DD124D1BE58BB4D3E731D2E3E0244A6BE62B7353E860E523E04C405BE602DE03E5842313DF7BE12BE52DA983E55E3973E1C5500BE5488C63E5F4CB23E1A65CFBE58CA3E3E06B9C33D1ECB32BE52D7F93E054A3C3D8E0DAABE5ACA363E10D6F53D4B2852BE658A333E42C4933D46412DBE5C93213E19068A3CC44391BE5E71473E2951403D273E68,
BE62B7353E860E523E04C405BE5D86663E81899C3E17E5A8BE5D9DBB3E9363F53E295C85BE602DE03E5842313DF7BE12BE5F34D73E73126F3DD124D1BE60FF973E572C0E3DCD6A16BE658A333E42C4933D46412DBE5E71473E2951403D273E68BE58AC193E247B243D8820E6BE4CAFB43E3D72BD3E131E7EBE52DA983E55E3973E1C5500BE59691A3E4008EA3DFB2464,
BE602DE03E5842313DF7BE12BE5DC9C53E476EA43DDD9A95BE59691A3E4008EA3DFB2464BE5ACA363E10D6F53D4B2852BE5C93213E19068A3CC44391BE58CA3E3E06B9C33D1ECB32BE66D71F3E2E04C03BAA0019BE5C93213E19068A3CC44391BE6BA40E3E3AC3A83CC5C140BE5F34D73E73126F3DD124D1BE62B7353E860E523E04C405BE6931013E8B53723DE12945,
BE51A1553E30EE4A3E091B82BE59691A3E4008EA3DFB2464BE4E2C133E1DD1E53E02CB21BE522D513E24C7B03DD7ED42BE4AF6403DFD4F9C3DB9C843BE454AC33E0BC6223DE9C5E7BE5D9DBB3E9363F53E295C85BE6478C83E9320533E0BACB4BE62B7353E860E523E04C405BE5DC9C53E476EA43DDD9A95BE522D513E24C7B03DD7ED42BE59691A3E4008EA3DFB2464,
BE5ACA363E10D6F53D4B2852BE52D7F93E054A3C3D8E0DAABE58AC193E247B243D8820E6BE522D513E24C7B03DD7ED42BE5DC9C53E476EA43DDD9A95BE63415B3E47C8083DBDF7E8BE479B783E2164843E1362E9BE4CAFB43E3D72BD3E131E7EBE51A1553E30EE4A3E091B82BE4E2C133E1DD1E53E02CB21BE479B783E2164843E1362E9BE51A1553E30EE4A3E091B82,
BE6633CE3E6288CE3D8B178BBE5F34D73E73126F3DD124D1BE6ABE6A3E75818C3D9CE6C1BE59691A3E4008EA3DFB2464BE52DA983E55E3973E1C5500BE602DE03E5842313DF7BE12BE40FA9C3E0667303E0C1E79BE479B783E2164843E1362E9BE4E2C133E1DD1E53E02CB21BE454AC33E0BC6223DE9C5E7BE40FA9C3E0667303E0C1E79BE4E2C133E1DD1E53E02CB21,
BE61B4783E3801F7BCA0F909BE500B033E1116A9BC821AF8BE66D71F3E2E04C03BAA0019BE52D7F93E054A3C3D8E0DAABE522D513E24C7B03DD7ED42BE56F86A3E25B2923DAF73C1BE5F34D73E73126F3DD124D1BE6931013E8B53723DE12945BE687F453E85FD263DBC0E39BE5F34D73E73126F3DD124D1BE687F453E85FD263DBC0E39BE6ABE6A3E75818C3D9CE6C1,
BE5C93213E19068A3CC44391BE4E7B813DF8572A3BD60A63BE5242073E03EAF73CB8D3F2BE3B677F3DEA2EC33E15703FBE479B783E2164843E1362E9BE40FA9C3E0667303E0C1E79BE632B133E3A28BB3D9B994EBE658A333E42C4933D46412DBE58AC193E247B243D8820E6BE500B033E1116A9BC821AF8BE4E7B813DF8572A3BD60A63BE66D71F3E2E04C03BAA0019,
BE58AC193E247B243D8820E6BE52D7F93E054A3C3D8E0DAABE56F86A3E25B2923DAF73C1BE5C93213E19068A3CC44391BE658A333E42C4933D46412DBE6BA40E3E3AC3A83CC5C140BE5C93213E19068A3CC44391BE5242073E03EAF73CB8D3F2BE58CA3E3E06B9C33D1ECB32BE58BB4D3E731D2E3E0244A6BE602DE03E5842313DF7BE12BE5488C63E5F4CB23E1A65CF,
BE66D71F3E2E04C03BAA0019BE6BEA4F3E56134DBCB2C1F4BE61B4783E3801F7BCA0F909BE58BB4D3E731D2E3E0244A6BE5F34D73E73126F3DD124D1BE602DE03E5842313DF7BE12BE60FF973E572C0E3DCD6A16BE6633CE3E6288CE3D8B178BBE67B02D3E4EE5EF3D96C69BBE63415B3E47C8083DBDF7E8BE60FF973E572C0E3DCD6A16BE67B02D3E4EE5EF3D96C69B,
BE58BB4D3E731D2E3E0244A6BE5488C63E5F4CB23E1A65CFBE53C03C3E70489D3E1C6089BE62B7353E860E523E04C405BE58BB4D3E731D2E3E0244A6BE5D86663E81899C3E17E5A8BE522D513E24C7B03DD7ED42BE454AC33E0BC6223DE9C5E7BE4E2C133E1DD1E53E02CB21BE522D513E24C7B03DD7ED42BE52D7F93E054A3C3D8E0DAABE4AF6403DFD4F9C3DB9C843,
BE60FF973E572C0E3DCD6A16BE5F34D73E73126F3DD124D1BE6633CE3E6288CE3D8B178BBE60FF973E572C0E3DCD6A16BE63415B3E47C8083DBDF7E8BE5DC9C53E476EA43DDD9A95BE602DE03E5842313DF7BE12BE60FF973E572C0E3DCD6A16BE5DC9C53E476EA43DDD9A95BE5E71473E2951403D273E68BE5ACA363E10D6F53D4B2852BE58AC193E247B243D8820E6,
BE4740C43E6ED6FE3E3A6E33BE46848C3E65260F3E41A71ABE4AF0BF3E7718A83E4FBDADBE4FDF3B3E81C38B3E3F66A5BE4740C43E6ED6FE3E3A6E33BE4AF0BF3E7718A83E4FBDADBE3C9C4E3E3C34C23E47A637BE472EF13E17939A3E2753A4BE42CE893E11EABC3E3557DEBE4AF0BF3E7718A83E4FBDADBE46848C3E65260F3E41A71ABE43076C3E6538263E57314D,
BE57329C3E826E333E2B0425BE5D86663E81899C3E17E5A8BE53C03C3E70489D3E1C6089BE0F17373E7C660A3E9A3C00BE17A67A3E72E9473E9137D2BE0CF4A53E5BA0A53E93B906BE3B677F3DEA2EC33E15703FBE472EF13E17939A3E2753A4BE479B783E2164843E1362E9BE3732DF3E3D3B6D3E5F1173BE34195D3E3444183E6722E2BE2AE5BD3E3F9CE93E7E5FB7,
BE404AF93E79B34A3E663843BE47AE9B3E83FA2B3E566773BE4AF0BF3E7718A83E4FBDADBE3C9C4E3E3C34C23E47A637BE3801B43E2220BC3E664D7FBE34195D3E3444183E6722E2BE58BB4D3E731D2E3E0244A6BE53C03C3E70489D3E1C6089BE5D86663E81899C3E17E5A8BE1171E33E02B6F23E8A4FCABE138A7E3E2FAEFF3E91B563BE25EE573E1190D13E85A1EC,
BE5087873E87EE4E3E3A4EBEBE576AB63E90C2C63E330510BE57329C3E826E333E2B0425BE59691A3E4008EA3DFB2464BE51A1553E30EE4A3E091B82BE4CAFB43E3D72BD3E131E7EBE460FE43E3A48733E20752EBE479B783E2164843E1362E9BE472EF13E17939A3E2753A4BE3C3B4F3E1608D13E4CF1C3BE3C37613DFA237D3E31259ABE322A2C3E04E9C43E5334C6,
BE1C97D93EAA0F913E8F676FBE26494D3E8CD1633E8AF4F1BE18A32F3E8A0A523E95E7A7BE17A67A3E72E9473E9137D2BE2150983E6EF7C23E8B61DDBE18F3ED3E62CB643E8C7DA2BE0CF4A53E5BA0A53E93B906BE17A67A3E72E9473E9137D2BE18F3ED3E62CB643E8C7DA2BE138A7E3E2FAEFF3E91B563BE1171E33E02B6F23E8A4FCABE05931D3E1A0CF23E92265F,
BE35F80A3E55D6BF3E735C5BBE2AE5BD3E3F9CE93E7E5FB7BE2EBFA93E65D1C43E846A3CBE43C6003E5420B43E4B2075BE46848C3E65260F3E41A71ABE4A7A853E4FA8B53E38405BBE4090713E506FEF3E57EE91BE3732DF3E3D3B6D3E5F1173BE35F80A3E55D6BF3E735C5BBE404AF93E79B34A3E663843BE3805603E6FC1593E7B584BBE37AE583E7F11B63E7BE22E,
BE3E4BCB3E227A203E4A0D78BE3801B43E2220BC3E664D7FBE3C9C4E3E3C34C23E47A637BE3801B43E2220BC3E664D7FBE3C3B4F3E1608D13E4CF1C3BE3447803E11971C3E6CDD0EBE602DE03E5842313DF7BE12BE52DA983E55E3973E1C5500BE5488C63E5F4CB23E1A65CFBE3447803E11971C3E6CDD0EBE23F4ED3E0094A33E7E05CDBE2C2D283E0CDB7B3E7D45A6,
BE2A3E3A3DFC94F73E60EA9EBE23F4ED3E0094A33E7E05CDBE3447803E11971C3E6CDD0EBE4CAFB43E3D72BD3E131E7EBE52DA983E55E3973E1C5500BE59691A3E4008EA3DFB2464BE01D4303DFAF07C3E94EF46BE05931D3E1A0CF23E92265FBE1171E33E02B6F23E8A4FCABE472EF13E17939A3E2753A4BE3C9C4E3E3C34C23E47A637BE460FE43E3A48733E20752E,
BE5D9DBB3E9363F53E295C85BE57329C3E826E333E2B0425BE576AB63E90C2C63E330510BE3095293E19081C3E7AEB3EBE2C2D283E0CDB7B3E7D45A6BE25EE573E1190D13E85A1ECBE472EF13E17939A3E2753A4BE3B677F3DEA2EC33E15703FBE3C37613DFA237D3E31259ABE3095293E19081C3E7AEB3EBE3447803E11971C3E6CDD0EBE2C2D283E0CDB7B3E7D45A6,
BE34195D3E3444183E6722E2BE3801B43E2220BC3E664D7FBE3095293E19081C3E7AEB3EBE62B7353E860E523E04C405BE5D86663E81899C3E17E5A8BE5D9DBB3E9363F53E295C85BE18F3ED3E62CB643E8C7DA2BE2150983E6EF7C23E8B61DDBE19F4903E5445AA3E8B2B99BE5087873E87EE4E3E3A4EBEBE4801713E91BD843E443D8ABE576AB63E90C2C63E330510,
BE3C3B4F3E1608D13E4CF1C3BE322A2C3E04E9C43E5334C6BE3447803E11971C3E6CDD0EBE2860133E7E01DE3E88AD25BE30BDCB3E8635613E811F92BE37AE583E7F11B63E7BE22EBE5D9DBB3E9363F53E295C85BE576AB63E90C2C63E330510BE5715403EA069833E2E2974BE3801B43E2220BC3E664D7FBE3447803E11971C3E6CDD0EBE3095293E19081C3E7AEB3E,
BE3C9C4E3E3C34C23E47A637BE4A7A853E4FA8B53E38405BBE460FE43E3A48733E20752EBE3C9C4E3E3C34C23E47A637BE34195D3E3444183E6722E2BE3732DF3E3D3B6D3E5F1173BE576AB63E90C2C63E330510BE4801713E91BD843E443D8ABE4D00F73E99C9F73E42584FBE30BDCB3E8635613E811F92BE2D96203E951EB83E7E464ABE3E9FAE3E9070B93E5CE421,
BE1171E33E02B6F23E8A4FCABE25EE573E1190D13E85A1ECBE15B35B3DF2EAD93E8523F6BE5D9DBB3E9363F53E295C85BE6478C83E9320533E0BACB4BE62B7353E860E523E04C405BE18A32F3E8A0A523E95E7A7BE2860133E7E01DE3E88AD25BE17A67A3E72E9473E9137D2BE4A7A853E4FA8B53E38405BBE52DA983E55E3973E1C5500BE460FE43E3A48733E20752E,
BE25EE573E1190D13E85A1ECBE252B0A3E2E13F53E88867BBE3095293E19081C3E7AEB3EBE2860133E7E01DE3E88AD25BE37AE583E7F11B63E7BE22EBE2EBFA93E65D1C43E846A3CBE2150983E6EF7C23E8B61DDBE2860133E7E01DE3E88AD25BE2EBFA93E65D1C43E846A3CBE4A7A853E4FA8B53E38405BBE46848C3E65260F3E41A71ABE4F35E33E5CC7083E2E2AC3,
BE19F4903E5445AA3E8B2B99BE2150983E6EF7C23E8B61DDBE2503FB3E49E8813E854717BE5087873E87EE4E3E3A4EBEBE4FDF3B3E81C38B3E3F66A5BE4801713E91BD843E443D8ABE404AF93E79B34A3E663843BE4AF0BF3E7718A83E4FBDADBE43076C3E6538263E57314DBE3805603E6FC1593E7B584BBE404AF93E79B34A3E663843BE35F80A3E55D6BF3E735C5B,
BE4E2C133E1DD1E53E02CB21BE479B783E2164843E1362E9BE51A1553E30EE4A3E091B82BE4740C43E6ED6FE3E3A6E33BE5488C63E5F4CB23E1A65CFBE4F35E33E5CC7083E2E2AC3BE2EBFA93E65D1C43E846A3CBE37AE583E7F11B63E7BE22EBE3805603E6FC1593E7B584BBE3732DF3E3D3B6D3E5F1173BE4090713E506FEF3E57EE91BE3C9C4E3E3C34C23E47A637,
BE273A793E98E1B53E8718ECBE2D96203E951EB83E7E464ABE26494D3E8CD1633E8AF4F1BE43076C3E6538263E57314DBE4090713E506FEF3E57EE91BE35F80A3E55D6BF3E735C5BBE404AF93E79B34A3E663843BE43076C3E6538263E57314DBE35F80A3E55D6BF3E735C5BBE479B783E2164843E1362E9BE4CAFB43E3D72BD3E131E7EBE51A1553E30EE4A3E091B82,
BE40FA9C3E0667303E0C1E79BE479B783E2164843E1362E9BE4E2C133E1DD1E53E02CB21BE19F4903E5445AA3E8B2B99BE2503FB3E49E8813E854717BE252B0A3E2E13F53E88867BBE43076C3E6538263E57314DBE46848C3E65260F3E41A71ABE43C6003E5420B43E4B2075BE2D96203E951EB83E7E464ABE30BDCB3E8635613E811F92BE26494D3E8CD1633E8AF4F1,
BE5087873E87EE4E3E3A4EBEBE57329C3E826E333E2B0425BE4FDF3B3E81C38B3E3F66A5BE3E4BCB3E227A203E4A0D78BE42CE893E11EABC3E3557DEBE3C3B4F3E1608D13E4CF1C3BE59691A3E4008EA3DFB2464BE52DA983E55E3973E1C5500BE602DE03E5842313DF7BE12BE26494D3E8CD1633E8AF4F1BE1C97D93EAA0F913E8F676FBE273A793E98E1B53E8718EC,
BE460FE43E3A48733E20752EBE52DA983E55E3973E1C5500BE4CAFB43E3D72BD3E131E7EBE1C97D93EAA0F913E8F676FBE18A32F3E8A0A523E95E7A7BE0ECCC43E9C7CB73E990A13BE5D9DBB3E9363F53E295C85BE5D86663E81899C3E17E5A8BE57329C3E826E333E2B0425BE4740C43E6ED6FE3E3A6E33BE4F35E33E5CC7083E2E2AC3BE46848C3E65260F3E41A71A,
BE358EEB3EA0EA9E3E70A287BE424E163E97BFE83E59EC2DBE3E9FAE3E9070B93E5CE421BE252B0A3E2E13F53E88867BBE2AE5BD3E3F9CE93E7E5FB7BE3095293E19081C3E7AEB3EBE30BDCB3E8635613E811F92BE2860133E7E01DE3E88AD25BE26494D3E8CD1633E8AF4F1BE404AF93E79B34A3E663843BE37AE583E7F11B63E7BE22EBE47AE9B3E83FA2B3E566773,
BE09B5633E394FF03E97F5C7BE106D503E3F27FE3E94A772BE138A7E3E2FAEFF3E91B563BE09B5633E394FF03E97F5C7BE138A7E3E2FAEFF3E91B563BE05931D3E1A0CF23E92265FBE106D503E3F27FE3E94A772BE252B0A3E2E13F53E88867BBE138A7E3E2FAEFF3E91B563BE25EE573E1190D13E85A1ECBE23F4ED3E0094A33E7E05CDBE15B35B3DF2EAD93E8523F6,
BE4FDF3B3E81C38B3E3F66A5BE47AE9B3E83FA2B3E566773BE4801713E91BD843E443D8ABE4AF0BF3E7718A83E4FBDADBE47AE9B3E83FA2B3E566773BE4FDF3B3E81C38B3E3F66A5BE2C2D283E0CDB7B3E7D45A6BE23F4ED3E0094A33E7E05CDBE25EE573E1190D13E85A1ECBE2EBFA93E65D1C43E846A3CBE2503FB3E49E8813E854717BE2150983E6EF7C23E8B61DD,
BE17A67A3E72E9473E9137D2BE2860133E7E01DE3E88AD25BE2150983E6EF7C23E8B61DDBE52DA983E55E3973E1C5500BE4F35E33E5CC7083E2E2AC3BE5488C63E5F4CB23E1A65CFBE252B0A3E2E13F53E88867BBE25EE573E1190D13E85A1ECBE138A7E3E2FAEFF3E91B563BE3B677F3DEA2EC33E15703FBE479B783E2164843E1362E9BE40FA9C3E0667303E0C1E79,
BE3C9C4E3E3C34C23E47A637BE4090713E506FEF3E57EE91BE43C6003E5420B43E4B2075BE18A32F3E8A0A523E95E7A7BE26494D3E8CD1633E8AF4F1BE2860133E7E01DE3E88AD25BE0F17373E7C660A3E9A3C00BE18A32F3E8A0A523E95E7A7BE17A67A3E72E9473E9137D2BE58BB4D3E731D2E3E0244A6BE602DE03E5842313DF7BE12BE5488C63E5F4CB23E1A65CF,
BE2EBFA93E65D1C43E846A3CBE2AE5BD3E3F9CE93E7E5FB7BE2503FB3E49E8813E854717BE3C37613DFA237D3E31259ABE3C3B4F3E1608D13E4CF1C3BE42CE893E11EABC3E3557DEBE576AB63E90C2C63E330510BE4D00F73E99C9F73E42584FBE5715403EA069833E2E2974BE4090713E506FEF3E57EE91BE43076C3E6538263E57314DBE43C6003E5420B43E4B2075,
BE2A3E3A3DFC94F73E60EA9EBE3447803E11971C3E6CDD0EBE322A2C3E04E9C43E5334C6BE4740C43E6ED6FE3E3A6E33BE57329C3E826E333E2B0425BE53C03C3E70489D3E1C6089BE5488C63E5F4CB23E1A65CFBE4740C43E6ED6FE3E3A6E33BE53C03C3E70489D3E1C6089BE35F80A3E55D6BF3E735C5BBE3732DF3E3D3B6D3E5F1173BE2AE5BD3E3F9CE93E7E5FB7,
BE2AE5BD3E3F9CE93E7E5FB7BE252B0A3E2E13F53E88867BBE2503FB3E49E8813E854717BE4740C43E6ED6FE3E3A6E33BE4FDF3B3E81C38B3E3F66A5BE57329C3E826E333E2B0425BE19F4903E5445AA3E8B2B99BE106D503E3F27FE3E94A772BE0CF4A53E5BA0A53E93B906BE18F3ED3E62CB643E8C7DA2BE19F4903E5445AA3E8B2B99BE0CF4A53E5BA0A53E93B906,
BE2D96203E951EB83E7E464ABE358EEB3EA0EA9E3E70A287BE3E9FAE3E9070B93E5CE421BE43C6003E5420B43E4B2075BE4A7A853E4FA8B53E38405BBE3C9C4E3E3C34C23E47A637BE479B783E2164843E1362E9BE460FE43E3A48733E20752EBE4CAFB43E3D72BD3E131E7EBE3805603E6FC1593E7B584BBE35F80A3E55D6BF3E735C5BBE2EBFA93E65D1C43E846A3C,
BE4801713E91BD843E443D8ABE3E9FAE3E9070B93E5CE421BE424E163E97BFE83E59EC2DBE3C37613DFA237D3E31259ABE42CE893E11EABC3E3557DEBE472EF13E17939A3E2753A4BE4A7A853E4FA8B53E38405BBE4F35E33E5CC7083E2E2AC3BE52DA983E55E3973E1C5500BE62B7353E860E523E04C405BE58BB4D3E731D2E3E0244A6BE5D86663E81899C3E17E5A8,
BE47AE9B3E83FA2B3E566773BE37AE583E7F11B63E7BE22EBE30BDCB3E8635613E811F92BE3E9FAE3E9070B93E5CE421BE47AE9B3E83FA2B3E566773BE30BDCB3E8635613E811F92BE47AE9B3E83FA2B3E566773BE3E9FAE3E9070B93E5CE421BE4801713E91BD843E443D8ABE58BB4D3E731D2E3E0244A6BE5488C63E5F4CB23E1A65CFBE53C03C3E70489D3E1C6089,
BE3C3B4F3E1608D13E4CF1C3BE3801B43E2220BC3E664D7FBE3E4BCB3E227A203E4A0D78BE42CE893E11EABC3E3557DEBE3E4BCB3E227A203E4A0D78BE3C9C4E3E3C34C23E47A637BE34195D3E3444183E6722E2BE3095293E19081C3E7AEB3EBE2AE5BD3E3F9CE93E7E5FB7BE19F4903E5445AA3E8B2B99BE252B0A3E2E13F53E88867BBE106D503E3F27FE3E94A772,
BDD9F98B3E3B06813EA65083BDE929AA3E4967883EA4A298BDF26B723E3B5C7D3E9E5365BDE91E213E5F294E3EA664D4BDF480A63E75A74C3EA18916BDFBC4D23E62367E3E9BA16EBE0F17373E7C660A3E9A3C00BE17A67A3E72E9473E9137D2BE0CF4A53E5BA0A53E93B906BDDD9C283E59170D3EA94574BDCFCD683E7C14833EAD803DBDE91E213E5F294E3EA664D4,
BDEDC0123E10D9943E9AEC29BDEA105A3E23BC903E9B0165BE05931D3E1A0CF23E92265FBE1C97D93EAA0F913E8F676FBE26494D3E8CD1633E8AF4F1BE18A32F3E8A0A523E95E7A7BE0CF4A53E5BA0A53E93B906BE17A67A3E72E9473E9137D2BE18F3ED3E62CB643E8C7DA2BE138A7E3E2FAEFF3E91B563BE1171E33E02B6F23E8A4FCABE05931D3E1A0CF23E92265F,
BE01D4303DFAF07C3E94EF46BE05931D3E1A0CF23E92265FBE1171E33E02B6F23E8A4FCABDE929AA3E4967883EA4A298BDDD9C283E59170D3EA94574BDE91E213E5F294E3EA664D4BDF95AAF3E4B13E03E9DEC5FBDE91E213E5F294E3EA664D4BDFBC4D23E62367E3E9BA16EBE0CF4A53E5BA0A53E93B906BE106D503E3F27FE3E94A772BDFBC4D23E62367E3E9BA16E,
BDE91E213E5F294E3EA664D4BDCFCD683E7C14833EAD803DBDF480A63E75A74C3EA18916BE05931D3E1A0CF23E92265FBE01D4303DFAF07C3E94EF46BDEDC0123E10D9943E9AEC29BDE929AA3E4967883EA4A298BDE91E213E5F294E3EA664D4BDF95AAF3E4B13E03E9DEC5FBDF26B723E3B5C7D3E9E5365BDF95AAF3E4B13E03E9DEC5FBE09B5633E394FF03E97F5C7,
BDD9F98B3E3B06813EA65083BDF26B723E3B5C7D3E9E5365BDD0EE4A3E291CD23EA0FA37BDF480A63E75A74C3EA18916BDE199783E83BD5A3EA8DEB1BDFAABCD3E918B503EA5A8BDBE09B5633E394FF03E97F5C7BE05931D3E1A0CF23E92265FBDEA105A3E23BC903E9B0165BE18A32F3E8A0A523E95E7A7BE2860133E7E01DE3E88AD25BE17A67A3E72E9473E9137D2,
BE04167B3E9708AB3EA1DAE0BE0ECCC43E9C7CB73E990A13BE18A32F3E8A0A523E95E7A7BE18A32F3E8A0A523E95E7A7BE0F17373E7C660A3E9A3C00BDFAABCD3E918B503EA5A8BDBE0F17373E7C660A3E9A3C00BE0CF4A53E5BA0A53E93B906BDFBC4D23E62367E3E9BA16EBDF26B723E3B5C7D3E9E5365BDEA105A3E23BC903E9B0165BDD0EE4A3E291CD23EA0FA37,
BE1C97D93EAA0F913E8F676FBE18A32F3E8A0A523E95E7A7BE0ECCC43E9C7CB73E990A13BDE929AA3E4967883EA4A298BDD9F98B3E3B06813EA65083BDDD9C283E59170D3EA94574BDF26B723E3B5C7D3E9E5365BDE929AA3E4967883EA4A298BDF95AAF3E4B13E03E9DEC5FBDF480A63E75A74C3EA18916BDCFCD683E7C14833EAD803DBDE199783E83BD5A3EA8DEB1,
BE09B5633E394FF03E97F5C7BE138A7E3E2FAEFF3E91B563BE05931D3E1A0CF23E92265FBE106D503E3F27FE3E94A772BE252B0A3E2E13F53E88867BBE138A7E3E2FAEFF3E91B563BE106D503E3F27FE3E94A772BE09B5633E394FF03E97F5C7BDF95AAF3E4B13E03E9DEC5FBDFBC4D23E62367E3E9BA16EBE106D503E3F27FE3E94A772BDF95AAF3E4B13E03E9DEC5F,
BDE3A6483DFE6D593E9B51DFBDEDC0123E10D9943E9AEC29BE01D4303DFAF07C3E94EF46BE0F17373E7C660A3E9A3C00BDFBC4D23E62367E3E9BA16EBDF480A63E75A74C3EA18916BDC80E8D3E1190083EA014F9BDD0EE4A3E291CD23EA0FA37BDEA105A3E23BC903E9B0165BE09B5633E394FF03E97F5C7BE106D503E3F27FE3E94A772BE138A7E3E2FAEFF3E91B563,
BE0F17373E7C660A3E9A3C00BE18A32F3E8A0A523E95E7A7BE17A67A3E72E9473E9137D2BE04167B3E9708AB3EA1DAE0BE18A32F3E8A0A523E95E7A7BDFAABCD3E918B503EA5A8BDBDEA105A3E23BC903E9B0165BDEDC0123E10D9943E9AEC29BDC80E8D3E1190083EA014F9BDEA105A3E23BC903E9B0165BDF26B723E3B5C7D3E9E5365BE09B5633E394FF03E97F5C7,
BE18F3ED3E62CB643E8C7DA2BE19F4903E5445AA3E8B2B99BE0CF4A53E5BA0A53E93B906BDE199783E83BD5A3EA8DEB1BDCE8C053E9131013EAC347FBDFAABCD3E918B503EA5A8BDBDFAABCD3E918B503EA5A8BDBE0F17373E7C660A3E9A3C00BDF480A63E75A74C3EA18916BE18A32F3E8A0A523E95E7A7BE26494D3E8CD1633E8AF4F1BE2860133E7E01DE3E88AD25,
BE19F4903E5445AA3E8B2B99BE252B0A3E2E13F53E88867BBE106D503E3F27FE3E94A772BDEDC0123E10D9943E9AEC29BDE3A6483DFE6D593E9B51DFBDC80E8D3E1190083EA014F9BDC80E8D3E1190083EA014F9BDE3A6483DFE6D593E9B51DFBDB0D5A63DFED41B3EA05187BE19F4903E5445AA3E8B2B99BE106D503E3F27FE3E94A772BE0CF4A53E5BA0A53E93B906,
BDE9BE0A3ECBC6C9BEA2B778BDF1D25B3EB4BDBABE98CDA7BDEF8A4C3ECDF58CBE95DAF0BDE149413ED5156ABEA443F6BDE9BE0A3ECBC6C9BEA2B778BDE72C953ED8B32DBE96E7A3BDE8CAC53E91287CBE8CC059BDF6CEFF3E9A3465BE88D7E0BDF3D7D43E9FA9E3BE92D14ABDF042D93EA895AFBE9F8E7EBDF796C03EA905C0BE95EE13BDF1D25B3EB4BDBABE98CDA7,
BDDE16513EA69B5ABEACE704BDF042D93EA895AFBE9F8E7EBDD8FFFC3EB0CCDEBEB24CA5BDF964A63ED5A1A9BE913FD1BDEF8A4C3ECDF58CBE95DAF0BDF4F7233ECEE73EBE922A6FBDC9A2C63ED71C97BEAF2043BDCE2B063ECA2CEDBEAE06FBBDE9BE0A3ECBC6C9BEA2B778BDEBB01D3EA15832BE9E1BD2BDF042D93EA895AFBE9F8E7EBDDE16513EA69B5ABEACE704,
BDE9BE0A3ECBC6C9BEA2B778BDECE13F3EB946C3BEA46823BDF1D25B3EB4BDBABE98CDA7BDD8FFFC3EB0CCDEBEB24CA5BDF042D93EA895AFBE9F8E7EBDECE13F3EB946C3BEA46823BDF1D25B3EB4BDBABE98CDA7BDF796C03EA905C0BE95EE13BE0601363EAD12A9BE8BB928BDC9A2C63ED71C97BEAF2043BDE9BE0A3ECBC6C9BEA2B778BDE149413ED5156ABEA443F6,
BDEBB01D3EA15832BE9E1BD2BDDE16513EA69B5ABEACE704BDD9EE033E91E14CBE9F5BA3BDE72C953ED8B32DBE96E7A3BE0370043ED7DDECBE8CAFB4BDECCC473EE24873BE912AB7BDDE98573EDC0097BE9ADABABDE72C953ED8B32DBE96E7A3BDECCC473EE24873BE912AB7BE0551933EBC3266BE8D4824BE0852F83ECA6DADBE898EDABDF1D25B3EB4BDBABE98CDA7,
BDDE98573EDC0097BE9ADABABDE149413ED5156ABEA443F6BDE72C953ED8B32DBE96E7A3BDE72C953ED8B32DBE96E7A3BDE9BE0A3ECBC6C9BEA2B778BDEF8A4C3ECDF58CBE95DAF0BDF964A63ED5A1A9BE913FD1BDE72C953ED8B32DBE96E7A3BDEF8A4C3ECDF58CBE95DAF0BDE72C953ED8B32DBE96E7A3BDF964A63ED5A1A9BE913FD1BE0370043ED7DDECBE8CAFB4,
BDE8CAC53E91287CBE8CC059BDF3D7D43E9FA9E3BE92D14ABDEBB01D3EA15832BE9E1BD2BDF3D7D43E9FA9E3BE92D14ABDF042D93EA895AFBE9F8E7EBDEBB01D3EA15832BE9E1BD2BE0601363EAD12A9BE8BB928BDF796C03EA905C0BE95EE13BDF3D7D43E9FA9E3BE92D14ABE068C263EA2CE25BE81ED39BE0601363EAD12A9BE8BB928BDF3D7D43E9FA9E3BE92D14A,
BDDAF9663E8F62FABE95898BBDCDB7283E85C91DBE8C18D7BDE8CAC53E91287CBE8CC059BE0852F83ECA6DADBE898EDABDF964A63ED5A1A9BE913FD1BDF4F7233ECEE73EBE922A6FBDF1D25B3EB4BDBABE98CDA7BE0852F83ECA6DADBE898EDABDF4F7233ECEE73EBE922A6FBDEBB01D3EA15832BE9E1BD2BDD9EE033E91E14CBE9F5BA3BDDAF9663E8F62FABE95898B,
BDECE13F3EB946C3BEA46823BDE9BE0A3ECBC6C9BEA2B778BDCE2B063ECA2CEDBEAE06FBBDECE13F3EB946C3BEA46823BDCE2B063ECA2CEDBEAE06FBBDD8FFFC3EB0CCDEBEB24CA5BDF3D7D43E9FA9E3BE92D14ABDF6CEFF3E9A3465BE88D7E0BE068C263EA2CE25BE81ED39BDF1D25B3EB4BDBABE98CDA7BE0601363EAD12A9BE8BB928BE0551933EBC3266BE8D4824,
BDECE13F3EB946C3BEA46823BDF042D93EA895AFBE9F8E7EBDF1D25B3EB4BDBABE98CDA7BDF042D93EA895AFBE9F8E7EBDF3D7D43E9FA9E3BE92D14ABDF796C03EA905C0BE95EE13BDEBB01D3EA15832BE9E1BD2BDDAF9663E8F62FABE95898BBDE8CAC53E91287CBE8CC059BDEF8A4C3ECDF58CBE95DAF0BDF1D25B3EB4BDBABE98CDA7BDF4F7233ECEE73EBE922A6F,
BDF38DE73E9DACEFBE1A8544BDED01C13E957BC8BE3032DBBDE0DD403E906AD3BE17C0F4BE0CE4653ED763A2BE7080FABE0846633ED9D020BE8289B9BE097C3D3ECF268DBE67DAA5BE1473473ECCD530BE196702BE17DE943ECD53EFBDFE6927BE0ADEA93EDD2FC2BE213016BE0B69DB3EC44C9DBE42BE49BE0A16613EBB74DEBE31422DBE0FDDEC3EC670C1BE34D3BF,
BDE0DD403E906AD3BE17C0F4BDED01C13E957BC8BE3032DBBDDD03973E81DECEBE2FB6DDBE0370043ED7DDECBE8CAFB4BDF5F4E43EE50332BE8939C9BDECCC473EE24873BE912AB7BE0846633ED9D020BE8289B9BE084DBA3ED37CDDBE876295BE0E20CD3EC1CA19BE7ED4E5BE05CAF33EADEB31BE2567DCBE06687F3EAE7F0BBE367A96BDED01C13E957BC8BE3032DB,
BE0AC3EB3EE4D2B3BE5B6D87BE0CE4653ED763A2BE7080FABE0B62C73ED4903FBE416E7ABE068C263EA2CE25BE81ED39BDF7E9963E9A96B3BE792EE8BE087C633EA81CF8BE6E5604BDF7E9963E9A96B3BE792EE8BDFA91103E9F61EDBE55C0FDBE087C633EA81CF8BE6E5604BDE8CAC53E91287CBE8CC059BDF6CEFF3E9A3465BE88D7E0BDF3D7D43E9FA9E3BE92D14A,
BDF964A63ED5A1A9BE913FD1BDEF8A4C3ECDF58CBE95DAF0BDF4F7233ECEE73EBE922A6FBE079E9D3EAD4F59BE4B15F9BE0A16613EBB74DEBE31422DBE0BB9063EBA0C28BE48882FBE098B723EC3AC2EBE5FCA43BE08CDEA3EB77A0BBE6A8651BE0BB9063EBA0C28BE48882FBE17DE943ECD53EFBDFE6927BE0B38933EE6BF23BE0AAD60BE0ADEA93EDD2FC2BE213016,
BE079E9D3EAD4F59BE4B15F9BDFA91103E9F61EDBE55C0FDBDFCD5FA3EA53E92BE40E736BE06687F3EAE7F0BBE367A96BE05CAF33EADEB31BE2567DCBE0A16613EBB74DEBE31422DBE0E9B7C3ED5D5B2BE30E2C1BE0B62C73ED4903FBE416E7ABE09A1BA3ECBB518BE45D91BBE0FDDEC3EC670C1BE34D3BFBE0E9B7C3ED5D5B2BE30E2C1BE09A1BA3ECBB518BE45D91B,
BDF5F4E43EE50332BE8939C9BE0370043ED7DDECBE8CAFB4BE0846633ED9D020BE8289B9BE0846633ED9D020BE8289B9BE0370043ED7DDECBE8CAFB4BE084DBA3ED37CDDBE876295BDF1D25B3EB4BDBABE98CDA7BDF796C03EA905C0BE95EE13BE0601363EAD12A9BE8BB928BDFA91103E9F61EDBE55C0FDBDF12EC73E9ADAFDBE4B55ACBDFCD5FA3EA53E92BE40E736,
BDED288D3E99C38BBE5CE853BDDF23463E927829BE44C166BDF12EC73E9ADAFDBE4B55ACBDFA91103E9F61EDBE55C0FDBDED288D3E99C38BBE5CE853BDF12EC73E9ADAFDBE4B55ACBDF6A7263E9A38B9BE0070FCBE0257433EA1793ABE0A52ACBE03732A3EA8C027BE1D2C7CBDE0DD403E906AD3BE17C0F4BDE4712E3E8FF0EDBE0D2C38BDF38DE73E9DACEFBE1A8544,
BDED01C13E957BC8BE3032DBBE06687F3EAE7F0BBE367A96BDFCD5FA3EA53E92BE40E736BE0A16613EBB74DEBE31422DBE05CAF33EADEB31BE2567DCBE07B3963EB878B8BE252B91BE0551933EBC3266BE8D4824BE0852F83ECA6DADBE898EDABDF1D25B3EB4BDBABE98CDA7BDF7E9963E9A96B3BE792EE8BDED288D3E99C38BBE5CE853BDFA91103E9F61EDBE55C0FD,
BDF964A63ED5A1A9BE913FD1BE0852F83ECA6DADBE898EDABE0370043ED7DDECBE8CAFB4BE0AC3EB3EE4D2B3BE5B6D87BE0B62C73ED4903FBE416E7ABE084FD33EDF5FF6BE3C9D9DBE0B62C73ED4903FBE416E7ABE0CE4653ED763A2BE7080FABE09A1BA3ECBB518BE45D91BBDFA91103E9F61EDBE55C0FDBE079E9D3EAD4F59BE4B15F9BE087C633EA81CF8BE6E5604,
BDFCD5FA3EA53E92BE40E736BDF12EC73E9ADAFDBE4B55ACBDED01C13E957BC8BE3032DBBDE72C953ED8B32DBE96E7A3BE0370043ED7DDECBE8CAFB4BDECCC473EE24873BE912AB7BDDE98573EDC0097BE9ADABABDE72C953ED8B32DBE96E7A3BDECCC473EE24873BE912AB7BE0FDDEC3EC670C1BE34D3BFBE0A16613EBB74DEBE31422DBE0C243E3EBD4845BE2A137F,
BDE72C953ED8B32DBE96E7A3BDF964A63ED5A1A9BE913FD1BE0370043ED7DDECBE8CAFB4BE07B3963EB878B8BE252B91BE0C243E3EBD4845BE2A137FBE0A16613EBB74DEBE31422DBE0A16613EBB74DEBE31422DBE079E9D3EAD4F59BE4B15F9BE06687F3EAE7F0BBE367A96BDF0F0633E941744BE8297C0BDE034F43E911559BE639C52BDED288D3E99C38BBE5CE853,
BDF6CEFF3E9A3465BE88D7E0BDF0F0633E941744BE8297C0BDF7E9963E9A96B3BE792EE8BE068C263EA2CE25BE81ED39BDF6CEFF3E9A3465BE88D7E0BDF7E9963E9A96B3BE792EE8BE0E20CD3EC1CA19BE7ED4E5BE0852F83ECA6DADBE898EDABE0551933EBC3266BE8D4824BDF6A7263E9A38B9BE0070FCBE03732A3EA8C027BE1D2C7CBDF38DE73E9DACEFBE1A8544,
BE068C263EA2CE25BE81ED39BE0601363EAD12A9BE8BB928BDF3D7D43E9FA9E3BE92D14ABDE034F43E911559BE639C52BDF0F0633E941744BE8297C0BDBFD8273E866F50BE5E62DCBE0846633ED9D020BE8289B9BE0CE4653ED763A2BE7080FABE0B51373EDEAD71BE7A3A08BDF964A63ED5A1A9BE913FD1BDE72C953ED8B32DBE96E7A3BDEF8A4C3ECDF58CBE95DAF0,
BDE8CAC53E91287CBE8CC059BDF3D7D43E9FA9E3BE92D14ABDEBB01D3EA15832BE9E1BD2BE15E0B53EBF61EDBE119CE0BE0FDDEC3EC670C1BE34D3BFBE0C243E3EBD4845BE2A137FBE07B3963EB878B8BE252B91BE15E0B53EBF61EDBE119CE0BE0C243E3EBD4845BE2A137FBE0601363EAD12A9BE8BB928BDF796C03EA905C0BE95EE13BDF3D7D43E9FA9E3BE92D14A,
BDE034F43E911559BE639C52BDCA8DA83E8829F1BE4E7147BDED288D3E99C38BBE5CE853BE07BFE83EB4BE62BE82C7FCBE08CDEA3EB77A0BBE6A8651BE0E20CD3EC1CA19BE7ED4E5BE06687F3EAE7F0BBE367A96BE079E9D3EAD4F59BE4B15F9BDFCD5FA3EA53E92BE40E736BE0B62C73ED4903FBE416E7ABE0E9B7C3ED5D5B2BE30E2C1BE084FD33EDF5FF6BE3C9D9D,
BE085AD53EAA6D6ABE836FA0BE068C263EA2CE25BE81ED39BE087C633EA81CF8BE6E5604BE07BFE83EB4BE62BE82C7FCBE085AD53EAA6D6ABE836FA0BE087C633EA81CF8BE6E5604BE098B723EC3AC2EBE5FCA43BE0E20CD3EC1CA19BE7ED4E5BE08CDEA3EB77A0BBE6A8651BDF38DE73E9DACEFBE1A8544BDE4712E3E8FF0EDBE0D2C38BDF6A7263E9A38B9BE0070FC,
BE1A53333EBC79B3BE02391DBE17DE943ECD53EFBDFE6927BE1473473ECCD530BE196702BE1473473ECCD530BE196702BE15E0B53EBF61EDBE119CE0BE1A53333EBC79B3BE02391DBDDF23463E927829BE44C166BDDCBAB63E83D6C7BE39CBABBDED01C13E957BC8BE3032DBBE05CAF33EADEB31BE2567DCBDED01C13E957BC8BE3032DBBE03732A3EA8C027BE1D2C7C,
BDF12EC73E9ADAFDBE4B55ACBDDF23463E927829BE44C166BDED01C13E957BC8BE3032DBBE0BACF73EAC58ACBE11CD60BE03732A3EA8C027BE1D2C7CBE0257433EA1793ABE0A52ACBE0852F83ECA6DADBE898EDABDF964A63ED5A1A9BE913FD1BDF4F7233ECEE73EBE922A6FBDF1D25B3EB4BDBABE98CDA7BE0852F83ECA6DADBE898EDABDF4F7233ECEE73EBE922A6F,
BE097C3D3ECF268DBE67DAA5BE098B723EC3AC2EBE5FCA43BE09A1BA3ECBB518BE45D91BBE0CE4653ED763A2BE7080FABE097C3D3ECF268DBE67DAA5BE09A1BA3ECBB518BE45D91BBDBFD8273E866F50BE5E62DCBDF0F0633E941744BE8297C0BDCDB7283E85C91DBE8C18D7BE05CAF33EADEB31BE2567DCBE03732A3EA8C027BE1D2C7CBE0BACF73EAC58ACBE11CD60,
BDF0F0633E941744BE8297C0BDED288D3E99C38BBE5CE853BDF7E9963E9A96B3BE792EE8BE03732A3EA8C027BE1D2C7CBDED01C13E957BC8BE3032DBBDF38DE73E9DACEFBE1A8544BE15E0B53EBF61EDBE119CE0BE07B3963EB878B8BE252B91BE0EBB773EB47864BE09A30ABE07B3963EB878B8BE252B91BE0BACF73EAC58ACBE11CD60BE0EBB773EB47864BE09A30A,
BDDD03973E81DECEBE2FB6DDBDED01C13E957BC8BE3032DBBDDCBAB63E83D6C7BE39CBABBE0B69DB3EC44C9DBE42BE49BE09A1BA3ECBB518BE45D91BBE098B723EC3AC2EBE5FCA43BDDAF9663E8F62FABE95898BBDCDB7283E85C91DBE8C18D7BDE8CAC53E91287CBE8CC059BE0E20CD3EC1CA19BE7ED4E5BE097C3D3ECF268DBE67DAA5BE0846633ED9D020BE8289B9,
BDF1D25B3EB4BDBABE98CDA7BE0601363EAD12A9BE8BB928BE0551933EBC3266BE8D4824BE0601363EAD12A9BE8BB928BE068C263EA2CE25BE81ED39BE085AD53EAA6D6ABE836FA0BE0BB9063EBA0C28BE48882FBE08CDEA3EB77A0BBE6A8651BE079E9D3EAD4F59BE4B15F9BE079E9D3EAD4F59BE4B15F9BE08CDEA3EB77A0BBE6A8651BE087C633EA81CF8BE6E5604,
BE0E9B7C3ED5D5B2BE30E2C1BE0FDDEC3EC670C1BE34D3BFBE1473473ECCD530BE196702BE0E9B7C3ED5D5B2BE30E2C1BE1473473ECCD530BE196702BE0ADEA93EDD2FC2BE213016BE1473473ECCD530BE196702BE0FDDEC3EC670C1BE34D3BFBE15E0B53EBF61EDBE119CE0BE084DBA3ED37CDDBE876295BE0852F83ECA6DADBE898EDABE0E20CD3EC1CA19BE7ED4E5,
BDCDB7283E85C91DBE8C18D7BDF0F0633E941744BE8297C0BDE8CAC53E91287CBE8CC059BDF3D7D43E9FA9E3BE92D14ABDF6CEFF3E9A3465BE88D7E0BE068C263EA2CE25BE81ED39BE0551933EBC3266BE8D4824BE07BFE83EB4BE62BE82C7FCBE0E20CD3EC1CA19BE7ED4E5BE0370043ED7DDECBE8CAFB4BE0852F83ECA6DADBE898EDABE084DBA3ED37CDDBE876295,
BE0E20CD3EC1CA19BE7ED4E5BE098B723EC3AC2EBE5FCA43BE097C3D3ECF268DBE67DAA5BDF6CEFF3E9A3465BE88D7E0BDE8CAC53E91287CBE8CC059BDF0F0633E941744BE8297C0BE07B3963EB878B8BE252B91BE05CAF33EADEB31BE2567DCBE0BACF73EAC58ACBE11CD60BDDF23463E927829BE44C166BDED288D3E99C38BBE5CE853BDCA8DA83E8829F1BE4E7147,
BE085AD53EAA6D6ABE836FA0BE07BFE83EB4BE62BE82C7FCBE0601363EAD12A9BE8BB928BE0E9B7C3ED5D5B2BE30E2C1BE0ADEA93EDD2FC2BE213016BE084FD33EDF5FF6BE3C9D9DBE09A1BA3ECBB518BE45D91BBE0B69DB3EC44C9DBE42BE49BE0FDDEC3EC670C1BE34D3BFBDEBB01D3EA15832BE9E1BD2BDDAF9663E8F62FABE95898BBDE8CAC53E91287CBE8CC059,
BE0A16613EBB74DEBE31422DBE0B69DB3EC44C9DBE42BE49BE0BB9063EBA0C28BE48882FBE07BFE83EB4BE62BE82C7FCBE087C633EA81CF8BE6E5604BE08CDEA3EB77A0BBE6A8651BE0CE4653ED763A2BE7080FABE0AC3EB3EE4D2B3BE5B6D87BE0B51373EDEAD71BE7A3A08BE07BFE83EB4BE62BE82C7FCBE0551933EBC3266BE8D4824BE0601363EAD12A9BE8BB928,
BE6BC6A83EB77B18BD82B735BE4ECFEA3EBC68A9BDA9F6A9BE68F5C33EAFE6D6BD9995EEBE6126A63EC16207BD7A6373BE4C5B8E3EC51B2EBD92F230BE4ECFEA3EBC68A9BDA9F6A9BE6AA6D23E8E7147BD8D7732BE66E2A83E9F2A17BDA256BDBE5959A33E941D4BBDBBD838BE0BB9063EBA0C28BE48882FBE0B69DB3EC44C9DBE42BE49BE098B723EC3AC2EBE5FCA43,
BE5959A33E941D4BBDBBD838BE4DB1A73E8B9714BDBC7B46BE5F30E83E8A6959BDA2BB66BE1F9E7C3EC393CDBDBDD11CBE1AFAF83EC75DBCBDDBAFD9BE22220C3EBA0C28BDD76E61BE01BEF53E8ABA9DBDF328B7BE14E0113E8AC27ABDE4EC63BE01EF313E9310BABDF6B767BE4ECFEA3EBC68A9BDA9F6A9BE6059A73EAEDE98BDA76A72BE68F5C33EAFE6D6BD9995EE,
BE403AB83ED2DD16BD281DC1BE50F9D33ED20B80BCC5C359BE22D3413EDC76F3BBE03B3FBE5B6CBE3ECBB470BD2FFE2ABE4C5B8E3EC51B2EBD92F230BE6126A63EC16207BD7A6373BE66E2A83E9F2A17BDA256BDBE68F5C33EAFE6D6BD9995EEBE6059A73EAEDE98BDA76A72BE3B645A3E8EC67ABDCC8CD6BE3A34873E94DF6ABDD6B65BBE310D393E92E03BBDE1101B,
BE2DC9823EC86163BDA513B6BE4C5B8E3EC51B2EBD92F230BE3EBBFD3ECD115ABD80E736BE25DE9C3ECEFBD2BD936F7EBE2DC9823EC86163BDA513B6BE3EBBFD3ECD115ABD80E736BE29524C3EBCD91FBDC2F9CABE2DC9823EC86163BDA513B6BE1F9E7C3EC393CDBDBDD11CBE1473473ECCD530BE196702BE17DE943ECD53EFBDFE6927BE0ADEA93EDD2FC2BE213016,
BE22220C3EBA0C28BDD76E61BE1BA7333EB38477BDF7B9E0BE25521A3EB529BBBDD6BCA5BE485DFB3EAF0521BDC05575BE4F7CAA3EA0D174BDC765BABE6059A73EAEDE98BDA76A72BE0A47673E99D3AABDF35DABBE0AA0453EA2261CBE01DDA0BDF6A7263E9A38B9BE0070FCBE01BEF53E8ABA9DBDF328B7BE01EF313E9310BABDF6B767BDEDAEC53E8E2307BE012EC7,
BE0257433EA1793ABE0A52ACBDF6A7263E9A38B9BE0070FCBE0AA0453EA2261CBE01DDA0BE0AA0453EA2261CBE01DDA0BE15A1013E9FC0D3BDF3636FBE0F63C33EAEF32CBE016F44BE403AB83ED2DD16BD281DC1BE232BDC3ED5651BBD528AE7BE3EBBFD3ECD115ABD80E736BE5B6CBE3ECBB470BD2FFE2ABE403AB83ED2DD16BD281DC1BE3EBBFD3ECD115ABD80E736,
BE25DE9C3ECEFBD2BD936F7EBE1EF06B3ED71434BD6A6C1ABE1CD4ED3ED26AECBDA6045CBE4ECFEA3EBC68A9BDA9F6A9BE4C5B8E3EC51B2EBD92F230BE2DC9823EC86163BDA513B6BE4F7CAA3EA0D174BDC765BABE496B763E978AF4BDD1EE24BE5959A33E941D4BBDBBD838BE1A53333EBC79B3BE02391DBE15E0B53EBF61EDBE119CE0BE1BA7333EB38477BDF7B9E0,
BE1AFAF83EC75DBCBDDBAFD9BE1A53333EBC79B3BE02391DBE22220C3EBA0C28BDD76E61BE50F9D33ED20B80BCC5C359BE1BF7273EDFC19C3BEABFFDBE22D3413EDC76F3BBE03B3FBE5023A73ED794C83D17928EBE5FCC9F3ECEBCE8BC38CB8EBE64E6193ECE21D93CE6644EBE25521A3EB529BBBDD6BCA5BE1BA7333EB38477BDF7B9E0BE21C2A03EABCDBCBDE6559F,
BE310D393E92E03BBDE1101BBE3A34873E94DF6ABDD6B65BBE27B99D3E9AEA96BDE8D973BE1EC67A3ED91A97BD17F51FBE1B94533EDF0BF2BCDA682BBE18C8693EE4690EBD719B4EBE17DE943ECD53EFBDFE6927BE0B38933EE6BF23BE0AAD60BE0ADEA93EDD2FC2BE213016BE11FD153EDF36F0BDC3CFB3BE17DE943ECD53EFBDFE6927BE1AFAF83EC75DBCBDDBAFD9,
BE496B763E978AF4BDD1EE24BE3A34873E94DF6ABDD6B65BBE3B645A3E8EC67ABDCC8CD6BDE4712E3E8FF0EDBE0D2C38BDEDAEC53E8E2307BE012EC7BDF6A7263E9A38B9BE0070FCBE11FD153EDF36F0BDC3CFB3BE1AFAF83EC75DBCBDDBAFD9BE1CD4ED3ED26AECBDA6045CBE2318333E8DA986BDE3C9EFBE3B645A3E8EC67ABDCC8CD6BE310D393E92E03BBDE1101B,
BDE0DD403E906AD3BE17C0F4BDE4712E3E8FF0EDBE0D2C38BDF38DE73E9DACEFBE1A8544BE0A47673E99D3AABDF35DABBE15A1013E9FC0D3BDF3636FBE0AA0453EA2261CBE01DDA0BE21C2A03EABCDBCBDE6559FBE27B99D3E9AEA96BDE8D973BE3A34873E94DF6ABDD6B65BBE1BA7333EB38477BDF7B9E0BE22220C3EBA0C28BDD76E61BE1A53333EBC79B3BE02391D,
BE5B6CBE3ECBB470BD2FFE2ABE6126A63EC16207BD7A6373BE699D023EC4A969BD20F5E4BE1A53333EBC79B3BE02391DBE1AFAF83EC75DBCBDDBAFD9BE17DE943ECD53EFBDFE6927BE4DB1A73E8B9714BDBC7B46BE5959A33E941D4BBDBBD838BE496B763E978AF4BDD1EE24BDF6A7263E9A38B9BE0070FCBE0257433EA1793ABE0A52ACBE03732A3EA8C027BE1D2C7C,
BE66E2A83E9F2A17BDA256BDBE4F7CAA3EA0D174BDC765BABE5959A33E941D4BBDBBD838BE27B99D3E9AEA96BDE8D973BE21C2A03EABCDBCBDE6559FBE15A1013E9FC0D3BDF3636FBE6AA6D23E8E7147BD8D7732BE5959A33E941D4BBDBBD838BE5F30E83E8A6959BDA2BB66BE374F723EBB11E8BDBD3133BE25521A3EB529BBBDD6BCA5BE3D651B3EA9C348BDD734B5,
BE0F63C33EAEF32CBE016F44BE15A1013E9FC0D3BDF3636FBE21C2A03EABCDBCBDE6559FBE3EBBFD3ECD115ABD80E736BE4C5B8E3EC51B2EBD92F230BE5B6CBE3ECBB470BD2FFE2ABE3B645A3E8EC67ABDCC8CD6BE4DB1A73E8B9714BDBC7B46BE496B763E978AF4BDD1EE24BE4ECFEA3EBC68A9BDA9F6A9BE6BC6A83EB77B18BD82B735BE6126A63EC16207BD7A6373,
BE01EF313E9310BABDF6B767BE0A47673E99D3AABDF35DABBDF6A7263E9A38B9BE0070FCBE25DE9C3ECEFBD2BD936F7EBE1CD4ED3ED26AECBDA6045CBE224B343ECCB513BDA528AEBE29524C3EBCD91FBDC2F9CABE25521A3EB529BBBDD6BCA5BE374F723EBB11E8BDBD3133BDF6A7263E9A38B9BE0070FCBE03732A3EA8C027BE1D2C7CBDF38DE73E9DACEFBE1A8544,
BE232BDC3ED5651BBD528AE7BE403AB83ED2DD16BD281DC1BE1EC67A3ED91A97BD17F51FBE1F9E7C3EC393CDBDBDD11CBE224B343ECCB513BDA528AEBE1CD4ED3ED26AECBDA6045CBE310D393E92E03BBDE1101BBE27B99D3E9AEA96BDE8D973BE17414A3E964B45BDEFCA43BE2318333E8DA986BDE3C9EFBE310D393E92E03BBDE1101BBE17414A3E964B45BDEFCA43,
BE15E0B53EBF61EDBE119CE0BE0FDDEC3EC670C1BE34D3BFBE0C243E3EBD4845BE2A137FBE07B3963EB878B8BE252B91BE15E0B53EBF61EDBE119CE0BE0C243E3EBD4845BE2A137FBE0BACF73EAC58ACBE11CD60BE0257433EA1793ABE0A52ACBE0AA0453EA2261CBE01DDA0BDEDAEC53E8E2307BE012EC7BE01EF313E9310BABDF6B767BDF6A7263E9A38B9BE0070FC,
BE50F9D33ED20B80BCC5C359BE5B6CBE3ECBB470BD2FFE2ABE5FCC9F3ECEBCE8BC38CB8EBE01EF313E9310BABDF6B767BE14E0113E8AC27ABDE4EC63BE17414A3E964B45BDEFCA43BE1BA7333EB38477BDF7B9E0BE15E0B53EBF61EDBE119CE0BE0EBB773EB47864BE09A30ABE0F63C33EAEF32CBE016F44BE1BA7333EB38477BDF7B9E0BE0EBB773EB47864BE09A30A,
BDF38DE73E9DACEFBE1A8544BDE4712E3E8FF0EDBE0D2C38BDF6A7263E9A38B9BE0070FCBE21C2A03EABCDBCBDE6559FBE3A34873E94DF6ABDD6B65BBE3D651B3EA9C348BDD734B5BE25521A3EB529BBBDD6BCA5BE29524C3EBCD91FBDC2F9CABE22220C3EBA0C28BDD76E61BE232BDC3ED5651BBD528AE7BE25DE9C3ECEFBD2BD936F7EBE3EBBFD3ECD115ABD80E736,
BE5FCC9F3ECEBCE8BC38CB8EBE6E34763EC6D43DBB4A4F44BE64E6193ECE21D93CE6644EBE5FCC9F3ECEBCE8BC38CB8EBE5023A73ED794C83D17928EBE4A4F873ED752973C0915BEBE1EF06B3ED71434BD6A6C1ABE232BDC3ED5651BBD528AE7BE1EC67A3ED91A97BD17F51FBE18C8693EE4690EBD719B4EBE1EF06B3ED71434BD6A6C1ABE1EC67A3ED91A97BD17F51F,
BE1A53333EBC79B3BE02391DBE17DE943ECD53EFBDFE6927BE1473473ECCD530BE196702BE1473473ECCD530BE196702BE15E0B53EBF61EDBE119CE0BE1A53333EBC79B3BE02391DBE1F9E7C3EC393CDBDBDD11CBE2DC9823EC86163BDA513B6BE224B343ECCB513BDA528AEBE5B6CBE3ECBB470BD2FFE2ABE50F9D33ED20B80BCC5C359BE403AB83ED2DD16BD281DC1,
BE25DE9C3ECEFBD2BD936F7EBE232BDC3ED5651BBD528AE7BE1EF06B3ED71434BD6A6C1ABE699D023EC4A969BD20F5E4BE6126A63EC16207BD7A6373BE6BC6A83EB77B18BD82B735BE374F723EBB11E8BDBD3133BE2DC9823EC86163BDA513B6BE29524C3EBCD91FBDC2F9CABE3A34873E94DF6ABDD6B65BBE4F7CAA3EA0D174BDC765BABE3D651B3EA9C348BDD734B5,
BE2DC9823EC86163BDA513B6BE25DE9C3ECEFBD2BD936F7EBE224B343ECCB513BDA528AEBE0BACF73EAC58ACBE11CD60BE03732A3EA8C027BE1D2C7CBE0257433EA1793ABE0A52ACBE11FD153EDF36F0BDC3CFB3BE1CD4ED3ED26AECBDA6045CBE1EF06B3ED71434BD6A6C1ABE18C8693EE4690EBD719B4EBE11FD153EDF36F0BDC3CFB3BE1EF06B3ED71434BD6A6C1A,
BE0BACF73EAC58ACBE11CD60BE0AA0453EA2261CBE01DDA0BE0F63C33EAEF32CBE016F44BE25521A3EB529BBBDD6BCA5BE21C2A03EABCDBCBDE6559FBE3D651B3EA9C348BDD734B5BE22D3413EDC76F3BBE03B3FBE1B94533EDF0BF2BCDA682BBE1EC67A3ED91A97BD17F51FBE403AB83ED2DD16BD281DC1BE22D3413EDC76F3BBE03B3FBE1EC67A3ED91A97BD17F51F,
BE4F7CAA3EA0D174BDC765BABE66E2A83E9F2A17BDA256BDBE6059A73EAEDE98BDA76A72BE4F7CAA3EA0D174BDC765BABE485DFB3EAF0521BDC05575BE3D651B3EA9C348BDD734B5BE3D651B3EA9C348BDD734B5BE485DFB3EAF0521BDC05575BE374F723EBB11E8BDBD3133BE05CAF33EADEB31BE2567DCBE03732A3EA8C027BE1D2C7CBE0BACF73EAC58ACBE11CD60,
BE07B3963EB878B8BE252B91BE0BACF73EAC58ACBE11CD60BE0EBB773EB47864BE09A30ABE0EBB773EB47864BE09A30ABE0BACF73EAC58ACBE11CD60BE0F63C33EAEF32CBE016F44BE1BF7273EDFC19C3BEABFFDBE50F9D33ED20B80BCC5C359BE4A4F873ED752973C0915BEBE2318333E8DA986BDE3C9EFBE17414A3E964B45BDEFCA43BE14E0113E8AC27ABDE4EC63,
BE6059A73EAEDE98BDA76A72BE4ECFEA3EBC68A9BDA9F6A9BE485DFB3EAF0521BDC05575BE4ECFEA3EBC68A9BDA9F6A9BE374F723EBB11E8BDBD3133BE485DFB3EAF0521BDC05575BE4ECFEA3EBC68A9BDA9F6A9BE2DC9823EC86163BDA513B6BE374F723EBB11E8BDBD3133BE15E0B53EBF61EDBE119CE0BE07B3963EB878B8BE252B91BE0EBB773EB47864BE09A30A,
BE1473473ECCD530BE196702BE0FDDEC3EC670C1BE34D3BFBE15E0B53EBF61EDBE119CE0BE6E34763EC6D43DBB4A4F44BE5FCC9F3ECEBCE8BC38CB8EBE699D023EC4A969BD20F5E4BE5B6CBE3ECBB470BD2FFE2ABE699D023EC4A969BD20F5E4BE5FCC9F3ECEBCE8BC38CB8EBE50F9D33ED20B80BCC5C359BE5FCC9F3ECEBCE8BC38CB8EBE4A4F873ED752973C0915BE,
BE496B763E978AF4BDD1EE24BE4F7CAA3EA0D174BDC765BABE3A34873E94DF6ABDD6B65BBE0B38933EE6BF23BE0AAD60BE17DE943ECD53EFBDFE6927BE0C03FF3EECA31EBDE4FC1EBE1AFAF83EC75DBCBDDBAFD9BE1F9E7C3EC393CDBDBDD11CBE1CD4ED3ED26AECBDA6045CBE07B3963EB878B8BE252B91BE05CAF33EADEB31BE2567DCBE0BACF73EAC58ACBE11CD60,
BE11FD153EDF36F0BDC3CFB3BE0C03FF3EECA31EBDE4FC1EBE17DE943ECD53EFBDFE6927BE17414A3E964B45BDEFCA43BE27B99D3E9AEA96BDE8D973BE15A1013E9FC0D3BDF3636FBE17414A3E964B45BDEFCA43BE15A1013E9FC0D3BDF3636FBE0A47673E99D3AABDF35DABBE17414A3E964B45BDEFCA43BE0A47673E99D3AABDF35DABBE01EF313E9310BABDF6B767,
BE54916D3EB0474E3E26EF3DBE5DCDB33EB6F45A3E02DB1FBE5B2F663EA912343E1E9318BE2FF2A13EDE91C93DDFF92FBE2C0B9A3EE0D21C3D9D6170BE501EAC3ED6B4EA3DB83383BE29524C3EBCD91FBDC2F9CABE1F9E7C3EC393CDBDBDD11CBE22220C3EBA0C28BDD76E61BE1BA7333EB38477BDF7B9E0BE0F63C33EAEF32CBE016F44BE21C2A03EABCDBCBDE6559F,
BE69420B3EBBB3633DC6F3F5BE5F8EC13EC3ADC13DEB0C02BE6591CD3EC318DB3DCEE30DBE50F9D33ED20B80BCC5C359BE1BF7273EDFC19C3BEABFFDBE22D3413EDC76F3BBE03B3FBE501EAC3ED6B4EA3DB83383BE3D46B23EDCAE863D8220BCBE5B517A3ED24E9C3D746AA1BE5023A73ED794C83D17928EBE5FCC9F3ECEBCE8BC38CB8EBE64E6193ECE21D93CE6644E,
BE64E6193ECE21D93CE6644EBE5B517A3ED24E9C3D746AA1BE5023A73ED794C83D17928EBE6EF30A3EA835DF3DDD627CBE61E3223EAB6BB13E056649BE71F6453EB192C93DC750C2BE64E6193ECE21D93CE6644EBE6916873EC9D9D33D412DFDBE5B517A3ED24E9C3D746AA1BE62B7353E860E523E04C405BE5D86663E81899C3E17E5A8BE5D9DBB3E9363F53E295C85,
BE5353F83ECC5ED53E069015BE5A6EFC3ECD4F373DDE7642BE5F8EC13EC3ADC13DEB0C02BE69420B3EBBB3633DC6F3F5BE5DCDB33EB6F45A3E02DB1FBE5F8EC13EC3ADC13DEB0C02BE5D9DBB3E9363F53E295C85BE6478C83E9320533E0BACB4BE62B7353E860E523E04C405BE5023A73ED794C83D17928EBE5B517A3ED24E9C3D746AA1BE3D46B23EDCAE863D8220BC,
BE66DE763E9F27DD3DF15CEABE6478C83E9320533E0BACB4BE5DC5D63EA0E12F3E12F0E1BE61E3223EAB6BB13E056649BE66DE763E9F27DD3DF15CEABE5DC5D63EA0E12F3E12F0E1BE4DFC1A3ED3F1633DF1AD21BE2FF2A13EDE91C93DDFF92FBE501EAC3ED6B4EA3DB83383BE4F23463ECDAD103E1967CBBE5353F83ECC5ED53E069015BE56F8273EC08D093E205C03,
BE4F23463ECDAD103E1967CBBE440EE03ED4C22F3E157D18BE4DFC1A3ED3F1633DF1AD21BE5353F83ECC5ED53E069015BE4F23463ECDAD103E1967CBBE4DFC1A3ED3F1633DF1AD21BE4DFC1A3ED3F1633DF1AD21BE5A6EFC3ECD4F373DDE7642BE5353F83ECC5ED53E069015BE5023A73ED794C83D17928EBE3D31333EDC63493D2FAF86BE4A4F873ED752973C0915BE,
BE66A11F3EC8F6AD3DA28028BE5A6EFC3ECD4F373DDE7642BE501EAC3ED6B4EA3DB83383BE66A11F3EC8F6AD3DA28028BE501EAC3ED6B4EA3DB83383BE5B517A3ED24E9C3D746AA1BE5FCC9F3ECEBCE8BC38CB8EBE6E34763EC6D43DBB4A4F44BE64E6193ECE21D93CE6644EBE5FCC9F3ECEBCE8BC38CB8EBE5023A73ED794C83D17928EBE4A4F873ED752973C0915BE,
BE61E3223EAB6BB13E056649BE5DCDB33EB6F45A3E02DB1FBE71F6453EB192C93DC750C2BE1BF7273EDFC19C3BEABFFDBE50F9D33ED20B80BCC5C359BE4A4F873ED752973C0915BEBE501EAC3ED6B4EA3DB83383BE2C0B9A3EE0D21C3D9D6170BE3D46B23EDCAE863D8220BCBE6591CD3EC318DB3DCEE30DBE5A6EFC3ECD4F373DDE7642BE66A11F3EC8F6AD3DA28028,
BE50F9D33ED20B80BCC5C359BE5FCC9F3ECEBCE8BC38CB8EBE4A4F873ED752973C0915BEBE1BF7273EDFC19C3BEABFFDBE4A4F873ED752973C0915BEBE3D31333EDC63493D2FAF86BE56F8273EC08D093E205C03BE5353F83ECC5ED53E069015BE5A9EB23EBBEDD93E102E66BE5DCDB33EB6F45A3E02DB1FBE69420B3EBBB3633DC6F3F5BE71F6453EB192C93DC750C2,
BE54916D3EB0474E3E26EF3DBE56F8273EC08D093E205C03BE5A9EB23EBBEDD93E102E66BE3D31333EDC63493D2FAF86BE5023A73ED794C83D17928EBE3D46B23EDCAE863D8220BCBE66DE763E9F27DD3DF15CEABE61E3223EAB6BB13E056649BE6EF30A3EA835DF3DDD627CBE5F8EC13EC3ADC13DEB0C02BE5A6EFC3ECD4F373DDE7642BE6591CD3EC318DB3DCEE30D,
BE2FF2A13EDE91C93DDFF92FBE440EE03ED4C22F3E157D18BE2AF46B3EDB09203E1ADEECBE5DCDB33EB6F45A3E02DB1FBE54916D3EB0474E3E26EF3DBE5A9EB23EBBEDD93E102E66BE5B2F663EA912343E1E9318BE5DCDB33EB6F45A3E02DB1FBE61E3223EAB6BB13E056649BE5A9EB23EBBEDD93E102E66BE5F8EC13EC3ADC13DEB0C02BE5DCDB33EB6F45A3E02DB1F,
BE66A11F3EC8F6AD3DA28028BE5B517A3ED24E9C3D746AA1BE6916873EC9D9D33D412DFDBE5D9DBB3E9363F53E295C85BE5DC5D63EA0E12F3E12F0E1BE6478C83E9320533E0BACB4BE2FF2A13EDE91C93DDFF92FBE4DFC1A3ED3F1633DF1AD21BE440EE03ED4C22F3E157D18BE5DC5D63EA0E12F3E12F0E1BE5B2F663EA912343E1E9318BE61E3223EAB6BB13E056649,
BE1380CB3EDD42A23E498AA8BE1EB0753ED8FD5D3E40EFDDBE180BED3ED6B7243E580991BE2D96203E951EB83E7E464ABE273A793E98E1B53E8718ECBE358EEB3EA0EA9E3E70A287BE5353F83ECC5ED53E069015BE5F8EC13EC3ADC13DEB0C02BE5A9EB23EBBEDD93E102E66BE501EAC3ED6B4EA3DB83383BE5A6EFC3ECD4F373DDE7642BE4DFC1A3ED3F1633DF1AD21,
BE11337F3EDD63883E6505D1BE180BED3ED6B7243E580991BE11CF353ED615A93E7888B5BE1C97D93EAA0F913E8F676FBE26494D3E8CD1633E8AF4F1BE18A32F3E8A0A523E95E7A7BE56F8273EC08D093E205C03BE4A2DB63EBD71B03E3C610FBE47ABB93EC6640A3E338716BE424E163E97BFE83E59EC2DBE48CC9A3E9F25E53E4DE3B9BE4D00F73E99C9F73E42584F,
BE1EB0753ED8FD5D3E40EFDDBE1380CB3EDD42A23E498AA8BE180DC33EDDCEC03E29218ABE54916D3EB0474E3E26EF3DBE480A9E3EACA9693E417332BE4A2DB63EBD71B03E3C610FBE5B2F663EA912343E1E9318BE480A9E3EACA9693E417332BE54916D3EB0474E3E26EF3DBE431B153EA95B9A3E52274ABE48CC9A3E9F25E53E4DE3B9BE358EEB3EA0EA9E3E70A287,
BE47ABB93EC6640A3E338716BE407D913EC7CF5F3E457EAABE4031483ECEF8273E2DAE82BE2AF46B3EDB09203E1ADEECBE1EB0753ED8FD5D3E40EFDDBE180DC33EDDCEC03E29218ABE54916D3EB0474E3E26EF3DBE5DCDB33EB6F45A3E02DB1FBE5B2F663EA912343E1E9318BE48CC9A3E9F25E53E4DE3B9BE424E163E97BFE83E59EC2DBE358EEB3EA0EA9E3E70A287,
BE5D9DBB3E9363F53E295C85BE57329C3E826E333E2B0425BE576AB63E90C2C63E330510BE2642393ED24B343E4E7360BE333B973ECAC6693E530596BE33B29A3EC184A13E6160D9BE1D002E3EB980F53E86A140BE2503753EADC5723E87A69CBE1695963EB543073E8FA8B5BE2642393ED24B343E4E7360BE33B29A3EC184A13E6160D9BE180BED3ED6B7243E580991,
BE11CF353ED615A93E7888B5BE1B7A5F3EC135113E847A5BBE0BC98A3EC6EDCC3E93B59EBE62B7353E860E523E04C405BE5D86663E81899C3E17E5A8BE5D9DBB3E9363F53E295C85BE0D61F63EE60B4E3E756755BE11CF353ED615A93E7888B5BE0BA1F53EDFA8B53E81A7A0BE5087873E87EE4E3E3A4EBEBE4801713E91BD843E443D8ABE576AB63E90C2C63E330510,
BE11337F3EDD63883E6505D1BE1380CB3EDD42A23E498AA8BE180BED3ED6B7243E580991BE2503753EADC5723E87A69CBE358EEB3EA0EA9E3E70A287BE1C97D93EAA0F913E8F676FBE5D9DBB3E9363F53E295C85BE576AB63E90C2C63E330510BE5715403EA069833E2E2974BE180BED3ED6B7243E580991BE1EB0753ED8FD5D3E40EFDDBE2642393ED24B343E4E7360,
BE358EEB3EA0EA9E3E70A287BE2503753EADC5723E87A69CBE34373F3EAEE0D23E70BC38BE5D9DBB3E9363F53E295C85BE6478C83E9320533E0BACB4BE62B7353E860E523E04C405BE576AB63E90C2C63E330510BE4801713E91BD843E443D8ABE4D00F73E99C9F73E42584FBE30BDCB3E8635613E811F92BE2D96203E951EB83E7E464ABE3E9FAE3E9070B93E5CE421,
BE4F23463ECDAD103E1967CBBE5353F83ECC5ED53E069015BE56F8273EC08D093E205C03BE5087873E87EE4E3E3A4EBEBE4FDF3B3E81C38B3E3F66A5BE4801713E91BD843E443D8ABE424E163E97BFE83E59EC2DBE4D00F73E99C9F73E42584FBE4801713E91BD843E443D8ABE1C97D93EAA0F913E8F676FBE0ECCC43E9C7CB73E990A13BE08D7E03EAE34333E9A0210,
BE273A793E98E1B53E8718ECBE2D96203E951EB83E7E464ABE26494D3E8CD1633E8AF4F1BE273A793E98E1B53E8718ECBE1C97D93EAA0F913E8F676FBE358EEB3EA0EA9E3E70A287BE33B29A3EC184A13E6160D9BE3B2BFE3EB7A4833E61D92BBE2CB2D93EBC0B783E71C6D2BE0BA1F53EDFA8B53E81A7A0BE11CF353ED615A93E7888B5BE0116233EDF9DF53E8CAE86,
BE5DC5D63EA0E12F3E12F0E1BE5D9DBB3E9363F53E295C85BE5B2F663EA912343E1E9318BE0BC98A3EC6EDCC3E93B59EBE02B23A3ED21DB83E92A433BE11CF353ED615A93E7888B5BE234E333EC556F33E7431BEBE1B7A5F3EC135113E847A5BBE11CF353ED615A93E7888B5BE2D96203E951EB83E7E464ABE30BDCB3E8635613E811F92BE26494D3E8CD1633E8AF4F1,
BE26494D3E8CD1633E8AF4F1BE1C97D93EAA0F913E8F676FBE273A793E98E1B53E8718ECBE11337F3EDD63883E6505D1BE11CF353ED615A93E7888B5BE0D61F63EE60B4E3E756755BE1B7A5F3EC135113E847A5BBE2CB2D93EBC0B783E71C6D2BE1D002E3EB980F53E86A140BE1B7A5F3EC135113E847A5BBE1D002E3EB980F53E86A140BE10F9D33EBF14FD3E935A64,
BE66DE763E9F27DD3DF15CEABE6478C83E9320533E0BACB4BE5DC5D63EA0E12F3E12F0E1BE61E3223EAB6BB13E056649BE66DE763E9F27DD3DF15CEABE5DC5D63EA0E12F3E12F0E1BE2CEBFF3ED3A98F3E4244A6BE4031483ECEF8273E2DAE82BE407D913EC7CF5F3E457EAABE2CEBFF3ED3A98F3E4244A6BE1EB0753ED8FD5D3E40EFDDBE39BAA13ED44FE33E2593A3,
BE1C97D93EAA0F913E8F676FBE18A32F3E8A0A523E95E7A7BE0ECCC43E9C7CB73E990A13BE5D9DBB3E9363F53E295C85BE5D86663E81899C3E17E5A8BE57329C3E826E333E2B0425BE33B29A3EC184A13E6160D9BE234E333EC556F33E7431BEBE180BED3ED6B7243E580991BE10F9D33EBF14FD3E935A64BE0BC98A3EC6EDCC3E93B59EBE1B7A5F3EC135113E847A5B,
BE0116233EDF9DF53E8CAE86BE02B23A3ED21DB83E92A433BDF2F9873ED622A33E9965B2BE4F23463ECDAD103E1967CBBE440EE03ED4C22F3E157D18BE4DFC1A3ED3F1633DF1AD21BE5353F83ECC5ED53E069015BE4F23463ECDAD103E1967CBBE4DFC1A3ED3F1633DF1AD21BE3B2BFE3EB7A4833E61D92BBE34373F3EAEE0D23E70BC38BE2CB2D93EBC0B783E71C6D2,
BE358EEB3EA0EA9E3E70A287BE424E163E97BFE83E59EC2DBE3E9FAE3E9070B93E5CE421BE4031483ECEF8273E2DAE82BE39BAA13ED44FE33E2593A3BE440EE03ED4C22F3E157D18BE4F23463ECDAD103E1967CBBE4031483ECEF8273E2DAE82BE440EE03ED4C22F3E157D18BE0116233EDF9DF53E8CAE86BE11CF353ED615A93E7888B5BE02B23A3ED21DB83E92A433,
BE4FDF3B3E81C38B3E3F66A5BE47AE9B3E83FA2B3E566773BE4801713E91BD843E443D8ABE48CC9A3E9F25E53E4DE3B9BE480A9E3EACA9693E417332BE5B2F663EA912343E1E9318BE2642393ED24B343E4E7360BE1EB0753ED8FD5D3E40EFDDBE2CEBFF3ED3A98F3E4244A6BE333B973ECAC6693E530596BE2642393ED24B343E4E7360BE2CEBFF3ED3A98F3E4244A6,
BE4F23463ECDAD103E1967CBBE56F8273EC08D093E205C03BE47ABB93EC6640A3E338716BE4031483ECEF8273E2DAE82BE4F23463ECDAD103E1967CBBE47ABB93EC6640A3E338716BE2CB2D93EBC0B783E71C6D2BE1B7A5F3EC135113E847A5BBE234E333EC556F33E7431BEBE10F9D33EBF14FD3E935A64BE1695963EB543073E8FA8B5BE00470B3EB936613EA0101F,
BE4A2DB63EBD71B03E3C610FBE56F8273EC08D093E205C03BE54916D3EB0474E3E26EF3DBE4D00F73E99C9F73E42584FBE48CC9A3E9F25E53E4DE3B9BE5715403EA069833E2E2974BE576AB63E90C2C63E330510BE4D00F73E99C9F73E42584FBE5715403EA069833E2E2974BE234E333EC556F33E7431BEBE11CF353ED615A93E7888B5BE180BED3ED6B7243E580991,
BE33B29A3EC184A13E6160D9BE46BB133EBB2DD33E4DAC26BE3B2BFE3EB7A4833E61D92BBE3B2BFE3EB7A4833E61D92BBE431B153EA95B9A3E52274ABE34373F3EAEE0D23E70BC38BE48CC9A3E9F25E53E4DE3B9BE431B153EA95B9A3E52274ABE480A9E3EACA9693E417332BE480A9E3EACA9693E417332BE431B153EA95B9A3E52274ABE46BB133EBB2DD33E4DAC26,
BE407D913EC7CF5F3E457EAABE4A2DB63EBD71B03E3C610FBE46BB133EBB2DD33E4DAC26BE39BAA13ED44FE33E2593A3BE4031483ECEF8273E2DAE82BE2CEBFF3ED3A98F3E4244A6BE1695963EB543073E8FA8B5BE2503753EADC5723E87A69CBE1C97D93EAA0F913E8F676FBE56F8273EC08D093E205C03BE5353F83ECC5ED53E069015BE5A9EB23EBBEDD93E102E66,
BE00470B3EB936613EA0101FBE1695963EB543073E8FA8B5BE08D7E03EAE34333E9A0210BE2D96203E951EB83E7E464ABE358EEB3EA0EA9E3E70A287BE3E9FAE3E9070B93E5CE421BE1695963EB543073E8FA8B5BE1C97D93EAA0F913E8F676FBE08D7E03EAE34333E9A0210BE4A2DB63EBD71B03E3C610FBE407D913EC7CF5F3E457EAABE47ABB93EC6640A3E338716,
BE4801713E91BD843E443D8ABE3E9FAE3E9070B93E5CE421BE424E163E97BFE83E59EC2DBE48CC9A3E9F25E53E4DE3B9BE5B2F663EA912343E1E9318BE5715403EA069833E2E2974BE5B2F663EA912343E1E9318BE5D9DBB3E9363F53E295C85BE5715403EA069833E2E2974BE480A9E3EACA9693E417332BE46BB133EBB2DD33E4DAC26BE4A2DB63EBD71B03E3C610F,
BE54916D3EB0474E3E26EF3DBE56F8273EC08D093E205C03BE5A9EB23EBBEDD93E102E66BE234E333EC556F33E7431BEBE33B29A3EC184A13E6160D9BE2CB2D93EBC0B783E71C6D2BE47AE9B3E83FA2B3E566773BE3E9FAE3E9070B93E5CE421BE4801713E91BD843E443D8ABE34373F3EAEE0D23E70BC38BE431B153EA95B9A3E52274ABE358EEB3EA0EA9E3E70A287,
BE5B2F663EA912343E1E9318BE5DCDB33EB6F45A3E02DB1FBE61E3223EAB6BB13E056649BE0116233EDF9DF53E8CAE86BDF2F9873ED622A33E9965B2BDD9B5E93EE2D4913E989332BE1D002E3EB980F53E86A140BE1695963EB543073E8FA8B5BE10F9D33EBF14FD3E935A64BE46BB133EBB2DD33E4DAC26BE431B153EA95B9A3E52274ABE3B2BFE3EB7A4833E61D92B,
BE407D913EC7CF5F3E457EAABE46BB133EBB2DD33E4DAC26BE33B29A3EC184A13E6160D9BE333B973ECAC6693E530596BE407D913EC7CF5F3E457EAABE33B29A3EC184A13E6160D9BE2FF2A13EDE91C93DDFF92FBE440EE03ED4C22F3E157D18BE2AF46B3EDB09203E1ADEECBE5DCDB33EB6F45A3E02DB1FBE54916D3EB0474E3E26EF3DBE5A9EB23EBBEDD93E102E66,
BE407D913EC7CF5F3E457EAABE333B973ECAC6693E530596BE2CEBFF3ED3A98F3E4244A6BE5D9DBB3E9363F53E295C85BE5DC5D63EA0E12F3E12F0E1BE6478C83E9320533E0BACB4BE2FF2A13EDE91C93DDFF92FBE4DFC1A3ED3F1633DF1AD21BE440EE03ED4C22F3E157D18BE5DC5D63EA0E12F3E12F0E1BE5B2F663EA912343E1E9318BE61E3223EAB6BB13E056649,
BE2CB2D93EBC0B783E71C6D2BE34373F3EAEE0D23E70BC38BE2503753EADC5723E87A69CBE1D002E3EB980F53E86A140BE2CB2D93EBC0B783E71C6D2BE2503753EADC5723E87A69CBE2AF46B3EDB09203E1ADEECBE440EE03ED4C22F3E157D18BE39BAA13ED44FE33E2593A3BE2AF46B3EDB09203E1ADEECBE39BAA13ED44FE33E2593A3BE1EB0753ED8FD5D3E40EFDD,
BE1C97D93EAA0F913E8F676FBE26494D3E8CD1633E8AF4F1BE18A32F3E8A0A523E95E7A7BE0ECCC43E9C7CB73E990A13BDFE09353EA860133E9F891EBE08D7E03EAE34333E9A0210BE00470B3EB936613EA0101FBDF2F6E83EBAB6F23EA6F1BBBDE773E23EC6FA833EA72A39BDDEA91E3E9E9B173EACD4AABDFAABCD3E918B503EA5A8BDBDCE8C053E9131013EAC347F,
BDFAABCD3E918B503EA5A8BDBDDEA91E3E9E9B173EACD4AABDF363F53EA113623EA765BABE10F9D33EBF14FD3E935A64BE00470B3EB936613EA0101FBDF6DDAD3ECB41183E9D4E4DBE0BC98A3EC6EDCC3E93B59EBE10F9D33EBF14FD3E935A64BDF6DDAD3ECB41183E9D4E4DBE11CF353ED615A93E7888B5BE1B7A5F3EC135113E847A5BBE0BC98A3EC6EDCC3E93B59E,
BDDEA91E3E9E9B173EACD4AABDE1D0853EAB9B893EB0AC5CBDF363F53EA113623EA765BABE1C97D93EAA0F913E8F676FBE0ECCC43E9C7CB73E990A13BE08D7E03EAE34333E9A0210BDF480A63E75A74C3EA18916BDE199783E83BD5A3EA8DEB1BDFAABCD3E918B503EA5A8BDBDE1D0853EAB9B893EB0AC5CBDF2F6E83EBAB6F23EA6F1BBBDFE09353EA860133E9F891E,
BDDC27E93EBD11BE3EAEEF5FBDF2F6E83EBAB6F23EA6F1BBBDE1D0853EAB9B893EB0AC5CBE18A32F3E8A0A523E95E7A7BE0F17373E7C660A3E9A3C00BDFAABCD3E918B503EA5A8BDBDDC27E93EBD11BE3EAEEF5FBDC0B1BC3EC74E663EB25F63BDE773E23EC6FA833EA72A39BDE1D0853EAB9B893EB0AC5CBDFE09353EA860133E9F891EBDF363F53EA113623EA765BA,
BE0BC98A3EC6EDCC3E93B59EBE02B23A3ED21DB83E92A433BE11CF353ED615A93E7888B5BE00470B3EB936613EA0101FBE08D7E03EAE34333E9A0210BDFE09353EA860133E9F891EBDF2F6E83EBAB6F23EA6F1BBBE00470B3EB936613EA0101FBDFE09353EA860133E9F891EBE04167B3E9708AB3EA1DAE0BE0ECCC43E9C7CB73E990A13BE18A32F3E8A0A523E95E7A7,
BDE43AA83ECE00D23EA359BCBD9E98DD3ED4DBE03EAF95F6BDBAF6403ED8C2833EA624DDBD9E98DD3ED4DBE03EAF95F6BDE43AA83ECE00D23EA359BCBDC0B1BC3EC74E663EB25F63BE1B7A5F3EC135113E847A5BBE1D002E3EB980F53E86A140BE10F9D33EBF14FD3E935A64BDF6DDAD3ECB41183E9D4E4DBE00470B3EB936613EA0101FBDE773E23EC6FA833EA72A39,
BE1C97D93EAA0F913E8F676FBE18A32F3E8A0A523E95E7A7BE0ECCC43E9C7CB73E990A13BDF363F53EA113623EA765BABE04167B3E9708AB3EA1DAE0BDFAABCD3E918B503EA5A8BDBE0ECCC43E9C7CB73E990A13BE04167B3E9708AB3EA1DAE0BDFE09353EA860133E9F891EBE10F9D33EBF14FD3E935A64BE0BC98A3EC6EDCC3E93B59EBE1B7A5F3EC135113E847A5B,
BE10F9D33EBF14FD3E935A64BE1695963EB543073E8FA8B5BE00470B3EB936613EA0101FBE0116233EDF9DF53E8CAE86BE11CF353ED615A93E7888B5BE02B23A3ED21DB83E92A433BE0116233EDF9DF53E8CAE86BE02B23A3ED21DB83E92A433BDF2F9873ED622A33E9965B2BDD9B5E93EE2D4913E989332BDF2F9873ED622A33E9965B2BDBAF6403ED8C2833EA624DD,
BDF6DDAD3ECB41183E9D4E4DBDE43AA83ECE00D23EA359BCBDF2F9873ED622A33E9965B2BDFAABCD3E918B503EA5A8BDBE0F17373E7C660A3E9A3C00BDF480A63E75A74C3EA18916BDE43AA83ECE00D23EA359BCBDE773E23EC6FA833EA72A39BDC0B1BC3EC74E663EB25F63BE04167B3E9708AB3EA1DAE0BE18A32F3E8A0A523E95E7A7BDFAABCD3E918B503EA5A8BD,
BE02B23A3ED21DB83E92A433BE0BC98A3EC6EDCC3E93B59EBDF6DDAD3ECB41183E9D4E4DBDF2F9873ED622A33E9965B2BE02B23A3ED21DB83E92A433BDF6DDAD3ECB41183E9D4E4DBDE199783E83BD5A3EA8DEB1BDCE8C053E9131013EAC347FBDFAABCD3E918B503EA5A8BDBDE43AA83ECE00D23EA359BCBDBAF6403ED8C2833EA624DDBDF2F9873ED622A33E9965B2,
BDE43AA83ECE00D23EA359BCBDF6DDAD3ECB41183E9D4E4DBDE773E23EC6FA833EA72A39BE00470B3EB936613EA0101FBE1695963EB543073E8FA8B5BE08D7E03EAE34333E9A0210BE1695963EB543073E8FA8B5BE1C97D93EAA0F913E8F676FBE08D7E03EAE34333E9A0210BDDC27E93EBD11BE3EAEEF5FBDE773E23EC6FA833EA72A39BDF2F6E83EBAB6F23EA6F1BB,
BDECA6013EEF9A07BE8767D3BDE4295A3EF0F063BE98F6CFBDECCC473EE24873BE912AB7BDF363F53EA113623EA765BABDFE09353EA860133E9F891EBE04167B3E9708AB3EA1DAE0BE0116233EDF9DF53E8CAE86BDF2F9873ED622A33E9965B2BDD9B5E93EE2D4913E989332BE1D002E3EB980F53E86A140BE1695963EB543073E8FA8B5BE10F9D33EBF14FD3E935A64,
BDDE98573EDC0097BE9ADABABDE149413ED5156ABEA443F6BDE72C953ED8B32DBE96E7A3BDE72C953ED8B32DBE96E7A3BE0370043ED7DDECBE8CAFB4BDECCC473EE24873BE912AB7BDDE98573EDC0097BE9ADABABDE72C953ED8B32DBE96E7A3BDECCC473EE24873BE912AB7BDE4295A3EF0F063BE98F6CFBDD98E113EEA493DBEA28B6EBDE4A5163EE7E7E2BE9C22EE,
BDD98E113EEA493DBEA28B6EBDD073153EDFD45ABEA4E5F7BDE4A5163EE7E7E2BE9C22EEBDDE98573EDC0097BE9ADABABDE4A5163EE7E7E2BE9C22EEBDD073153EDFD45ABEA4E5F7BDCF98FA3EFC1A05BE995FABBDE4295A3EF0F063BE98F6CFBDE1DA7B3EFAEFF6BE8A63D8BDE4A5163EE7E7E2BE9C22EEBDDE98573EDC0097BE9ADABABDECCC473EE24873BE912AB7,
BDE4295A3EF0F063BE98F6CFBDE4A5163EE7E7E2BE9C22EEBDECCC473EE24873BE912AB7BDE1DA7B3EFAEFF6BE8A63D8BDE4295A3EF0F063BE98F6CFBDECA6013EEF9A07BE8767D3BDE4295A3EF0F063BE98F6CFBDCF98FA3EFC1A05BE995FABBDD44D443EF27C7CBEA0BDA9BDD98E113EEA493DBEA28B6EBDE4295A3EF0F063BE98F6CFBDD44D443EF27C7CBEA0BDA9,
BE0CE4653ED763A2BE7080FABE0846633ED9D020BE8289B9BE097C3D3ECF268DBE67DAA5BE1473473ECCD530BE196702BE17DE943ECD53EFBDFE6927BE0ADEA93EDD2FC2BE213016BDF7A80D3F0062B2BE1C18F8BE000F343EFB8E2ABE2DED6CBE00AFE63EF2E0E3BE0B7308BDF289DB3EF7D3D4BE6E6D9CBDECA6013EEF9A07BE8767D3BE049A563EE6D4E5BE807D91,
BDE995253F0365FEBE62517EBDF289DB3EF7D3D4BE6E6D9CBDEE5F743EFEB4A6BE4C9DE0BE0370043ED7DDECBE8CAFB4BDF5F4E43EE50332BE8939C9BDECCC473EE24873BE912AB7BE0846633ED9D020BE8289B9BE084DBA3ED37CDDBE876295BE0E20CD3EC1CA19BE7ED4E5BDF289DB3EF7D3D4BE6E6D9CBE05D4203EEED4E5BE4FDC9CBDEE5F743EFEB4A6BE4C9DE0,
BE0AC3EB3EE4D2B3BE5B6D87BE0CE4653ED763A2BE7080FABE0B62C73ED4903FBE416E7ABE06F47B3EED4E90BE33A29CBE00CC793EF23055BE1CEB35BE000F343EFB8E2ABE2DED6CBDD7481B3F05464EBE864474BDE1DA7B3EFAEFF6BE8A63D8BDEAB5803F009881BE768124BE000F343EFB8E2ABE2DED6CBE05D4203EEED4E5BE4FDC9CBE06F47B3EED4E90BE33A29C,
BE05D4203EEED4E5BE4FDC9CBDF289DB3EF7D3D4BE6E6D9CBE076C053EE9FBA4BE6DA8BDBE17DE943ECD53EFBDFE6927BE0B38933EE6BF23BE0AAD60BE0ADEA93EDD2FC2BE213016BDECA6013EEF9A07BE8767D3BDE4295A3EF0F063BE98F6CFBDECCC473EE24873BE912AB7BDFC08743F00A490BE00EF13BDD274E23F097BA6BDED690ABDCEEF1C3F0A2681BE126395,
BE05D4203EEED4E5BE4FDC9CBE0AC3EB3EE4D2B3BE5B6D87BE06F47B3EED4E90BE33A29CBDF5F4E43EE50332BE8939C9BE0370043ED7DDECBE8CAFB4BE0846633ED9D020BE8289B9BE0846633ED9D020BE8289B9BE0370043ED7DDECBE8CAFB4BE084DBA3ED37CDDBE876295BE0749283EE76F6DBE230878BE00CC793EF23055BE1CEB35BE06F47B3EED4E90BE33A29C,
BE0AC3EB3EE4D2B3BE5B6D87BE0B62C73ED4903FBE416E7ABE084FD33EDF5FF6BE3C9D9DBE0B38933EE6BF23BE0AAD60BE0749283EE76F6DBE230878BE0ADEA93EDD2FC2BE213016BDE6A5513F0315A5BE36B9C3BDD274E23F06C95CBE4B2420BDEE5F743EFEB4A6BE4C9DE0BE0AC3EB3EE4D2B3BE5B6D87BE084FD33EDF5FF6BE3C9D9DBE06F47B3EED4E90BE33A29C,
BDE6A5513F0315A5BE36B9C3BDCEEF1C3F0A2681BE126395BDCF8D713F071950BE3773E2BE049A563EE6D4E5BE807D91BDF5F4E43EE50332BE8939C9BE0846633ED9D020BE8289B9BDE72C953ED8B32DBE96E7A3BE0370043ED7DDECBE8CAFB4BDECCC473EE24873BE912AB7BDDE98573EDC0097BE9ADABABDE72C953ED8B32DBE96E7A3BDECCC473EE24873BE912AB7,
BDE995253F0365FEBE62517EBDEAB5803F009881BE768124BDF289DB3EF7D3D4BE6E6D9CBE049A563EE6D4E5BE807D91BE076C053EE9FBA4BE6DA8BDBDF289DB3EF7D3D4BE6E6D9CBDC40FAA3F0C05C4BE652114BDE995253F0365FEBE62517EBDD274E23F06C95CBE4B2420BE00AFE63EF2E0E3BE0B7308BE00CC793EF23055BE1CEB35BE0749283EE76F6DBE230878,
BDE995253F0365FEBE62517EBDEE5F743EFEB4A6BE4C9DE0BDD274E23F06C95CBE4B2420BDC40FAA3F0C05C4BE652114BDA93D963F11DA27BE6943E1BDE995253F0365FEBE62517EBE0846633ED9D020BE8289B9BE0CE4653ED763A2BE7080FABE0B51373EDEAD71BE7A3A08BDE4A5163EE7E7E2BE9C22EEBDDE98573EDC0097BE9ADABABDECCC473EE24873BE912AB7,
BDCF98FA3EFC1A05BE995FABBDE4295A3EF0F063BE98F6CFBDE1DA7B3EFAEFF6BE8A63D8BE00CC793EF23055BE1CEB35BE00AFE63EF2E0E3BE0B7308BE000F343EFB8E2ABE2DED6CBDEAB5803F009881BE768124BDE1DA7B3EFAEFF6BE8A63D8BDF289DB3EF7D3D4BE6E6D9CBE0B62C73ED4903FBE416E7ABE0E9B7C3ED5D5B2BE30E2C1BE084FD33EDF5FF6BE3C9D9D,
BDF5F4E43EE50332BE8939C9BDECA6013EEF9A07BE8767D3BDECCC473EE24873BE912AB7BE076C053EE9FBA4BE6DA8BDBE0B51373EDEAD71BE7A3A08BE0AC3EB3EE4D2B3BE5B6D87BDE6A5513F0315A5BE36B9C3BDEE5F743EFEB4A6BE4C9DE0BE000F343EFB8E2ABE2DED6CBE000F343EFB8E2ABE2DED6CBDEE5F743EFEB4A6BE4C9DE0BE05D4203EEED4E5BE4FDC9C,
BE0E20CD3EC1CA19BE7ED4E5BE097C3D3ECF268DBE67DAA5BE0846633ED9D020BE8289B9BDE6A5513F0315A5BE36B9C3BDCF8D713F071950BE3773E2BDD274E23F06C95CBE4B2420BDD7481B3F05464EBE864474BDEAB5803F009881BE768124BDE995253F0365FEBE62517EBDD7481B3F05464EBE864474BDE995253F0365FEBE62517EBDA93D963F11DA27BE6943E1,
BE0E9B7C3ED5D5B2BE30E2C1BE1473473ECCD530BE196702BE0ADEA93EDD2FC2BE213016BE049A563EE6D4E5BE807D91BE0846633ED9D020BE8289B9BE0B51373EDEAD71BE7A3A08BE076C053EE9FBA4BE6DA8BDBE049A563EE6D4E5BE807D91BE0B51373EDEAD71BE7A3A08BE049A563EE6D4E5BE807D91BDECA6013EEF9A07BE8767D3BDF5F4E43EE50332BE8939C9,
BDE1DA7B3EFAEFF6BE8A63D8BDE4295A3EF0F063BE98F6CFBDECA6013EEF9A07BE8767D3BE0B38933EE6BF23BE0AAD60BE00AFE63EF2E0E3BE0B7308BE0749283EE76F6DBE230878BDE1DA7B3EFAEFF6BE8A63D8BDECA6013EEF9A07BE8767D3BDF289DB3EF7D3D4BE6E6D9CBE05D4203EEED4E5BE4FDC9CBE076C053EE9FBA4BE6DA8BDBE0AC3EB3EE4D2B3BE5B6D87,
BE0ADEA93EDD2FC2BE213016BE0749283EE76F6DBE230878BE084FD33EDF5FF6BE3C9D9DBE0E9B7C3ED5D5B2BE30E2C1BE0ADEA93EDD2FC2BE213016BE084FD33EDF5FF6BE3C9D9DBE06F47B3EED4E90BE33A29CBE084FD33EDF5FF6BE3C9D9DBE0749283EE76F6DBE230878BDE4295A3EF0F063BE98F6CFBDE4A5163EE7E7E2BE9C22EEBDECCC473EE24873BE912AB7,
BDF7A80D3F0062B2BE1C18F8BDFC08743F00A490BE00EF13BDCEEF1C3F0A2681BE126395BDE6A5513F0315A5BE36B9C3BDF7A80D3F0062B2BE1C18F8BDCEEF1C3F0A2681BE126395BE0CE4653ED763A2BE7080FABE0AC3EB3EE4D2B3BE5B6D87BE0B51373EDEAD71BE7A3A08BDF7A80D3F0062B2BE1C18F8BE00AFE63EF2E0E3BE0B7308BDFC08743F00A490BE00EF13,
BDEE09783F04010CBD880304BE04FB123F01FB94BD1C27E9BDE8B32D3F06FE82BD0DC875BE0EE2003EF609143C20B1BCBE0FD4BF3EF62995BCFA41E5BE17CBF73EEA22B4BC1FC2A9BDDCB6853F063DA3BD98FC50BDD91CD23F085176BDC46174BDEF57F73F004F90BDD54FBEBE000F343EFB8E2ABE2DED6CBDF7A80D3F0062B2BE1C18F8BDE6A5513F0315A5BE36B9C3,
BE403AB83ED2DD16BD281DC1BE50F9D33ED20B80BCC5C359BE22D3413EDC76F3BBE03B3FBDEF57F73F004F90BDD54FBEBDD274E23F097BA6BDED690ABDFC08743F00A490BE00EF13BDF7A80D3F0062B2BE1C18F8BE000F343EFB8E2ABE2DED6CBE00AFE63EF2E0E3BE0B7308BE0D77B83EFDC769BC84E400BDF6B1A33F052D34BC9AA822BE04FB123F01FB94BD1C27E9,
BDC709743F0DAB8FBB6BCC6CBDED35223F0893EABB954A80BDED06793F066FD63C70563FBDE8B32D3F06FE82BD0DC875BDF6B1A33F052D34BC9AA822BDED35223F0893EABB954A80BE1473473ECCD530BE196702BE17DE943ECD53EFBDFE6927BE0ADEA93EDD2FC2BE213016BE22D3413EDC76F3BBE03B3FBE1BF7273EDFC19C3BEABFFDBE1B94533EDF0BF2BCDA682B,
BE50F9D33ED20B80BCC5C359BE1BF7273EDFC19C3BEABFFDBE22D3413EDC76F3BBE03B3FBE142A243EF1E7FBBD90D068BE166E443EF00193BD29270BBE0879C43EFFD6B6BD362B6BBE0A8B4C3EF89939BDB2452CBE0D4CBA3EF37ED4BDBDD00FBE142A243EF1E7FBBD90D068BDC33F853F0B66F9BD3A860EBDD65ECC3F072C41BD75F1BFBDE8B32D3F06FE82BD0DC875,
BE11FD153EDF36F0BDC3CFB3BE17DE943ECD53EFBDFE6927BE1AFAF83EC75DBCBDDBAFD9BDD65ECC3F072C41BD75F1BFBDEE09783F04010CBD880304BDE8B32D3F06FE82BD0DC875BE0832FD3EFEA4CABD7F67F5BDEE09783F04010CBD880304BDEF57F73F004F90BDD54FBEBE0832FD3EFEA4CABD7F67F5BDEF57F73F004F90BDD54FBEBE0A8B4C3EF89939BDB2452C,
BE0B38933EE6BF23BE0AAD60BE0C03FF3EECA31EBDE4FC1EBE00AFE63EF2E0E3BE0B7308BE17DE943ECD53EFBDFE6927BE0B38933EE6BF23BE0AAD60BE0ADEA93EDD2FC2BE213016BDC709743F0DAB8FBB6BCC6CBDED06793F066FD63C70563FBDE322AF3F07C2983CD7FF9BBDFC08743F00A490BE00EF13BDD274E23F097BA6BDED690ABDCEEF1C3F0A2681BE126395,
BE11FD153EDF36F0BDC3CFB3BE1AFAF83EC75DBCBDDBAFD9BE1CD4ED3ED26AECBDA6045CBE17CBF73EEA22B4BC1FC2A9BE1460243EEE874D3C08A8B1BE0EE2003EF609143C20B1BCBDEF57F73F004F90BDD54FBEBDEE09783F04010CBD880304BDDCB6853F063DA3BD98FC50BE1EC67A3ED91A97BD17F51FBE1B94533EDF0BF2BCDA682BBE18C8693EE4690EBD719B4E,
BE0B38933EE6BF23BE0AAD60BE0749283EE76F6DBE230878BE0ADEA93EDD2FC2BE213016BDE8B32D3F06FE82BD0DC875BDED35223F0893EABB954A80BDDAE2543F0B3C0CBC6C99F2BE0D4CBA3EF37ED4BDBDD00FBE0A8B4C3EF89939BDB2452CBDFF5D793EFA8A40BDE1E471BDFC08743F00A490BE00EF13BDFF5D793EFA8A40BDE1E471BDEF57F73F004F90BDD54FBE,
BE00AFE63EF2E0E3BE0B7308BE00CC793EF23055BE1CEB35BE0749283EE76F6DBE230878BE0879C43EFFD6B6BD362B6BBE04FB123F01FB94BD1C27E9BDEE09783F04010CBD880304BE0832FD3EFEA4CABD7F67F5BE0879C43EFFD6B6BD362B6BBDEE09783F04010CBD880304BE17CBF73EEA22B4BC1FC2A9BE1B94533EDF0BF2BCDA682BBE1BF7273EDFC19C3BEABFFD,
BDED06793F066FD63C70563FBDED35223F0893EABB954A80BE0224683F008ACE3C470C99BE0879C43EFFD6B6BD362B6BBE0832FD3EFEA4CABD7F67F5BE142A243EF1E7FBBD90D068BDFF5D793EFA8A40BDE1E471BDFC08743F00A490BE00EF13BE00AFE63EF2E0E3BE0B7308BE0C03FF3EECA31EBDE4FC1EBDFF5D793EFA8A40BDE1E471BE00AFE63EF2E0E3BE0B7308,
BE142A243EF1E7FBBD90D068BE0832FD3EFEA4CABD7F67F5BE0A8B4C3EF89939BDB2452CBE0D77B83EFDC769BC84E400BE0FD4BF3EF62995BCFA41E5BE0EE2003EF609143C20B1BCBDE322AF3F07C2983CD7FF9BBDD901083F0A3CA73D118091BDC709743F0DAB8FBB6BCC6CBDED35223F0893EABB954A80BDF6B1A33F052D34BC9AA822BE0224683F008ACE3C470C99,
BDE8B32D3F06FE82BD0DC875BE04FB123F01FB94BD1C27E9BDF6B1A33F052D34BC9AA822BE0D4CBA3EF37ED4BDBDD00FBDFF5D793EFA8A40BDE1E471BE0C03FF3EECA31EBDE4FC1EBE17CBF73EEA22B4BC1FC2A9BE1BF7273EDFC19C3BEABFFDBE16B0533EE3F1843C70A5F0BE1460243EEE874D3C08A8B1BE17CBF73EEA22B4BC1FC2A9BE16B0533EE3F1843C70A5F0,
BE0FD4BF3EF62995BCFA41E5BE0D77B83EFDC769BC84E400BE0879C43EFFD6B6BD362B6BBE18C8693EE4690EBD719B4EBE1EF06B3ED71434BD6A6C1ABE1EC67A3ED91A97BD17F51FBE00CC793EF23055BE1CEB35BE00AFE63EF2E0E3BE0B7308BE000F343EFB8E2ABE2DED6CBDDAE2543F0B3C0CBC6C99F2BDED35223F0893EABB954A80BDC709743F0DAB8FBB6BCC6C,
BE142A243EF1E7FBBD90D068BE18C8693EE4690EBD719B4EBE166E443EF00193BD29270BBDEE09783F04010CBD880304BDD65ECC3F072C41BD75F1BFBDDCB6853F063DA3BD98FC50BE0879C43EFFD6B6BD362B6BBE166E443EF00193BD29270BBE0FD4BF3EF62995BCFA41E5BE0D77B83EFDC769BC84E400BE04FB123F01FB94BD1C27E9BE0879C43EFFD6B6BD362B6B,
BE22D3413EDC76F3BBE03B3FBE1B94533EDF0BF2BCDA682BBE1EC67A3ED91A97BD17F51FBE403AB83ED2DD16BD281DC1BE22D3413EDC76F3BBE03B3FBE1EC67A3ED91A97BD17F51FBE11FD153EDF36F0BDC3CFB3BE1CD4ED3ED26AECBDA6045CBE1EF06B3ED71434BD6A6C1ABE18C8693EE4690EBD719B4EBE11FD153EDF36F0BDC3CFB3BE1EF06B3ED71434BD6A6C1A,
BDC33F853F0B66F9BD3A860EBDE8B32D3F06FE82BD0DC875BDDAE2543F0B3C0CBC6C99F2BE1BF7273EDFC19C3BEABFFDBE50F9D33ED20B80BCC5C359BE4A4F873ED752973C0915BEBE17CBF73EEA22B4BC1FC2A9BE0FD4BF3EF62995BCFA41E5BE166E443EF00193BD29270BBDFF5D793EFA8A40BDE1E471BE0A8B4C3EF89939BDB2452CBDEF57F73F004F90BDD54FBE,
BE166E443EF00193BD29270BBE1B94533EDF0BF2BCDA682BBE17CBF73EEA22B4BC1FC2A9BDD274E23F097BA6BDED690ABDEF57F73F004F90BDD54FBEBDD91CD23F085176BDC46174BE0EE2003EF609143C20B1BCBE0224683F008ACE3C470C99BE0D77B83EFDC769BC84E400BE0224683F008ACE3C470C99BDF6B1A33F052D34BC9AA822BE0D77B83EFDC769BC84E400,
BE142A243EF1E7FBBD90D068BE11FD153EDF36F0BDC3CFB3BE18C8693EE4690EBD719B4EBE0B38933EE6BF23BE0AAD60BE17DE943ECD53EFBDFE6927BE0C03FF3EECA31EBDE4FC1EBE0B38933EE6BF23BE0AAD60BE00AFE63EF2E0E3BE0B7308BE0749283EE76F6DBE230878BE166E443EF00193BD29270BBE18C8693EE4690EBD719B4EBE1B94533EDF0BF2BCDA682B,
BDF7A80D3F0062B2BE1C18F8BE00AFE63EF2E0E3BE0B7308BDFC08743F00A490BE00EF13BE11FD153EDF36F0BDC3CFB3BE142A243EF1E7FBBD90D068BE0D4CBA3EF37ED4BDBDD00FBE11FD153EDF36F0BDC3CFB3BE0D4CBA3EF37ED4BDBDD00FBE0C03FF3EECA31EBDE4FC1EBE11FD153EDF36F0BDC3CFB3BE0C03FF3EECA31EBDE4FC1EBE17DE943ECD53EFBDFE6927,
BE0EE2003EF609143C20B1BCBE0FD4BF3EF62995BCFA41E5BE17CBF73EEA22B4BC1FC2A9BE105E1C3EF95C213D479E5ABE0A89763F0121683D2B0319BE1052933EF88B543CF6AF8ABE0BFF043EE2D7B63E28B86BBE1BBCF53EDF9F453E09DE48BE180DC33EDDCEC03E29218ABDF7A80D3F0062B2BE1C18F8BDFC08743F00A490BE00EF13BDCEEF1C3F0A2681BE126395,
BE1BBCF53EDF9F453E09DE48BE2AF46B3EDB09203E1ADEECBE180DC33EDDCEC03E29218ABE22D3413EDC76F3BBE03B3FBE1BF7273EDFC19C3BEABFFDBE1B94533EDF0BF2BCDA682BBE149FD83EEF05853DAB124DBE1040C03EF821D13D98F2E0BE14191A3EEEFAA43D89C4DBBE0D80A13F01BC233DA88616BDFB25F63F054D623DDDE93ABE02BF553F0621643DAD9F0A,
BE0040C03F0762D83D75DBBABE02BF553F0621643DAD9F0ABDEAE9EE3F08F9093DC35C5BBDD8C75C3F0ECACD3DECA4F4BDF7AF643F097DE13DF232D3BDF0D0683F0B75753E0C0CE9BDFDB5D93F06BF873E17D242BDF0D0683F0B75753E0C0CE9BDF7AF643F097DE13DF232D3BE19E6253EE4AF923D8C0BDDBE1A8EB43EE546B23D1B2B34BE21272D3EE2B4313D754089,
BE2FF2A13EDE91C93DDFF92FBE2C0B9A3EE0D21C3D9D6170BE501EAC3ED6B4EA3DB83383BE14191A3EEEFAA43D89C4DBBE1040C03EF821D13D98F2E0BE105E1C3EF95C213D479E5ABDC709743F0DAB8FBB6BCC6CBDED35223F0893EABB954A80BDED06793F066FD63C70563FBE1052933EF88B543CF6AF8ABE0224683F008ACE3C470C99BE0EE2003EF609143C20B1BC,
BDF0D0683F0B75753E0C0CE9BDFDB5D93F06BF873E17D242BDEB76F73F0A77F73E23EA2DBE50F9D33ED20B80BCC5C359BE1BF7273EDFC19C3BEABFFDBE22D3413EDC76F3BBE03B3FBE16B0533EE3F1843C70A5F0BE19E4D63EED1A223CF470EBBE1460243EEE874D3C08A8B1BE501EAC3ED6B4EA3DB83383BE3D46B23EDCAE863D8220BCBE5B517A3ED24E9C3D746AA1,
BE19E6253EE4AF923D8C0BDDBE2C0B9A3EE0D21C3D9D6170BE1781843EE3EF4A3DDFA00EBE149FD83EEF05853DAB124DBE14191A3EEEFAA43D89C4DBBE1430B13EE877CD3D9F2B24BDFEB1813F0642C03DFE43EEBDFDB5D93F06BF873E17D242BDF7AF643F097DE13DF232D3BDFB25F63F054D623DDDE93ABDF7AF643F097DE13DF232D3BDEAE9EE3F08F9093DC35C5B,
BDF1372A3F0780BB3D2CE896BDD901083F0A3CA73D118091BDE322AF3F07C2983CD7FF9BBE0EB8523EF42F833DD159C5BE1143393EE777D13DEF5A96BE0B62843EF2F1ED3DFC1F00BE17CBF73EEA22B4BC1FC2A9BE1460243EEE874D3C08A8B1BE0EE2003EF609143C20B1BCBDC709743F0DAB8FBB6BCC6CBDED06793F066FD63C70563FBDE322AF3F07C2983CD7FF9B,
BE0040C03F0762D83D75DBBABDD63FDD3F0B774B3D895315BDF1372A3F0780BB3D2CE896BE19E6253EE4AF923D8C0BDDBE1781843EE3EF4A3DDFA00EBE1430B13EE877CD3D9F2B24BDF7AF643F097DE13DF232D3BDD8C75C3F0ECACD3DECA4F4BDEAE9EE3F08F9093DC35C5BBE5023A73ED794C83D17928EBE5B517A3ED24E9C3D746AA1BE3D46B23EDCAE863D8220BC,
BE17CBF73EEA22B4BC1FC2A9BE1B94533EDF0BF2BCDA682BBE1BF7273EDFC19C3BEABFFDBE16B0533EE3F1843C70A5F0BE1BF7273EDFC19C3BEABFFDBE1A8EB43EE546B23D1B2B34BE19E4D63EED1A223CF470EBBE16B0533EE3F1843C70A5F0BE1A8EB43EE546B23D1B2B34BDF1372A3F0780BB3D2CE896BDD63FDD3F0B774B3D895315BDD901083F0A3CA73D118091,
BE059FB23EF54E2B3E1FB2EEBE003E643EFD58863E07BF62BE0B62843EF2F1ED3DFC1F00BE1143393EE777D13DEF5A96BE048B653EEB55CE3E293709BE0B62843EF2F1ED3DFC1F00BE0A89763F0121683D2B0319BE0224683F008ACE3C470C99BE1052933EF88B543CF6AF8ABE059FB23EF54E2B3E1FB2EEBE0B62843EF2F1ED3DFC1F00BE048B653EEB55CE3E293709,
BDD8255B3F0FA7223E0ED7C7BDEB76F73F0A77F73E23EA2DBDBE4B453F11F7943E23DD12BE4DFC1A3ED3F1633DF1AD21BE2FF2A13EDE91C93DDFF92FBE501EAC3ED6B4EA3DB83383BE0EB8523EF42F833DD159C5BDFF1A5D3F01DBEC3DF2C83FBE0D80A13F01BC233DA88616BE0EE5693F0226B33D8C6C55BE02BF553F0621643DAD9F0ABE0040C03F0762D83D75DBBA,
BDFD48453EFE4FFD3E28F606BDFDB5D93F06BF873E17D242BE003E643EFD58863E07BF62BE0A89763F0121683D2B0319BDE322AF3F07C2983CD7FF9BBE0224683F008ACE3C470C99BDED35223F0893EABB954A80BDF6B1A33F052D34BC9AA822BE0224683F008ACE3C470C99BDED06793F066FD63C70563FBDED35223F0893EABB954A80BE0224683F008ACE3C470C99,
BE1052933EF88B543CF6AF8ABE0EE2003EF609143C20B1BCBE1460243EEE874D3C08A8B1BE19E4D63EED1A223CF470EBBE1052933EF88B543CF6AF8ABE1460243EEE874D3C08A8B1BE0D77B83EFDC769BC84E400BE0FD4BF3EF62995BCFA41E5BE0EE2003EF609143C20B1BCBDE322AF3F07C2983CD7FF9BBDD901083F0A3CA73D118091BDC709743F0DAB8FBB6BCC6C,
BE2AF46B3EDB09203E1ADEECBE1BBCF53EDF9F453E09DE48BE2FF2A13EDE91C93DDFF92FBE02BF553F0621643DAD9F0ABE0EE5693F0226B33D8C6C55BE0D80A13F01BC233DA88616BE17CBF73EEA22B4BC1FC2A9BE1BF7273EDFC19C3BEABFFDBE16B0533EE3F1843C70A5F0BE1460243EEE874D3C08A8B1BE17CBF73EEA22B4BC1FC2A9BE16B0533EE3F1843C70A5F0,
BE1040C03EF821D13D98F2E0BE0D80A13F01BC233DA88616BE0EE5693F0226B33D8C6C55BE105E1C3EF95C213D479E5ABE1040C03EF821D13D98F2E0BE0EE5693F0226B33D8C6C55BE5023A73ED794C83D17928EBE3D31333EDC63493D2FAF86BE4A4F873ED752973C0915BEBDE322AF3F07C2983CD7FF9BBDED06793F066FD63C70563FBE0224683F008ACE3C470C99,
BE105E1C3EF95C213D479E5ABE1052933EF88B543CF6AF8ABE19E4D63EED1A223CF470EBBE19E6253EE4AF923D8C0BDDBE105E1C3EF95C213D479E5ABE19E4D63EED1A223CF470EBBE1A8EB43EE546B23D1B2B34BE19E6253EE4AF923D8C0BDDBE19E4D63EED1A223CF470EBBDFF1A5D3F01DBEC3DF2C83FBDFEB1813F0642C03DFE43EEBDFB25F63F054D623DDDE93A,
BE0EB8523EF42F833DD159C5BE1040C03EF821D13D98F2E0BE149FD83EEF05853DAB124DBE1430B13EE877CD3D9F2B24BE0EB8523EF42F833DD159C5BE149FD83EEF05853DAB124DBDEAE9EE3F08F9093DC35C5BBE02BF553F0621643DAD9F0ABDFB25F63F054D623DDDE93ABE003E643EFD58863E07BF62BDFF1A5D3F01DBEC3DF2C83FBE0EB8523EF42F833DD159C5,
BE501EAC3ED6B4EA3DB83383BE2C0B9A3EE0D21C3D9D6170BE3D46B23EDCAE863D8220BCBDBA24893F1044D03DAD013BBDCD99CC3F0CBD773DA27BF6BDEAE9EE3F08F9093DC35C5BBDD8C75C3F0ECACD3DECA4F4BDBA24893F1044D03DAD013BBDEAE9EE3F08F9093DC35C5BBDFEB1813F0642C03DFE43EEBE003E643EFD58863E07BF62BDFDB5D93F06BF873E17D242,
BE1BF7273EDFC19C3BEABFFDBE50F9D33ED20B80BCC5C359BE4A4F873ED752973C0915BEBDD63FDD3F0B774B3D895315BE0040C03F0762D83D75DBBABDEAE9EE3F08F9093DC35C5BBDCD99CC3F0CBD773DA27BF6BDD63FDD3F0B774B3D895315BDEAE9EE3F08F9093DC35C5BBE0040C03F0762D83D75DBBABDF1372A3F0780BB3D2CE896BE0A89763F0121683D2B0319,
BDF1372A3F0780BB3D2CE896BDE322AF3F07C2983CD7FF9BBE0A89763F0121683D2B0319BE2FF2A13EDE91C93DDFF92FBE1781843EE3EF4A3DDFA00EBE2C0B9A3EE0D21C3D9D6170BE1143393EE777D13DEF5A96BE0EB8523EF42F833DD159C5BE1430B13EE877CD3D9F2B24BE1781843EE3EF4A3DDFA00EBE1143393EE777D13DEF5A96BE1430B13EE877CD3D9F2B24,
BE1BF7273EDFC19C3BEABFFDBE3D31333EDC63493D2FAF86BE21272D3EE2B4313D754089BE21272D3EE2B4313D754089BE1A8EB43EE546B23D1B2B34BE1BF7273EDFC19C3BEABFFDBE19E6253EE4AF923D8C0BDDBE21272D3EE2B4313D754089BE2C0B9A3EE0D21C3D9D6170BDFB25F63F054D623DDDE93ABDFEB1813F0642C03DFE43EEBDF7AF643F097DE13DF232D3,
BE0224683F008ACE3C470C99BDF6B1A33F052D34BC9AA822BE0D77B83EFDC769BC84E400BE0EB8523EF42F833DD159C5BE0B62843EF2F1ED3DFC1F00BE003E643EFD58863E07BF62BE14191A3EEEFAA43D89C4DBBE19E6253EE4AF923D8C0BDDBE1430B13EE877CD3D9F2B24BE1BF7273EDFC19C3BEABFFDBE4A4F873ED752973C0915BEBE3D31333EDC63493D2FAF86,
BE21272D3EE2B4313D754089BE3D31333EDC63493D2FAF86BE3D46B23EDCAE863D8220BCBE2C0B9A3EE0D21C3D9D6170BE21272D3EE2B4313D754089BE3D46B23EDCAE863D8220BCBE059FB23EF54E2B3E1FB2EEBDFD48453EFE4FFD3E28F606BE003E643EFD58863E07BF62BE0EE2003EF609143C20B1BCBE0224683F008ACE3C470C99BE0D77B83EFDC769BC84E400,
BE2FF2A13EDE91C93DDFF92FBE1BBCF53EDF9F453E09DE48BE1781843EE3EF4A3DDFA00EBE003E643EFD58863E07BF62BDFEB1813F0642C03DFE43EEBDFF1A5D3F01DBEC3DF2C83FBE1143393EE777D13DEF5A96BE0BFF043EE2D7B63E28B86BBE048B653EEB55CE3E293709BE3D31333EDC63493D2FAF86BE5023A73ED794C83D17928EBE3D46B23EDCAE863D8220BC,
BE2FF2A13EDE91C93DDFF92FBE440EE03ED4C22F3E157D18BE2AF46B3EDB09203E1ADEECBDD8C75C3F0ECACD3DECA4F4BDF0D0683F0B75753E0C0CE9BDD8255B3F0FA7223E0ED7C7BE0BFF043EE2D7B63E28B86BBE1143393EE777D13DEF5A96BE1781843EE3EF4A3DDFA00EBE1BBCF53EDF9F453E09DE48BE0BFF043EE2D7B63E28B86BBE1781843EE3EF4A3DDFA00E,
BE14191A3EEEFAA43D89C4DBBE105E1C3EF95C213D479E5ABE19E6253EE4AF923D8C0BDDBDEB76F73F0A77F73E23EA2DBDD8255B3F0FA7223E0ED7C7BDF0D0683F0B75753E0C0CE9BE0EB8523EF42F833DD159C5BE0D80A13F01BC233DA88616BE1040C03EF821D13D98F2E0BE2FF2A13EDE91C93DDFF92FBE4DFC1A3ED3F1633DF1AD21BE440EE03ED4C22F3E157D18,
BDFAB7DC3EF4F0303E42B8C7BDFD48453EFE4FFD3E28F606BE059FB23EF54E2B3E1FB2EEBE0D80A13F01BC233DA88616BDFF1A5D3F01DBEC3DF2C83FBDFB25F63F054D623DDDE93ABE0EE5693F0226B33D8C6C55BE0040C03F0762D83D75DBBABE0A89763F0121683D2B0319BE105E1C3EF95C213D479E5ABE0EE5693F0226B33D8C6C55BE0A89763F0121683D2B0319,
BE1380CB3EDD42A23E498AA8BE1EB0753ED8FD5D3E40EFDDBE180BED3ED6B7243E580991BE059FB23EF54E2B3E1FB2EEBE048B653EEB55CE3E293709BDFAB7DC3EF4F0303E42B8C7BE0BFF043EE2D7B63E28B86BBE1BBCF53EDF9F453E09DE48BE180DC33EDDCEC03E29218ABDFDB5D93F06BF873E17D242BDFD48453EFE4FFD3E28F606BDEE789E3F071FEF3E37B4A2,
BE11337F3EDD63883E6505D1BE0FDDEC3EE6177F3E568A0DBE1380CB3EDD42A23E498AA8BDFDB5D93F06BF873E17D242BDF0D0683F0B75753E0C0CE9BDF7AF643F097DE13DF232D3BE1BBCF53EDF9F453E09DE48BE2AF46B3EDB09203E1ADEECBE180DC33EDDCEC03E29218ABE1380CB3EDD42A23E498AA8BE0CD4ED3EE69F8C3E36A876BE0BFF043EE2D7B63E28B86B,
BDF47CFA3EEE4D3C3E832B34BE08E92D3EED02473E6BB129BE0D61F63EE60B4E3E756755BE1EB0753ED8FD5D3E40EFDDBE1380CB3EDD42A23E498AA8BE180DC33EDDCEC03E29218ABDD4CB193EF306813E8D6BA9BDF47CFA3EEE4D3C3E832B34BDD9ED7C3EECF56F3E9270B0BE11337F3EDD63883E6505D1BE180BED3ED6B7243E580991BE11CF353ED615A93E7888B5,
BDFEB1813F0642C03DFE43EEBDFDB5D93F06BF873E17D242BDF7AF643F097DE13DF232D3BDF0D0683F0B75753E0C0CE9BDFDB5D93F06BF873E17D242BDEB76F73F0A77F73E23EA2DBE2AF46B3EDB09203E1ADEECBE1EB0753ED8FD5D3E40EFDDBE180DC33EDDCEC03E29218ABDBF0ED43F0056603E831DD6BDE031CF3F067CF23E4FE1DABDE62FE03EFADBE83E598A65,
BDD7C2CA3EF9BD1F3E6F78FFBE08E92D3EED02473E6BB129BDF47CFA3EEE4D3C3E832B34BE0CD4ED3EE69F8C3E36A876BE0FDDEC3EE6177F3E568A0DBE09CB683EEBC6A83E4253DABE0BFF043EE2D7B63E28B86BBE0CD4ED3EE69F8C3E36A876BE048B653EEB55CE3E293709BE0D61F63EE60B4E3E756755BE11CF353ED615A93E7888B5BE0BA1F53EDFA8B53E81A7A0,
BE048B653EEB55CE3E293709BE0CD4ED3EE69F8C3E36A876BDFAB7DC3EF4F0303E42B8C7BE08E92D3EED02473E6BB129BDF61D433EF4C1663E58882FBE0A4C1F3EED65C33E57CA64BDBE4B453F11F7943E23DD12BDEB76F73F0A77F73E23EA2DBDCE6EA83F0B90113E3E707EBE11337F3EDD63883E6505D1BE1380CB3EDD42A23E498AA8BE180BED3ED6B7243E580991,
BE0FDDEC3EE6177F3E568A0DBE0D61F63EE60B4E3E756755BE08E92D3EED02473E6BB129BE059FB23EF54E2B3E1FB2EEBE0B62843EF2F1ED3DFC1F00BE048B653EEB55CE3E293709BE0BFF043EE2D7B63E28B86BBE180DC33EDDCEC03E29218ABE1380CB3EDD42A23E498AA8BE09CB683EEBC6A83E4253DABDF61D433EF4C1663E58882FBDFAB7DC3EF4F0303E42B8C7,
BE0BA1F53EDFA8B53E81A7A0BE11CF353ED615A93E7888B5BE0116233EDF9DF53E8CAE86BE059FB23EF54E2B3E1FB2EEBE003E643EFD58863E07BF62BE0B62843EF2F1ED3DFC1F00BE1143393EE777D13DEF5A96BE048B653EEB55CE3E293709BE0B62843EF2F1ED3DFC1F00BDEE789E3F071FEF3E37B4A2BDCE6EA83F0B90113E3E707EBDEB76F73F0A77F73E23EA2D,
BE11337F3EDD63883E6505D1BE11CF353ED615A93E7888B5BE0D61F63EE60B4E3E756755BE11337F3EDD63883E6505D1BE0D61F63EE60B4E3E756755BE0FDDEC3EE6177F3E568A0DBDFD48453EFE4FFD3E28F606BDFDB5D93F06BF873E17D242BE003E643EFD58863E07BF62BDD8255B3F0FA7223E0ED7C7BDEB76F73F0A77F73E23EA2DBDBE4B453F11F7943E23DD12,
BE2AF46B3EDB09203E1ADEECBE1BBCF53EDF9F453E09DE48BE2FF2A13EDE91C93DDFF92FBDFD48453EFE4FFD3E28F606BDE031CF3F067CF23E4FE1DABDEE789E3F071FEF3E37B4A2BE0A4C1F3EED65C33E57CA64BE0FDDEC3EE6177F3E568A0DBE08E92D3EED02473E6BB129BDFC22253EE69B393E89B068BDD9ED7C3EECF56F3E9270B0BDF47CFA3EEE4D3C3E832B34,
BE0116233EDF9DF53E8CAE86BE02B23A3ED21DB83E92A433BDF2F9873ED622A33E9965B2BDFC22253EE69B393E89B068BDD9B5E93EE2D4913E989332BDD9ED7C3EECF56F3E9270B0BE0BA1F53EDFA8B53E81A7A0BE0116233EDF9DF53E8CAE86BDFC22253EE69B393E89B068BE0D61F63EE60B4E3E756755BE0BA1F53EDFA8B53E81A7A0BDFC22253EE69B393E89B068,
BDFAB7DC3EF4F0303E42B8C7BE0CD4ED3EE69F8C3E36A876BE09CB683EEBC6A83E4253DABDF61D433EF4C1663E58882FBE08E92D3EED02473E6BB129BDD7C2CA3EF9BD1F3E6F78FFBDE62FE03EFADBE83E598A65BDF61D433EF4C1663E58882FBDD7C2CA3EF9BD1F3E6F78FFBE0116233EDF9DF53E8CAE86BE11CF353ED615A93E7888B5BE02B23A3ED21DB83E92A433,
BDFEB1813F0642C03DFE43EEBE003E643EFD58863E07BF62BDFDB5D93F06BF873E17D242BE0D61F63EE60B4E3E756755BDFC22253EE69B393E89B068BDF47CFA3EEE4D3C3E832B34BDEE789E3F071FEF3E37B4A2BDEB76F73F0A77F73E23EA2DBDFDB5D93F06BF873E17D242BDEE789E3F071FEF3E37B4A2BDE031CF3F067CF23E4FE1DABDCE6EA83F0B90113E3E707E,
BDF61D433EF4C1663E58882FBE09CB683EEBC6A83E4253DABE0A4C1F3EED65C33E57CA64BDBF0ED43F0056603E831DD6BDE62FE03EFADBE83E598A65BDD7C2CA3EF9BD1F3E6F78FFBE0FDDEC3EE6177F3E568A0DBE0CD4ED3EE69F8C3E36A876BE1380CB3EDD42A23E498AA8BDFAB7DC3EF4F0303E42B8C7BDE62FE03EFADBE83E598A65BDE031CF3F067CF23E4FE1DA,
BE0BFF043EE2D7B63E28B86BBE1143393EE777D13DEF5A96BE1781843EE3EF4A3DDFA00EBE1BBCF53EDF9F453E09DE48BE0BFF043EE2D7B63E28B86BBE1781843EE3EF4A3DDFA00EBE1143393EE777D13DEF5A96BE0BFF043EE2D7B63E28B86BBE048B653EEB55CE3E293709BE059FB23EF54E2B3E1FB2EEBDFD48453EFE4FFD3E28F606BE003E643EFD58863E07BF62,
BE0FDDEC3EE6177F3E568A0DBE0A4C1F3EED65C33E57CA64BE09CB683EEBC6A83E4253DABE0116233EDF9DF53E8CAE86BDF2F9873ED622A33E9965B2BDD9B5E93EE2D4913E989332BDFAB7DC3EF4F0303E42B8C7BDF61D433EF4C1663E58882FBDE62FE03EFADBE83E598A65BDFD48453EFE4FFD3E28F606BDFAB7DC3EF4F0303E42B8C7BDE031CF3F067CF23E4FE1DA,
BE2AF46B3EDB09203E1ADEECBE39BAA13ED44FE33E2593A3BE1EB0753ED8FD5D3E40EFDDBE2FF2A13EDE91C93DDFF92FBE4DFC1A3ED3F1633DF1AD21BE440EE03ED4C22F3E157D18BE2FF2A13EDE91C93DDFF92FBE440EE03ED4C22F3E157D18BE2AF46B3EDB09203E1ADEECBDFC22253EE69B393E89B068BE0116233EDF9DF53E8CAE86BDD9B5E93EE2D4913E989332,
BDD4CB193EF306813E8D6BA9BDF47CFA3EEE4D3C3E832B34BDD9ED7C3EECF56F3E9270B0BDD4CB193EF306813E8D6BA9BDD7C2CA3EF9BD1F3E6F78FFBDF47CFA3EEE4D3C3E832B34BE2AF46B3EDB09203E1ADEECBE440EE03ED4C22F3E157D18BE39BAA13ED44FE33E2593A3BDEB76F73F0A77F73E23EA2DBDD8255B3F0FA7223E0ED7C7BDF0D0683F0B75753E0C0CE9,
BE0116233EDF9DF53E8CAE86BE02B23A3ED21DB83E92A433BDF2F9873ED622A33E9965B2BDD9B5E93EE2D4913E989332BDF2F9873ED622A33E9965B2BDBAF6403ED8C2833EA624DDBDFC22253EE69B393E89B068BDD9B5E93EE2D4913E989332BDD9ED7C3EECF56F3E9270B0BDFC22253EE69B393E89B068BDD9ED7C3EECF56F3E9270B0BDF47CFA3EEE4D3C3E832B34,
BDC40FAA3F0C05C4BE652114BDA93D963F11DA27BE6943E1BDE995253F0365FEBE62517EBDFC22253EE69B393E89B068BE0116233EDF9DF53E8CAE86BDD9B5E93EE2D4913E989332BE0116233EDF9DF53E8CAE86BDF2F9873ED622A33E9965B2BDD9B5E93EE2D4913E989332BE0116233EDF9DF53E8CAE86BE11CF353ED615A93E7888B5BE02B23A3ED21DB83E92A433,
BDD8255B3F0FA7223E0ED7C7BDEB76F73F0A77F73E23EA2DBDBE4B453F11F7943E23DD12BDBE4B453F11F7943E23DD12BDEB76F73F0A77F73E23EA2DBDCE6EA83F0B90113E3E707EBDD8255B3F0FA7223E0ED7C7BDEB76F73F0A77F73E23EA2DBDBE4B453F11F7943E23DD12BDD7481B3F05464EBE864474BDE995253F0365FEBE62517EBDA93D963F11DA27BE6943E1,
BE44E4433F44F5C3BEBFC244BE4115163F49CAB0BEC49D9DBE3DF97B3F475B60BEC52568BDC9E1B13F49C8B8BEC96EDFBDF8854D3F49CBBCBEC941A7BDC9F16B3F4C71F8BEC60AA6BDB8AC9F3F4432FDBE9C998DBDC82B633F4A005CBE9ABDC2BE003FF73F4639C5BE9D2B6FBE413AD63F591DEFBEC650A4BE5DED6C3F617E56BED31EE2BE266ADB3F5A3758BED1320E,
BE4C386D3F43BB62BEB61C37BE436B093F43AE14BEAD1F82BE5714343F456052BEAA9197BE000DE53F3F0AF6BEB14B38BDC3A2163F3E47FEBEBDC24CBDB7FE093F3DA4DFBEB9144DBE13C89F3F5B2C95BED1565CBE0587D73F56A2F5BED0E560BE158EEB3F5728A6BECF9E17BE50D4133F4F5AD9BEBFA95DBE4115163F49CAB0BEC49D9DBE66F9BA3F50C576BEBD6FFC,
BE413AD63F591DEFBEC650A4BE158EEB3F5728A6BECF9E17BE1464DC3F531E9FBEC5B35BBE17A4A53F407475BEB34480BE04302B3F409225BEBB9CB7BE000DE53F3F0AF6BEB14B38BE30F12C3F574F94BE98750CBE51E0C63F57736DBE98229ABE28BFC23F53FC01BE97F79DBE6310563F48F228BEA4E4EBBE5714343F456052BEAA9197BE2F9CA63F46F1DCBE9F980F,
BE435D253F548D09BEC0DA3CBE513A0C3F59A06ABEC3CA32BE413AD63F591DEFBEC650A4BE4115163F49CAB0BEC49D9DBE44E4433F44F5C3BEBFC244BE4A005C3F47381DBEC4304DBE44E4433F44F5C3BEBFC244BE3DF97B3F475B60BEC52568BE3378683F453EB4BEC1D862BE2B49173F49BFDFBEC65BEABDFF30E83F4E7275BEC4CC25BE0658823F4C4630BEC5C465,
BDEFDDA93F478349BEC902BCBE04302B3F409225BEBB9CB7BE1E0E303F445469BEBFB092BE665ADE3F44FE48BEBABE06BE3A4B123F43707ABEBBFB9CBE4C386D3F43BB62BEB61C37BE61F2DC3F454339BEAF3DC0BE6310563F48F228BEA4E4EBBE7AE6003F47F22CBEAB647CBE2F9CA63F46F1DCBE9F980FBE398F1D3F448302BEA664F5BE1CC4AC3F44DEF4BEA0A41A,
BE50D4133F4F5AD9BEBFA95DBE435D253F548D09BEC0DA3CBDFF30E83F4E7275BEC4CC25BE3311E83F42977DBEAFF21BBE17A4A53F407475BEB34480BE22D44E3F41F117BEAA8B2ABDE8D10F3F4E7536BEC5FBD7BDEEA7483F51D788BECD7668BDC9F16B3F4C71F8BEC60AA6BDF8854D3F49CBBCBEC941A7BE0658823F4C4630BEC5C465BDC9F16B3F4C71F8BEC60AA6,
BE1464DC3F531E9FBEC5B35BBE435D253F548D09BEC0DA3CBE413AD63F591DEFBEC650A4BDAAD9273F5482E0BECEDA45BDE5ECC43F5A582EBECF021DBDBD82773F5AD05FBECC2CA1BE28BFC23F53FC01BE97F79DBE4917D73F4F7037BE9A2C67BE3670193F4BF39DBE9B16E3BDF8854D3F49CBBCBEC941A7BDC9E1B13F49C8B8BEC96EDFBDEFDDA93F478349BEC902BC,
BE2B49173F49BFDFBEC65BEABE0658823F4C4630BEC5C465BDF8854D3F49CBBCBEC941A7BE3DF97B3F475B60BEC52568BE2B49173F49BFDFBEC65BEABDF8854D3F49CBBCBEC941A7BE4C386D3F43BB62BEB61C37BE61F2DC3F454339BEAF3DC0BE8041463F464FB9BEB34374BE665ADE3F44FE48BEBABE06BE4C386D3F43BB62BEB61C37BE8041463F464FB9BEB34374,
BDEFDDA93F478349BEC902BCBE1E0E303F445469BEBFB092BE3DF97B3F475B60BEC52568BE70763A3F474B62BEC04513BE4115163F49CAB0BEC49D9DBE4A005C3F47381DBEC4304DBE665ADE3F44FE48BEBABE06BE70763A3F474B62BEC04513BE4A005C3F47381DBEC4304DBE5714343F456052BEAA9197BE6310563F48F228BEA4E4EBBE61F2DC3F454339BEAF3DC0,
BE5FA4403F582D17BEC042FABE74AD363F5CA2CBBEC084E8BE5B16C23F5CFB65BEC6BB13BE5B16C23F5CFB65BEC6BB13BE413AD63F591DEFBEC650A4BE513A0C3F59A06ABEC3CA32BDE63BEF3F3F498CBEA7F089BE0A222D3F4023D9BEAC610FBE000DE53F3F0AF6BEB14B38BDE13A933F53A850BED01494BDEEA7483F51D788BECD7668BE0587D73F56A2F5BED0E560,
BE0658823F4C4630BEC5C465BDFF30E83F4E7275BEC4CC25BDE8D10F3F4E7536BEC5FBD7BDC9F16B3F4C71F8BEC60AA6BE0658823F4C4630BEC5C465BDE8D10F3F4E7536BEC5FBD7BE1148BB3F58BBF5BE9AA0A9BE332B993F638B7ABEA4EC42BE30E0A83F5C857FBE9BB774BE158EEB3F5728A6BECF9E17BE413AD63F591DEFBEC650A4BE266ADB3F5A3758BED1320E,
BE398F1D3F448302BEA664F5BE22D44E3F41F117BEAA8B2ABE1CC4AC3F44DEF4BEA0A41ABE000DE53F3F0AF6BEB14B38BE04302B3F409225BEBB9CB7BDC3A2163F3E47FEBEBDC24CBE51E0C63F57736DBE98229ABE45AFF33F5B0BE1BE99528FBE638BCE3F5A2E6FBE98E25DBDFF30E83F4E7275BEC4CC25BE2B49173F49BFDFBEC65BEABE50D4133F4F5AD9BEBFA95D,
BE2B24A73F42CF20BEB92B5EBE04302B3F409225BEBB9CB7BE17A4A53F407475BEB34480BDE5ECC43F5A582EBECF021DBDE13A933F53A850BED01494BE0587D73F56A2F5BED0E560BE0A222D3F4023D9BEAC610FBE22D44E3F41F117BEAA8B2ABE17A4A53F407475BEB34480BE000DE53F3F0AF6BEB14B38BE0A222D3F4023D9BEAC610FBE17A4A53F407475BEB34480,
BE61F2DC3F454339BEAF3DC0BE7AE6003F47F22CBEAB647CBE8041463F464FB9BEB34374BE13137B3F4FAE04BE98AA65BE1230BA3F552D77BE9892CDBE28BFC23F53FC01BE97F79DBE158EEB3F5728A6BECF9E17BDE8D10F3F4E7536BEC5FBD7BE1464DC3F531E9FBEC5B35BBE4C386D3F43BB62BEB61C37BE5714343F456052BEAA9197BE61F2DC3F454339BEAF3DC0,
BE413AD63F591DEFBEC650A4BE5B16C23F5CFB65BEC6BB13BE5DED6C3F617E56BED31EE2BDF5C2093F55CB79BE9ABABFBD900CD83F4ACB53BE9B18B9BD9A69383F52490ABE9EABBDBE44E4433F44F5C3BEBFC244BE3378683F453EB4BEC1D862BE3A4B123F43707ABEBBFB9CBE6310563F48F228BEA4E4EBBE2F9CA63F46F1DCBE9F980FBE552A413F4D4E90BE9CBCAE,
BE2B24A73F42CF20BEB92B5EBE17A4A53F407475BEB34480BE3311E83F42977DBEAFF21BBDEE807C3F4F29E5BE990907BD900CD83F4ACB53BE9B18B9BDF5C2093F55CB79BE9ABABFBE3378683F453EB4BEC1D862BE1E0E303F445469BEBFB092BE2B24A73F42CF20BEB92B5EBE000DE53F3F0AF6BEB14B38BDB7FE093F3DA4DFBEB9144DBDD10A133F3DD628BEB074A7,
BDEE807C3F4F29E5BE990907BE003FF73F4639C5BE9D2B6FBDC82B633F4A005CBE9ABDC2BE5B16C23F5CFB65BEC6BB13BE513A0C3F59A06ABEC3CA32BE5FA4403F582D17BEC042FABE51E0C63F57736DBE98229ABE30F12C3F574F94BE98750CBE45AFF33F5B0BE1BE99528FBDF5C9603F5B8972BEA14531BE1148BB3F58BBF5BE9AA0A9BDF5C2093F55CB79BE9ABABF,
BE04302B3F409225BEBB9CB7BDEFDDA93F478349BEC902BCBDBE94AB3F45144DBEC778FFBE0587D73F56A2F5BED0E560BE13C89F3F5B2C95BED1565CBDE5ECC43F5A582EBECF021DBE0C07AB3F42C6CEBEA29952BE0A222D3F4023D9BEAC610FBDE63BEF3F3F498CBEA7F089BDFC06E23F42DBB6BEA0D973BE0C07AB3F42C6CEBEA29952BDE63BEF3F3F498CBEA7F089,
BE1148BB3F58BBF5BE9AA0A9BE30E0A83F5C857FBE9BB774BE30F12C3F574F94BE98750CBE28BFC23F53FC01BE97F79DBE1148BB3F58BBF5BE9AA0A9BE30F12C3F574F94BE98750CBE665ADE3F44FE48BEBABE06BE4A005C3F47381DBEC4304DBE44E4433F44F5C3BEBFC244BDC3A2163F3E47FEBEBDC24CBE04302B3F409225BEBB9CB7BDBE94AB3F45144DBEC778FF,
BE2B24A73F42CF20BEB92B5EBE3311E83F42977DBEAFF21BBE4C386D3F43BB62BEB61C37BDFC06E23F42DBB6BEA0D973BE003FF73F4639C5BE9D2B6FBE0C07AB3F42C6CEBEA29952BDE63BEF3F3F498CBEA7F089BDD10A133F3DD628BEB074A7BDB5E6BC3F3D5704BEAB5372BE1230BA3F552D77BE9892CDBE1148BB3F58BBF5BE9AA0A9BE28BFC23F53FC01BE97F79D,
BE3670193F4BF39DBE9B16E3BE2F9CA63F46F1DCBE9F980FBE003FF73F4639C5BE9D2B6FBE158EEB3F5728A6BECF9E17BE0587D73F56A2F5BED0E560BDEEA7483F51D788BECD7668BDE8D10F3F4E7536BEC5FBD7BE158EEB3F5728A6BECF9E17BDEEA7483F51D788BECD7668BE3311E83F42977DBEAFF21BBE436B093F43AE14BEAD1F82BE4C386D3F43BB62BEB61C37,
BDC5BB7B3F500B67BECDB121BDC9F16B3F4C71F8BEC60AA6BDEEA7483F51D788BECD7668BDE13A933F53A850BED01494BDC5BB7B3F500B67BECDB121BDEEA7483F51D788BECD7668BE44E4433F44F5C3BEBFC244BE3A4B123F43707ABEBBFB9CBE665ADE3F44FE48BEBABE06BE2F9CA63F46F1DCBE9F980FBE1CC4AC3F44DEF4BEA0A41ABE003FF73F4639C5BE9D2B6F,
BE6310563F48F228BEA4E4EBBE552A413F4D4E90BE9CBCAEBE7790FB3F4D35FCBEA233BEBDF5C9603F5B8972BEA14531BE332B993F638B7ABEA4EC42BE1148BB3F58BBF5BE9AA0A9BE552A413F4D4E90BE9CBCAEBE2F9CA63F46F1DCBE9F980FBE3670193F4BF39DBE9B16E3BE4917D73F4F7037BE9A2C67BE552A413F4D4E90BE9CBCAEBE3670193F4BF39DBE9B16E3,
BDB8AC9F3F4432FDBE9C998DBDFC06E23F42DBB6BEA0D973BDAD71F33F404F1ABE9F4AFDBDB5C7473F3E45D4BEA49668BDFC06E23F42DBB6BEA0D973BDE63BEF3F3F498CBEA7F089BDB5E6BC3F3D5704BEAB5372BDB5C7473F3E45D4BEA49668BDE63BEF3F3F498CBEA7F089BE1464DC3F531E9FBEC5B35BBDFF30E83F4E7275BEC4CC25BE435D253F548D09BEC0DA3C,
BE000DE53F3F0AF6BEB14B38BDD10A133F3DD628BEB074A7BDE63BEF3F3F498CBEA7F089BE04302B3F409225BEBB9CB7BE2B24A73F42CF20BEB92B5EBE1E0E303F445469BEBFB092BE5714343F456052BEAA9197BE436B093F43AE14BEAD1F82BE398F1D3F448302BEA664F5BDFC06E23F42DBB6BEA0D973BDB5C7473F3E45D4BEA49668BDAD71F33F404F1ABE9F4AFD,
BE398F1D3F448302BEA664F5BE3311E83F42977DBEAFF21BBE22D44E3F41F117BEAA8B2ABE436B093F43AE14BEAD1F82BE3311E83F42977DBEAFF21BBE398F1D3F448302BEA664F5BE0A222D3F4023D9BEAC610FBE0C07AB3F42C6CEBEA29952BE22D44E3F41F117BEAA8B2ABE5714343F456052BEAA9197BE398F1D3F448302BEA664F5BE2F9CA63F46F1DCBE9F980F,
BE4115163F49CAB0BEC49D9DBE50D4133F4F5AD9BEBFA95DBE2B49173F49BFDFBEC65BEABE3DF97B3F475B60BEC52568BE4115163F49CAB0BEC49D9DBE2B49173F49BFDFBEC65BEABDF5C9603F5B8972BEA14531BDF5C2093F55CB79BE9ABABFBD9A69383F52490ABE9EABBDBE86DE123F49DD7FBEBDC726BE66F9BA3F50C576BEBD6FFCBE4115163F49CAB0BEC49D9D,
BDEE807C3F4F29E5BE990907BDF5C2093F55CB79BE9ABABFBE1230BA3F552D77BE9892CDBE3DF97B3F475B60BEC52568BE1E0E303F445469BEBFB092BE3378683F453EB4BEC1D862BE1230BA3F552D77BE9892CDBE13137B3F4FAE04BE98AA65BDEE807C3F4F29E5BE990907BE4C386D3F43BB62BEB61C37BE3A4B123F43707ABEBBFB9CBE2B24A73F42CF20BEB92B5E,
BE4917D73F4F7037BE9A2C67BE51E0C63F57736DBE98229ABE66AE7D3F519FF5BE9B6AE8BE552A413F4D4E90BE9CBCAEBE4917D73F4F7037BE9A2C67BE66AE7D3F519FF5BE9B6AE8BE51E0C63F57736DBE98229ABE638BCE3F5A2E6FBE98E25DBE66AE7D3F519FF5BE9B6AE8BE1148BB3F58BBF5BE9AA0A9BE1230BA3F552D77BE9892CDBDF5C2093F55CB79BE9ABABF,
BE28BFC23F53FC01BE97F79DBE51E0C63F57736DBE98229ABE4917D73F4F7037BE9A2C67BE45AFF33F5B0BE1BE99528FBE30F12C3F574F94BE98750CBE30E0A83F5C857FBE9BB774BE0C07AB3F42C6CEBEA29952BE003FF73F4639C5BE9D2B6FBE1CC4AC3F44DEF4BEA0A41ABE0C07AB3F42C6CEBEA29952BE1CC4AC3F44DEF4BEA0A41ABE22D44E3F41F117BEAA8B2A,
BE3670193F4BF39DBE9B16E3BE13137B3F4FAE04BE98AA65BE28BFC23F53FC01BE97F79DBE3A4B123F43707ABEBBFB9CBE3378683F453EB4BEC1D862BE2B24A73F42CF20BEB92B5EBE3DF97B3F475B60BEC52568BDF8854D3F49CBBCBEC941A7BDEFDDA93F478349BEC902BCBE1464DC3F531E9FBEC5B35BBDE8D10F3F4E7536BEC5FBD7BDFF30E83F4E7275BEC4CC25,
BDB8AC9F3F4432FDBE9C998DBE003FF73F4639C5BE9D2B6FBDFC06E23F42DBB6BEA0D973BE3670193F4BF39DBE9B16E3BE003FF73F4639C5BE9D2B6FBE13137B3F4FAE04BE98AA65BE158EEB3F5728A6BECF9E17BE266ADB3F5A3758BED1320EBE13C89F3F5B2C95BED1565CBE552A413F4D4E90BE9CBCAEBE66AE7D3F519FF5BE9B6AE8BE7790FB3F4D35FCBEA233BE,
BE5FA4403F582D17BEC042FABE6D80A13F544EF9BEBD3F18BE74AD363F5CA2CBBEC084E8BE513A0C3F59A06ABEC3CA32BE435D253F548D09BEC0DA3CBE5FA4403F582D17BEC042FABDEE807C3F4F29E5BE990907BDC82B633F4A005CBE9ABDC2BD900CD83F4ACB53BE9B18B9BE003FF73F4639C5BE9D2B6FBDEE807C3F4F29E5BE990907BE13137B3F4FAE04BE98AA65,
BE435D253F548D09BEC0DA3CBE50D4133F4F5AD9BEBFA95DBE66F9BA3F50C576BEBD6FFCBE5FA4403F582D17BEC042FABE435D253F548D09BEC0DA3CBE66F9BA3F50C576BEBD6FFCBE5FA4403F582D17BEC042FABE66F9BA3F50C576BEBD6FFCBE6D80A13F544EF9BEBD3F18BE70763A3F474B62BEC04513BE86DE123F49DD7FBEBDC726BE4115163F49CAB0BEC49D9D,
BDE5ECC43F5A582EBECF021DBDAAD9273F5482E0BECEDA45BDE13A933F53A850BED01494BD92DCB13F597FD8BEAAA455BDF5C9603F5B8972BEA14531BD9A69383F52490ABE9EABBDBDEFDDA93F478349BEC902BCBDC9E1B13F49C8B8BEC96EDFBDB5AC043F479097BECA5871BDBE94AB3F45144DBEC778FFBDEFDDA93F478349BEC902BCBDB5AC043F479097BECA5871,
BE38FEEF3F697343BEB44FE3BE80850A3F6F8898BEB96FA8BE77DD443F6BCE74BEADAE82BD9D30AD3F5E2036BEBC1A26BDF653433F632171BEB4C5DABD9AD5BF3F5D4CCBBEB2BC0EBE13C89F3F5B2C95BED1565CBE0587D73F56A2F5BED0E560BE158EEB3F5728A6BECF9E17BE413AD63F591DEFBEC650A4BE5DED6C3F617E56BED31EE2BE266ADB3F5A3758BED1320E,
BE20C5653F60B75FBECF62FABDF410733F5E85BABECC258DBE13C89F3F5B2C95BED1565CBE435D253F548D09BEC0DA3CBE513A0C3F59A06ABEC3CA32BE413AD63F591DEFBEC650A4BDF083DC3F5F74BCBEA89BB7BD9AD5BF3F5D4CCBBEB2BC0EBDF653433F632171BEB4C5DABDF5C9603F5B8972BEA14531BD92DCB13F597FD8BEAAA455BDF083DC3F5F74BCBEA89BB7,
BDAAD9273F5482E0BECEDA45BDE5ECC43F5A582EBECF021DBDBD82773F5AD05FBECC2CA1BE560A633F6C5C79BEBBFCEBBE2C111B3F69449ABEBD3650BE6B66733F6DF213BEC5100ABE80850A3F6F8898BEB96FA8BE560A633F6C5C79BEBBFCEBBE7D56F33F70285FBEBFDE0DBE5C78213F6ACADEBECBF706BE2C111B3F69449ABEBD3650BE31101B3F679CA6BEC7AE36,
BE5DED6C3F617E56BED31EE2BE48305E3F610204BED3C72EBE266ADB3F5A3758BED1320EBE48305E3F610204BED3C72EBE5DED6C3F617E56BED31EE2BE67E4583F63EA1CBED46541BE1B81733F64BC6ABEC8FCF8BE0D15273F65EABCBEBDC704BE0C86493F63F26FBEC5681FBDF410733F5E85BABECC258DBDE5ECC43F5A582EBECF021DBE13C89F3F5B2C95BED1565C,
BE57EBAF3F5FB2CCBE9C662CBE45AFF33F5B0BE1BE99528FBE30E0A83F5C857FBE9BB774BE74AD363F5CA2CBBEC084E8BE75A0383F6041DDBEC507EABE5B16C23F5CFB65BEC6BB13BE215BDD3F670692BEB3048ABE332B993F638B7ABEA4EC42BDF083DC3F5F74BCBEA89BB7BE5C78213F6ACADEBECBF706BE31101B3F679CA6BEC7AE36BE39A1773F65BA3DBECDE2EF,
BE5FA4403F582D17BEC042FABE74AD363F5CA2CBBEC084E8BE5B16C23F5CFB65BEC6BB13BE5B16C23F5CFB65BEC6BB13BE413AD63F591DEFBEC650A4BE513A0C3F59A06ABEC3CA32BE67E4583F63EA1CBED46541BE62E3823F674246BED365EDBE48305E3F610204BED3C72EBE57EBAF3F5FB2CCBE9C662CBE7736CE3F6028B3BE9B70ACBE638BCE3F5A2E6FBE98E25D,
BE51E0C63F57736DBE98229ABE45AFF33F5B0BE1BE99528FBE638BCE3F5A2E6FBE98E25DBE1148BB3F58BBF5BE9AA0A9BE332B993F638B7ABEA4EC42BE30E0A83F5C857FBE9BB774BE158EEB3F5728A6BECF9E17BE413AD63F591DEFBEC650A4BE266ADB3F5A3758BED1320EBE638BCE3F5A2E6FBE98E25DBE45AFF33F5B0BE1BE99528FBE57EBAF3F5FB2CCBE9C662C,
BE5B16C23F5CFB65BEC6BB13BE75A0383F6041DDBEC507EABE5DED6C3F617E56BED31EE2BE5C78213F6ACADEBECBF706BE62E3823F674246BED365EDBE6E38223F6ABD4DBED0E6B0BE0C86493F63F26FBEC5681FBE133A043F61AD54BECC19C1BE1B81733F64BC6ABEC8FCF8BE0C86493F63F26FBEC5681FBE0D15273F65EABCBEBDC704BDA132B53F5CC32BBEC3FFAC,
BE1B81733F64BC6ABEC8FCF8BE31101B3F679CA6BEC7AE36BE0D15273F65EABCBEBDC704BE332B993F638B7ABEA4EC42BE57EBAF3F5FB2CCBE9C662CBE30E0A83F5C857FBE9BB774BDE5ECC43F5A582EBECF021DBDE13A933F53A850BED01494BE0587D73F56A2F5BED0E560BE75A0383F6041DDBEC507EABE67E4583F63EA1CBED46541BE5DED6C3F617E56BED31EE2,
BE20C5653F60B75FBECF62FABE48305E3F610204BED3C72EBE62E3823F674246BED365EDBE7736CE3F6028B3BE9B70ACBE57EBAF3F5FB2CCBE9C662CBE792D133F650BC8BEA053E3BDE5ECC43F5A582EBECF021DBDF410733F5E85BABECC258DBDDC49773F5F5AD9BEC7F152BE20C5653F60B75FBECF62FABE13C89F3F5B2C95BED1565CBE48305E3F610204BED3C72E,
BE413AD63F591DEFBEC650A4BE5B16C23F5CFB65BEC6BB13BE5DED6C3F617E56BED31EE2BE80850A3F6F8898BEB96FA8BE38FEEF3F697343BEB44FE3BE560A633F6C5C79BEBBFCEBBE5A40103F664192BEA4CAF7BE792D133F650BC8BEA053E3BE57EBAF3F5FB2CCBE9C662CBE2C111B3F69449ABEBD3650BE5C78213F6ACADEBECBF706BE6B66733F6DF213BEC5100A,
BE51E0C63F57736DBE98229ABE30F12C3F574F94BE98750CBE45AFF33F5B0BE1BE99528FBDF5C9603F5B8972BEA14531BE1148BB3F58BBF5BE9AA0A9BDF5C2093F55CB79BE9ABABFBE0D15273F65EABCBEBDC704BE2C111B3F69449ABEBD3650BE215BDD3F670692BEB3048ABDE5ECC43F5A582EBECF021DBDDC49773F5F5AD9BEC7F152BDBD82773F5AD05FBECC2CA1,
BE133A043F61AD54BECC19C1BE0C86493F63F26FBEC5681FBDF410733F5E85BABECC258DBE20C5653F60B75FBECF62FABE133A043F61AD54BECC19C1BDF410733F5E85BABECC258DBE0C86493F63F26FBEC5681FBDA132B53F5CC32BBEC3FFACBDDC49773F5F5AD9BEC7F152BE5B16C23F5CFB65BEC6BB13BE513A0C3F59A06ABEC3CA32BE5FA4403F582D17BEC042FA,
BE4C23B83F67C654BEA9EF74BE332B993F638B7ABEA4EC42BE215BDD3F670692BEB3048ABE38FEEF3F697343BEB44FE3BE4C23B83F67C654BEA9EF74BE215BDD3F670692BEB3048ABE1148BB3F58BBF5BE9AA0A9BE30E0A83F5C857FBE9BB774BE30F12C3F574F94BE98750CBE0587D73F56A2F5BED0E560BE13C89F3F5B2C95BED1565CBDE5ECC43F5A582EBECF021D,
BE31101B3F679CA6BEC7AE36BE2C111B3F69449ABEBD3650BE0D15273F65EABCBEBDC704BE6E38223F6ABD4DBED0E6B0BE6B66733F6DF213BEC5100ABE5C78213F6ACADEBECBF706BE39A1773F65BA3DBECDE2EFBE31101B3F679CA6BEC7AE36BE1B81733F64BC6ABEC8FCF8BE77DD443F6BCE74BEADAE82BE5A40103F664192BEA4CAF7BE4C23B83F67C654BEA9EF74,
BE20C5653F60B75FBECF62FABE62E3823F674246BED365EDBE39A1773F65BA3DBECDE2EFBE39A1773F65BA3DBECDE2EFBE62E3823F674246BED365EDBE5C78213F6ACADEBECBF706BDF653433F632171BEB4C5DABE215BDD3F670692BEB3048ABDF083DC3F5F74BCBEA89BB7BDF5C9603F5B8972BEA14531BE332B993F638B7ABEA4EC42BE1148BB3F58BBF5BE9AA0A9,
BE7D56F33F70285FBEBFDE0DBE560A633F6C5C79BEBBFCEBBE6B66733F6DF213BEC5100ABE1B81733F64BC6ABEC8FCF8BE20C5653F60B75FBECF62FABE39A1773F65BA3DBECDE2EFBDF5C9603F5B8972BEA14531BDF5C2093F55CB79BE9ABABFBD9A69383F52490ABE9EABBDBE332B993F638B7ABEA4EC42BE5A40103F664192BEA4CAF7BE57EBAF3F5FB2CCBE9C662C,
BE45AFF33F5B0BE1BE99528FBE30F12C3F574F94BE98750CBE30E0A83F5C857FBE9BB774BE51E0C63F57736DBE98229ABE638BCE3F5A2E6FBE98E25DBE66AE7D3F519FF5BE9B6AE8BE1B81733F64BC6ABEC8FCF8BE133A043F61AD54BECC19C1BE20C5653F60B75FBECF62FABE0D15273F65EABCBEBDC704BDF653433F632171BEB4C5DABD9D30AD3F5E2036BEBC1A26,
BE266ADB3F5A3758BED1320EBE48305E3F610204BED3C72EBE13C89F3F5B2C95BED1565CBE158EEB3F5728A6BECF9E17BE266ADB3F5A3758BED1320EBE13C89F3F5B2C95BED1565CBE0D15273F65EABCBEBDC704BE215BDD3F670692BEB3048ABDF653433F632171BEB4C5DABD9D30AD3F5E2036BEBC1A26BDA132B53F5CC32BBEC3FFACBE0D15273F65EABCBEBDC704,
BE513A0C3F59A06ABEC3CA32BE435D253F548D09BEC0DA3CBE5FA4403F582D17BEC042FABE2C111B3F69449ABEBD3650BE560A633F6C5C79BEBBFCEBBE38FEEF3F697343BEB44FE3BE0C86493F63F26FBEC5681FBDDC49773F5F5AD9BEC7F152BDF410733F5E85BABECC258DBE215BDD3F670692BEB3048ABE2C111B3F69449ABEBD3650BE38FEEF3F697343BEB44FE3,
BE4C23B83F67C654BEA9EF74BE5A40103F664192BEA4CAF7BE332B993F638B7ABEA4EC42BE5A40103F664192BEA4CAF7BE8262893F692685BEA5A61EBE792D133F650BC8BEA053E3BD92DCB13F597FD8BEAAA455BDF5C9603F5B8972BEA14531BD9A69383F52490ABE9EABBDBE5FA4403F582D17BEC042FABE6D80A13F544EF9BEBD3F18BE74AD363F5CA2CBBEC084E8,
BDF083DC3F5F74BCBEA89BB7BE332B993F638B7ABEA4EC42BDF5C9603F5B8972BEA14531BE77DD443F6BCE74BEADAE82BE8262893F692685BEA5A61EBE5A40103F664192BEA4CAF7BDE5ECC43F5A582EBECF021DBDAAD9273F5482E0BECEDA45BDE13A933F53A850BED01494BD9AD5BF3F5D4CCBBEB2BC0EBDF083DC3F5F74BCBEA89BB7BD92DCB13F597FD8BEAAA455,
BE3E4E273F7608D13D1437C5BE3551503F7C86273C957EEDBE18ADEF3F74ECFABC35D463BE0EB4EA3F7B37DABCC9B414BE18ADEF3F74ECFABC35D463BE3551503F7C86273C957EEDBDD93BC13F739896BD9A1C26BE02C27A3F7858DEBD24D7F1BDC8C9323F763ED1BDA254A4BE77DD443F6BCE74BEADAE82BE4C23B83F67C654BEA9EF74BE38FEEF3F697343BEB44FE3,
BDD27E523F690C0BBDB9CAE2BDD97C3D3F64D3BFBD8EE49FBDF346993F6B2192BD637692BE126A233F7BB2253CC5DE9CBDE2DE873F7E0536BBF06B38BE0CCA713F7FF7593C78A4C2BE02C27A3F7858DEBD24D7F1BDD93BC13F739896BD9A1C26BE0536933F73CC8EBD1E3865BE0ADF723F670B9E3C605469BE126AA93F6F0996BC110C2CBDF842B73F6522A7BBF21709,
BE063AE23F6DBC45BCF28C7ABDF842B73F6522A7BBF21709BE126AA93F6F0996BC110C2CBDD29AA23F7FC0A0BD445ED5BDC8C9323F763ED1BDA254A4BDFAE03B3F7C4E94BD241B33BDF033A43F664B77BD035BD5BE063AE23F6DBC45BCF28C7ABDF346993F6B2192BD637692BDE053E33F79D68CBBF544BBBDBFE8EE3F79DC72BCC23960BDE2DE873F7E0536BBF06B38,
BE063AE23F6DBC45BCF28C7ABE18ADEF3F74ECFABC35D463BE0536933F73CC8EBD1E3865BDD27E523F690C0BBDB9CAE2BDF346993F6B2192BD637692BE0536933F73CC8EBD1E3865BE0EB4EA3F7B37DABCC9B414BE04ED2D3F8053CABCDBE5DABDFAE03B3F7C4E94BD241B33BE0536933F73CC8EBD1E3865BDD93BC13F739896BD9A1C26BDD27E523F690C0BBDB9CAE2,
BE0EB4EA3F7B37DABCC9B414BE3551503F7C86273C957EEDBE1C88E83F7EB7CCBC0B502BBE1C88E83F7EB7CCBC0B502BBE3551503F7C86273C957EEDBE342F623F7FE2E73C99A62FBE126AA93F6F0996BC110C2CBE0ADF723F670B9E3C605469BE2D1F1D3F6C093E3D2F8BDFBDFAE03B3F7C4E94BD241B33BE04ED2D3F8053CABCDBE5DABDD29AA23F7FC0A0BD445ED5,
BE126AA93F6F0996BC110C2CBE2D1F1D3F6C093E3D2F8BDFBE21D4303F6FBF0E3C49081CBDF842B73F6522A7BBF21709BDF033A43F664B77BD035BD5BDDA77603F60661BBC11F70EBE18ADEF3F74ECFABC35D463BE126AA93F6F0996BC110C2CBE21D4303F6FBF0E3C49081CBE063AE23F6DBC45BCF28C7ABE0536933F73CC8EBD1E3865BDF346993F6B2192BD637692,
BDE2DE873F7E0536BBF06B38BDBFE8EE3F79DC72BCC23960BD9632C23F7FD85ABCFFD827BE126AA93F6F0996BC110C2CBE18ADEF3F74ECFABC35D463BE063AE23F6DBC45BCF28C7ABDDA77603F60661BBC11F70EBDF86B163F62EDDD3C5C6E2BBDF842B73F6522A7BBF21709BE360FA13F718B2F3D0A9692BE18ADEF3F74ECFABC35D463BE21D4303F6FBF0E3C49081C,
BDD3EF6B3F5EC0F93CBA6CE3BDF86B163F62EDDD3C5C6E2BBDA934263F5A90EFBBCEC41EBDA934263F5A90EFBBCEC41EBDF86B163F62EDDD3C5C6E2BBDDA77603F60661BBC11F70EBE360FA13F718B2F3D0A9692BE3E4E273F7608D13D1437C5BE18ADEF3F74ECFABC35D463BE0EB4EA3F7B37DABCC9B414BDFAE03B3F7C4E94BD241B33BE02C27A3F7858DEBD24D7F1,
BE0ADF723F670B9E3C605469BDF842B73F6522A7BBF21709BDF86B163F62EDDD3C5C6E2BBE1C88E83F7EB7CCBC0B502BBE04ED2D3F8053CABCDBE5DABE0EB4EA3F7B37DABCC9B414BE0536933F73CC8EBD1E3865BE0EB4EA3F7B37DABCC9B414BE02C27A3F7858DEBD24D7F1BDFAE03B3F7C4E94BD241B33BDC8C9323F763ED1BDA254A4BE02C27A3F7858DEBD24D7F1,
BDCBAD7D3F6C8627BABAE89FBDE71FFF3F74779A3B00A5ADBE02602D3F7398FA3CB73F31BDF13A503F6DC0443CD3D641BDCBAD7D3F6C8627BABAE89FBE02602D3F7398FA3CB73F31BDF033A43F664B77BD035BD5BDF346993F6B2192BD637692BDD97C3D3F64D3BFBD8EE49FBDCEED033F61146EBD4F8727BDF033A43F664B77BD035BD5BDD97C3D3F64D3BFBD8EE49F,
BE126A233F7BB2253CC5DE9CBDE71FFF3F74779A3B00A5ADBDE053E33F79D68CBBF544BBBDDA77603F60661BBC11F70EBDF033A43F664B77BD035BD5BDCEED033F61146EBD4F8727BE063AE23F6DBC45BCF28C7ABDF033A43F664B77BD035BD5BDF842B73F6522A7BBF21709BE0EB4EA3F7B37DABCC9B414BE0536933F73CC8EBD1E3865BE18ADEF3F74ECFABC35D463,
BDBD1A223F704BF5BCB61DC9BDE71FFF3F74779A3B00A5ADBDCBAD7D3F6C8627BABAE89FBDE053E33F79D68CBBF544BBBDE71FFF3F74779A3B00A5ADBDBD1A223F704BF5BCB61DC9BDE053E33F79D68CBBF544BBBDE2DE873F7E0536BBF06B38BE126A233F7BB2253CC5DE9CBDF13A503F6DC0443CD3D641BDD3CA323F68C0593CC7EAE6BDCBAD7D3F6C8627BABAE89F,
BE0ADF723F670B9E3C605469BDF86B163F62EDDD3C5C6E2BBE1FF5413F68650E3D2E696ABE34F3773F7E3D4F3D1FDBD3BE3D099E3F7CFE263D164F98BE40064B3F79C5F83D350C1CBDF21D543F63F9A53D46099ABE0F7B5B3F655F033D4BCADABE0A56DE3F63C7933D1B8DC5BDF21D543F63F9A53D46099ABDF8A2233F665E033D4D20B0BE0F7B5B3F655F033D4BCADA,
BE1D490E3F77F51F3D1BA0A5BE2EAD0C3F7A62ED3D2F911DBE138EF33F6ED7F93D469B5ABDD3EF6B3F5EC0F93CBA6CE3BE0A56DE3F63C7933D1B8DC5BDF86B163F62EDDD3C5C6E2BBE40064B3F79C5F83D350C1CBE3E4E273F7608D13D1437C5BE3A58713F71FE763D4BCF0BBE0EB4EA3F7B37DABCC9B414BE18ADEF3F74ECFABC35D463BE3551503F7C86273C957EED,
BE138EF33F6ED7F93D469B5ABE2EAD0C3F7A62ED3D2F911DBE2D9CF13F72174C3D5CCEA3BE126A233F7BB2253CC5DE9CBDE2DE873F7E0536BBF06B38BE0CCA713F7FF7593C78A4C2BE0ADF723F670B9E3C605469BE126AA93F6F0996BC110C2CBDF842B73F6522A7BBF21709BE3E4E273F7608D13D1437C5BE3551503F7C86273C957EEDBE18ADEF3F74ECFABC35D463,
BDCBCBE63F644D663D2494D5BDD3CA323F68C0593CC7EAE6BDF13A503F6DC0443CD3D641BE3278D13F6DF02C3D469E80BE3A58713F71FE763D4BCF0BBE360FA13F718B2F3D0A9692BE2AA7163F6D24C03D5FA227BE3278D13F6DF02C3D469E80BE20FECE3F68FFC93D4F0521BE10FC2F3F6936F83D5BA1B2BE2AA7163F6D24C03D5FA227BE20FECE3F68FFC93D4F0521,
BE02602D3F7398FA3CB73F31BE126A233F7BB2253CC5DE9CBE1D490E3F77F51F3D1BA0A5BDCBCBE63F644D663D2494D5BDF13A503F6DC0443CD3D641BE0798D93F6BB6BB3D4295A7BDB0CFE13F5C53B13CB630A9BDDCF3DC3F613B193D2BD5DCBDF75D9A3F6195573D2772D6BE40064B3F79C5F83D350C1CBE3D099E3F7CFE263D164F98BE4065B63F7987D73D1BFAD3,
BE40064B3F79C5F83D350C1CBE4065B63F7987D73D1BFAD3BE3E4E273F7608D13D1437C5BDF21D543F63F9A53D46099ABE0A56DE3F63C7933D1B8DC5BDF75D9A3F6195573D2772D6BE3263523F7147283D5F2885BE2D9CF13F72174C3D5CCEA3BE3A58713F71FE763D4BCF0BBE3278D13F6DF02C3D469E80BE3263523F7147283D5F2885BE3A58713F71FE763D4BCF0B,
BE0798D93F6BB6BB3D4295A7BE10FC2F3F6936F83D5BA1B2BDF8A2233F665E033D4D20B0BE0A56DE3F63C7933D1B8DC5BE1FF5413F68650E3D2E696ABDF86B163F62EDDD3C5C6E2BBE126AA93F6F0996BC110C2CBE0ADF723F670B9E3C605469BE2D1F1D3F6C093E3D2F8BDFBE360FA13F718B2F3D0A9692BE21D4303F6FBF0E3C49081CBE2D1F1D3F6C093E3D2F8BDF,
BE1C88E83F7EB7CCBC0B502BBE3551503F7C86273C957EEDBE342F623F7FE2E73C99A62FBDF21D543F63F9A53D46099ABDF75D9A3F6195573D2772D6BDDCF3DC3F613B193D2BD5DCBE360FA13F718B2F3D0A9692BE2D1F1D3F6C093E3D2F8BDFBE3278D13F6DF02C3D469E80BE10FC2F3F6936F83D5BA1B2BE0F7B5B3F655F033D4BCADABDF8A2233F665E033D4D20B0,
BDF75D9A3F6195573D2772D6BDD3EF6B3F5EC0F93CBA6CE3BDB0CFE13F5C53B13CB630A9BE2EAD0C3F7A62ED3D2F911DBE2A083A3F80A1303CF6A93FBE34F3773F7E3D4F3D1FDBD3BE40064B3F79C5F83D350C1CBE2EAD0C3F7A62ED3D2F911DBE34F3773F7E3D4F3D1FDBD3BE0EB4EA3F7B37DABCC9B414BE3551503F7C86273C957EEDBE1C88E83F7EB7CCBC0B502B,
BE18ADEF3F74ECFABC35D463BE126AA93F6F0996BC110C2CBE21D4303F6FBF0E3C49081CBDF13A503F6DC0443CD3D641BE02602D3F7398FA3CB73F31BE0798D93F6BB6BB3D4295A7BE138EF33F6ED7F93D469B5ABE10FC2F3F6936F83D5BA1B2BE0798D93F6BB6BB3D4295A7BE138EF33F6ED7F93D469B5ABE02602D3F7398FA3CB73F31BE1D490E3F77F51F3D1BA0A5,
BE126AA93F6F0996BC110C2CBE2D1F1D3F6C093E3D2F8BDFBE21D4303F6FBF0E3C49081CBE40064B3F79C5F83D350C1CBE3A58713F71FE763D4BCF0BBE39C51E3F77D72C3D4B3919BE342F623F7FE2E73C99A62FBE4065B63F7987D73D1BFAD3BE3D099E3F7CFE263D164F98BE351E323F8057FB3CD70825BE342F623F7FE2E73C99A62FBE3D099E3F7CFE263D164F98,
BE0F7B5B3F655F033D4BCADABE10FC2F3F6936F83D5BA1B2BE20FECE3F68FFC93D4F0521BE1FF5413F68650E3D2E696ABE0F7B5B3F655F033D4BCADABE20FECE3F68FFC93D4F0521BE2D1F1D3F6C093E3D2F8BDFBE0ADF723F670B9E3C605469BE1FF5413F68650E3D2E696ABE360FA13F718B2F3D0A9692BE18ADEF3F74ECFABC35D463BE21D4303F6FBF0E3C49081C,
BDDCF3DC3F613B193D2BD5DCBDCBCBE63F644D663D2494D5BDF21D543F63F9A53D46099ABE0CCA713F7FF7593C78A4C2BE1FFEB03F8147E03CA02752BE126A233F7BB2253CC5DE9CBDDA77603F60661BBC11F70EBDF86B163F62EDDD3C5C6E2BBDF842B73F6522A7BBF21709BE3D099E3F7CFE263D164F98BE34F3773F7E3D4F3D1FDBD3BE351E323F8057FB3CD70825,
BE2D1F1D3F6C093E3D2F8BDFBE1FF5413F68650E3D2E696ABE20FECE3F68FFC93D4F0521BE3278D13F6DF02C3D469E80BE2D1F1D3F6C093E3D2F8BDFBE20FECE3F68FFC93D4F0521BE10FC2F3F6936F83D5BA1B2BE2D9CF13F72174C3D5CCEA3BE2AA7163F6D24C03D5FA227BDCBCBE63F644D663D2494D5BDF8A2233F665E033D4D20B0BDF21D543F63F9A53D46099A,
BE0798D93F6BB6BB3D4295A7BDF8A2233F665E033D4D20B0BDCBCBE63F644D663D2494D5BE126A233F7BB2253CC5DE9CBE2A083A3F80A1303CF6A93FBE1D490E3F77F51F3D1BA0A5BDE71FFF3F74779A3B00A5ADBE126A233F7BB2253CC5DE9CBE02602D3F7398FA3CB73F31BE360FA13F718B2F3D0A9692BE3E4E273F7608D13D1437C5BE18ADEF3F74ECFABC35D463,
BE2EAD0C3F7A62ED3D2F911DBE40064B3F79C5F83D350C1CBE39C51E3F77D72C3D4B3919BE2D9CF13F72174C3D5CCEA3BE2EAD0C3F7A62ED3D2F911DBE39C51E3F77D72C3D4B3919BDD3EF6B3F5EC0F93CBA6CE3BDF86B163F62EDDD3C5C6E2BBDA934263F5A90EFBBCEC41EBDA934263F5A90EFBBCEC41EBDF86B163F62EDDD3C5C6E2BBDDA77603F60661BBC11F70E,
BE3551503F7C86273C957EEDBE3E4E273F7608D13D1437C5BE4065B63F7987D73D1BFAD3BE342F623F7FE2E73C99A62FBE3551503F7C86273C957EEDBE4065B63F7987D73D1BFAD3BE1FF5413F68650E3D2E696ABE0A56DE3F63C7933D1B8DC5BE0F7B5B3F655F033D4BCADABE0A56DE3F63C7933D1B8DC5BDD3EF6B3F5EC0F93CBA6CE3BDF75D9A3F6195573D2772D6,
BE10FC2F3F6936F83D5BA1B2BE138EF33F6ED7F93D469B5ABE2D9CF13F72174C3D5CCEA3BE3A58713F71FE763D4BCF0BBE2D9CF13F72174C3D5CCEA3BE39C51E3F77D72C3D4B3919BE0ADF723F670B9E3C605469BDF842B73F6522A7BBF21709BDF86B163F62EDDD3C5C6E2BBE3278D13F6DF02C3D469E80BE2D9CF13F72174C3D5CCEA3BE3263523F7147283D5F2885,
BE126A233F7BB2253CC5DE9CBDE71FFF3F74779A3B00A5ADBDE053E33F79D68CBBF544BBBDCBAD7D3F6C8627BABAE89FBDE71FFF3F74779A3B00A5ADBE02602D3F7398FA3CB73F31BDF13A503F6DC0443CD3D641BDCBAD7D3F6C8627BABAE89FBE02602D3F7398FA3CB73F31BE2EAD0C3F7A62ED3D2F911DBE1D490E3F77F51F3D1BA0A5BE2A083A3F80A1303CF6A93F,
BE0798D93F6BB6BB3D4295A7BE02602D3F7398FA3CB73F31BE138EF33F6ED7F93D469B5ABE3E4E273F7608D13D1437C5BE360FA13F718B2F3D0A9692BE3A58713F71FE763D4BCF0BBE1FFEB03F8147E03CA02752BE2A083A3F80A1303CF6A93FBE126A233F7BB2253CC5DE9CBDF13A503F6DC0443CD3D641BDD3CA323F68C0593CC7EAE6BDCBAD7D3F6C8627BABAE89F,
BDBD1A223F704BF5BCB61DC9BDE71FFF3F74779A3B00A5ADBDCBAD7D3F6C8627BABAE89FBE2D9CF13F72174C3D5CCEA3BE3278D13F6DF02C3D469E80BE2AA7163F6D24C03D5FA227BDE053E33F79D68CBBF544BBBDE71FFF3F74779A3B00A5ADBDBD1A223F704BF5BCB61DC9BDE053E33F79D68CBBF544BBBDE2DE873F7E0536BBF06B38BE126A233F7BB2253CC5DE9C,
BE126A233F7BB2253CC5DE9CBDE2DE873F7E0536BBF06B38BE0CCA713F7FF7593C78A4C2BE0372E73F83A049BB2C7DA2BE0A172B3F8340813BAB4741BDDAC4F83F82A3D7BC09B520BE04ED2D3F8053CABCDBE5DABE10CBF33F81DC83BC33BB84BE056D5D3F8318C2BC3EA91EBE1507213F82BF55BA113A50BE1F7C243F812592BA245D42BE1A237D3F82D4913C1E44FA,
BDAE91433F821B4CBD0C5A81BDE1C6093F81C43BBD052503BDF015C23F8330E8BC92DFD7BE04ED2D3F8053CABCDBE5DABDE1C6093F81C43BBD052503BDD29AA23F7FC0A0BD445ED5BDD29AA23F7FC0A0BD445ED5BDC8C9323F763ED1BDA254A4BDFAE03B3F7C4E94BD241B33BDE053E33F79D68CBBF544BBBDBFE8EE3F79DC72BCC23960BDE2DE873F7E0536BBF06B38,
BE1C88E83F7EB7CCBC0B502BBE1F7C243F812592BA245D42BE10CBF33F81DC83BC33BB84BDAE91433F821B4CBD0C5A81BDF015C23F8330E8BC92DFD7BDD9207D3F83392ABC72E05DBE0EB4EA3F7B37DABCC9B414BE04ED2D3F8053CABCDBE5DABDFAE03B3F7C4E94BD241B33BE1507213F82BF55BA113A50BE10CBF33F81DC83BC33BB84BE1F7C243F812592BA245D42,
BE0372E73F83A049BB2C7DA2BE10CBF33F81DC83BC33BB84BE1507213F82BF55BA113A50BE0A172B3F8340813BAB4741BE0372E73F83A049BB2C7DA2BE1507213F82BF55BA113A50BE342F623F7FE2E73C99A62FBE24141F3F81FE113C1D8C6DBE1F7C243F812592BA245D42BDFAE03B3F7C4E94BD241B33BE04ED2D3F8053CABCDBE5DABDD29AA23F7FC0A0BD445ED5,
BE1F7C243F812592BA245D42BE24141F3F81FE113C1D8C6DBE1A237D3F82D4913C1E44FABDF015C23F8330E8BC92DFD7BE056D5D3F8318C2BC3EA91EBE0372E73F83A049BB2C7DA2BE0EB4EA3F7B37DABCC9B414BE3551503F7C86273C957EEDBE1C88E83F7EB7CCBC0B502BBE1C88E83F7EB7CCBC0B502BBE3551503F7C86273C957EEDBE342F623F7FE2E73C99A62F,
BE056D5D3F8318C2BC3EA91EBE10CBF33F81DC83BC33BB84BE0372E73F83A049BB2C7DA2BDE2DE873F7E0536BBF06B38BDBFE8EE3F79DC72BCC23960BD9632C23F7FD85ABCFFD827BDBBE09C3F813709BC8C825ABDE2DE873F7E0536BBF06B38BD9632C23F7FD85ABCFFD827BE1C88E83F7EB7CCBC0B502BBE10CBF33F81DC83BC33BB84BE04ED2D3F8053CABCDBE5DA,
BE000FBB3F81AE583B9EE45CBDDAC4F83F82A3D7BC09B520BE0A172B3F8340813BAB4741BE1C88E83F7EB7CCBC0B502BBE04ED2D3F8053CABCDBE5DABE0EB4EA3F7B37DABCC9B414BE1507213F82BF55BA113A50BE1A237D3F82D4913C1E44FABE0A172B3F8340813BAB4741BE1F7C243F812592BA245D42BE1C88E83F7EB7CCBC0B502BBE342F623F7FE2E73C99A62F,
BE000FBB3F81AE583B9EE45CBDE2DE873F7E0536BBF06B38BDBBE09C3F813709BC8C825ABDDAC4F83F82A3D7BC09B520BE000FBB3F81AE583B9EE45CBDBBE09C3F813709BC8C825ABDF015C23F8330E8BC92DFD7BDE1C6093F81C43BBD052503BE04ED2D3F8053CABCDBE5DABE056D5D3F8318C2BC3EA91EBDF015C23F8330E8BC92DFD7BE04ED2D3F8053CABCDBE5DA,
BDD9207D3F83392ABC72E05DBDF015C23F8330E8BC92DFD7BE0372E73F83A049BB2C7DA2BDDAC4F83F82A3D7BC09B520BDD9207D3F83392ABC72E05DBE0372E73F83A049BB2C7DA2BDE053E33F79D68CBBF544BBBDE2DE873F7E0536BBF06B38BE126A233F7BB2253CC5DE9CBDE2DE873F7E0536BBF06B38BE000FBB3F81AE583B9EE45CBE0CCA713F7FF7593C78A4C2,
BE2214F03F820A423C884E83BE24141F3F81FE113C1D8C6DBE2D90193F8158B83CA7E953BE342F623F7FE2E73C99A62FBE2D90193F8158B83CA7E953BE24141F3F81FE113C1D8C6DBE34F3773F7E3D4F3D1FDBD3BE3D099E3F7CFE263D164F98BE40064B3F79C5F83D350C1CBE1507213F82BF55BA113A50BE1F7C243F812592BA245D42BE1A237D3F82D4913C1E44FA,
BE2214F03F820A423C884E83BE10E0A83F8227853C3CCAF7BE1A237D3F82D4913C1E44FABE2A083A3F80A1303CF6A93FBE2D90193F8158B83CA7E953BE351E323F8057FB3CD70825BE126A233F7BB2253CC5DE9CBDE2DE873F7E0536BBF06B38BE0CCA713F7FF7593C78A4C2BE0372E73F83A049BB2C7DA2BE0A172B3F8340813BAB4741BDDAC4F83F82A3D7BC09B520,
BE1FFEB03F8147E03CA02752BE2D90193F8158B83CA7E953BE2A083A3F80A1303CF6A93FBE0A172B3F8340813BAB4741BE0372E73F83A049BB2C7DA2BE1507213F82BF55BA113A50BE342F623F7FE2E73C99A62FBE24141F3F81FE113C1D8C6DBE1F7C243F812592BA245D42BE342F623F7FE2E73C99A62FBE351E323F8057FB3CD70825BE2D90193F8158B83CA7E953,
BE2EAD0C3F7A62ED3D2F911DBE2A083A3F80A1303CF6A93FBE34F3773F7E3D4F3D1FDBD3BE40064B3F79C5F83D350C1CBE2EAD0C3F7A62ED3D2F911DBE34F3773F7E3D4F3D1FDBD3BE0EB4EA3F7B37DABCC9B414BE3551503F7C86273C957EEDBE1C88E83F7EB7CCBC0B502BBE1C88E83F7EB7CCBC0B502BBE3551503F7C86273C957EEDBE342F623F7FE2E73C99A62F,
BE351E323F8057FB3CD70825BE342F623F7FE2E73C99A62FBE3D099E3F7CFE263D164F98BE24141F3F81FE113C1D8C6DBE2214F03F820A423C884E83BE1A237D3F82D4913C1E44FABE1F7C243F812592BA245D42BE24141F3F81FE113C1D8C6DBE1A237D3F82D4913C1E44FABE10E0A83F8227853C3CCAF7BE2214F03F820A423C884E83BE0CCA713F7FF7593C78A4C2,
BE0CCA713F7FF7593C78A4C2BE1FFEB03F8147E03CA02752BE126A233F7BB2253CC5DE9CBE34F3773F7E3D4F3D1FDBD3BE2A083A3F80A1303CF6A93FBE351E323F8057FB3CD70825BE3D099E3F7CFE263D164F98BE34F3773F7E3D4F3D1FDBD3BE351E323F8057FB3CD70825BE342F623F7FE2E73C99A62FBE4065B63F7987D73D1BFAD3BE3D099E3F7CFE263D164F98,
BE1507213F82BF55BA113A50BE1A237D3F82D4913C1E44FABE0A172B3F8340813BAB4741BE126A233F7BB2253CC5DE9CBE2A083A3F80A1303CF6A93FBE1D490E3F77F51F3D1BA0A5BE1F7C243F812592BA245D42BE1C88E83F7EB7CCBC0B502BBE342F623F7FE2E73C99A62FBE2D90193F8158B83CA7E953BE1FFEB03F8147E03CA02752BE2214F03F820A423C884E83,
BE2EAD0C3F7A62ED3D2F911DBE1D490E3F77F51F3D1BA0A5BE2A083A3F80A1303CF6A93FBE000FBB3F81AE583B9EE45CBDDAC4F83F82A3D7BC09B520BE0A172B3F8340813BAB4741BE0CCA713F7FF7593C78A4C2BE2214F03F820A423C884E83BE1FFEB03F8147E03CA02752BE342F623F7FE2E73C99A62FBE3551503F7C86273C957EEDBE4065B63F7987D73D1BFAD3,
BE1FFEB03F8147E03CA02752BE2A083A3F80A1303CF6A93FBE126A233F7BB2253CC5DE9CBE000FBB3F81AE583B9EE45CBE10E0A83F8227853C3CCAF7BE0CCA713F7FF7593C78A4C2BE10E0A83F8227853C3CCAF7BE000FBB3F81AE583B9EE45CBE0A172B3F8340813BAB4741BE1A237D3F82D4913C1E44FABE10E0A83F8227853C3CCAF7BE0A172B3F8340813BAB4741,
BDE053E33F79D68CBBF544BBBDE2DE873F7E0536BBF06B38BE126A233F7BB2253CC5DE9CBDE2DE873F7E0536BBF06B38BE000FBB3F81AE583B9EE45CBE0CCA713F7FF7593C78A4C2BE000FBB3F81AE583B9EE45CBDE2DE873F7E0536BBF06B38BDBBE09C3F813709BC8C825ABDDAC4F83F82A3D7BC09B520BE000FBB3F81AE583B9EE45CBDBBE09C3F813709BC8C825A,
BC7FE6D63DA20AB7BE943C19BD0189373D9C7E6BBE8A7350BC8BDCAD3DC2B064BE878466BD45143C3D60578EBE894A4DBD3B03E23D24AE00BE9611BABD7240FB3CA04AF9BE8B6B2BBB1C5E703D63C212BEAC5693BB2361993D36E829BEB02492BCAF92293D557796BEAABE8CBCEFE5003CA773E2BEAF86E4BC889C1B3CC8D5C7BEB3A3ECBC9001D63C73F0FEBEB3AE25,
3B6453D23CB74363BEB7D86B3B6FBB0E3C330F8CBEB83A11BC9001D63C73F0FEBEB3AE25BD5FE8683B68C8ACBE896F00BD511E003B8EEF1CBE944135BC952D233B1E6688BE9C48F1BD162E0A3D601FFBBE9AB1B3BD0189373D9C7E6BBE8A7350BC596E9C3D85EDD0BEA5C140BC9001D63C73F0FEBEB3AE25BC889C1B3CC8D5C7BEB3A3EC3B6453D23CB74363BEB7D86B,
BD7240FB3CA04AF9BE8B6B2BBD3B03E23D24AE00BE9611BABD76ED673B9F1F15BE8F1A1A3B6FBB0E3C330F8CBEB83A11BC37D8493BCBAF96BEB31BDFBC76DFC63C14B7B3BEB59536BD2F97683BB0FADFBEA1CFFFBD2684CF3CC2D6AABEA4432DBD12BB233BB178B3BEA9B6D4BC952D233B1E6688BE9C48F1BD12BB233BB178B3BEA9B6D43AFEAC433B7A3769BEB1439E,
BCEFE5003CA773E2BEAF86E4BC76DFC63C14B7B3BEB59536BD12BB233BB178B3BEA9B6D4BD2684CF3CC2D6AABEA4432DBD17D06C3C8ECD8EBEA9170DBD12BB233BB178B3BEA9B6D4BD4215BA3C8C8473BE9AEF2CBD3B03E23D24AE00BE9611BABD2684CF3CC2D6AABEA4432DBD52641B3BA4FCA4BE9B686ABC952D233B1E6688BE9C48F1BD511E003B8EEF1CBE944135,
BCEFE5003CA773E2BEAF86E4BCFB37433D326289BEA88659BCAF92293D557796BEAABE8CBCAF92293D557796BEAABE8CBC596E9C3D85EDD0BEA5C140BB1C5E703D63C212BEAC5693BD6173B83C40B136BE94013FBD3B03E23D24AE00BE9611BABD4215BA3C8C8473BE9AEF2CBC7FE6D63DA20AB7BE943C193BA2C2373DA1B4BBBEA0025CBC596E9C3D85EDD0BEA5C140,
BD4215BA3C8C8473BE9AEF2CBD2C41DD3BA411C3BE9F44D4BD52641B3BA4FCA4BE9B686A3AFEAC433B7A3769BEB1439E3DB2A0663BC05921BEA61E93BC952D233B1E6688BE9C48F1BD2684CF3CC2D6AABEA4432DBCFB37433D326289BEA88659BCEFE5003CA773E2BEAF86E4BD12BB233BB178B3BEA9B6D4BD17D06C3C8ECD8EBEA9170DBCEFE5003CA773E2BEAF86E4,
BCAF92293D557796BEAABE8C3B6453D23CB74363BEB7D86BBC889C1B3CC8D5C7BEB3A3ECBCEFE5003CA773E2BEAF86E4BCAF92293D557796BEAABE8CBC889C1B3CC8D5C7BEB3A3ECBD0189373D9C7E6BBE8A7350BD162E0A3D601FFBBE9AB1B3BD45143C3D60578EBE894A4DBC8BDCAD3DC2B064BE878466BB36848C3DB6CBDABE90FA9CBC7FE6D63DA20AB7BE943C19,
BD6173B83C40B136BE94013FBD511E003B8EEF1CBE944135BD76ED673B9F1F15BE8F1A1ABCAF92293D557796BEAABE8CBCFB37433D326289BEA88659BD162E0A3D601FFBBE9AB1B3BD2684CF3CC2D6AABEA4432DBD2F97683BB0FADFBEA1CFFFBD2C41DD3BA411C3BE9F44D43B6453D23CB74363BEB7D86BBCAF92293D557796BEAABE8CBB2361993D36E829BEB02492,
3C5423D93DCDF2EDBE8D91473C92684D3DBBA5E3BE972BAABB36848C3DB6CBDABE90FA9C3BA2C2373DA1B4BBBEA0025CBC7FE6D63DA20AB7BE943C19BB36848C3DB6CBDABE90FA9C3C2B75643D740E5ABEB14318BB2361993D36E829BEB02492BB1C5E703D63C212BEAC56933B2FD5453D8B4F1EBEA89EFE3C2B75643D740E5ABEB14318BB1C5E703D63C212BEAC5693,
BD4215BA3C8C8473BE9AEF2CBD52641B3BA4FCA4BE9B686ABD6173B83C40B136BE94013F3C402F303C094C44BEBA2E1BBC37D8493BCBAF96BEB31BDF3B6FBB0E3C330F8CBEB83A11BD2684CF3CC2D6AABEA4432DBCEFE5003CA773E2BEAF86E4BD17D06C3C8ECD8EBEA9170DBC76DFC63C14B7B3BEB59536BCEFE5003CA773E2BEAF86E4BC9001D63C73F0FEBEB3AE25,
BC952D233B1E6688BE9C48F1BD52641B3BA4FCA4BE9B686ABD2C41DD3BA411C3BE9F44D43B6453D23CB74363BEB7D86BBB2361993D36E829BEB024923BB3892F3D070EB2BEB73BC9BC9001D63C73F0FEBEB3AE253B6FBB0E3C330F8CBEB83A11BC76DFC63C14B7B3BEB59536BD52641B3BA4FCA4BE9B686ABD511E003B8EEF1CBE944135BD6173B83C40B136BE94013F,
BD3B03E23D24AE00BE9611BABD6173B83C40B136BE94013FBD76ED673B9F1F15BE8F1A1ABB36848C3DB6CBDABE90FA9C3C92684D3DBBA5E3BE972BAA3BA2C2373DA1B4BBBEA0025CBD3B03E23D24AE00BE9611BABD162E0A3D601FFBBE9AB1B3BD2684CF3CC2D6AABEA4432DBD2684CF3CC2D6AABEA4432DBD162E0A3D601FFBBE9AB1B3BCFB37433D326289BEA88659,
BB1C5E703D63C212BEAC5693BC596E9C3D85EDD0BEA5C1403B2FD5453D8B4F1EBEA89EFEBC37D8493BCBAF96BEB31BDFBD12BB233BB178B3BEA9B6D4BC76DFC63C14B7B3BEB595363AFEAC433B7A3769BEB1439EBD12BB233BB178B3BEA9B6D4BC37D8493BCBAF96BEB31BDF3C402F303C094C44BEBA2E1B3AFEAC433B7A3769BEB1439EBC37D8493BCBAF96BEB31BDF,
BC7FE6D63DA20AB7BE943C19BC596E9C3D85EDD0BEA5C140BD0189373D9C7E6BBE8A7350BB2361993D36E829BEB024923C2B75643D740E5ABEB143183C4C70863D407464BEB6B2F23BB3892F3D070EB2BEB73BC9BB2361993D36E829BEB024923C4C70863D407464BEB6B2F2BC596E9C3D85EDD0BEA5C1403BA2C2373DA1B4BBBEA0025C3B2FD5453D8B4F1EBEA89EFE,
BD76ED673B9F1F15BE8F1A1ABD511E003B8EEF1CBE944135BD5FE8683B68C8ACBE896F00BD5FE8683B68C8ACBE896F00BC952D233B1E6688BE9C48F1BD5AE1CE3B436DA8BE6B46BBBC952D233B1E6688BE9C48F13D9C85C23B7F865DBE9125FFBD5AE1CE3B436DA8BE6B46BBBC952D233B1E6688BE9C48F1BD2F97683BB0FADFBEA1CFFFBD12BB233BB178B3BEA9B6D4,
BCAF92293D557796BEAABE8CBD162E0A3D601FFBBE9AB1B3BC596E9C3D85EDD0BEA5C1403DB2A0663BC05921BEA61E933D9C85C23B7F865DBE9125FFBC952D233B1E6688BE9C48F1BD2C41DD3BA411C3BE9F44D4BD4215BA3C8C8473BE9AEF2CBD2684CF3CC2D6AABEA4432DBC952D233B1E6688BE9C48F1BD2C41DD3BA411C3BE9F44D4BD2F97683BB0FADFBEA1CFFF,
BD9E94AB3DD7AEDEBE05A78FBD891FB43DDEDB73BE111EC9BD9A187A3DCECBFBBE181F54BB0205FF3BBAE89FBE269446BBFE60C43D1197A2BDEF8AD2BC8259E23BE8294ABE282385BDFADC903D883BA3BE345BF2BE0809D53DB0BE0EBE1B6955BDCC49BA3DB5BDD7BE261D43BD162E0A3D601FFBBE9AB1B3BD3B03E23D24AE00BE9611BABD45143C3D60578EBE894A4D,
BD45143C3D60578EBE894A4DBD3B03E23D24AE00BE9611BABD7240FB3CA04AF9BE8B6B2BBC8259E23BE8294ABE282385BBFE60C43D1197A2BDEF8AD2BD0FCC5C3D0D7ADDBE0AF295BD93FAF43C87A073BE70D7BFBD87FD3F3BABB44EBE7540CCBD9B53933BA35936BE69EE46BD5AE1CE3B436DA8BE6B46BB3D9C85C23B7F865DBE9125FF3D8454DE3B5C8755BE6F35A0,
BDCF6C6A3B98B2EABE48F6CFBDE8E7143C4FD8F1BE49E1B1BDD10F523C221A72BE4ECAEF3C19F1AE3DEC7864BE89C38B3C5423D93DCDF2EDBE8D9147BB9CC31A3DD08787BE892B80BD1D12CB3D16E158BE10B1BCBCE7BA233BE8A71EBE2A137FBC8259E23BE8294ABE282385BC7FE6D63DA20AB7BE943C19BD0189373D9C7E6BBE8A7350BC8BDCAD3DC2B064BE878466,
BD96CEFF3C896788BE606749BD990D9D3BACFB76BE62D8C3BDAEF1353BC7A7CABE56B9C3BBFE60C43D1197A2BDEF8AD2BB0205FF3BBAE89FBE2694463D5E2BD03B9D7BA6BE02135EBD5FE8683B68C8ACBE896F00BD511E003B8EEF1CBE944135BC952D233B1E6688BE9C48F1BD162E0A3D601FFBBE9AB1B3BD0189373D9C7E6BBE8A7350BC596E9C3D85EDD0BEA5C140,
BCE7BA233BE8A71EBE2A137FBB0205FF3BBAE89FBE269446BC8259E23BE8294ABE282385BD9F47733D38444ABE4C9F30BD8A7EFA3D57C5EFBE524C83BD92C3013D162175BE512902BD96AB583CBA29C7BE5383F1BDAF07C03D0110A1BE507D0BBD92C3013D162175BE512902BD8811B23E1DEB53BE2DBC23BD81A2E83E14AE00BE3CD6C3BD821F2A3DF47F99BE263A5C,
BD8521573DD25FE9BE2D4CBABD9378EE3DC304CDBE2BA5E3BD9A187A3DCECBFBBE181F54BB36848C3DB6CBDABE90FA9CBB9CC31A3DD08787BE892B803C5423D93DCDF2EDBE8D9147BD5D0E993DCB9D3DBE4E09FFBD39C0EC3DFE2F7BBE623422BD4CFE153DB628CCBE61FE65BD0189373D9C7E6BBE8A7350BD45143C3D60578EBE894A4DBD08F6493DAE6751BE824B55,
BD93FAF43C87A073BE70D7BFBD9B53933BA35936BE69EE46BD96CEFF3C896788BE606749BD81A2E83E14AE00BE3CD6C3BD706A2B3E19FF0DBE563886BD718EB93E043526BE41F601BD8521573DD25FE9BE2D4CBABD7459DA3DCD9E84BE3E6AFDBD8216C63DA066C3BE3F6F8FBD92C3013D162175BE512902BDAF07C03D0110A1BE507D0BBD9F47733D38444ABE4C9F30,
BDA475E63C8092CDBE12A066BDB4D37C3BEEAE9FBE1C0DB2BD5BDC6A3BF661F2BE278078BD6F2F983C779421BE1C4695BD5BDC6A3BF661F2BE278078BCE7BA233BE8A71EBE2A137FBD48398A3D117721BE0C8FFCBD6F2F983C779421BE1C4695BCE7BA233BE8A71EBE2A137FBD7240FB3CA04AF9BE8B6B2BBD3B03E23D24AE00BE9611BABD76ED673B9F1F15BE8F1A1A,
BD821F2A3DF47F99BE263A5CBD891FB43DDEDB73BE111EC9BD7E33AD3DEF6DFCBE08A505BDD10F523C221A72BE4ECAEFBDE8E7143C4FD8F1BE49E1B1BDE18CE33D02D278BE4811B2BC8259E23BE8294ABE282385BD0FCC5C3D0D7ADDBE0AF295BD1D12CB3D16E158BE10B1BCBD39C0EC3DFE2F7BBE623422BD8B6E0D3E3C22ABBE5B152FBD30856E3E37D6F9BE7C3BD6,
BDE8E7143C4FD8F1BE49E1B1BDCF6C6A3B98B2EABE48F6CFBDFBFD723B690BC8BE3FA11BBD48398A3D117721BE0C8FFCBCE7BA233BE8A71EBE2A137FBD1D12CB3D16E158BE10B1BCBD9A57EB3BB19A41BE268598BD9B57C53B71E4B4BE44BBA1BD33D9EC3BA90471BE338690BD5AE1CE3B436DA8BE6B46BBBD87FD3F3BABB44EBE7540CCBD5FE8683B68C8ACBE896F00,
BDCF6C6A3B98B2EABE48F6CFBDD10F523C221A72BE4ECAEFBDAEF1353BC7A7CABE56B9C3BD72D4D43B86AD2EBE8B3B75BD5FE8683B68C8ACBE896F00BD875C4B3C1107FBBE864431BD80A4A03D36F8F0BE792D99BD08F6493DAE6751BE824B55BD45143C3D60578EBE894A4DBD93FAF43C87A073BE70D7BFBD96CEFF3C896788BE606749BD8DCC213CE24BBABE6333B9,
BD87FD3F3BABB44EBE7540CCBD5AE1CE3B436DA8BE6B46BBBD9B53933BA35936BE69EE46BDE945FA3BB53D64BE0F8E3BBDB4D37C3BEEAE9FBE1C0DB2BDC05E5F3C3F7AD5BE0D59D5BC3567553E002F30BE8438093C19F1AE3DEC7864BE89C38BBB9CC31A3DD08787BE892B803C19F1AE3DEC7864BE89C38BBC3567553E002F30BE8438093C1096BC3E17B891BE87B80B,
BD7240FB3CA04AF9BE8B6B2BBD76ED673B9F1F15BE8F1A1ABD72D4D43B86AD2EBE8B3B75BD0189373D9C7E6BBE8A7350BD162E0A3D601FFBBE9AB1B3BD45143C3D60578EBE894A4DBC8BDCAD3DC2B064BE878466BB36848C3DB6CBDABE90FA9CBC7FE6D63DA20AB7BE943C19BD96AB583CBA29C7BE5383F1BD96CEFF3C896788BE606749BDAEF1353BC7A7CABE56B9C3,
BDA475E63C8092CDBE12A066BD5BDC6A3BF661F2BE278078BD6F2F983C779421BE1C4695BD39C0EC3DFE2F7BBE623422BD30856E3E37D6F9BE7C3BD6BD153CDE3E19D841BE77D9DCBD5D0E993DCB9D3DBE4E09FFBD8216C63DA066C3BE3F6F8FBD7459DA3DCD9E84BE3E6AFDBD6173B83C40B136BE94013FBD511E003B8EEF1CBE944135BD76ED673B9F1F15BE8F1A1A,
BD48398A3D117721BE0C8FFCBDA475E63C8092CDBE12A066BD6F2F983C779421BE1C46953C5423D93DCDF2EDBE8D91473C92684D3DBBA5E3BE972BAABB36848C3DB6CBDABE90FA9C3BA2C2373DA1B4BBBEA0025CBC7FE6D63DA20AB7BE943C19BB36848C3DB6CBDABE90FA9CBD92C3013D162175BE512902BD8A7EFA3D57C5EFBE524C83BD8DCC213CE24BBABE6333B9,
BD7240FB3CA04AF9BE8B6B2BBD875C4B3C1107FBBE864431BD80A4A03D36F8F0BE792D99BD875C4B3C1107FBBE864431BD5FE8683B68C8ACBE896F00BD8E9F6B3BCEAAF3BE815B14BE229FE03B6F77F2BE26655ABDFBFD723B690BC8BE3FA11BBD9A57EB3BB19A41BE268598BE229FE03B6F77F2BE26655ABD9A57EB3BB19A41BE268598BDE945FA3BB53D64BE0F8E3B,
BD5D0E993DCB9D3DBE4E09FFBD8A7EFA3D57C5EFBE524C83BD8216C63DA066C3BE3F6F8FBD7459DA3DCD9E84BE3E6AFDBD821F2A3DF47F99BE263A5CBD718EB93E043526BE41F6013D2192213B491080BE603148BD5AE1CE3B436DA8BE6B46BB3D8454DE3B5C8755BE6F35A0BD821F2A3DF47F99BE263A5CBD7E33AD3DEF6DFCBE08A505BD7065F93E066384BE0442C8,
BDFADC903D883BA3BE345BF2BDCC49BA3DB5BDD7BE261D43BDD9BF593D8023A7BE3894C4BD9E94AB3DD7AEDEBE05A78FBD9A187A3DCECBFBBE181F54BDCF94423DC70A81BE1137F4BE02424A3D119264BE445B6CBDFADC903D883BA3BE345BF2BDD9BF593D8023A7BE3894C4BCBADC0A3DD91A33BE81E68ABD08F6493DAE6751BE824B55BD0A75043DD0A4E3BE784BA1,
BDAF07C03D0110A1BE507D0BBDE18CE33D02D278BE4811B2BDC80B673D3292C5BE486C66BD5BDC6A3BF661F2BE278078BDB4D37C3BEEAE9FBE1C0DB2BD9A57EB3BB19A41BE268598BD9B53933BA35936BE69EE46BD5AE1CE3B436DA8BE6B46BBBD990D9D3BACFB76BE62D8C3BD96CEFF3C896788BE606749BD9B53933BA35936BE69EE46BD990D9D3BACFB76BE62D8C3,
BDD10F523C221A72BE4ECAEFBDAF07C03D0110A1BE507D0BBD96AB583CBA29C7BE5383F1BDAEF1353BC7A7CABE56B9C3BDD10F523C221A72BE4ECAEFBD96AB583CBA29C7BE5383F1BCBD0BFA3E16AE3ABE809481BC3567553E002F30BE843809BCED3F9E3E021294BE7A4C1FBD7459DA3DCD9E84BE3E6AFDBD8521573DD25FE9BE2D4CBABD821F2A3DF47F99BE263A5C,
BD875C4B3C1107FBBE864431BD8E9F6B3BCEAAF3BE815B14BD93FAF43C87A073BE70D7BFBD80A4A03D36F8F0BE792D99BD875C4B3C1107FBBE864431BD93FAF43C87A073BE70D7BFBD97774B3D0F0C78BE029175BDA475E63C8092CDBE12A066BD48398A3D117721BE0C8FFCBDCC49BA3DB5BDD7BE261D43BD8216C63DA066C3BE3F6F8FBDD9BF593D8023A7BE3894C4,
BCBADC0A3DD91A33BE81E68ABB9CC31A3DD08787BE892B80BC8BDCAD3DC2B064BE878466BB0205FF3BBAE89FBE269446BCE7BA233BE8A71EBE2A137FBD33D9EC3BA90471BE338690BD9B57C53B71E4B4BE44BBA1BD990D9D3BACFB76BE62D8C3BD5AE1CE3B436DA8BE6B46BBBD8DCC213CE24BBABE6333B9BD80A4A03D36F8F0BE792D99BD93FAF43C87A073BE70D7BF,
BD9A187A3DCECBFBBE181F54BD891FB43DDEDB73BE111EC9BD8521573DD25FE9BE2D4CBABD39C0EC3DFE2F7BBE623422BCED3F9E3E021294BE7A4C1FBD0A75043DD0A4E3BE784BA1BD97774B3D0F0C78BE029175BDC05E5F3C3F7AD5BE0D59D5BDA475E63C8092CDBE12A066BD153CDE3E19D841BE77D9DCBCBD0BFA3E16AE3ABE809481BCED3F9E3E021294BE7A4C1F,
BD9A57EB3BB19A41BE268598BDFBFD723B690BC8BE3FA11BBDCF6C6A3B98B2EABE48F6CFBD9B57C53B71E4B4BE44BBA1BD9A57EB3BB19A41BE268598BDCF6C6A3B98B2EABE48F6CFBDC05E5F3C3F7AD5BE0D59D5BDB4D37C3BEEAE9FBE1C0DB2BDA475E63C8092CDBE12A066BD891FB43DDEDB73BE111EC9BD821F2A3DF47F99BE263A5CBD8521573DD25FE9BE2D4CBA,
BD7240FB3CA04AF9BE8B6B2BBD72D4D43B86AD2EBE8B3B75BD875C4B3C1107FBBE864431BD5FE8683B68C8ACBE896F00BD72D4D43B86AD2EBE8B3B75BD76ED673B9F1F15BE8F1A1ABD0A75043DD0A4E3BE784BA1BCED3F9E3E021294BE7A4C1FBCBADC0A3DD91A33BE81E68ABD9F47733D38444ABE4C9F30BD8216C63DA066C3BE3F6F8FBD91E18F3D5E01DEBE4A3162,
BDC80B673D3292C5BE486C66BD8216C63DA066C3BE3F6F8FBD9F47733D38444ABE4C9F30BDAF07C03D0110A1BE507D0BBDC80B673D3292C5BE486C66BD9F47733D38444ABE4C9F30BD7259193D8B0100BE61A71ABD8DCC213CE24BBABE6333B9BD8A7EFA3D57C5EFBE524C83BD7065F93E066384BE0442C8BD8811B23E1DEB53BE2DBC23BD821F2A3DF47F99BE263A5C,
BD33D9EC3BA90471BE338690BCE7BA233BE8A71EBE2A137FBD5BDC6A3BF661F2BE278078BD9A57EB3BB19A41BE268598BD33D9EC3BA90471BE338690BD5BDC6A3BF661F2BE278078BB36848C3DB6CBDABE90FA9C3C92684D3DBBA5E3BE972BAA3BA2C2373DA1B4BBBEA0025CBD9A57EB3BB19A41BE268598BDB4D37C3BEEAE9FBE1C0DB2BDE945FA3BB53D64BE0F8E3B,
3D5E2BD03B9D7BA6BE02135EBB0205FF3BBAE89FBE2694463D1F05EA3B5A1A93BE3B074A3D1F05EA3B5A1A93BE3B074ABB0205FF3BBAE89FBE2694463D2192213B491080BE603148BD8A7EFA3D57C5EFBE524C83BD91E18F3D5E01DEBE4A3162BD8216C63DA066C3BE3F6F8FBD3B03E23D24AE00BE9611BABD6173B83C40B136BE94013FBD76ED673B9F1F15BE8F1A1A,
BD08F6493DAE6751BE824B55BC8BDCAD3DC2B064BE878466BD0189373D9C7E6BBE8A7350BD9B57C53B71E4B4BE44BBA1BDAEF1353BC7A7CABE56B9C3BD990D9D3BACFB76BE62D8C3BD9378EE3DC304CDBE2BA5E3BD8521573DD25FE9BE2D4CBABD8216C63DA066C3BE3F6F8FBD39C0EC3DFE2F7BBE623422BD5D0E993DCB9D3DBE4E09FFBD539A7C3DFE7F2CBE501798,
BD87FD3F3BABB44EBE7540CCBD93FAF43C87A073BE70D7BFBD8E9F6B3BCEAAF3BE815B14BD5FE8683B68C8ACBE896F00BD87FD3F3BABB44EBE7540CCBD8E9F6B3BCEAAF3BE815B14BE0809D53DB0BE0EBE1B6955BDE4F5D33DD2439ABDF12770BDCF94423DC70A81BE1137F4BD9A187A3DCECBFBBE181F54BD9378EE3DC304CDBE2BA5E3BDCC49BA3DB5BDD7BE261D43,
BC7FE6D63DA20AB7BE943C19BC596E9C3D85EDD0BEA5C140BD0189373D9C7E6BBE8A7350BDE18CE33D02D278BE4811B2BDD9BF593D8023A7BE3894C4BDC80B673D3292C5BE486C66BDC80B673D3292C5BE486C66BDD9BF593D8023A7BE3894C4BD8216C63DA066C3BE3F6F8FBC8BDCAD3DC2B064BE878466BD08F6493DAE6751BE824B55BCBADC0A3DD91A33BE81E68A,
BD33D9EC3BA90471BE338690BD9B57C53B71E4B4BE44BBA1BB0205FF3BBAE89FBE269446BD45143C3D60578EBE894A4DBD7240FB3CA04AF9BE8B6B2BBD80A4A03D36F8F0BE792D993D2192213B491080BE603148BB0205FF3BBAE89FBE269446BD5AE1CE3B436DA8BE6B46BBBB0205FF3BBAE89FBE269446BD9B57C53B71E4B4BE44BBA1BD5AE1CE3B436DA8BE6B46BB,
3C1096BC3E17B891BE87B80BBC3567553E002F30BE843809BCBD0BFA3E16AE3ABE809481BD76ED673B9F1F15BE8F1A1ABD511E003B8EEF1CBE944135BD5FE8683B68C8ACBE896F00BD5FE8683B68C8ACBE896F00BC952D233B1E6688BE9C48F1BD5AE1CE3B436DA8BE6B46BBBC952D233B1E6688BE9C48F13D9C85C23B7F865DBE9125FFBD5AE1CE3B436DA8BE6B46BB,
BD706A2B3E19FF0DBE563886BD39C0EC3DFE2F7BBE623422BD539A7C3DFE7F2CBE501798BD539A7C3DFE7F2CBE501798BD5D0E993DCB9D3DBE4E09FFBD7459DA3DCD9E84BE3E6AFDBDCF6C6A3B98B2EABE48F6CFBDAEF1353BC7A7CABE56B9C3BD9B57C53B71E4B4BE44BBA1BC3567553E002F30BE843809BB9CC31A3DD08787BE892B80BCBADC0A3DD91A33BE81E68A,
BD80A4A03D36F8F0BE792D99BD8DCC213CE24BBABE6333B9BD7259193D8B0100BE61A71ABB9CC31A3DD08787BE892B80BB36848C3DB6CBDABE90FA9CBC8BDCAD3DC2B064BE878466BD7259193D8B0100BE61A71ABD4CFE153DB628CCBE61FE65BD08F6493DAE6751BE824B55BD80A4A03D36F8F0BE792D99BD7259193D8B0100BE61A71ABD08F6493DAE6751BE824B55,
BDE8E7143C4FD8F1BE49E1B1BE02424A3D119264BE445B6CBDE18CE33D02D278BE4811B23DB2A0663BC05921BEA61E933D9C85C23B7F865DBE9125FFBC952D233B1E6688BE9C48F1BD8216C63DA066C3BE3F6F8FBDCC49BA3DB5BDD7BE261D43BD9378EE3DC304CDBE2BA5E3BDCF94423DC70A81BE1137F4BD9A187A3DCECBFBBE181F54BDCC49BA3DB5BDD7BE261D43,
BD4CFE153DB628CCBE61FE65BD0A75043DD0A4E3BE784BA1BD08F6493DAE6751BE824B55BE02424A3D119264BE445B6CBDD9BF593D8023A7BE3894C4BDE18CE33D02D278BE4811B2BCED3F9E3E021294BE7A4C1FBC3567553E002F30BE843809BCBADC0A3DD91A33BE81E68ABD706A2B3E19FF0DBE563886BD8B6E0D3E3C22ABBE5B152FBD39C0EC3DFE2F7BBE623422,
BD153CDE3E19D841BE77D9DCBCED3F9E3E021294BE7A4C1FBD39C0EC3DFE2F7BBE623422BD718EB93E043526BE41F601BD706A2B3E19FF0DBE563886BD539A7C3DFE7F2CBE501798BD7459DA3DCD9E84BE3E6AFDBD718EB93E043526BE41F601BD539A7C3DFE7F2CBE501798BD4CFE153DB628CCBE61FE65BD39C0EC3DFE2F7BBE623422BD0A75043DD0A4E3BE784BA1,
BD91E18F3D5E01DEBE4A3162BD8A7EFA3D57C5EFBE524C83BD9F47733D38444ABE4C9F30BE0809D53DB0BE0EBE1B6955BDCF94423DC70A81BE1137F4BDCC49BA3DB5BDD7BE261D43BD8A7EFA3D57C5EFBE524C83BD5D0E993DCB9D3DBE4E09FFBD4CFE153DB628CCBE61FE65BD8A7EFA3D57C5EFBE524C83BD4CFE153DB628CCBE61FE65BD7259193D8B0100BE61A71A,
BD92C3013D162175BE512902BD8DCC213CE24BBABE6333B9BD96AB583CBA29C7BE5383F1BD8811B23E1DEB53BE2DBC23BD7065F93E066384BE0442C8BD815D2D3E216A48BE0A2164BD821F2A3DF47F99BE263A5CBD81A2E83E14AE00BE3CD6C3BD718EB93E043526BE41F601BDD10F523C221A72BE4ECAEFBDE18CE33D02D278BE4811B2BDAF07C03D0110A1BE507D0B,
BBFE60C43D1197A2BDEF8AD23D5E2BD03B9D7BA6BE02135E3BF6BE383D11E647BDCF2735BB0205FF3BBAE89FBE269446BBFE60C43D1197A2BDEF8AD2BC8259E23BE8294ABE282385BD162E0A3D601FFBBE9AB1B3BD3B03E23D24AE00BE9611BABD45143C3D60578EBE894A4DBD8DCC213CE24BBABE6333B9BD96CEFF3C896788BE606749BD96AB583CBA29C7BE5383F1,
BC8259E23BE8294ABE282385BBFE60C43D1197A2BDEF8AD2BD0FCC5C3D0D7ADDBE0AF295BDD6DD273DE35AC9BDCD490EBDD00A393DF44B2BBDBD084FBDA48E043DE41B33BDEC0CE9BDCF94423DC70A81BE1137F4BDA48E043DE41B33BDEC0CE9BD9E94AB3DD7AEDEBE05A78FBD9E94AB3DD7AEDEBE05A78FBD891FB43DDEDB73BE111EC9BD9A187A3DCECBFBBE181F54,
BDC09D493E1AFA2FBDBE0610BD9BDF8F3E24AC2ABDCD0A24BD989E773E04CEC4BDCB7803BDB644953D0D2913BDEE3BCDBDC05E5F3C3F7AD5BE0D59D5BD97774B3D0F0C78BE029175BBFE60C43D1197A2BDEF8AD2BB0205FF3BBAE89FBE2694463D5E2BD03B9D7BA6BE02135EBD1D12CB3D16E158BE10B1BCBCE7BA233BE8A71EBE2A137FBC8259E23BE8294ABE282385,
BDCE8EA43D1019F4BDCB9885BDAC43703D1C0FCBBDADEEBBBDCD373B3D1BB9D0BD95336EBDB4434E3D0842FA3DB831F0BDE3211D3CFA4C62BD1859C9BDC6223E3D1B6806BBECBFB1BD0FCC5C3D0D7ADDBE0AF295BBFE60C43D1197A2BDEF8AD2BDBE186A3D18C198BDD0C0ADBDA48E043DE41B33BDEC0CE9BDE4F5D33DD2439ABDF12770BDD6DD273DE35AC9BDCD490E,
BD4D86663D134268BDA779A7BD80B7803D1AA2E4BCF51ACABDAC43703D1C0FCBBDADEEBBBC8259E23BE8294ABE282385BD0FCC5C3D0D7ADDBE0AF295BD1D12CB3D16E158BE10B1BCBD730A4E3DF369BABDE79703BD9E94AB3DD7AEDEBE05A78FBDA48E043DE41B33BDEC0CE9BD48398A3D117721BE0C8FFCBD6F2F983C779421BE1C4695BCE7BA233BE8A71EBE2A137F,
BD0FCC5C3D0D7ADDBE0AF295BD48398A3D117721BE0C8FFCBD1D12CB3D16E158BE10B1BCBD821F2A3DF47F99BE263A5CBD891FB43DDEDB73BE111EC9BD7E33AD3DEF6DFCBE08A505BDD6B2293C7D7E46BDFCB70BBDCE8EA43D1019F4BDCB9885BDEF55583C5F505DBDDEE675BDCE8EA43D1019F4BDCB9885BDD6B2293C7D7E46BDFCB70BBDB644953D0D2913BDEE3BCD,
BDA48E043DE41B33BDEC0CE9BDCF94423DC70A81BE1137F4BDE4F5D33DD2439ABDF12770BDEE90BC3C29EB203BDB8349BDE3211D3CFA4C62BD1859C9BDB4434E3D0842FA3DB831F0BD858B3F3E1E3E6CBDD84231BD6F62FA3E16C97EBDEFECDDBD72DD373E08B1DDBDD6F113BD48398A3D117721BE0C8FFCBCE7BA233BE8A71EBE2A137FBD1D12CB3D16E158BE10B1BC,
BD989E773E04CEC4BDCB7803BD9BDF8F3E24AC2ABDCD0A24BD858B3F3E1E3E6CBDD84231BE0598183E0F8833BDAF4A56BDD924293E05B079BDB64A5ABE01DE6A3DF84231BDACF638BE086F8B3B9BB6AABC8FBA88BDDAEE633C25375D3D9CF2D0BDDA16E83BFE82513E0D5A9FBDCE8EA43D1019F4BDCB9885BDCD373B3D1BB9D0BD95336EBDDF98B73D046F9CBDACE810,
BDC05E5F3C3F7AD5BE0D59D5BDD6B2293C7D7E46BDFCB70BBDE75A323C01BEB2BE046CB9BDE945FA3BB53D64BE0F8E3BBDB4D37C3BEEAE9FBE1C0DB2BDC05E5F3C3F7AD5BE0D59D5BDE75A323C01BEB2BE046CB9BDE945FA3BB53D64BE0F8E3BBDC05E5F3C3F7AD5BE0D59D5BDBE186A3D18C198BDD0C0ADBDAC43703D1C0FCBBDADEEBBBDCE8EA43D1019F4BDCB9885,
BDDF98B73D046F9CBDACE810BDE8E6083CAF709BBDC99286BDCE8EA43D1019F4BDCB9885BD989E773E04CEC4BDCB7803BD858B3F3E1E3E6CBDD84231BD72DD373E08B1DDBDD6F113BDD6DD273DE35AC9BDCD490EBDE4F5D33DD2439ABDF12770BDE8F7DB3DE3DDDBBDCF177ABDD00A393DF44B2BBDBD084FBDD6DD273DE35AC9BDCD490EBDE8F7DB3DE3DDDBBDCF177A,
BDB644953D0D2913BDEE3BCDBD97774B3D0F0C78BE029175BDBE186A3D18C198BDD0C0ADBE229FE03B6F77F2BE26655ABD9A57EB3BB19A41BE268598BDE945FA3BB53D64BE0F8E3BBE15FAEC3BA3486F3D2ACB86BE086F8B3B9BB6AABC8FBA88BDDA16E83BFE82513E0D5A9FBD48398A3D117721BE0C8FFCBDA475E63C8092CDBE12A066BD6F2F983C779421BE1C4695,
BE086F8B3B9BB6AABC8FBA88BDEE90BC3C29EB203BDB8349BDDAEE633C25375D3D9CF2D0BD821F2A3DF47F99BE263A5CBD7E33AD3DEF6DFCBE08A505BD7065F93E066384BE0442C8BDA3C2123D23992D3DC3F24EBDB4434E3D0842FA3DB831F0BDC6223E3D1B6806BBECBFB1BD97774B3D0F0C78BE029175BD0FCC5C3D0D7ADDBE0AF295BDBE186A3D18C198BDD0C0AD,
BD9E94AB3DD7AEDEBE05A78FBD9A187A3DCECBFBBE181F54BDCF94423DC70A81BE1137F4BE0598183E0F8833BDAF4A56BDF424E63E23443DBDB7995FBDD924293E05B079BDB64A5ABE01DE6A3DF84231BDACF638BDD924293E05B079BDB64A5ABDF2617C3DF3AABDBDAFEE70BDB644953D0D2913BDEE3BCDBDD6B2293C7D7E46BDFCB70BBDC05E5F3C3F7AD5BE0D59D5,
BD4D86663D134268BDA779A7BDBE186A3D18C198BDD0C0AD3BF6BE383D11E647BDCF2735BBFE60C43D1197A2BDEF8AD23BF6BE383D11E647BDCF2735BDBE186A3D18C198BDD0C0ADBDE75A323C01BEB2BE046CB9BDD6B2293C7D7E46BDFCB70BBDEF55583C5F505DBDDEE675BDE3211D3CFA4C62BD1859C9BE0000863C3A83F5BD9A0C6BBDDEA8973D104E62BD80913A,
BDE8E6083CAF709BBDC99286BDDF98B73D046F9CBDACE810BE0000863C3A83F5BD9A0C6BBD97774B3D0F0C78BE029175BDC05E5F3C3F7AD5BE0D59D5BDA475E63C8092CDBE12A066BD97774B3D0F0C78BE029175BDA475E63C8092CDBE12A066BD48398A3D117721BE0C8FFCBDC6223E3D1B6806BBECBFB1BD89E4503D2A5F853DD87619BDA3C2123D23992D3DC3F24E,
BD891FB43DDEDB73BE111EC9BD821F2A3DF47F99BE263A5CBD8521573DD25FE9BE2D4CBABD9A187A3DCECBFBBE181F54BD891FB43DDEDB73BE111EC9BD8521573DD25FE9BE2D4CBABDF2617C3DF3AABDBDAFEE70BDD924293E05B079BDB64A5ABDD00A393DF44B2BBDBD084FBDE8F7DB3DE3DDDBBDCF177ABDF2617C3DF3AABDBDAFEE70BDD00A393DF44B2BBDBD084F,
BD72DD373E08B1DDBDD6F113BD730A4E3DF369BABDE79703BD88038A3DF1233EBDD722E2BD989E773E04CEC4BDCB7803BD72DD373E08B1DDBDD6F113BD97D6B63DF79E9DBDCE770CBD7065F93E066384BE0442C8BD8811B23E1DEB53BE2DBC23BD821F2A3DF47F99BE263A5CBDC05E5F3C3F7AD5BE0D59D5BDB4D37C3BEEAE9FBE1C0DB2BDA475E63C8092CDBE12A066,
BDCE8EA43D1019F4BDCB9885BDE8E6083CAF709BBDC99286BDEF55583C5F505DBDDEE675BD9E94AB3DD7AEDEBE05A78FBD7E33AD3DEF6DFCBE08A505BD891FB43DDEDB73BE111EC9BD80B7803D1AA2E4BCF51ACABD4D86663D134268BDA779A73BF6A50D3D142C3D3C74A559BD9A57EB3BB19A41BE268598BDB4D37C3BEEAE9FBE1C0DB2BDE945FA3BB53D64BE0F8E3B,
BD0FCC5C3D0D7ADDBE0AF295BD97774B3D0F0C78BE029175BD48398A3D117721BE0C8FFC3D5E2BD03B9D7BA6BE02135EBB0205FF3BBAE89FBE2694463D1F05EA3B5A1A93BE3B074ABD97D6B63DF79E9DBDCE770CBDA48E043DE41B33BDEC0CE9BDD00A393DF44B2BBDBD084FBDB3EA2D3E053C58BDBD7F52BD97D6B63DF79E9DBDCE770CBDD00A393DF44B2BBDBD084F,
BD9E94AB3DD7AEDEBE05A78FBD730A4E3DF369BABDE79703BD7E33AD3DEF6DFCBE08A505BD80B7803D1AA2E4BCF51ACABDCD373B3D1BB9D0BD95336EBDAC43703D1C0FCBBDADEEBBBDC6223E3D1B6806BBECBFB1BD80B7803D1AA2E4BCF51ACABD89E4503D2A5F853DD87619BD80B7803D1AA2E4BCF51ACA3BF6A50D3D142C3D3C74A559BD89E4503D2A5F853DD87619,
BDA48E043DE41B33BDEC0CE9BD97D6B63DF79E9DBDCE770CBD88038A3DF1233EBDD722E2BE0809D53DB0BE0EBE1B6955BDE4F5D33DD2439ABDF12770BDCF94423DC70A81BE1137F4BD72DD373E08B1DDBDD6F113BD6F62FA3E16C97EBDEFECDDBD730A4E3DF369BABDE79703BD7E33AD3DEF6DFCBE08A505BD730A4E3DF369BABDE79703BD7065F93E066384BE0442C8,
BD4D86663D134268BDA779A73BF6BE383D11E647BDCF27353BF6A50D3D142C3D3C74A559BDBE186A3D18C198BDD0C0ADBDCE8EA43D1019F4BDCB9885BDB644953D0D2913BDEE3BCDBDA48E043DE41B33BDEC0CE9BD88038A3DF1233EBDD722E2BD730A4E3DF369BABDE79703BD97D6B63DF79E9DBDCE770CBD72DD373E08B1DDBDD6F113BD88038A3DF1233EBDD722E2,
BDC09D493E1AFA2FBDBE0610BD989E773E04CEC4BDCB7803BDB3EA2D3E053C58BDBD7F52BDC6223E3D1B6806BBECBFB1BDDEA8973D104E62BD80913ABDCD373B3D1BB9D0BD95336EBD80B7803D1AA2E4BCF51ACABDC6223E3D1B6806BBECBFB1BDCD373B3D1BB9D0BD95336EBDBE186A3D18C198BDD0C0ADBD4D86663D134268BDA779A7BDAC43703D1C0FCBBDADEEBB,
BDDF98B73D046F9CBDACE810BDCD373B3D1BB9D0BD95336EBDDEA8973D104E62BD80913ABE0000863C3A83F5BD9A0C6BBDDF98B73D046F9CBDACE810BDDEA8973D104E62BD80913ABDCF94423DC70A81BE1137F4BD9A187A3DCECBFBBE181F54BDCC49BA3DB5BDD7BE261D43BD989E773E04CEC4BDCB7803BD97D6B63DF79E9DBDCE770CBDB3EA2D3E053C58BDBD7F52,
BDE3211D3CFA4C62BD1859C9BDDEA8973D104E62BD80913ABDC6223E3D1B6806BBECBFB1BDB3EA2D3E053C58BDBD7F52BDD00A393DF44B2BBDBD084FBDD924293E05B079BDB64A5ABDC09D493E1AFA2FBDBE0610BDB3EA2D3E053C58BDBD7F52BDD924293E05B079BDB64A5ABDF424E63E23443DBDB7995FBDC09D493E1AFA2FBDBE0610BDD924293E05B079BDB64A5A,
BD730A4E3DF369BABDE79703BD6F62FA3E16C97EBDEFECDDBD7065F93E066384BE0442C8BD8811B23E1DEB53BE2DBC23BD7065F93E066384BE0442C8BD815D2D3E216A48BE0A2164BE0809D53DB0BE0EBE1B6955BDCF94423DC70A81BE1137F4BDCC49BA3DB5BDD7BE261D43BD815D2D3E216A48BE0A2164BD7065F93E066384BE0442C8BD6F62FA3E16C97EBDEFECDD,
BDDA16E83BFE82513E0D5A9FBE0C80C73BC319C63DC02108BE15FAEC3BA3486F3D2ACB86BDA5EBB73D08DB053E04195DBD9087873CF5989E3E235936BDB713AD3C8FA3773E0A8B093C9175083D1F33013DD4C3C2BD48765C3D2C98E53E02CD3ABD89E4503D2A5F853DD87619BDB713AD3C8FA3773E0A8B09BDC6CA8A3C45692B3DF1A8EFBDB53BD13D0037933DDFA11B,
3CB092043C8676A73E036DA8BCFC7E6B3D0C59753E1CA6013CBE8DDA3D04A83B3DE9C454BDB713AD3C8FA3773E0A8B09BD9087873CF5989E3E235936BDA671693C4FBB953E29C62ABD48765C3D2C98E53E02CD3ABCE20EE93D214AD33E106812BD3800223D18958E3E1F7122BDB4434E3D0842FA3DB831F0BDE3211D3CFA4C62BD1859C9BDC6223E3D1B6806BBECBFB1,
BDEE90BC3C29EB203BDB8349BDE3211D3CFA4C62BD1859C9BDB4434E3D0842FA3DB831F0BDB4434E3D0842FA3DB831F0BDA3C2123D23992D3DC3F24EBDB53BD13D0037933DDFA11BBCFC7E6B3D0C59753E1CA601BCE20EE93D214AD33E1068123CBE8DDA3D04A83B3DE9C454BDDA16E83BFE82513E0D5A9FBDDAEE633C25375D3D9CF2D0BDC6CA8A3C45692B3DF1A8EF,
BDDAEE633C25375D3D9CF2D0BDC720863C9AED573DB211CBBDC6CA8A3C45692B3DF1A8EFBD89E4503D2A5F853DD87619BD9817B93D202EA93DF9BCBABDA3C2123D23992D3DC3F24EBDB53BD13D0037933DDFA11BBDA3C2123D23992D3DC3F24EBD9817B93D202EA93DF9BCBABE086F8B3B9BB6AABC8FBA88BDDAEE633C25375D3D9CF2D0BDDA16E83BFE82513E0D5A9F,
BE15FAEC3BA3486F3D2ACB86BE086F8B3B9BB6AABC8FBA88BDDA16E83BFE82513E0D5A9FBC0F79853C2EEE953E23D2953BC09C3D3C4FBB953E12CF103D07EAE63C0BDA943E088C1EBE0403583BECBFB13E137C13BDDA16E83BFE82513E0D5A9FBDFF5DFF3C0B08DD3E2ECF64BDC720863C9AED573DB211CBBDDAEE633C25375D3D9CF2D0BDEE90BC3C29EB203BDB8349,
BDC1A2623C264C303E136C16BDDA16E83BFE82513E0D5A9FBDC6CA8A3C45692B3DF1A8EFBDB713AD3C8FA3773E0A8B09BDC1A2623C264C303E136C16BDC6CA8A3C45692B3DF1A8EFBD48765C3D2C98E53E02CD3A3C9175083D1F33013DD4C3C2BCE20EE93D214AD33E106812BDA3C2123D23992D3DC3F24EBDB4434E3D0842FA3DB831F0BDC6223E3D1B6806BBECBFB1,
BDB713AD3C8FA3773E0A8B09BDA671693C4FBB953E29C62ABDC1A2623C264C303E136C163BF6A50D3D142C3D3C74A5593C9175083D1F33013DD4C3C2BD89E4503D2A5F853DD87619BE086F8B3B9BB6AABC8FBA88BDEE90BC3C29EB203BDB8349BDDAEE633C25375D3D9CF2D0BD89E4503D2A5F853DD87619BD48765C3D2C98E53E02CD3ABD9817B93D202EA93DF9BCBA,
BDA5EBB73D08DB053E04195DBD8AA8653D16F86A3E14D50FBD9087873CF5989E3E235936BDB53BD13D0037933DDFA11BBDC720863C9AED573DB211CBBDB4434E3D0842FA3DB831F0BDC6223E3D1B6806BBECBFB1BD89E4503D2A5F853DD87619BDA3C2123D23992D3DC3F24EBCFC7E6B3D0C59753E1CA6013CB092043C8676A73E036DA83BC09C3D3C4FBB953E12CF10,
BD3800223D18958E3E1F7122BCE20EE93D214AD33E106812BCFC7E6B3D0C59753E1CA601BDC720863C9AED573DB211CBBDEE90BC3C29EB203BDB8349BDB4434E3D0842FA3DB831F0BCE20EE93D214AD33E1068123C9175083D1F33013DD4C3C23CBE8DDA3D04A83B3DE9C454BDC720863C9AED573DB211CBBDB53BD13D0037933DDFA11BBDC6CA8A3C45692B3DF1A8EF,
BD80B7803D1AA2E4BCF51ACA3BF6A50D3D142C3D3C74A559BD89E4503D2A5F853DD87619BC0F79853C2EEE953E23D2953D07EAE63C0BDA943E088C1E3C5962073BF28C7A3E2A8694BD80B7803D1AA2E4BCF51ACABD4D86663D134268BDA779A73BF6A50D3D142C3D3C74A559BDDA16E83BFE82513E0D5A9FBE0403583BECBFB13E137C13BE0C80C73BC319C63DC02108,
BD4D86663D134268BDA779A73BF6BE383D11E647BDCF27353BF6A50D3D142C3D3C74A559BD9817B93D202EA93DF9BCBABD48765C3D2C98E53E02CD3ABD8AA8653D16F86A3E14D50FBDA5EBB73D08DB053E04195DBD9817B93D202EA93DF9BCBABD8AA8653D16F86A3E14D50FBDC6223E3D1B6806BBECBFB1BD80B7803D1AA2E4BCF51ACABD89E4503D2A5F853DD87619,
BDB713AD3C8FA3773E0A8B09BDB53BD13D0037933DDFA11BBDA5EBB73D08DB053E04195DBD48765C3D2C98E53E02CD3ABD3800223D18958E3E1F7122BD8AA8653D16F86A3E14D50FBDC78C873BF9C1F83E2EBB34BDFF5DFF3C0B08DD3E2ECF64BDDA16E83BFE82513E0D5A9FBDC1A2623C264C303E136C16BDC78C873BF9C1F83E2EBB34BDDA16E83BFE82513E0D5A9F,
BDF0D4133DAE97073E82C365BDDE4FFD3DAFBC1B3E868F2ABDF5AFB03DC0FFDA3E871E6DBCFC7E6B3D0C59753E1CA6013BC09C3D3C4FBB953E12CF10BD226C3C3C6DAA933E329281BDA2A90D3C55F56A3E6C4A84BDAE5B423C3B0E5E3E5DE0D6BD740A283C6770BD3E6ED41BBDB53BD13D0037933DDFA11BBD9817B93D202EA93DF9BCBABDA5EBB73D08DB053E04195D,
BD5DD6E03C4CFAF03E387D70BD83D7903C09613D3E4932D7BD9088943C1884C73E3DA7F4BDA5EBB73D08DB053E04195DBD9087873CF5989E3E235936BDB713AD3C8FA3773E0A8B09BCBBFD723C1995683E58DCDBBDAE5B423C3B0E5E3E5DE0D6BD83D7903C09613D3E4932D7BD1C768E3D6A21A73E891C8FBCD54FBE3D4FD08D3E8D6E69BD08ADEF3DA2BE063E98576D,
BD3C84B63D97D7C33E90FBCABD1C768E3D6A21A73E891C8FBD08ADEF3DA2BE063E98576DBD23497B3DBF4FD73E9D8277BD3C84B63D97D7C33E90FBCABD08ADEF3DA2BE063E98576DBDC72C0E3C750A033E62FD76BDFE54B53CC3675E3E5A6699BDDD73C93C2B81F93E54AEC9BD8E79253DA877EE3E91CE29BDA41BB93D8B39193E85B680BD80E94F3D85729B3E864CB6,
BD9088943C1884C73E3DA7F4BD83D7903C09613D3E4932D7BDC78C873BF9C1F83E2EBB34BDDD73C93C2B81F93E54AEC9BDFE54B53CC3675E3E5A6699BDF659083C3AA1513E4966BEBDC78C873BF9C1F83E2EBB34BDDD73C93C2B81F93E54AEC9BDF659083C3AA1513E4966BEBC6FA6163C560E953E754E2BBC817DAF3C726F1E3E7C3697BD0A8C153C5D05293E73397E,
BDC72C0E3C750A033E62FD76BDDD73C93C2B81F93E54AEC9BDAE5B423C3B0E5E3E5DE0D6BDD0A1BE3D9D041D3E84FF00BD8E79253DA877EE3E91CE29BDC7EC783DBC6EB13E92AC11BD3800223D18958E3E1F7122BD226C3C3C6DAA933E329281BD5DD6E03C4CFAF03E387D70BDAFBC1B3CDD1E543E724D90BD0A8C153C5D05293E73397EBD80E94F3D85729B3E864CB6,
BD48765C3D2C98E53E02CD3ABCE20EE93D214AD33E106812BD3800223D18958E3E1F7122BD9087873CF5989E3E235936BD8AA8653D16F86A3E14D50FBD3800223D18958E3E1F71223C9FC4C13BFCE7473E55332BBCBBFD723C1995683E58DCDB3C5962073BF28C7A3E2A8694BDC78C873BF9C1F83E2EBB34BDC1A2623C264C303E136C16BDB226C43C114F483E2F0BAF,
3CB092043C8676A73E036DA8BCFC7E6B3D0C59753E1CA6013CBE8DDA3D04A83B3DE9C454BDB713AD3C8FA3773E0A8B09BD9087873CF5989E3E235936BDA671693C4FBB953E29C62ABDB226C43C114F483E2F0BAFBDC1A2623C264C303E136C16BDA671693C4FBB953E29C62ABD80E94F3D85729B3E864CB6BD1C768E3D6A21A73E891C8FBD3C84B63D97D7C33E90FBCA,
BC9852723D2FCAC93E8D4739BD078FAC3D479E5A3E884AD8BCBA604E3CEF15623E8078963C7F00263C5035373E87292CBB1E55C13CD13B5C3E88AA223ABED7413C4C96463E828501BCBBFD723C1995683E58DCDB3C9FC4C13BFCE7473E55332B3CCD31773C1274E23E6F8876BDC72C0E3C750A033E62FD76BDAE5B423C3B0E5E3E5DE0D6BDA2A90D3C55F56A3E6C4A84,
BD1C768E3D6A21A73E891C8FBD80E94F3D85729B3E864CB6BD2F2B673D35C4A83E83CA32BDFAB6D03DDA415F3E905AB4BDDE4FFD3DAFBC1B3E868F2ABDC7EC783DBC6EB13E92AC11BDCF4CF53DCF52B93E96F06BBDFAB6D03DDA415F3E905AB4BDC7EC783DBC6EB13E92AC11BC817DAF3C726F1E3E7C36973B8E15013C4ECC813E7E920CBAE64B233CA34EBA3E81F905,
BCFC7E6B3D0C59753E1CA601BCE20EE93D214AD33E1068123CBE8DDA3D04A83B3DE9C454BD0A8C153C5D05293E73397EBCBA604E3CEF15623E807896BD2F2B673D35C4A83E83CA32BD3800223D18958E3E1F7122BD83F24E3C86833C3E33DE61BD9087873CF5989E3E235936BD4B06C43DBFD0D03E9B1AF4BD3C84B63D97D7C33E90FBCABD23497B3DBF4FD73E9D8277,
BC817DAF3C726F1E3E7C3697BC6FA6163C560E953E754E2B3B8E15013C4ECC813E7E920CBD740A283C6770BD3E6ED41BBDAE5B423C3B0E5E3E5DE0D6BCBBFD723C1995683E58DCDBBDAFBC1B3CDD1E543E724D90BDC72C0E3C750A033E62FD76BDA2A90D3C55F56A3E6C4A84BD740A283C6770BD3E6ED41BBDAFBC1B3CDD1E543E724D90BDA2A90D3C55F56A3E6C4A84,
BC1B84553D1318763E907FEDBC83EC893D4CF3993E991BC5BCD54FBE3D4FD08D3E8D6E69BD8E79253DA877EE3E91CE29BD80E94F3D85729B3E864CB6BD3C84B63D97D7C33E90FBCABD3C84B63D97D7C33E90FBCABD924E163DBC9FF93E97C7A4BD8E79253DA877EE3E91CE29BDAFBC1B3CDD1E543E724D90BDD3CE643CCB70AC3E6A3DB4BDC72C0E3C750A033E62FD76,
BD740A283C6770BD3E6ED41BBCBBFD723C1995683E58DCDBBC851C9F3C59DFDB3E6EB420BD9088943C1884C73E3DA7F4BDB226C43C114F483E2F0BAFBDA671693C4FBB953E29C62ABD83F24E3C86833C3E33DE61BD9088943C1884C73E3DA7F4BDA671693C4FBB953E29C62ABDFF5DFF3C0B08DD3E2ECF64BDC78C873BF9C1F83E2EBB34BDF659083C3AA1513E4966BE,
BB1E55C13CD13B5C3E88AA22BC643AA83CF1E6CD3E8410B6BBF7D30B3CEA619E3E821A933ABED7413C4C96463E828501BAE64B233CA34EBA3E81F9053B8E15013C4ECC813E7E920C3ABED7413C4C96463E828501BB1E55C13CD13B5C3E88AA22BAE64B233CA34EBA3E81F905BCD54FBE3D4FD08D3E8D6E69BD078FAC3D479E5A3E884AD8BC9852723D2FCAC93E8D4739,
3C3927D43CA9CFDD3E8E54F839DC33723D12C3873E9FFDE7BC1B84553D1318763E907FEDBDF5AFB03DC0FFDA3E871E6DBDDE4FFD3DAFBC1B3E868F2ABDFAB6D03DDA415F3E905AB4BCBA604E3CEF15623E807896BD0A8C153C5D05293E73397EBC817DAF3C726F1E3E7C3697BC643AA83CF1E6CD3E8410B6BC817DAF3C726F1E3E7C3697BBF7D30B3CEA619E3E821A93,
BE0403583BECBFB13E137C13BDDA16E83BFE82513E0D5A9FBDFF5DFF3C0B08DD3E2ECF64BCFC7E6B3D0C59753E1CA601BD226C3C3C6DAA933E329281BD3800223D18958E3E1F7122BDF699853D847FDC3E800043BDD3CE643CCB70AC3E6A3DB4BDAFBC1B3CDD1E543E724D9039DC33723D12C3873E9FFDE7BC83EC893D4CF3993E991BC5BC1B84553D1318763E907FED,
3C3927D43CA9CFDD3E8E54F8BB1E55C13CD13B5C3E88AA223C7F00263C5035373E87292CBD2F2B673D35C4A83E83CA32BCBA604E3CEF15623E807896BD078FAC3D479E5A3E884AD8BDD0A1BE3D9D041D3E84FF00BDC7EC783DBC6EB13E92AC11BDDE4FFD3DAFBC1B3E868F2ABDD0A1BE3D9D041D3E84FF00BDDE4FFD3DAFBC1B3E868F2ABDF0D4133DAE97073E82C365,
BC0F79853C2EEE953E23D295BD1839473C18BB4D3E3FBB95BD226C3C3C6DAA933E329281BC0F79853C2EEE953E23D2953BC09C3D3C4FBB953E12CF103D07EAE63C0BDA943E088C1EBD1839473C18BB4D3E3FBB95BD83D7903C09613D3E4932D7BD5DD6E03C4CFAF03E387D70BD226C3C3C6DAA933E329281BD1839473C18BB4D3E3FBB95BD5DD6E03C4CFAF03E387D70,
BCD54FBE3D4FD08D3E8D6E69BD1C768E3D6A21A73E891C8FBD078FAC3D479E5A3E884AD8BC1B84553D1318763E907FEDBCD54FBE3D4FD08D3E8D6E69BC9852723D2FCAC93E8D47393C3927D43CA9CFDD3E8E54F8BC1B84553D1318763E907FEDBC9852723D2FCAC93E8D4739BC9852723D2FCAC93E8D4739BB1E55C13CD13B5C3E88AA223C3927D43CA9CFDD3E8E54F8,
BDDD73C93C2B81F93E54AEC9BD83D7903C09613D3E4932D7BDAE5B423C3B0E5E3E5DE0D6BD8E79253DA877EE3E91CE29BD924E163DBC9FF93E97C7A4BDC7EC783DBC6EB13E92AC11BDC1A2623C264C303E136C16BDDA16E83BFE82513E0D5A9FBDC6CA8A3C45692B3DF1A8EFBDB713AD3C8FA3773E0A8B09BDC1A2623C264C303E136C16BDC6CA8A3C45692B3DF1A8EF,
BCFC7E6B3D0C59753E1CA6013CB092043C8676A73E036DA83BC09C3D3C4FBB953E12CF10BDB713AD3C8FA3773E0A8B09BDA671693C4FBB953E29C62ABDC1A2623C264C303E136C163CCD31773C1274E23E6F88763B8E15013C4ECC813E7E920CBC6FA6163C560E953E754E2BBCBBFD723C1995683E58DCDB3CCD31773C1274E23E6F8876BC851C9F3C59DFDB3E6EB420,
BD80E94F3D85729B3E864CB6BD0A8C153C5D05293E73397EBD2F2B673D35C4A83E83CA32BDA5EBB73D08DB053E04195DBD8AA8653D16F86A3E14D50FBD9087873CF5989E3E235936BD226C3C3C6DAA933E3292813BC09C3D3C4FBB953E12CF10BC0F79853C2EEE953E23D295BD3C84B63D97D7C33E90FBCABD4B06C43DBFD0D03E9B1AF4BD924E163DBC9FF93E97C7A4,
BC9852723D2FCAC93E8D4739BCBA604E3CEF15623E807896BC643AA83CF1E6CD3E8410B6BD08ADEF3DA2BE063E98576DBCD54FBE3D4FD08D3E8D6E69BC83EC893D4CF3993E991BC53C5962073BF28C7A3E2A8694BD1839473C18BB4D3E3FBB95BC0F79853C2EEE953E23D295BD80E94F3D85729B3E864CB6BDA41BB93D8B39193E85B680BDAFBC1B3CDD1E543E724D90,
BD1C768E3D6A21A73E891C8FBD2F2B673D35C4A83E83CA32BD078FAC3D479E5A3E884AD8BDDA16E83BFE82513E0D5A9FBE0403583BECBFB13E137C13BE0C80C73BC319C63DC02108BD3800223D18958E3E1F7122BCE20EE93D214AD33E106812BCFC7E6B3D0C59753E1CA601BCBA604E3CEF15623E807896BC817DAF3C726F1E3E7C3697BC643AA83CF1E6CD3E8410B6,
BC817DAF3C726F1E3E7C3697BAE64B233CA34EBA3E81F905BBF7D30B3CEA619E3E821A93BDF699853D847FDC3E800043BDF13D753D1E0E733E6B1141BDD3CE643CCB70AC3E6A3DB4BDAFBC1B3CDD1E543E724D90BD740A283C6770BD3E6ED41BBD0A8C153C5D05293E73397EBC9852723D2FCAC93E8D4739BC643AA83CF1E6CD3E8410B6BB1E55C13CD13B5C3E88AA22,
BC851C9F3C59DFDB3E6EB4203CCD31773C1274E23E6F8876BC6FA6163C560E953E754E2BBD0A8C153C5D05293E73397EBC851C9F3C59DFDB3E6EB420BC6FA6163C560E953E754E2BBD8E79253DA877EE3E91CE29BDD0A1BE3D9D041D3E84FF00BDA41BB93D8B39193E85B680BAE64B233CA34EBA3E81F905BB1E55C13CD13B5C3E88AA22BBF7D30B3CEA619E3E821A93,
BDC78C873BF9C1F83E2EBB34BD83D7903C09613D3E4932D7BDDD73C93C2B81F93E54AEC9BC0F79853C2EEE953E23D2953D07EAE63C0BDA943E088C1E3C5962073BF28C7A3E2A8694BD9088943C1884C73E3DA7F4BDC78C873BF9C1F83E2EBB34BDB226C43C114F483E2F0BAFBD740A283C6770BD3E6ED41BBC851C9F3C59DFDB3E6EB420BD0A8C153C5D05293E73397E,
BDCF4CF53DCF52B93E96F06BBDE3A6483DFE6D593E9B51DFBDFAB6D03DDA415F3E905AB4BD1839473C18BB4D3E3FBB95BCBBFD723C1995683E58DCDBBD83D7903C09613D3E4932D7BDFE54B53CC3675E3E5A6699BDC72C0E3C750A033E62FD76BDD3CE643CCB70AC3E6A3DB4BDF13D753D1E0E733E6B1141BDFE54B53CC3675E3E5A6699BDD3CE643CCB70AC3E6A3DB4,
BDF699853D847FDC3E800043BDD0A1BE3D9D041D3E84FF00BDF0D4133DAE97073E82C365BD1839473C18BB4D3E3FBB953C5962073BF28C7A3E2A8694BCBBFD723C1995683E58DCDBBD9817B93D202EA93DF9BCBABD48765C3D2C98E53E02CD3ABD8AA8653D16F86A3E14D50FBDA5EBB73D08DB053E04195DBD9817B93D202EA93DF9BCBABD8AA8653D16F86A3E14D50F,
BDC1A2623C264C303E136C16BDC78C873BF9C1F83E2EBB34BDDA16E83BFE82513E0D5A9FBDAFBC1B3CDD1E543E724D90BDA41BB93D8B39193E85B680BDD0A1BE3D9D041D3E84FF00BD3800223D18958E3E1F7122BD5DD6E03C4CFAF03E387D70BD83F24E3C86833C3E33DE61BDAFBC1B3CDD1E543E724D90BDD0A1BE3D9D041D3E84FF00BDF699853D847FDC3E800043,
BD83F24E3C86833C3E33DE61BDA671693C4FBB953E29C62ABD9087873CF5989E3E235936BD48765C3D2C98E53E02CD3ABD3800223D18958E3E1F7122BD8AA8653D16F86A3E14D50FBD5DD6E03C4CFAF03E387D70BD9088943C1884C73E3DA7F4BD83F24E3C86833C3E33DE61BDC78C873BF9C1F83E2EBB34BDFF5DFF3C0B08DD3E2ECF64BDDA16E83BFE82513E0D5A9F,
BD048E043E0E9E5E3EB7F38CBCE6B6173E1F2A9D3EBA2079BD1265283E136FC13EB4B5FEBD7673C53E0CC2943EA8FDA0BD944DCB3E30B1BC3EB19A63BDA7B3533E17A8503EA6364CBD1C768E3D6A21A73E891C8FBCD54FBE3D4FD08D3E8D6E69BD08ADEF3DA2BE063E98576DBD23497B3DBF4FD73E9D8277BD2663413DE1040C3EA444E1BD4B06C43DBFD0D03E9B1AF4,
BD09363F3DEA9B4A3EC9C326BC7A5D293DA7F23D3EC60B0BBCC50ACC3DD06AB13ECEC52ABC7A5D293DA7F23D3EC60B0BBC29C12F3D7355CE3EB76AB63AF55DE63D627D033EBF4F94BD3C84B63D97D7C33E90FBCABD1C768E3D6A21A73E891C8FBD08ADEF3DA2BE063E98576DBD23497B3DBF4FD73E9D8277BD3C84B63D97D7C33E90FBCABD08ADEF3DA2BE063E98576D,
BC7A5D293DA7F23D3EC60B0B3C5E00D23D9064673ECEB28EBC83F2D43DBD79073ED0BE51BD1004FB3DFB506E3EADD788BD23497B3DBF4FD73E9D8277BD0471B43DADA0173EA11794BC49EA9A3D63443D3EAC100EBB8C1DB03D387F023EA8ED3E3B8626F63D3530CF3EB4AC8EBC7A5D293DA7F23D3EC60B0BBC83F2D43DBD79073ED0BE51BCC50ACC3DD06AB13ECEC52A,
BDC80E8D3E1190083EA014F9BDB0D5A63DFED41B3EA05187BDA7B3533E17A8503EA6364CBD0C58683E037F393EB96894BD054EF43DDD2C7C3EBF02E6BD104F6E3E0D4FDF3EC9E9AFBDD0A1BE3D9D041D3E84FF00BD8E79253DA877EE3E91CE29BDC7EC783DBC6EB13E92AC11BD01B4353E0809D53ED2CF96BC9A49C33DDB163C3ED84274BCBAE89F3E16D5D03EE1E6EF,
BCE7C2873DA84B5E3EAAD2FEBCF761CC3DB3A7983EB35200BD1004FB3DFB506E3EADD788BD4B06C43DBFD0D03E9B1AF4BD3C84B63D97D7C33E90FBCABD23497B3DBF4FD73E9D8277BDFAB6D03DDA415F3E905AB4BDDE4FFD3DAFBC1B3E868F2ABDC7EC783DBC6EB13E92AC11BDCF4CF53DCF52B93E96F06BBDFAB6D03DDA415F3E905AB4BDC7EC783DBC6EB13E92AC11,
BD3C84B63D97D7C33E90FBCABD924E163DBC9FF93E97C7A4BD8E79253DA877EE3E91CE29BD1004FB3DFB506E3EADD788BD048E043E0E9E5E3EB7F38CBD1265283E136FC13EB4B5FEBC7A5D293DA7F23D3EC60B0B3AF55DE63D627D033EBF4F943C5E00D23D9064673ECEB28EBD1265283E136FC13EB4B5FEBD944DCB3E30B1BC3EB19A63BD2DAB9F3E0516DB3EAC81D4,
BD794B7B3DF779643EA40464BD4B06C43DBFD0D03E9B1AF4BD2663413DE1040C3EA444E1BCC50ACC3DD06AB13ECEC52ABC83F2D43DBD79073ED0BE51BC9A49C33DDB163C3ED84274BC1B84553D1318763E907FEDBC83EC893D4CF3993E991BC5BCD54FBE3D4FD08D3E8D6E69BCE97D073E2160523ECDE02FBCEDB2F63E1B03193EBFE521BD104F6E3E0D4FDF3EC9E9AF,
3C3927D43CA9CFDD3E8E54F839DC33723D12C3873E9FFDE7BC1B84553D1318763E907FEDBCF761CC3DB3A7983EB35200BD0C58683E037F393EB96894BD1004FB3DFB506E3EADD788BC29C12F3D7355CE3EB76AB6BC7A5D293DA7F23D3EC60B0BBCF761CC3DB3A7983EB35200BBF976793DD9A9543EDF8445BAF388223DAD2ED83ED429393C72A1733DB275EF3EDF6BC2,
BD794B7B3DF779643EA40464BD7673C53E0CC2943EA8FDA0BDA7B3533E17A8503EA6364CBC83F2D43DBD79073ED0BE513C5E00D23D9064673ECEB28EBAF388223DAD2ED83ED42939BD4B06C43DBFD0D03E9B1AF4BD794B7B3DF779643EA40464BD924E163DBC9FF93E97C7A439DC33723D12C3873E9FFDE7BC83EC893D4CF3993E991BC5BC1B84553D1318763E907FED,
BCD258923D8B0FAE3E9E38EBBC83EC893D4CF3993E991BC5BB8C1DB03D387F023EA8ED3EBDD0A1BE3D9D041D3E84FF00BDC7EC783DBC6EB13E92AC11BDDE4FFD3DAFBC1B3E868F2ABD794B7B3DF779643EA40464BDE3A6483DFE6D593E9B51DFBDCF4CF53DCF52B93E96F06BBD09363F3DEA9B4A3EC9C326BCC50ACC3DD06AB13ECEC52ABD01B4353E0809D53ED2CF96,
BD1004FB3DFB506E3EADD788BD2DAB9F3E0516DB3EAC81D4BD2663413DE1040C3EA444E1BD2663413DE1040C3EA444E1BD2DAB9F3E0516DB3EAC81D4BD7673C53E0CC2943EA8FDA0BC9A49C33DDB163C3ED84274BBF976793DD9A9543EDF8445BBD1E1093E1061843EECB48DBC29C12F3D7355CE3EB76AB6BCF761CC3DB3A7983EB35200BC49EA9A3D63443D3EAC100E,
BC83F2D43DBD79073ED0BE51BAF388223DAD2ED83ED42939BBF976793DD9A9543EDF8445BC9A49C33DDB163C3ED84274BC83F2D43DBD79073ED0BE51BBF976793DD9A9543EDF8445BD23497B3DBF4FD73E9D8277BD1004FB3DFB506E3EADD788BD2663413DE1040C3EA444E13B8626F63D3530CF3EB4AC8E3AF55DE63D627D033EBF4F94BC29C12F3D7355CE3EB76AB6,
BCD258923D8B0FAE3E9E38EBBB8C1DB03D387F023EA8ED3EBC49EA9A3D63443D3EAC100EBCE7C2873DA84B5E3EAAD2FEBCD258923D8B0FAE3E9E38EBBC49EA9A3D63443D3EAC100EBD3C84B63D97D7C33E90FBCABD4B06C43DBFD0D03E9B1AF4BD924E163DBC9FF93E97C7A4BD8E79253DA877EE3E91CE29BD924E163DBC9FF93E97C7A4BDC7EC783DBC6EB13E92AC11,
BD0C58683E037F393EB96894BCEDB2F63E1B03193EBFE521BCE6B6173E1F2A9D3EBA2079BD08ADEF3DA2BE063E98576DBCD54FBE3D4FD08D3E8D6E69BC83EC893D4CF3993E991BC5BCD258923D8B0FAE3E9E38EBBD08ADEF3DA2BE063E98576DBC83EC893D4CF3993E991BC5BD2DAB9F3E0516DB3EAC81D4BD944DCB3E30B1BC3EB19A63BD7673C53E0CC2943EA8FDA0,
BD0471B43DADA0173EA11794BD08ADEF3DA2BE063E98576DBCD258923D8B0FAE3E9E38EB3C5E00D23D9064673ECEB28E3C72A1733DB275EF3EDF6BC2BAF388223DAD2ED83ED42939BDCF4CF53DCF52B93E96F06BBDC7EC783DBC6EB13E92AC11BD924E163DBC9FF93E97C7A4BD794B7B3DF779643EA40464BDCF4CF53DCF52B93E96F06BBD924E163DBC9FF93E97C7A4,
BC83EC893D4CF3993E991BC539DC33723D12C3873E9FFDE7BB8C1DB03D387F023EA8ED3E3B8626F63D3530CF3EB4AC8EBB8C1DB03D387F023EA8ED3E39DC33723D12C3873E9FFDE7BD01B4353E0809D53ED2CF96BCE7296F3E2201CD3ED8F3EDBCE97D073E2160523ECDE02FBD0471B43DADA0173EA11794BD23497B3DBF4FD73E9D8277BD08ADEF3DA2BE063E98576D,
BD2DAB9F3E0516DB3EAC81D4BD1004FB3DFB506E3EADD788BD1265283E136FC13EB4B5FEBD7673C53E0CC2943EA8FDA0BD794B7B3DF779643EA40464BD2663413DE1040C3EA444E1BDCF4CF53DCF52B93E96F06BBDE3A6483DFE6D593E9B51DFBDFAB6D03DDA415F3E905AB4BC49EA9A3D63443D3EAC100E3B8626F63D3530CF3EB4AC8EBC29C12F3D7355CE3EB76AB6,
BCD258923D8B0FAE3E9E38EBBCE7C2873DA84B5E3EAAD2FEBD0471B43DADA0173EA11794BDA7B3533E17A8503EA6364CBDB0D5A63DFED41B3EA05187BD794B7B3DF779643EA40464BCEDB2F63E1B03193EBFE521BD0C58683E037F393EB96894BD104F6E3E0D4FDF3EC9E9AFBCBAE89F3E16D5D03EE1E6EFBC9A49C33DDB163C3ED84274BBD1E1093E1061843EECB48D,
BC9A49C33DDB163C3ED84274BD01B4353E0809D53ED2CF96BCC50ACC3DD06AB13ECEC52ABC49EA9A3D63443D3EAC100EBCF761CC3DB3A7983EB35200BCE7C2873DA84B5E3EAAD2FEBC7A5D293DA7F23D3EC60B0BBD09363F3DEA9B4A3EC9C326BD054EF43DDD2C7C3EBF02E6BC7A5D293DA7F23D3EC60B0BBD054EF43DDD2C7C3EBF02E6BCF761CC3DB3A7983EB35200,
BDC80E8D3E1190083EA014F9BDE3A6483DFE6D593E9B51DFBDB0D5A63DFED41B3EA05187BD09363F3DEA9B4A3EC9C326BD104F6E3E0D4FDF3EC9E9AFBD054EF43DDD2C7C3EBF02E6BDE3A6483DFE6D593E9B51DFBD794B7B3DF779643EA40464BDB0D5A63DFED41B3EA05187BD01B4353E0809D53ED2CF96BCE97D073E2160523ECDE02FBD104F6E3E0D4FDF3EC9E9AF,
BD01B4353E0809D53ED2CF96BCBAE89F3E16D5D03EE1E6EFBCE7296F3E2201CD3ED8F3EDBD09363F3DEA9B4A3EC9C326BD01B4353E0809D53ED2CF96BD104F6E3E0D4FDF3EC9E9AFBDEDC0123E10D9943E9AEC29BDE3A6483DFE6D593E9B51DFBDC80E8D3E1190083EA014F9BCE7C2873DA84B5E3EAAD2FEBD1004FB3DFB506E3EADD788BD0471B43DADA0173EA11794,
BC2FC8B03E37C2443EEEC3B9BBD1E1093E1061843EECB48DBA0398A63E2FDDEC3EF417ECBD0C58683E037F393EB96894BD048E043E0E9E5E3EB7F38CBD1004FB3DFB506E3EADD788BD0C58683E037F393EB96894BCE6B6173E1F2A9D3EBA2079BD048E043E0E9E5E3EB7F38CBCF761CC3DB3A7983EB35200BD054EF43DDD2C7C3EBF02E6BD0C58683E037F393EB96894,
3C484B5E3DFA39823EEF92083BCAF70A3E1AF4AE3EF3B385BBD1E1093E1061843EECB48DBBF976793DD9A9543EDF8445BAF388223DAD2ED83ED429393C72A1733DB275EF3EDF6BC2BBF976793DD9A9543EDF84453C72A1733DB275EF3EDF6BC23CAF68383DE0BFE43EEE98FEBD01B4353E0809D53ED2CF96BC9A49C33DDB163C3ED84274BCBAE89F3E16D5D03EE1E6EF,
BC83F2D43DBD79073ED0BE51BAF388223DAD2ED83ED42939BBF976793DD9A9543EDF8445BC9A49C33DDB163C3ED84274BC83F2D43DBD79073ED0BE51BBF976793DD9A9543EDF8445BC9A49C33DDB163C3ED84274BBF976793DD9A9543EDF8445BBD1E1093E1061843EECB48DBBD1E1093E1061843EECB48D3BCAF70A3E1AF4AE3EF3B385BA0398A63E2FDDEC3EF417EC,
3C484B5E3DFA39823EEF9208BBD1E1093E1061843EECB48DBBF976793DD9A9543EDF84453CAF68383DE0BFE43EEE98FE3C484B5E3DFA39823EEF9208BBF976793DD9A9543EDF84453C5E00D23D9064673ECEB28E3C72A1733DB275EF3EDF6BC2BAF388223DAD2ED83ED42939BBD1E1093E1061843EECB48DBC2FC8B03E37C2443EEEC3B9BCBAE89F3E16D5D03EE1E6EF,
BBE842743E934331BED9FC2BBB18C3B13E8940FFBED318DBBC795D4F3E8A2A0BBED29069BD9BAB223E94B0C0BEBD2780BD7798523E93C5BDBEC2979EBD5158B83E8AD9F1BEBFDCBEBD01B4353E0809D53ED2CF96BCBAE89F3E16D5D03EE1E6EFBCE7296F3E2201CD3ED8F3EDBCBAE89F3E16D5D03EE1E6EFBC9A49C33DDB163C3ED84274BBD1E1093E1061843EECB48D,
BDADC11E3E795571BE94ED70BD4228993E605101BE94751DBDB13A503E78869CBE88BE94BCA6C7EB3E7A1123BEBCB3A2BBF837B53E724B34BEBB1338BCA7B2CC3E6BFC22BEB2CA58BCC039AC3E82BD5EBEC69F6BBD0CFD093E81BA5EBEBFC8B0BCEEB4EA3E88B652BECB9410BDA9EF523E8B60F2BEAEBE16BD21AB4B3E69D90ABEA66BA5BD857F303E77E62EBEA2B218,
BB9E4D5E3E424F22BE9C8E8ABC3606B83E4D156ABEA6FFA0BAFC2EBA3E4792D1BEA5C4003C3C6A7F3E5E0D24BEB8EA9EBC3E76C93E7C1872BEBFAB753CA854473E68C3B1BEC35419BCA7B2CC3E6BFC22BEB2CA58BD0267843E7B44E5BEB780FEBCA6C7EB3E7A1123BEBCB3A2BD3CDAB23E63B646BE9C4D87BCCCD9623E4D0918BE958D9BBD4228993E605101BE94751D,
BCC039AC3E82BD5EBEC69F6BBCA6C7EB3E7A1123BEBCB3A2BD0CFD093E81BA5EBEBFC8B0BDCDB7283E85C91DBE8C18D7BDADC11E3E795571BE94ED70BDB13A503E78869CBE88BE94BDADC11E3E795571BE94ED70BD3CDAB23E63B646BE9C4D87BD4228993E605101BE94751DBD0267843E7B44E5BEB780FEBD8294143E87C7A4BEB656EFBD5158B83E8AD9F1BEBFDCBE,
BC795D4F3E8A2A0BBED29069BB18C3B13E8940FFBED318DBBBDD3FE23E844BF5BECCDFF0BCEEB4EA3E88B652BECB9410BC795D4F3E8A2A0BBED29069BCC039AC3E82BD5EBEC69F6BBD177C893E7BB880BEB3738EBD60B9133E802FF9BEB0487CBD8294143E87C7A4BEB656EFBD7798523E93C5BDBEC2979EBD2FC9BC3E899E30BEC595BCBD5158B83E8AD9F1BEBFDCBE,
BD5158B83E8AD9F1BEBFDCBEBD8294143E87C7A4BEB656EFBD9BAB223E94B0C0BEBD2780BDBE29303E851527BE9A98EEBDD9EE033E91E14CBE9F5BA3BDC2A3CF3E8AA4DBBEA37500BDBE29303E851527BE9A98EEBDC2A3CF3E8AA4DBBEA37500BD857F303E77E62EBEA2B2183C6347633E875819BED11B61BB18C3B13E8940FFBED318DB3B4A92603E92847BBEDA14AD,
BCEEB4EA3E88B652BECB9410BD0CFD093E81BA5EBEBFC8B0BD2FC9BC3E899E30BEC595BCBD0267843E7B44E5BEB780FEBCA7B2CC3E6BFC22BEB2CA58BD177C893E7BB880BEB3738EBD8294143E87C7A4BEB656EFBD0267843E7B44E5BEB780FEBD177C893E7BB880BEB3738EBDCDB7283E85C91DBE8C18D7BDDAF9663E8F62FABE95898BBDBE29303E851527BE9A98EE,
BDCDB7283E85C91DBE8C18D7BDBE29303E851527BE9A98EEBDADC11E3E795571BE94ED70BCA7B2CC3E6BFC22BEB2CA58BD21AB4B3E69D90ABEA66BA5BD177C893E7BB880BEB3738EBCFBEFD03E935632BED287E4BD2FC9BC3E899E30BEC595BCBD7798523E93C5BDBEC2979EBCEEB4EA3E88B652BECB9410BCFBEFD03E935632BED287E4BC795D4F3E8A2A0BBED29069,
BCC039AC3E82BD5EBEC69F6BBC3E76C93E7C1872BEBFAB75BCA6C7EB3E7A1123BEBCB3A2BD857F303E77E62EBEA2B218BD3CDAB23E63B646BE9C4D87BDADC11E3E795571BE94ED70BDBE29303E851527BE9A98EEBD857F303E77E62EBEA2B218BDADC11E3E795571BE94ED70BB6379B73E38E8A7BE8AB2C0BCCCD9623E4D0918BE958D9BBB05B1853E3D666BBE911FD6,
BD4228993E605101BE94751DBCFB677F3E4AEB81BE884407BD45C4653E5AA822BE845F5BBBDD3FE23E844BF5BECCDFF0BC3E76C93E7C1872BEBFAB75BCC039AC3E82BD5EBEC69F6BBC795D4F3E8A2A0BBED29069BBDD3FE23E844BF5BECCDFF0BCC039AC3E82BD5EBEC69F6BBC3E76C93E7C1872BEBFAB75BBF837B53E724B34BEBB1338BCA6C7EB3E7A1123BEBCB3A2,
BD9BAB223E94B0C0BEBD2780BDA9EF523E8B60F2BEAEBE16BDB8FC503E910321BEB09FA5BB9E4D5E3E424F22BE9C8E8A3D1938153E3E9FF1BEA639D63CAFE8253E37E49BBE961199BB05B1853E3D666BBE911FD6BB9E4D5E3E424F22BE9C8E8A3CAFE8253E37E49BBE9611993A37C3503E563886BEB1700DBCA7B2CC3E6BFC22BEB2CA58BBF837B53E724B34BEBB1338,
BDCF42783E93F65EBEA9378FBDA9EF523E8B60F2BEAEBE16BDC2A3CF3E8AA4DBBEA37500BD60B9133E802FF9BEB0487CBD177C893E7BB880BEB3738EBD21AB4B3E69D90ABEA66BA5BCCCD9623E4D0918BE958D9BBB6379B73E38E8A7BE8AB2C0BCFB677F3E4AEB81BE8844073C3A01EF3E799956BEC711303CA854473E68C3B1BEC35419BC3E76C93E7C1872BEBFAB75,
BD4228993E605101BE94751DBD45C4653E5AA822BE845F5BBDA3D3E53E72B55FBE82BD5EBDB13A503E78869CBE88BE94BD4228993E605101BE94751DBDA3D3E53E72B55FBE82BD5EBD5158B83E8AD9F1BEBFDCBEBD0CFD093E81BA5EBEBFC8B0BD0267843E7B44E5BEB780FEBD60B9133E802FF9BEB0487CBDA9EF523E8B60F2BEAEBE16BD8294143E87C7A4BEB656EF,
3A37C3503E563886BEB1700DBC3606B83E4D156ABEA6FFA0BCA7B2CC3E6BFC22BEB2CA58BC3606B83E4D156ABEA6FFA0BD3CDAB23E63B646BE9C4D87BD21AB4B3E69D90ABEA66BA5BD857F303E77E62EBEA2B218BD21AB4B3E69D90ABEA66BA5BD3CDAB23E63B646BE9C4D87BBE842743E934331BED9FC2BBC795D4F3E8A2A0BBED29069BCFBEFD03E935632BED287E4,
BD21AB4B3E69D90ABEA66BA5BDA9EF523E8B60F2BEAEBE16BD60B9133E802FF9BEB0487CBB05B1853E3D666BBE911FD63CAFE8253E37E49BBE9611993C8770373E362068BE8E9292BD2FC9BC3E899E30BEC595BCBCFBEFD03E935632BED287E4BCEEB4EA3E88B652BECB94103A37C3503E563886BEB1700DBAFC2EBA3E4792D1BEA5C400BC3606B83E4D156ABEA6FFA0,
BC3E76C93E7C1872BEBFAB75BBDD3FE23E844BF5BECCDFF03C3A01EF3E799956BEC71130BBDD3FE23E844BF5BECCDFF0BB18C3B13E8940FFBED318DB3C6347633E875819BED11B613C3A01EF3E799956BEC71130BBDD3FE23E844BF5BECCDFF03C6347633E875819BED11B61BCFB677F3E4AEB81BE884407BD4228993E605101BE94751DBCCCD9623E4D0918BE958D9B,
BCA6C7EB3E7A1123BEBCB3A2BD0267843E7B44E5BEB780FEBD0CFD093E81BA5EBEBFC8B03D1938153E3E9FF1BEA639D6BB9E4D5E3E424F22BE9C8E8A3C61E7103E45B5B7BEA404A7BCCCD9623E4D0918BE958D9BBD3CDAB23E63B646BE9C4D87BC3606B83E4D156ABEA6FFA0BB9E4D5E3E424F22BE9C8E8ABCCCD9623E4D0918BE958D9BBC3606B83E4D156ABEA6FFA0,
BD0CFD093E81BA5EBEBFC8B0BD5158B83E8AD9F1BEBFDCBEBD2FC9BC3E899E30BEC595BCBDA9EF523E8B60F2BEAEBE16BD9BAB223E94B0C0BEBD2780BD8294143E87C7A4BEB656EF3A37C3503E563886BEB1700DBBF837B53E724B34BEBB13383C3C6A7F3E5E0D24BEB8EA9E3C3C6A7F3E5E0D24BEB8EA9EBBF837B53E724B34BEBB1338BC3E76C93E7C1872BEBFAB75,
BDEBB01D3EA15832BE9E1BD2BDD9EE033E91E14CBE9F5BA3BDDAF9663E8F62FABE95898BBB05B1853E3D666BBE911FD6BCCCD9623E4D0918BE958D9BBB9E4D5E3E424F22BE9C8E8ABDCF42783E93F65EBEA9378FBDC2A3CF3E8AA4DBBEA37500BDD9EE033E91E14CBE9F5BA3BD857F303E77E62EBEA2B218BDC2A3CF3E8AA4DBBEA37500BDA9EF523E8B60F2BEAEBE16,
BD21AB4B3E69D90ABEA66BA5BCA7B2CC3E6BFC22BEB2CA58BC3606B83E4D156ABEA6FFA03CBFDB4D3E4AF295BEAE47563C61E7103E45B5B7BEA404A7BAFC2EBA3E4792D1BEA5C400BDB8FC503E910321BEB09FA5BDA9EF523E8B60F2BEAEBE16BDCF42783E93F65EBEA9378F3CBFDB4D3E4AF295BEAE4756BAFC2EBA3E4792D1BEA5C4003A37C3503E563886BEB1700D,
BDD9EE033E91E14CBE9F5BA3BDBE29303E851527BE9A98EEBDDAF9663E8F62FABE95898BBDDAF9663E8F62FABE95898BBDCDB7283E85C91DBE8C18D7BDE8CAC53E91287CBE8CC0593B4A92603E92847BBEDA14ADBB18C3B13E8940FFBED318DBBBE842743E934331BED9FC2B3C61E7103E45B5B7BEA404A7BB9E4D5E3E424F22BE9C8E8ABAFC2EBA3E4792D1BEA5C400,
BD8D8FD63E2F8D71BE4892ABBD9C2FC73E44C76DBE30A676BDA9C12F3E594424BE446845BD8D8FD63E2F8D71BE4892ABBD965A9B3E50AB71BE57A3DBBD8B6E0D3E3C22ABBE5B152FBD4E68E43E570004BE7F1C32BD1AC68B3E4D56F3BE81FB83BD30856E3E37D6F9BE7C3BD6BDEBB01D3EA15832BE9E1BD2BDDAF9663E8F62FABE95898BBDE8CAC53E91287CBE8CC059,
BDADC11E3E795571BE94ED70BD4228993E605101BE94751DBDB13A503E78869CBE88BE94BD8811B23E1DEB53BE2DBC23BD81A2E83E14AE00BE3CD6C3BD821F2A3DF47F99BE263A5CBD64DE3C3E414F8BBE7029F1BD30856E3E37D6F9BE7C3BD6BD8B6E0D3E3C22ABBE5B152FBDA9C12F3E594424BE446845BDBAC2DF3E66B7EDBE44638DBD965A9B3E50AB71BE57A3DB,
BD39C0EC3DFE2F7BBE623422BD8B6E0D3E3C22ABBE5B152FBD30856E3E37D6F9BE7C3BD6BDF38DE73E9DACEFBE1A8544BDED01C13E957BC8BE3032DBBDE0DD403E906AD3BE17C0F4BD81A2E83E14AE00BE3CD6C3BD706A2B3E19FF0DBE563886BD718EB93E043526BE41F601BDA407CC3E51EFFABE1FF60ABDBF6DB93E717D28BE10357ABDD41A693E82EDDDBE1AD539,
BDA407CC3E51EFFABE1FF60ABDA306E63E4D0892BE09D9D3BDBF6DB93E717D28BE10357ABDD41A693E82EDDDBE1AD539BDBF6DB93E717D28BE10357ABDD8FB443E85B37DBE0E7579BDE0DD403E906AD3BE17C0F4BDED01C13E957BC8BE3032DBBDDD03973E81DECEBE2FB6DDBCF102363E41F3E9BE845671BCFB677F3E4AEB81BE884407BB6379B73E38E8A7BE8AB2C0,
BD45C4653E5AA822BE845F5BBD4E68E43E570004BE7F1C32BD9826EE3E6AEB81BE6BA66ABDA3D3E53E72B55FBE82BD5EBD45C4653E5AA822BE845F5BBD9826EE3E6AEB81BE6BA66ABD965A9B3E50AB71BE57A3DBBD8D8FD63E2F8D71BE4892ABBDA9C12F3E594424BE446845BDCDB7283E85C91DBE8C18D7BDADC11E3E795571BE94ED70BDB13A503E78869CBE88BE94,
BDCDB7283E85C91DBE8C18D7BDDAF9663E8F62FABE95898BBDBE29303E851527BE9A98EE3C19F1AE3DEC7864BE89C38BBC3567553E002F30BE8438093C1096BC3E17B891BE87B80BBD8811B23E1DEB53BE2DBC23BD8CE2D23E3BD2B7BE17DFA0BD9C2FC73E44C76DBE30A676BD45C4653E5AA822BE845F5BBD1AC68B3E4D56F3BE81FB83BD4E68E43E570004BE7F1C32,
BD1AC68B3E4D56F3BE81FB83BCF102363E41F3E9BE845671BD30856E3E37D6F9BE7C3BD6BD9C2FC73E44C76DBE30A676BD8CE2D23E3BD2B7BE17DFA0BDA407CC3E51EFFABE1FF60ABD858EEB3E5912DCBE67481BBD965A9B3E50AB71BE57A3DBBD9826EE3E6AEB81BE6BA66ABD706A2B3E19FF0DBE563886BD8D8FD63E2F8D71BE4892ABBD8B6E0D3E3C22ABBE5B152F,
BD39C0EC3DFE2F7BBE623422BD30856E3E37D6F9BE7C3BD6BD153CDE3E19D841BE77D9DCBDCDB7283E85C91DBE8C18D7BDBE29303E851527BE9A98EEBDADC11E3E795571BE94ED70BCFB677F3E4AEB81BE884407BCF102363E41F3E9BE845671BD1AC68B3E4D56F3BE81FB83BD45C4653E5AA822BE845F5BBCFB677F3E4AEB81BE884407BD1AC68B3E4D56F3BE81FB83,
BD4228993E605101BE94751DBCFB677F3E4AEB81BE884407BD45C4653E5AA822BE845F5BBD4E68E43E570004BE7F1C32BD30856E3E37D6F9BE7C3BD6BD64DE3C3E414F8BBE7029F1BDCDB7283E85C91DBE8C18D7BDB13A503E78869CBE88BE94BDBE0F803E81C305BE74A6A8BB6379B73E38E8A7BE8AB2C0BCCCD9623E4D0918BE958D9BBB05B1853E3D666BBE911FD6,
BB05B1853E3D666BBE911FD6BB9E4D5E3E424F22BE9C8E8A3CAFE8253E37E49BBE961199BD858EEB3E5912DCBE67481BBD9826EE3E6AEB81BE6BA66ABD4E68E43E570004BE7F1C32BD64DE3C3E414F8BBE7029F1BD858EEB3E5912DCBE67481BBD4E68E43E570004BE7F1C32BDE0DD403E906AD3BE17C0F4BDE4712E3E8FF0EDBE0D2C38BDF38DE73E9DACEFBE1A8544,
BD8B6E0D3E3C22ABBE5B152FBD965A9B3E50AB71BE57A3DBBD858EEB3E5912DCBE67481BBCCCD9623E4D0918BE958D9BBB6379B73E38E8A7BE8AB2C0BCFB677F3E4AEB81BE884407BB05B1853E3D666BBE911FD63C8770373E362068BE8E9292BB6379B73E38E8A7BE8AB2C0BDBAC2DF3E66B7EDBE44638DBDA9C12F3E594424BE446845BD9C2FC73E44C76DBE30A676,
BD30856E3E37D6F9BE7C3BD6BCF102363E41F3E9BE845671BCBD0BFA3E16AE3ABE809481BD8D8FD63E2F8D71BE4892ABBD8811B23E1DEB53BE2DBC23BD9C2FC73E44C76DBE30A676BD64DE3C3E414F8BBE7029F1BD8B6E0D3E3C22ABBE5B152FBD858EEB3E5912DCBE67481BBDCA8DA83E8829F1BE4E7147BDE034F43E911559BE639C52BDBFD8273E866F50BE5E62DC,
BD8D8FD63E2F8D71BE4892ABBD706A2B3E19FF0DBE563886BD81A2E83E14AE00BE3CD6C3BD4228993E605101BE94751DBD45C4653E5AA822BE845F5BBDA3D3E53E72B55FBE82BD5EBDB13A503E78869CBE88BE94BD4228993E605101BE94751DBDA3D3E53E72B55FBE82BD5EBCBD0BFA3E16AE3ABE809481BC3567553E002F30BE843809BCED3F9E3E021294BE7A4C1F,
BDBE0F803E81C305BE74A6A8BDB13A503E78869CBE88BE94BDA3D3E53E72B55FBE82BD5EBDE034F43E911559BE639C52BDF0F0633E941744BE8297C0BDBFD8273E866F50BE5E62DCBD153CDE3E19D841BE77D9DCBCBD0BFA3E16AE3ABE809481BCED3F9E3E021294BE7A4C1FBDA407CC3E51EFFABE1FF60ABDDD03973E81DECEBE2FB6DDBD9C2FC73E44C76DBE30A676,
BD7065F93E066384BE0442C8BD8811B23E1DEB53BE2DBC23BD821F2A3DF47F99BE263A5CBDBE0F803E81C305BE74A6A8BD9826EE3E6AEB81BE6BA66ABDAEC8D63E77C73FBE5E7EA6BCFB677F3E4AEB81BE884407BD4228993E605101BE94751DBCCCD9623E4D0918BE958D9BBB05B1853E3D666BBE911FD63CAFE8253E37E49BBE9611993C8770373E362068BE8E9292,
BDDF23463E927829BE44C166BDDCBAB63E83D6C7BE39CBABBDED01C13E957BC8BE3032DBBD84BB1B3E2E96C4BE11A2E8BD8CE2D23E3BD2B7BE17DFA0BD8811B23E1DEB53BE2DBC23BDE034F43E911559BE639C52BDCA8DA83E8829F1BE4E7147BDED288D3E99C38BBE5CE853BD965A9B3E50AB71BE57A3DBBDBAC2DF3E66B7EDBE44638DBDAEC8D63E77C73FBE5E7EA6,
BD706A2B3E19FF0DBE563886BD39C0EC3DFE2F7BBE623422BD539A7C3DFE7F2CBE5017983C1096BC3E17B891BE87B80BBC3567553E002F30BE843809BCBD0BFA3E16AE3ABE809481BDBE0F803E81C305BE74A6A8BDA3D3E53E72B55FBE82BD5EBD9826EE3E6AEB81BE6BA66ABB05B1853E3D666BBE911FD6BCCCD9623E4D0918BE958D9BBB9E4D5E3E424F22BE9C8E8A,
BD153CDE3E19D841BE77D9DCBD30856E3E37D6F9BE7C3BD6BCBD0BFA3E16AE3ABE809481BCF102363E41F3E9BE845671BB6379B73E38E8A7BE8AB2C0BC3D09E13E397247BE878898BC3D09E13E397247BE878898BB6379B73E38E8A7BE8AB2C03C886BDF3E2A19CABE89C79BBCBD0BFA3E16AE3ABE809481BC3D09E13E397247BE8788983C886BDF3E2A19CABE89C79B,
BDBFD8273E866F50BE5E62DCBDF0F0633E941744BE8297C0BDCDB7283E85C91DBE8C18D7BDBE0F803E81C305BE74A6A8BDBFD8273E866F50BE5E62DCBDCDB7283E85C91DBE8C18D7BD965A9B3E50AB71BE57A3DBBDAEC8D63E77C73FBE5E7EA6BD9826EE3E6AEB81BE6BA66ABDE0DD403E906AD3BE17C0F4BDDD03973E81DECEBE2FB6DDBDD41A693E82EDDDBE1AD539,
BDCA8DA83E8829F1BE4E7147BDDCBAB63E83D6C7BE39CBABBDDF23463E927829BE44C166BDDCBAB63E83D6C7BE39CBABBD9C2FC73E44C76DBE30A676BDDD03973E81DECEBE2FB6DDBDAEC8D63E77C73FBE5E7EA6BDBFD8273E866F50BE5E62DCBDBE0F803E81C305BE74A6A83C1096BC3E17B891BE87B80BBCBD0BFA3E16AE3ABE8094813C886BDF3E2A19CABE89C79B,
BDDAF9663E8F62FABE95898BBDCDB7283E85C91DBE8C18D7BDE8CAC53E91287CBE8CC059BDD41A693E82EDDDBE1AD539BDD8FB443E85B37DBE0E7579BDE4712E3E8FF0EDBE0D2C38BDE0DD403E906AD3BE17C0F4BDD41A693E82EDDDBE1AD539BDE4712E3E8FF0EDBE0D2C38BD8811B23E1DEB53BE2DBC23BD8D8FD63E2F8D71BE4892ABBD81A2E83E14AE00BE3CD6C3,
BD8CE2D23E3BD2B7BE17DFA0BD84BB1B3E2E96C4BE11A2E8BDA306E63E4D0892BE09D9D3BDA407CC3E51EFFABE1FF60ABD8CE2D23E3BD2B7BE17DFA0BDA306E63E4D0892BE09D9D3BD706A2B3E19FF0DBE563886BD8B6E0D3E3C22ABBE5B152FBD39C0EC3DFE2F7BBE623422BDDD03973E81DECEBE2FB6DDBDED01C13E957BC8BE3032DBBDDCBAB63E83D6C7BE39CBAB,
BDCA8DA83E8829F1BE4E7147BDBAC2DF3E66B7EDBE44638DBDDCBAB63E83D6C7BE39CBABBD9C2FC73E44C76DBE30A676BDDCBAB63E83D6C7BE39CBABBDBAC2DF3E66B7EDBE44638DBD718EB93E043526BE41F601BD706A2B3E19FF0DBE563886BD539A7C3DFE7F2CBE501798BDA407CC3E51EFFABE1FF60ABDD41A693E82EDDDBE1AD539BDDD03973E81DECEBE2FB6DD,
BDCDB7283E85C91DBE8C18D7BDF0F0633E941744BE8297C0BDE8CAC53E91287CBE8CC059BD153CDE3E19D841BE77D9DCBCED3F9E3E021294BE7A4C1FBD39C0EC3DFE2F7BBE623422BDAEC8D63E77C73FBE5E7EA6BDBAC2DF3E66B7EDBE44638DBDCA8DA83E8829F1BE4E7147BDBFD8273E866F50BE5E62DCBDAEC8D63E77C73FBE5E7EA6BDCA8DA83E8829F1BE4E7147,
BCF102363E41F3E9BE845671BC3D09E13E397247BE878898BCBD0BFA3E16AE3ABE809481BB6379B73E38E8A7BE8AB2C03C8770373E362068BE8E92923C886BDF3E2A19CABE89C79BBDEBB01D3EA15832BE9E1BD2BDDAF9663E8F62FABE95898BBDE8CAC53E91287CBE8CC059BDDF23463E927829BE44C166BDED288D3E99C38BBE5CE853BDCA8DA83E8829F1BE4E7147,
BDDF6A943E84C37EBE000CD8BDD217093E70281CBDF25919BDE5CDD53E8250F8BDF48238BD8811B23E1DEB53BE2DBC23BD7065F93E066384BE0442C8BD815D2D3E216A48BE0A2164BD84BB1B3E2E96C4BE11A2E8BD8811B23E1DEB53BE2DBC23BD815D2D3E216A48BE0A2164BD821F2A3DF47F99BE263A5CBD81A2E83E14AE00BE3CD6C3BD718EB93E043526BE41F601,
BDC09D493E1AFA2FBDBE0610BD9BDF8F3E24AC2ABDCD0A24BD989E773E04CEC4BDCB7803BDBDC7263E4A7115BDD9F773BDAA1B5C3E4A0C28BDE18937BDB1E96C3E3EB702BDDF1A5DBD9BDF8F3E24AC2ABDCD0A24BD988E373E3533B1BDD6BA06BD858B3F3E1E3E6CBDD84231BD9BDF8F3E24AC2ABDCD0A24BDB6CB533E37B02DBDCFF9F8BD988E373E3533B1BDD6BA06,
BDDB94103E5C6434BDDD438DBDBDC7263E4A7115BDD9F773BDB6CB533E37B02DBDCFF9F8BDF424E63E23443DBDB7995FBE05F0B33E3BEF07BDB64C73BDD863BF3E33DFB1BDC53DA7BDB6CB533E37B02DBDCFF9F8BDB1E96C3E3EB702BDDF1A5DBD988E373E3533B1BDD6BA06BDA407CC3E51EFFABE1FF60ABDBF6DB93E717D28BE10357ABDD41A693E82EDDDBE1AD539,
BDBF6DB93E717D28BE10357ABDC45B293E6E657CBE016590BDDF6A943E84C37EBE000CD8BDBF6DB93E717D28BE10357ABDDF6A943E84C37EBE000CD8BDD8FB443E85B37DBE0E7579BDD41A693E82EDDDBE1AD539BDBF6DB93E717D28BE10357ABDD8FB443E85B37DBE0E7579BDBDC7263E4A7115BDD9F773BDB1E96C3E3EB702BDDF1A5DBDB6CB533E37B02DBDCFF9F8,
BD98A0903E3D49D8BDE63F9ABD8279DD3E275968BDE61177BD988E373E3533B1BDD6BA06BDA407CC3E51EFFABE1FF60ABDA306E63E4D0892BE09D9D3BDBF6DB93E717D28BE10357ABD858B3F3E1E3E6CBDD84231BD6F62FA3E16C97EBDEFECDDBD72DD373E08B1DDBDD6F113BDC45B293E6E657CBE016590BDD217093E70281CBDF25919BDDF6A943E84C37EBE000CD8,
BDBDC7263E4A7115BDD9F773BDDB94103E5C6434BDDD438DBDB886593E60ECFABDF45415BD98A0903E3D49D8BDE63F9ABDAA1B5C3E4A0C28BDE18937BDB886593E60ECFABDF45415BD989E773E04CEC4BDCB7803BD9BDF8F3E24AC2ABDCD0A24BD858B3F3E1E3E6CBDD84231BD8279DD3E275968BDE61177BD858B3F3E1E3E6CBDD84231BD988E373E3533B1BDD6BA06,
BDC45B293E6E657CBE016590BDB886593E60ECFABDF45415BDD217093E70281CBDF25919BDD863BF3E33DFB1BDC53DA7BDDB94103E5C6434BDDD438DBDB6CB533E37B02DBDCFF9F8BD8592963E30F239BE020818BD8279DD3E275968BDE61177BD98A0903E3D49D8BDE63F9ABDA306E63E4D0892BE09D9D3BD8592963E30F239BE020818BD98A0903E3D49D8BDE63F9A,
BDDF6A943E84C37EBE000CD8BE01BEF53E8ABA9DBDF328B7BDEDAEC53E8E2307BE012EC7BDD8FB443E85B37DBE0E7579BDDF6A943E84C37EBE000CD8BDE4712E3E8FF0EDBE0D2C38BDB1E96C3E3EB702BDDF1A5DBDAA1B5C3E4A0C28BDE18937BD98A0903E3D49D8BDE63F9ABD988E373E3533B1BDD6BA06BDB1E96C3E3EB702BDDF1A5DBD98A0903E3D49D8BDE63F9A,
BD989E773E04CEC4BDCB7803BD858B3F3E1E3E6CBDD84231BD72DD373E08B1DDBDD6F113BD6F62FA3E16C97EBDEFECDDBD858B3F3E1E3E6CBDD84231BD8279DD3E275968BDE61177BDE0DD403E906AD3BE17C0F4BDE4712E3E8FF0EDBE0D2C38BDF38DE73E9DACEFBE1A8544BE01BEF53E8ABA9DBDF328B7BDDF6A943E84C37EBE000CD8BDE5CDD53E8250F8BDF48238,
BE0598183E0F8833BDAF4A56BDF424E63E23443DBDB7995FBDD924293E05B079BDB64A5ABDBF6DB93E717D28BE10357ABDA306E63E4D0892BE09D9D3BD98A0903E3D49D8BDE63F9ABDE685553E68CC9ABDDBCA97BDD217093E70281CBDF25919BDB886593E60ECFABDF45415BDDB94103E5C6434BDDD438DBDE685553E68CC9ABDDBCA97BDB886593E60ECFABDF45415,
BD7065F93E066384BE0442C8BD8811B23E1DEB53BE2DBC23BD821F2A3DF47F99BE263A5CBDBF6DB93E717D28BE10357ABD98A0903E3D49D8BDE63F9ABDB886593E60ECFABDF45415BDC45B293E6E657CBE016590BDBF6DB93E717D28BE10357ABDB886593E60ECFABDF45415BD815D2D3E216A48BE0A2164BD6F62FA3E16C97EBDEFECDDBD8592963E30F239BE020818,
BE05F0B33E3BEF07BDB64C73BDDB94103E5C6434BDDD438DBDD863BF3E33DFB1BDC53DA7BD72DD373E08B1DDBDD6F113BD6F62FA3E16C97EBDEFECDDBD730A4E3DF369BABDE79703BDE4712E3E8FF0EDBE0D2C38BDDF6A943E84C37EBE000CD8BDEDAEC53E8E2307BE012EC7BD84BB1B3E2E96C4BE11A2E8BD8CE2D23E3BD2B7BE17DFA0BD8811B23E1DEB53BE2DBC23,
BDA306E63E4D0892BE09D9D3BD84BB1B3E2E96C4BE11A2E8BD8592963E30F239BE020818BDC09D493E1AFA2FBDBE0610BD989E773E04CEC4BDCB7803BDB3EA2D3E053C58BDBD7F52BDE685553E68CC9ABDDBCA97BDDB94103E5C6434BDDD438DBE0A31A53E61CB04BDC765BABE05F0B33E3BEF07BDB64C73BE0A31A53E61CB04BDC765BABDDB94103E5C6434BDDD438D,
BDE0DD403E906AD3BE17C0F4BDD41A693E82EDDDBE1AD539BDE4712E3E8FF0EDBE0D2C38BDE5CDD53E8250F8BDF48238BDD217093E70281CBDF25919BDE685553E68CC9ABDDBCA97BDBDC7263E4A7115BDD9F773BDB886593E60ECFABDF45415BDAA1B5C3E4A0C28BDE18937BD815D2D3E216A48BE0A2164BD8592963E30F239BE020818BD84BB1B3E2E96C4BE11A2E8,
BD8CE2D23E3BD2B7BE17DFA0BD84BB1B3E2E96C4BE11A2E8BDA306E63E4D0892BE09D9D3BDA407CC3E51EFFABE1FF60ABD8CE2D23E3BD2B7BE17DFA0BDA306E63E4D0892BE09D9D3BD8592963E30F239BE020818BD6F62FA3E16C97EBDEFECDDBD8279DD3E275968BDE61177BDD41A693E82EDDDBE1AD539BDD8FB443E85B37DBE0E7579BDE4712E3E8FF0EDBE0D2C38,
BDB6CB533E37B02DBDCFF9F8BDF424E63E23443DBDB7995FBDD863BF3E33DFB1BDC53DA7BD815D2D3E216A48BE0A2164BD7065F93E066384BE0442C8BD6F62FA3E16C97EBDEFECDDBDC09D493E1AFA2FBDBE0610BDB3EA2D3E053C58BDBD7F52BDD924293E05B079BDB64A5ABDF424E63E23443DBDB7995FBDC09D493E1AFA2FBDBE0610BDD924293E05B079BDB64A5A,
BD8811B23E1DEB53BE2DBC23BD7065F93E066384BE0442C8BD815D2D3E216A48BE0A2164BD84BB1B3E2E96C4BE11A2E8BD8811B23E1DEB53BE2DBC23BD815D2D3E216A48BE0A2164BD9BDF8F3E24AC2ABDCD0A24BDC09D493E1AFA2FBDBE0610BDF424E63E23443DBDB7995FBDB6CB533E37B02DBDCFF9F8BD9BDF8F3E24AC2ABDCD0A24BDF424E63E23443DBDB7995F,
BDDD9C283E59170D3EA94574BDCFCD683E7C14833EAD803DBDE91E213E5F294E3EA664D4BCA120E23E8E106B3ECBB70F380E9B393E87587D3ECE681BBB4FE1543E988AF03ED0DFBDBD371A7E3E53E78E3EC09D49BD884F903E6B45F13EBDD8D8BD8C46953E55796C3EB8EB46BD730A4E3DF369BABDE79703BD6F62FA3E16C97EBDEFECDDBD7065F93E066384BE0442C8,
BD048E043E0E9E5E3EB7F38CBCE6B6173E1F2A9D3EBA2079BD1265283E136FC13EB4B5FEBD7673C53E0CC2943EA8FDA0BD944DCB3E30B1BC3EB19A63BDA7B3533E17A8503EA6364CBD371A7E3E53E78E3EC09D49BCB66B613E529CBB3EC4953ABD15703F3E7286F93EC66E01BCE97D073E2160523ECDE02FBCE7296F3E2201CD3ED8F3EDBCAEE2003E361B2A3EDA9175,
BD8451333E91CC533EBC5AC4BD9D29DC3E8FA7653EB4EF24BDAA9D623E74EF463EB6B053BC270D203E50F3023EC7EB4A3A3C7B463E53D2523ECEC3FC3C21F4B23E6372603ECEA63BBDBE85FD3E40CD853EAC9D5ABD944DCB3E30B1BC3EB19A63BDA5C24C3E4EBD0A3EB1C0233BF156193E5D8C6D3ED37996BC6429E13E43DDDB3EDBB6463B5823423E5D373B3EDEEF5F,
BD01B4353E0809D53ED2CF96BC9A49C33DDB163C3ED84274BCBAE89F3E16D5D03EE1E6EFBC44156E3E68622C3EC8CE2D380E9B393E87587D3ECE681BBD03393B3E82F5343EC90EEDBDD9F98B3E3B06813EA65083BDE929AA3E4967883EA4A298BDF26B723E3B5C7D3E9E5365BCA120E23E8E106B3ECBB70FBD0A1BE33E98C4153EC7E5EBBD03393B3E82F5343EC90EED,
BDAA9D623E74EF463EB6B053BDCFCD683E7C14833EAD803DBDC3CC083E664E053EAF9DF5BD8451333E91CC533EBC5AC4BD9544353E973F753EB8609ABD9D29DC3E8FA7653EB4EF24BD8C46953E55796C3EB8EB46BDA5C24C3E4EBD0A3EB1C023BD944DCB3E30B1BC3EB19A63BD15703F3E7286F93EC66E01BC44156E3E68622C3EC8CE2DBD03393B3E82F5343EC90EED,
BCB66B613E529CBB3EC4953ABCCDDD6E3E38F14E3EBFC32FBC1FA54C3E4646F13EC750C2BCCDDD6E3E38F14E3EBFC32FBD371A7E3E53E78E3EC09D49BD6084A53E3E56043EBB311ABDC80E8D3E1190083EA014F9BDB0D5A63DFED41B3EA05187BDA7B3533E17A8503EA6364CBDB35FC43E8C0FCB3EB147F1BDCFCD683E7C14833EAD803DBD9D29DC3E8FA7653EB4EF24,
BDE929AA3E4967883EA4A298BDDD9C283E59170D3EA94574BDE91E213E5F294E3EA664D4BD8451333E91CC533EBC5AC4BD8AAE293E7B33DB3EBE429EBD0A1BE33E98C4153EC7E5EBBD8C46953E55796C3EB8EB46BD6084A53E3E56043EBB311ABD371A7E3E53E78E3EC09D49BDAE01153E99B1533EB55BABBDCE8C053E9131013EAC347FBDB35FC43E8C0FCB3EB147F1,
BCE97D073E2160523ECDE02FBCEDB2F63E1B03193EBFE521BD104F6E3E0D4FDF3EC9E9AFBD1004FB3DFB506E3EADD788BD048E043E0E9E5E3EB7F38CBD1265283E136FC13EB4B5FEBD1265283E136FC13EB4B5FEBD944DCB3E30B1BC3EB19A63BD2DAB9F3E0516DB3EAC81D4BD03393B3E82F5343EC90EED380E9B393E87587D3ECE681BBCA120E23E8E106B3ECBB70F,
BD15703F3E7286F93EC66E01BD03393B3E82F5343EC90EEDBD8AAE293E7B33DB3EBE429EBD884F903E6B45F13EBDD8D8BD15703F3E7286F93EC66E01BD8AAE293E7B33DB3EBE429EBD794B7B3DF779643EA40464BD7673C53E0CC2943EA8FDA0BDA7B3533E17A8503EA6364CBDA7B3533E17A8503EA6364CBDD9F98B3E3B06813EA65083BDD0EE4A3E291CD23EA0FA37,
BDE91E213E5F294E3EA664D4BDCFCD683E7C14833EAD803DBDF480A63E75A74C3EA18916BD884F903E6B45F13EBDD8D8BDC3CC083E664E053EAF9DF5BDA5C24C3E4EBD0A3EB1C023BCB129023E2C636B3EC075B4BCE97D073E2160523ECDE02FBC83EC893E37DC7B3EC97247BC1FA54C3E4646F13EC750C2BCCDDD6E3E38F14E3EBFC32FBCB129023E2C636B3EC075B4,
BDF480A63E75A74C3EA18916BDE199783E83BD5A3EA8DEB1BDFAABCD3E918B503EA5A8BD380E9B393E87587D3ECE681BBC44156E3E68622C3EC8CE2D3C7F151E3E7699C83ECFFC54BCCDDD6E3E38F14E3EBFC32FBD6084A53E3E56043EBB311ABCE1B2A23E287C633EBC01C5BDCFCD683E7C14833EAD803DBDDD9C283E59170D3EA94574BDC3CC083E664E053EAF9DF5,
3A3C7B463E53D2523ECEC3FCBC270D203E50F3023EC7EB4ABC1FA54C3E4646F13EC750C2380E9B393E87587D3ECE681B3CB966BE3E8FDB6E3ED40F88BB4FE1543E988AF03ED0DFBDBDBE85FD3E40CD853EAC9D5ABDC3CC083E664E053EAF9DF5BDDD9C283E59170D3EA94574BDE199783E83BD5A3EA8DEB1BDCFCD683E7C14833EAD803DBDB35FC43E8C0FCB3EB147F1,
BDA5C24C3E4EBD0A3EB1C023BD8C46953E55796C3EB8EB46BD884F903E6B45F13EBDD8D8BDF26B723E3B5C7D3E9E5365BDEA105A3E23BC903E9B0165BDD0EE4A3E291CD23EA0FA37BDD9F98B3E3B06813EA65083BDF26B723E3B5C7D3E9E5365BDD0EE4A3E291CD23EA0FA37BD371A7E3E53E78E3EC09D49BD15703F3E7286F93EC66E01BD884F903E6B45F13EBDD8D8,
BD2DAB9F3E0516DB3EAC81D4BD944DCB3E30B1BC3EB19A63BD7673C53E0CC2943EA8FDA0BCB4BD773E2C3E753EE2A2C2BCAEE2003E361B2A3EDA9175BCE7296F3E2201CD3ED8F3EDBDAE01153E99B1533EB55BABBD9D29DC3E8FA7653EB4EF24BD9544353E973F753EB8609ABD8AAE293E7B33DB3EBE429EBDAA9D623E74EF463EB6B053BD884F903E6B45F13EBDD8D8,
BCCDDD6E3E38F14E3EBFC32FBCB66B613E529CBB3EC4953ABD371A7E3E53E78E3EC09D49BDF480A63E75A74C3EA18916BDCFCD683E7C14833EAD803DBDE199783E83BD5A3EA8DEB1BD0C58683E037F393EB96894BCEDB2F63E1B03193EBFE521BCE6B6173E1F2A9D3EBA2079BC83EC893E37DC7B3EC97247BCE97D073E2160523ECDE02FBCAEE2003E361B2A3EDA9175,
BD8C46953E55796C3EB8EB46BD944DCB3E30B1BC3EB19A63BD6084A53E3E56043EBB311ABC1FA54C3E4646F13EC750C2BC270D203E50F3023EC7EB4ABCB66B613E529CBB3EC4953ABDD9F98B3E3B06813EA65083BDBE85FD3E40CD853EAC9D5ABDDD9C283E59170D3EA94574BDE929AA3E4967883EA4A298BDD9F98B3E3B06813EA65083BDDD9C283E59170D3EA94574,
BC44156E3E68622C3EC8CE2DBC270D203E50F3023EC7EB4A3C21F4B23E6372603ECEA63BBD6084A53E3E56043EBB311ABD944DCB3E30B1BC3EB19A63BD1265283E136FC13EB4B5FEBD01B4353E0809D53ED2CF96BCE7296F3E2201CD3ED8F3EDBCE97D073E2160523ECDE02FBDE199783E83BD5A3EA8DEB1BDB35FC43E8C0FCB3EB147F1BDCE8C053E9131013EAC347F,
BC83EC893E37DC7B3EC972473A3C7B463E53D2523ECEC3FCBC1FA54C3E4646F13EC750C2BCB129023E2C636B3EC075B4BCEDB2F63E1B03193EBFE521BCE97D073E2160523ECDE02FBDC80E8D3E1190083EA014F9BDD0EE4A3E291CD23EA0FA37BDEA105A3E23BC903E9B0165BCB129023E2C636B3EC075B4BCE1B2A23E287C633EBC01C5BCEDB2F63E1B03193EBFE521,
BDEA105A3E23BC903E9B0165BDEDC0123E10D9943E9AEC29BDC80E8D3E1190083EA014F9BD944DCB3E30B1BC3EB19A63BDBE85FD3E40CD853EAC9D5ABDD9F98B3E3B06813EA65083BDA7B3533E17A8503EA6364CBD944DCB3E30B1BC3EB19A63BDD9F98B3E3B06813EA650833C7F151E3E7699C83ECFFC54BC44156E3E68622C3EC8CE2D3C21F4B23E6372603ECEA63B,
BD8451333E91CC533EBC5AC4BDAA9D623E74EF463EB6B053BD8AAE293E7B33DB3EBE429EBD884F903E6B45F13EBDD8D8BDAA9D623E74EF463EB6B053BDC3CC083E664E053EAF9DF5BCBAE89F3E16D5D03EE1E6EFBC9A49C33DDB163C3ED84274BBD1E1093E1061843EECB48DBD2DAB9F3E0516DB3EAC81D4BD1004FB3DFB506E3EADD788BD1265283E136FC13EB4B5FE,
BDC3CC083E664E053EAF9DF5BDBE85FD3E40CD853EAC9D5ABDA5C24C3E4EBD0A3EB1C023BDA7B3533E17A8503EA6364CBDB0D5A63DFED41B3EA05187BD794B7B3DF779643EA40464BDA7B3533E17A8503EA6364CBDD0EE4A3E291CD23EA0FA37BDC80E8D3E1190083EA014F9BCEDB2F63E1B03193EBFE521BD0C58683E037F393EB96894BD104F6E3E0D4FDF3EC9E9AF,
BCE1B2A23E287C633EBC01C5BD6084A53E3E56043EBB311ABD1265283E136FC13EB4B5FEBCE6B6173E1F2A9D3EBA2079BCE1B2A23E287C633EBC01C5BD1265283E136FC13EB4B5FEBD9D29DC3E8FA7653EB4EF24BDCFCD683E7C14833EAD803DBDAA9D623E74EF463EB6B053BCB66B613E529CBB3EC4953ABC270D203E50F3023EC7EB4ABC44156E3E68622C3EC8CE2D,
BD9D29DC3E8FA7653EB4EF24BDAE01153E99B1533EB55BABBDB35FC43E8C0FCB3EB147F1BDE199783E83BD5A3EA8DEB1BDCE8C053E9131013EAC347FBDFAABCD3E918B503EA5A8BDBD01B4353E0809D53ED2CF96BCE97D073E2160523ECDE02FBD104F6E3E0D4FDF3EC9E9AFBCCDDD6E3E38F14E3EBFC32FBCE1B2A23E287C633EBC01C5BCB129023E2C636B3EC075B4,
BC6429E13E43DDDB3EDBB646BC83EC893E37DC7B3EC97247BCAEE2003E361B2A3EDA9175BCEDB2F63E1B03193EBFE521BCE1B2A23E287C633EBC01C5BCE6B6173E1F2A9D3EBA2079BD0A1BE33E98C4153EC7E5EBBD8AAE293E7B33DB3EBE429EBD03393B3E82F5343EC90EEDBD15703F3E7286F93EC66E01BCB66B613E529CBB3EC4953ABC44156E3E68622C3EC8CE2D,
BD0A1BE33E98C4153EC7E5EBBCA120E23E8E106B3ECBB70FBB4FE1543E988AF03ED0DFBDBC6429E13E43DDDB3EDBB6463BF156193E5D8C6D3ED379963A3C7B463E53D2523ECEC3FCBDC80E8D3E1190083EA014F9BDE3A6483DFE6D593E9B51DFBDB0D5A63DFED41B3EA051873A3C7B463E53D2523ECEC3FCBC83EC893E37DC7B3EC97247BC6429E13E43DDDB3EDBB646,
BC83EC893E37DC7B3EC97247BC1FA54C3E4646F13EC750C2BCB129023E2C636B3EC075B4BDEDC0123E10D9943E9AEC29BDE3A6483DFE6D593E9B51DFBDC80E8D3E1190083EA014F9BC8285EC3E3ED9E03EE53E70BC6429E13E43DDDB3EDBB646BCAEE2003E361B2A3EDA9175BCB4BD773E2C3E753EE2A2C2BC8285EC3E3ED9E03EE53E70BCAEE2003E361B2A3EDA9175,
BD0C58683E037F393EB96894BCE6B6173E1F2A9D3EBA2079BD048E043E0E9E5E3EB7F38CBCBAE89F3E16D5D03EE1E6EFBCB4BD773E2C3E753EE2A2C2BCE7296F3E2201CD3ED8F3EDBD01B4353E0809D53ED2CF96BCBAE89F3E16D5D03EE1E6EFBCE7296F3E2201CD3ED8F3EDBB4FE1543E988AF03ED0DFBD3CB966BE3E8FDB6E3ED40F883BD3CFF63E9C2FC73ED2C1B1,
BD01B4353E0809D53ED2CF96BC9A49C33DDB163C3ED84274BCBAE89F3E16D5D03EE1E6EFBC2FC8B03E37C2443EEEC3B9BAC5A8153E571C113EE7E953BC8285EC3E3ED9E03EE53E70BC2FC8B03E37C2443EEEC3B9BBD1E1093E1061843EECB48DBA0398A63E2FDDEC3EF417EC3BF156193E5D8C6D3ED37996BC6429E13E43DDDB3EDBB6463B5823423E5D373B3EDEEF5F,
3C484B5E3DFA39823EEF92083BCAF70A3E1AF4AE3EF3B385BBD1E1093E1061843EECB48DBCB4BD773E2C3E753EE2A2C2BC2FC8B03E37C2443EEEC3B9BC8285EC3E3ED9E03EE53E703C89CA193E3BCE853EFA708F3AD3F1843E4C13343EF12F2BBB4814D73E3A85443EF31F8A3CB293D13E606E5D3EFB3DF33CF9EE033E7653873EF6EC9EBAC5A8153E571C113EE7E953,
BA0398A63E2FDDEC3EF417EC3C89CA193E3BCE853EFA708FBB4814D73E3A85443EF31F8ABAC5A8153E571C113EE7E953BC2FC8B03E37C2443EEEC3B93AD3F1843E4C13343EF12F2BBAC5A8153E571C113EE7E9533AD3F1843E4C13343EF12F2B3C2201473E55A6833EF38C33BBD1E1093E1061843EECB48D3BCAF70A3E1AF4AE3EF3B385BA0398A63E2FDDEC3EF417EC,
BA0398A63E2FDDEC3EF417ECBB4814D73E3A85443EF31F8ABC2FC8B03E37C2443EEEC3B9BC2FC8B03E37C2443EEEC3B9BCB4BD773E2C3E753EE2A2C2BCBAE89F3E16D5D03EE1E6EFBBD1E1093E1061843EECB48DBC2FC8B03E37C2443EEEC3B9BCBAE89F3E16D5D03EE1E6EFBCB4BD773E2C3E753EE2A2C2BCAEE2003E361B2A3EDA9175BCE7296F3E2201CD3ED8F3ED,
3C89CA193E3BCE853EFA708FBA0398A63E2FDDEC3EF417EC3CDDD0963E32F3C33EFE80BFBAC5A8153E571C113EE7E9533CA3F67F3E72630F3EEB4FE83B5823423E5D373B3EDEEF5FBAC5A8153E571C113EE7E9533CF9EE033E7653873EF6EC9E3CA3F67F3E72630F3EEB4FE83CB293D13E606E5D3EFB3DF3BAC5A8153E571C113EE7E9533C2201473E55A6833EF38C33,
3A3C7B463E53D2523ECEC3FCBC83EC893E37DC7B3EC97247BC6429E13E43DDDB3EDBB646BC6429E13E43DDDB3EDBB646BC83EC893E37DC7B3EC97247BCAEE2003E361B2A3EDA9175BCBAE89F3E16D5D03EE1E6EFBC9A49C33DDB163C3ED84274BBD1E1093E1061843EECB48DBA0398A63E2FDDEC3EF417EC3BCAF70A3E1AF4AE3EF3B3853CDDD0963E32F3C33EFE80BF,
3AD3F1843E4C13343EF12F2BBC2FC8B03E37C2443EEEC3B9BB4814D73E3A85443EF31F8ABC8285EC3E3ED9E03EE53E70BC6429E13E43DDDB3EDBB646BCAEE2003E361B2A3EDA9175BCB4BD773E2C3E753EE2A2C2BC8285EC3E3ED9E03EE53E70BCAEE2003E361B2A3EDA9175BC6429E13E43DDDB3EDBB6463BF156193E5D8C6D3ED379963A3C7B463E53D2523ECEC3FC,
BCBAE89F3E16D5D03EE1E6EFBCB4BD773E2C3E753EE2A2C2BCE7296F3E2201CD3ED8F3EDBD01B4353E0809D53ED2CF96BCBAE89F3E16D5D03EE1E6EFBCE7296F3E2201CD3ED8F3EDBAC5A8153E571C113EE7E9533B5823423E5D373B3EDEEF5FBC6429E13E43DDDB3EDBB646BC8285EC3E3ED9E03EE53E70BAC5A8153E571C113EE7E953BC6429E13E43DDDB3EDBB646,
BBCF398F3EAD92FBBEE6E419BCCF073A3EADCD92BEDF5621BCF8F4733EBC901DBEDFFD61BD888F003ECC60CCBED12104BCCF073A3EADCD92BEDF5621BD199DCB3EB3124DBEDA6959BCCF073A3EADCD92BEDF5621BCC523F63EA0A0B2BED9B8CCBD192EA53EA88D09BED7C6DA3CAC9F303E988EBDBEE1A71A3C5EB95E3E94332FBEDD5150BADEB0FB3EA2C711BEDFC32F,
BC88B1143EC8665EBEE7EA81BCDAD1073EC407CCBEE440F2BD691FB43ED33094BED577D9BCDAD1073EC407CCBEE440F2BC88B1143EC8665EBEE7EA81BC18B71C3EBD4EB1BEE7E1FCBC18B71C3EBD4EB1BEE7E1FCBCF8F4733EBC901DBEDFFD61BCDAD1073EC407CCBEE440F2BC97939A3EA9055CBEE02AFEBCCF073A3EADCD92BEDF5621BBCF398F3EAD92FBBEE6E419,
BADEB0FB3EA2C711BEDFC32FBC97939A3EA9055CBEE02AFEBBCF398F3EAD92FBBEE6E419BCDAD1073EC407CCBEE440F2BD888F003ECC60CCBED12104BD691FB43ED33094BED577D9BC97939A3EA9055CBEE02AFEBCC523F63EA0A0B2BED9B8CCBCCF073A3EADCD92BEDF5621BD199DCB3EB3124DBEDA6959BCCF073A3EADCD92BEDF5621BD192EA53EA88D09BED7C6DA,
BC18B71C3EBD4EB1BEE7E1FC3C0EF34D3EBF4C2BBEEB0F49BBCF398F3EAD92FBBEE6E419BBCF398F3EAD92FBBEE6E4193C0EF34D3EBF4C2BBEEB0F493CB3EBC03EB753C5BEEF0BAFBCC523F63EA0A0B2BED9B8CCBADEB0FB3EA2C711BEDFC32FBBE842743E934331BED9FC2BBCF8F4733EBC901DBEDFFD61BD888F003ECC60CCBED12104BCDAD1073EC407CCBEE440F2,
BD691FB43ED33094BED577D9BC4B35F43EDACBC9BEE588C2BC88B1143EC8665EBEE7EA81BADEB0FB3EA2C711BEDFC32F3CBFA0943EA515F0BEE4549B3CAC9F303E988EBDBEE1A71ABCCF073A3EADCD92BEDF5621BD888F003ECC60CCBED12104BCF8F4733EBC901DBEDFFD61BC18B71C3EBD4EB1BEE7E1FCBC88B1143EC8665EBEE7EA813C0EF34D3EBF4C2BBEEB0F49,
BC97939A3EA9055CBEE02AFEBADEB0FB3EA2C711BEDFC32FBCC523F63EA0A0B2BED9B8CCBBE842743E934331BED9FC2BBADEB0FB3EA2C711BEDFC32F3C5EB95E3E94332FBEDD51503B4A92603E92847BBEDA14ADBBE842743E934331BED9FC2B3C5EB95E3E94332FBEDD5150BC18B71C3EBD4EB1BEE7E1FCBBCF398F3EAD92FBBEE6E419BCF8F4733EBC901DBEDFFD61,
BD691FB43ED33094BED577D9BD1D249E3EDBB4D5BEDA3DF7BC4B35F43EDACBC9BEE588C2BBCF398F3EAD92FBBEE6E4193CB3EBC03EB753C5BEEF0BAF3CB5E7433EAE5A79BEEADE44BADEB0FB3EA2C711BEDFC32FBBCF398F3EAD92FBBEE6E4193CBFA0943EA515F0BEE4549B3CBFA0943EA515F0BEE4549BBBCF398F3EAD92FBBEE6E4193CB5E7433EAE5A79BEEADE44,
BDDE16513EA69B5ABEACE704BDD8FFFC3EB0CCDEBEB24CA5BDD0BF1A3EA9A954BEB6E9363BD97B313EC8E23BBEEAD05F3C0EF34D3EBF4C2BBEEB0F49BC88B1143EC8665EBEE7EA81BC88B1143EC8665EBEE7EA813C21BE2B3EDA4A49BEEB313C3BD97B313EC8E23BBEEAD05F3C21BE2B3EDA4A49BEEB313CBC88B1143EC8665EBEE7EA81BC4B35F43EDACBC9BEE588C2,
BCCF073A3EADCD92BEDF5621BCC523F63EA0A0B2BED9B8CCBD192EA53EA88D09BED7C6DABDD073153EDFD45ABEA4E5F7BDC9A2C63ED71C97BEAF2043BDE149413ED5156ABEA443F6BBE842743E934331BED9FC2BBB18C3B13E8940FFBED318DBBC795D4F3E8A2A0BBED29069BD9BAB223E94B0C0BEBD2780BD7798523E93C5BDBEC2979EBD5158B83E8AD9F1BEBFDCBE,
BDA29E903EDC193BBEC59D77BD9E175D3ECFDD66BECBDF4CBDB2CADE3ED65775BEC086BEBD888F003ECC60CCBED12104BCCF073A3EADCD92BEDF5621BD199DCB3EB3124DBEDA6959BD58FA373EAB9A9EBED4C1CABDAF6E833EAFAFA7BEC6E697BD8D19DF3EBB773ABECFA893BCFBEFD03E935632BED287E4BD7798523E93C5BDBEC2979EBD27125E3E9D3B2ABED1CD3E,
BD7798523E93C5BDBEC2979EBD2FC9BC3E899E30BEC595BCBD5158B83E8AD9F1BEBFDCBEBDEBB01D3EA15832BE9E1BD2BDF042D93EA895AFBE9F8E7EBDDE16513EA69B5ABEACE704BDE149413ED5156ABEA443F6BDE9BE0A3ECBC6C9BEA2B778BDE72C953ED8B32DBE96E7A3BD7798523E93C5BDBEC2979EBD8544783EA2E3E7BEC897EABD27125E3E9D3B2ABED1CD3E,
BDBE29303E851527BE9A98EEBDD9EE033E91E14CBE9F5BA3BDC2A3CF3E8AA4DBBEA37500BD691FB43ED33094BED577D9BD888F003ECC60CCBED12104BD9E175D3ECFDD66BECBDF4CBD8544783EA2E3E7BEC897EABDB250B53E9FEF39BEBD1AEBBDBBF0563EA7BE98BEC051EC3C6347633E875819BED11B61BB18C3B13E8940FFBED318DB3B4A92603E92847BBEDA14AD,
BDC9A2C63ED71C97BEAF2043BDCE2B063ECA2CEDBEAE06FBBDE9BE0A3ECBC6C9BEA2B778BD888F003ECC60CCBED12104BD8D19DF3EBB773ABECFA893BDB9A73B3EB8D1B7BEC42203BD888F003ECC60CCBED12104BD199DCB3EB3124DBEDA6959BD58FA373EAB9A9EBED4C1CABD8D19DF3EBB773ABECFA893BD888F003ECC60CCBED12104BD58FA373EAB9A9EBED4C1CA,
BDC9A2C63ED71C97BEAF2043BDE9BE0A3ECBC6C9BEA2B778BDE149413ED5156ABEA443F6BDDE16513EA69B5ABEACE704BDF042D93EA895AFBE9F8E7EBDD8FFFC3EB0CCDEBEB24CA5BDB9A73B3EB8D1B7BEC42203BDD8FFFC3EB0CCDEBEB24CA5BDC493C93ED813A9BEB63B47BD5158B83E8AD9F1BEBFDCBEBD8294143E87C7A4BEB656EFBD9BAB223E94B0C0BEBD2780,
BDB9A73B3EB8D1B7BEC42203BDB2CADE3ED65775BEC086BEBD9E175D3ECFDD66BECBDF4CBCFBEFD03E935632BED287E4BD2FC9BC3E899E30BEC595BCBD7798523E93C5BDBEC2979EBCEEB4EA3E88B652BECB9410BCFBEFD03E935632BED287E4BC795D4F3E8A2A0BBED29069BC88B1143EC8665EBEE7EA81BCDAD1073EC407CCBEE440F2BD691FB43ED33094BED577D9,
BDD8FFFC3EB0CCDEBEB24CA5BDF042D93EA895AFBE9F8E7EBDECE13F3EB946C3BEA46823BC97939A3EA9055CBEE02AFEBCC523F63EA0A0B2BED9B8CCBCCF073A3EADCD92BEDF5621BD199DCB3EB3124DBEDA6959BCCF073A3EADCD92BEDF5621BD192EA53EA88D09BED7C6DABD888F003ECC60CCBED12104BDB9A73B3EB8D1B7BEC42203BD9E175D3ECFDD66BECBDF4C,
BD8544783EA2E3E7BEC897EABDBBF0563EA7BE98BEC051ECBDAF6E833EAFAFA7BEC6E697BDDE98573EDC0097BE9ADABABDE72C953ED8B32DBE96E7A3BDECCC473EE24873BE912AB7BDCF42783E93F65EBEA9378FBDA9EF523E8B60F2BEAEBE16BDC2A3CF3E8AA4DBBEA37500BD9BAB223E94B0C0BEBD2780BDA9EF523E8B60F2BEAEBE16BDB8FC503E910321BEB09FA5,
BDCF42783E93F65EBEA9378FBDDE16513EA69B5ABEACE704BDD0BF1A3EA9A954BEB6E936BDD8FFFC3EB0CCDEBEB24CA5BDB9A73B3EB8D1B7BEC42203BDD0BF1A3EA9A954BEB6E936BDEBB01D3EA15832BE9E1BD2BDDE16513EA69B5ABEACE704BDD9EE033E91E14CBE9F5BA3BCDAD1073EC407CCBEE440F2BD888F003ECC60CCBED12104BD691FB43ED33094BED577D9,
BDDE98573EDC0097BE9ADABABDE149413ED5156ABEA443F6BDE72C953ED8B32DBE96E7A3BDB9A73B3EB8D1B7BEC42203BD8D19DF3EBB773ABECFA893BDAF6E833EAFAFA7BEC6E697BBE842743E934331BED9FC2BBC795D4F3E8A2A0BBED29069BCFBEFD03E935632BED287E4BDB250B53E9FEF39BEBD1AEBBD9BAB223E94B0C0BEBD2780BDB8FC503E910321BEB09FA5,
BDBBF0563EA7BE98BEC051ECBDD0BF1A3EA9A954BEB6E936BDAF6E833EAFAFA7BEC6E697BD27125E3E9D3B2ABED1CD3EBD58FA373EAB9A9EBED4C1CABD192EA53EA88D09BED7C6DABD2FC9BC3E899E30BEC595BCBCFBEFD03E935632BED287E4BCEEB4EA3E88B652BECB9410BCF8F4733EBC901DBEDFFD61BD888F003ECC60CCBED12104BCDAD1073EC407CCBEE440F2,
BD691FB43ED33094BED577D9BD9E175D3ECFDD66BECBDF4CBDA29E903EDC193BBEC59D77BDBF37B93EE21533BEAE98FEBDC9A2C63ED71C97BEAF2043BDD073153EDFD45ABEA4E5F7BCC523F63EA0A0B2BED9B8CCBADEB0FB3EA2C711BEDFC32FBBE842743E934331BED9FC2BBDD0BF1A3EA9A954BEB6E936BDB9A73B3EB8D1B7BEC42203BDAF6E833EAFAFA7BEC6E697,
BD691FB43ED33094BED577D9BC4B35F43EDACBC9BEE588C2BC88B1143EC8665EBEE7EA81BCCF073A3EADCD92BEDF5621BD888F003ECC60CCBED12104BCF8F4733EBC901DBEDFFD61BD1D249E3EDBB4D5BEDA3DF7BD691FB43ED33094BED577D9BDA29E903EDC193BBEC59D77BDA9EF523E8B60F2BEAEBE16BD9BAB223E94B0C0BEBD2780BD8294143E87C7A4BEB656EF,
BD8544783EA2E3E7BEC897EABDAF6E833EAFAFA7BEC6E697BD27125E3E9D3B2ABED1CD3EBDD073153EDFD45ABEA4E5F7BDE149413ED5156ABEA443F6BDDE98573EDC0097BE9ADABABDEBB01D3EA15832BE9E1BD2BDD9EE033E91E14CBE9F5BA3BDDAF9663E8F62FABE95898BBDCF42783E93F65EBEA9378FBDC2A3CF3E8AA4DBBEA37500BDD9EE033E91E14CBE9F5BA3,
BDCF42783E93F65EBEA9378FBDBBF0563EA7BE98BEC051ECBDB250B53E9FEF39BEBD1AEBBDB250B53E9FEF39BEBD1AEBBDB8FC503E910321BEB09FA5BDCF42783E93F65EBEA9378FBDB8FC503E910321BEB09FA5BDA9EF523E8B60F2BEAEBE16BDCF42783E93F65EBEA9378FBDAF6E833EAFAFA7BEC6E697BD58FA373EAB9A9EBED4C1CABD27125E3E9D3B2ABED1CD3E,
BD192EA53EA88D09BED7C6DABCC523F63EA0A0B2BED9B8CCBD27125E3E9D3B2ABED1CD3EBD199DCB3EB3124DBEDA6959BD192EA53EA88D09BED7C6DABD58FA373EAB9A9EBED4C1CABDAB80ED3EEA0360BEB764AEBDC493C93ED813A9BEB63B47BDBF37B93EE21533BEAE98FEBDCF42783E93F65EBEA9378FBDD0BF1A3EA9A954BEB6E936BDBBF0563EA7BE98BEC051EC,
BC97939A3EA9055CBEE02AFEBADEB0FB3EA2C711BEDFC32FBCC523F63EA0A0B2BED9B8CCBBE842743E934331BED9FC2BBADEB0FB3EA2C711BEDFC32F3C5EB95E3E94332FBEDD51503B4A92603E92847BBEDA14ADBBE842743E934331BED9FC2B3C5EB95E3E94332FBEDD5150BCC523F63EA0A0B2BED9B8CCBCFBEFD03E935632BED287E4BD27125E3E9D3B2ABED1CD3E,
BDD9EE033E91E14CBE9F5BA3BDBE29303E851527BE9A98EEBDDAF9663E8F62FABE95898BBDDAF9663E8F62FABE95898BBDCDB7283E85C91DBE8C18D7BDE8CAC53E91287CBE8CC0593B4A92603E92847BBEDA14ADBB18C3B13E8940FFBED318DBBBE842743E934331BED9FC2BBCC523F63EA0A0B2BED9B8CCBBE842743E934331BED9FC2BBCFBEFD03E935632BED287E4,
BDAB80ED3EEA0360BEB764AEBDA29E903EDC193BBEC59D77BDC493C93ED813A9BEB63B47BD9BAB223E94B0C0BEBD2780BDB250B53E9FEF39BEBD1AEBBD8544783EA2E3E7BEC897EABD7798523E93C5BDBEC2979EBD9BAB223E94B0C0BEBD2780BD8544783EA2E3E7BEC897EABD691FB43ED33094BED577D9BD1D249E3EDBB4D5BEDA3DF7BC4B35F43EDACBC9BEE588C2,
BDB9A73B3EB8D1B7BEC42203BDC493C93ED813A9BEB63B47BDB2CADE3ED65775BEC086BEBDECE13F3EB946C3BEA46823BDE9BE0A3ECBC6C9BEA2B778BDCE2B063ECA2CEDBEAE06FBBDECE13F3EB946C3BEA46823BDCE2B063ECA2CEDBEAE06FBBDD8FFFC3EB0CCDEBEB24CA5BDA29E903EDC193BBEC59D77BDB2CADE3ED65775BEC086BEBDC493C93ED813A9BEB63B47,
BDC493C93ED813A9BEB63B47BDD8FFFC3EB0CCDEBEB24CA5BDCE2B063ECA2CEDBEAE06FBBDBF37B93EE21533BEAE98FEBDC493C93ED813A9BEB63B47BDC9A2C63ED71C97BEAF2043BDCF42783E93F65EBEA9378FBDD9EE033E91E14CBE9F5BA3BDDE16513EA69B5ABEACE704BDEBB01D3EA15832BE9E1BD2BDDAF9663E8F62FABE95898BBDE8CAC53E91287CBE8CC059,
BDE0DD403E906AD3BE17C0F4BDE4712E3E8FF0EDBE0D2C38BDF38DE73E9DACEFBE1A8544BDE0DD403E906AD3BE17C0F4BDED01C13E957BC8BE3032DBBDDD03973E81DECEBE2FB6DDBDF38DE73E9DACEFBE1A8544BDED01C13E957BC8BE3032DBBDE0DD403E906AD3BE17C0F4BDCE2B063ECA2CEDBEAE06FBBDC9A2C63ED71C97BEAF2043BDC493C93ED813A9BEB63B47,
BDF0F0633E941744BE8297C0BDE034F43E911559BE639C52BDED288D3E99C38BBE5CE853BDCA8DA83E8829F1BE4E7147BDE034F43E911559BE639C52BDBFD8273E866F50BE5E62DCBDDE98573EDC0097BE9ADABABDE72C953ED8B32DBE96E7A3BDECCC473EE24873BE912AB7BDED288D3E99C38BBE5CE853BDDF23463E927829BE44C166BDF12EC73E9ADAFDBE4B55AC,
BDF12EC73E9ADAFDBE4B55ACBDDF23463E927829BE44C166BDED01C13E957BC8BE3032DBBDDF23463E927829BE44C166BDDCBAB63E83D6C7BE39CBABBDED01C13E957BC8BE3032DBBDE034F43E911559BE639C52BDCA8DA83E8829F1BE4E7147BDED288D3E99C38BBE5CE853BDE034F43E911559BE639C52BDF0F0633E941744BE8297C0BDBFD8273E866F50BE5E62DC,
BDDD03973E81DECEBE2FB6DDBDED01C13E957BC8BE3032DBBDDCBAB63E83D6C7BE39CBABBDDAF9663E8F62FABE95898BBDCDB7283E85C91DBE8C18D7BDE8CAC53E91287CBE8CC059BDCA8DA83E8829F1BE4E7147BDDCBAB63E83D6C7BE39CBABBDDF23463E927829BE44C166BDBFD8273E866F50BE5E62DCBDF0F0633E941744BE8297C0BDCDB7283E85C91DBE8C18D7,
BDE0DD403E906AD3BE17C0F4BDE4712E3E8FF0EDBE0D2C38BDF38DE73E9DACEFBE1A8544BDEBB01D3EA15832BE9E1BD2BDDAF9663E8F62FABE95898BBDE8CAC53E91287CBE8CC059BDDF23463E927829BE44C166BDED288D3E99C38BBE5CE853BDCA8DA83E8829F1BE4E7147BDCDB7283E85C91DBE8C18D7BDF0F0633E941744BE8297C0BDE8CAC53E91287CBE8CC059,
3B041EDE3EC4EC423ED10EED3C877AB33EDA070C3ECCA7B5BCC918E33ED50B313EC5CF68BCA120E23E8E106B3ECBB70F380E9B393E87587D3ECE681BBB4FE1543E988AF03ED0DFBDBDCE8C053E9131013EAC347FBDAE01153E99B1533EB55BABBDDEA91E3E9E9B173EACD4AABE0116233EDF9DF53E8CAE86BDF2F9873ED622A33E9965B2BDD9B5E93EE2D4913E989332,
BD8451333E91CC533EBC5AC4BD9D29DC3E8FA7653EB4EF24BDAA9D623E74EF463EB6B053BC0F9F453EB535223ED03D573C26C5D23EB9E7323ED3074A3B041EDE3EC4EC423ED10EEDBDDEA91E3E9E9B173EACD4AABDFAABCD3E918B503EA5A8BDBDCE8C053E9131013EAC347FBD4C4DEC3E9600F33EC1613DBD2A6B0E3EA12E1F3EC61911BD7F21B43E9B2FCB3EBE8EA4,
BDAE01153E99B1533EB55BABBDCE8C053E9131013EAC347FBDB35FC43E8C0FCB3EB147F1BD8451333E91CC533EBC5AC4BD9544353E973F753EB8609ABD9D29DC3E8FA7653EB4EF24BC0F9F453EB535223ED03D57BD32D5E03EB2DB623EC8D994BC78012E3EA478C83ECD49B6BCA120E23E8E106B3ECBB70FBD0A1BE33E98C4153EC7E5EBBD03393B3E82F5343EC90EED,
BC0F9F453EB535223ED03D573B041EDE3EC4EC423ED10EEDBCAE12623EB9F4903ECD51B5BCC918E33ED50B313EC5CF683C877AB33EDA070C3ECCA7B53C89EBA73EE62E903EC9C92EBD8451333E91CC533EBC5AC4BD8AAE293E7B33DB3EBE429EBD0A1BE33E98C4153EC7E5EBBD4C4DEC3E9600F33EC1613DBD8451333E91CC533EBC5AC4BD0A1BE33E98C4153EC7E5EB,
BDC0E3043EEADCF43E9F0414BDD9B5E93EE2D4913E989332BDBAF6403ED8C2833EA624DDBD9E94AB3EE096353EAE5A9BBDC0E3043EEADCF43E9F0414BDBAF6403ED8C2833EA624DDBD2A6B0E3EA12E1F3EC61911BD32D5E03EB2DB623EC8D994BD8CC78F3EAA424A3EC1FEEBBD8475E63EB631943EC38950BDBEF0F13EB4EAAF3EB9BB06BD8CC78F3EAA424A3EC1FEEB,
BDB6C6153EA7926C3EBACADEBDBEF0F13EB4EAAF3EB9BB06BDE1D0853EAB9B893EB0AC5CBDFAABCD3E918B503EA5A8BDBDDEA91E3E9E9B173EACD4AABDF363F53EA113623EA765BABD4C4DEC3E9600F33EC1613DBD7F21B43E9B2FCB3EBE8EA4BD9544353E973F753EB8609ABD8451333E91CC533EBC5AC4BD4C4DEC3E9600F33EC1613DBD9544353E973F753EB8609A,
BDF480A63E75A74C3EA18916BDE199783E83BD5A3EA8DEB1BDFAABCD3E918B503EA5A8BDBD5A2F8C3EE12A523EB9B802BD9E94AB3EE096353EAE5A9BBD516CA43ED4DE3C3EBBD9ECBDE1D0853EAB9B893EB0AC5CBDF2F6E83EBAB6F23EA6F1BBBDFE09353EA860133E9F891EBDA7A0733EC6AF473EB73040BDC0B1BC3EC74E663EB25F63BDC82CF53EBE6C4C3EB512EC,
BDAE01153E99B1533EB55BABBD9D29DC3E8FA7653EB4EF24BD9544353E973F753EB8609ABDE1D0853EAB9B893EB0AC5CBDDEA91E3E9E9B173EACD4AABDB6C6153EA7926C3EBACADE380E9B393E87587D3ECE681B3CB966BE3E8FDB6E3ED40F88BB4FE1543E988AF03ED0DFBDBD7F21B43E9B2FCB3EBE8EA4BD2A6B0E3EA12E1F3EC61911BD8CC78F3EAA424A3EC1FEEB,
BDDEA91E3E9E9B173EACD4AABDE1D0853EAB9B893EB0AC5CBDF363F53EA113623EA765BABD4C4DEC3E9600F33EC1613DBD0A1BE33E98C4153EC7E5EBBD2A6B0E3EA12E1F3EC61911BD9E94AB3EE096353EAE5A9BBDBAF6403ED8C2833EA624DDBD9E98DD3ED4DBE03EAF95F6BD516CA43ED4DE3C3EBBD9ECBD22E5DE3EE7D6B63EBC8840BD5A2F8C3EE12A523EB9B802,
BD516CA43ED4DE3C3EBBD9ECBDA7A0733EC6AF473EB73040BD474C903EC863BF3EC56324BDDC27E93EBD11BE3EAEEF5FBDC0B1BC3EC74E663EB25F63BDE773E23EC6FA833EA72A39BDB6C6153EA7926C3EBACADEBDDEA91E3E9E9B173EACD4AABDAE01153E99B1533EB55BABBDE1D0853EAB9B893EB0AC5CBDFE09353EA860133E9F891EBDF363F53EA113623EA765BA,
BDC82CF53EBE6C4C3EB512ECBDBEF0F13EB4EAAF3EB9BB06BD474C903EC863BF3EC56324BDBEF0F13EB4EAAF3EB9BB06BDC82CF53EBE6C4C3EB512ECBDDC27E93EBD11BE3EAEEF5FBDDC27E93EBD11BE3EAEEF5FBDF2F6E83EBAB6F23EA6F1BBBDE1D0853EAB9B893EB0AC5CBDAE01153E99B1533EB55BABBD9544353E973F753EB8609ABDB6C6153EA7926C3EBACADE,
BDE43AA83ECE00D23EA359BCBD9E98DD3ED4DBE03EAF95F6BDBAF6403ED8C2833EA624DDBD9E98DD3ED4DBE03EAF95F6BDE43AA83ECE00D23EA359BCBDC0B1BC3EC74E663EB25F63BCAE12623EB9F4903ECD51B5BD32D5E03EB2DB623EC8D994BC0F9F453EB535223ED03D57BC829AE53EC7EC9A3ECBE122BD3502AC3EC37AA23EC89A46BCAE12623EB9F4903ECD51B5,
BDE199783E83BD5A3EA8DEB1BDB35FC43E8C0FCB3EB147F1BDCE8C053E9131013EAC347FBDDC27E93EBD11BE3EAEEF5FBDE1D0853EAB9B893EB0AC5CBDBEF0F13EB4EAAF3EB9BB063B041EDE3EC4EC423ED10EEDBCC918E33ED50B313EC5CF68BC829AE53EC7EC9A3ECBE122BD9E94AB3EE096353EAE5A9BBD9E98DD3ED4DBE03EAF95F6BD516CA43ED4DE3C3EBBD9EC,
BD8CC78F3EAA424A3EC1FEEBBD32D5E03EB2DB623EC8D994BD8475E63EB631943EC38950BDD9B5E93EE2D4913E989332BDF2F9873ED622A33E9965B2BDBAF6403ED8C2833EA624DDBDC82CF53EBE6C4C3EB512ECBD474C903EC863BF3EC56324BDA7A0733EC6AF473EB73040BD3502AC3EC37AA23EC89A46BCC918E33ED50B313EC5CF68BD474C903EC863BF3EC56324,
BD8475E63EB631943EC38950BD3502AC3EC37AA23EC89A46BD474C903EC863BF3EC56324BD3502AC3EC37AA23EC89A46BD8475E63EB631943EC38950BD32D5E03EB2DB623EC8D994BDB6C6153EA7926C3EBACADEBD7F21B43E9B2FCB3EBE8EA4BD8CC78F3EAA424A3EC1FEEBBD474C903EC863BF3EC56324BCC918E33ED50B313EC5CF68BD516CA43ED4DE3C3EBBD9EC,
BDC0B1BC3EC74E663EB25F63BDDC27E93EBD11BE3EAEEF5FBDC82CF53EBE6C4C3EB512ECBDE43AA83ECE00D23EA359BCBDE773E23EC6FA833EA72A39BDC0B1BC3EC74E663EB25F63BD9544353E973F753EB8609ABD7F21B43E9B2FCB3EBE8EA4BDB6C6153EA7926C3EBACADEBD8451333E91CC533EBC5AC4BDAA9D623E74EF463EB6B053BD8AAE293E7B33DB3EBE429E,
BCC918E33ED50B313EC5CF68BD22E5DE3EE7D6B63EBC8840BD516CA43ED4DE3C3EBBD9ECBD8475E63EB631943EC38950BD474C903EC863BF3EC56324BDBEF0F13EB4EAAF3EB9BB06BC829AE53EC7EC9A3ECBE122BCAE12623EB9F4903ECD51B53B041EDE3EC4EC423ED10EEDBDE43AA83ECE00D23EA359BCBDBAF6403ED8C2833EA624DDBDF2F9873ED622A33E9965B2,
BDDC27E93EBD11BE3EAEEF5FBDE773E23EC6FA833EA72A39BDF2F6E83EBAB6F23EA6F1BBBDE199783E83BD5A3EA8DEB1BDCE8C053E9131013EAC347FBDFAABCD3E918B503EA5A8BDBD3502AC3EC37AA23EC89A46BC829AE53EC7EC9A3ECBE122BCC918E33ED50B313EC5CF68BD8CC78F3EAA424A3EC1FEEBBDBEF0F13EB4EAAF3EB9BB06BDB6C6153EA7926C3EBACADE,
BCC918E33ED50B313EC5CF683C89EBA73EE62E903EC9C92EBC90624E3EDE72113EC52913BCC918E33ED50B313EC5CF68BC90624E3EDE72113EC52913BD22E5DE3EE7D6B63EBC8840BD0A1BE33E98C4153EC7E5EBBD8AAE293E7B33DB3EBE429EBD03393B3E82F5343EC90EEDBD9D29DC3E8FA7653EB4EF24BDAE01153E99B1533EB55BABBDB35FC43E8C0FCB3EB147F1,
BD32D5E03EB2DB623EC8D994BD2A6B0E3EA12E1F3EC61911BC78012E3EA478C83ECD49B6BD2A6B0E3EA12E1F3EC61911BD0A1BE33E98C4153EC7E5EBBC78012E3EA478C83ECD49B6BD0A1BE33E98C4153EC7E5EBBCA120E23E8E106B3ECBB70FBB4FE1543E988AF03ED0DFBDBC78012E3EA478C83ECD49B6BD0A1BE33E98C4153EC7E5EBBB4FE1543E988AF03ED0DFBD,
BDA7A0733EC6AF473EB73040BD516CA43ED4DE3C3EBBD9ECBD9E98DD3ED4DBE03EAF95F6BDC0B1BC3EC74E663EB25F63BDA7A0733EC6AF473EB73040BD9E98DD3ED4DBE03EAF95F6BC78012E3EA478C83ECD49B6BB4FE1543E988AF03ED0DFBD3BD3CFF63E9C2FC73ED2C1B1BB4FE1543E988AF03ED0DFBD3CB966BE3E8FDB6E3ED40F883BD3CFF63E9C2FC73ED2C1B1,
BCAE12623EB9F4903ECD51B5BD3502AC3EC37AA23EC89A46BD32D5E03EB2DB623EC8D994BE0116233EDF9DF53E8CAE86BDF2F9873ED622A33E9965B2BDD9B5E93EE2D4913E9893323CC0A6B93EA6C4823ED43C193CAFD9773EAFD8F13ED25B75BC78012E3EA478C83ECD49B63BD3CFF63E9C2FC73ED2C1B13CC0A6B93EA6C4823ED43C19BC78012E3EA478C83ECD49B6,
BC5167663EFFD32CBEDA15DB3AD1D8A53F03E48ABEDA72003C4308FF3F0312E4BEDFC632BCDE89223EE1EEAABEDF99E5BC5FA00E3EE4011DBEE50E13BC4B35F43EDACBC9BEE588C23CAFD9773EAFD8F13ED25B75BC0F9F453EB535223ED03D57BC78012E3EA478C83ECD49B6BC0F9F453EB535223ED03D573CAFD9773EAFD8F13ED25B753C26C5D23EB9E7323ED3074A,
BCE5ABC13EEADB62BEDC4546BBD7BE983EECF180BEE443D4BC5FA00E3EE4011DBEE50E133B5045FE3F1404C9BEEEB9803C02BA5A3F0F4396BEE9D29EBC12E6213F15B7E1BEE9081CBC2964E93F0D39DABEDB2724BBF6A50D3F1093FBBEE186123B1880953F0ACE79BEE2491B3C21BE2B3EDA4A49BEEB313CBC4B35F43EDACBC9BEE588C23BD8127B3EEC9CD4BEE69EA1,
BD1D249E3EDBB4D5BEDA3DF7BCE5ABC13EEADB62BEDC4546BCDE89223EE1EEAABEDF99E5BC5167663EFFD32CBEDA15DB3C4308FF3F0312E4BEDFC6323C28A3F93EFF50A0BEE0B7C3BBD7BE983EECF180BEE443D43C9E59F33EFB1DB4BEE57D393BD8127B3EEC9CD4BEE69EA1BBF6A50D3F1093FBBEE186123C02BA5A3F0F4396BEE9D29E3B1880953F0ACE79BEE2491B,
BC12E6213F15B7E1BEE9081C3C02BA5A3F0F4396BEE9D29EBBF6A50D3F1093FBBEE186123B1880953F0ACE79BEE2491B3B7638003F05F8D3BED9D7FEBC2964E93F0D39DABEDB2724BCE5ABC13EEADB62BEDC4546BD1D249E3EDBB4D5BEDA3DF7BDA29E903EDC193BBEC59D77BD328D863EEC0DD4BED43BF7BCE5ABC13EEADB62BEDC4546BDA29E903EDC193BBEC59D77,
BC5167663EFFD32CBEDA15DBBCE5ABC13EEADB62BEDC4546BD328D863EEC0DD4BED43BF73C9E59F33EFB1DB4BEE57D39BBD7BE983EECF180BEE443D43C28A3F93EFF50A0BEE0B7C3BBD7BE983EECF180BEE443D43BD8127B3EEC9CD4BEE69EA1BC5FA00E3EE4011DBEE50E13BD691FB43ED33094BED577D9BC4B35F43EDACBC9BEE588C2BC88B1143EC8665EBEE7EA81,
BD691FB43ED33094BED577D9BD1D249E3EDBB4D5BEDA3DF7BC4B35F43EDACBC9BEE588C2BC12E6213F15B7E1BEE9081CBBF6A50D3F1093FBBEE18612BCB5ED8D3F165721BEDA6EB9BCB5ED8D3F165721BEDA6EB9BBF6A50D3F1093FBBEE18612BC2964E93F0D39DABEDB2724BC5FA00E3EE4011DBEE50E13BCDE89223EE1EEAABEDF99E5BCE5ABC13EEADB62BEDC4546,
3C28A3F93EFF50A0BEE0B7C3BBD7BE983EECF180BEE443D4BC5167663EFFD32CBEDA15DBBC5167663EFFD32CBEDA15DBBBD7BE983EECF180BEE443D4BCE5ABC13EEADB62BEDC45463C21BE2B3EDA4A49BEEB313CBC88B1143EC8665EBEE7EA81BC4B35F43EDACBC9BEE588C2BD1D249E3EDBB4D5BEDA3DF7BCDE89223EE1EEAABEDF99E5BC4B35F43EDACBC9BEE588C2,
BD6F8CEB3EEADBE8BECBE9C9BDA29E903EDC193BBEC59D77BD93B0813EEBF530BEC24C1FBD2E29743F035D14BEC69DD8BD6F8CEB3EEADBE8BECBE9C9BD5C78A73F0621A7BEB954CABC88B1143EC8665EBEE7EA813C21BE2B3EDA4A49BEEB313C3BD97B313EC8E23BBEEAD05FBC4B35F43EDACBC9BEE588C2BC5FA00E3EE4011DBEE50E133BD8127B3EEC9CD4BEE69EA1,
BC5167663EFFD32CBEDA15DBBCAEF0AE3F058B82BECD104DBB3912DC3F059770BED60EB6BC5167663EFFD32CBEDA15DB3AD1D8A53F03E48ABEDA72003C4308FF3F0312E4BEDFC632BCAEF0AE3F058B82BECD104DBCE6C0943F083CE2BEC8E9D5BC9B6D443F08C671BECD5CB8BDD073153EDFD45ABEA4E5F7BDC9A2C63ED71C97BEAF2043BDE149413ED5156ABEA443F6,
BD0C74B83F107C31BECB5D89BCB4DCEC3F0D259ABED26ACABCD610AE3F0BA062BEC973DABCE6C0943F083CE2BEC8E9D5BD2D26743F0D1266BEB9C151BCD610AE3F0BA062BEC973DABDA29E903EDC193BBEC59D77BD9E175D3ECFDD66BECBDF4CBDB2CADE3ED65775BEC086BEBCAEF0AE3F058B82BECD104DBC9B6D443F08C671BECD5CB8BBB399F63F07EF39BED57860,
BD44D4453F18E2F3BE95909FBD475C4B3F109C6FBEAA6F61BD51FB403F140820BE997A46BC5167663EFFD32CBEDA15DBBB3912DC3F059770BED60EB63AD1D8A53F03E48ABEDA7200BCAEF0AE3F058B82BECD104DBBB399F63F07EF39BED57860BB3912DC3F059770BED60EB6BC2964E93F0D39DABEDB2724BBF6A50D3F1093FBBEE186123B1880953F0ACE79BEE2491B,
BD3D4E093F0951D7BEBA49A1BD5B48913F0EE7B4BEA62C99BD475C4B3F109C6FBEAA6F61BD475C4B3F109C6FBEAA6F61BD49BC773F15B5A6BEB21405BD2A1B5C3F137B7CBEC56D7FBD3D4E093F0951D7BEBA49A1BCE6C0943F083CE2BEC8E9D5BD2E29743F035D14BEC69DD8BD475C4B3F109C6FBEAA6F61BD5B48913F0EE7B4BEA62C99BD51FB403F140820BE997A46,
BD0C74B83F107C31BECB5D89BCD610AE3F0BA062BEC973DABD2D26743F0D1266BEB9C151BD2A1B5C3F137B7CBEC56D7FBD0C74B83F107C31BECB5D89BD2D26743F0D1266BEB9C1513B7638003F05F8D3BED9D7FE3AD1D8A53F03E48ABEDA7200BB3912DC3F059770BED60EB6BBB399F63F07EF39BED578603B7638003F05F8D3BED9D7FEBB3912DC3F059770BED60EB6,
BC5167663EFFD32CBEDA15DBBD328D863EEC0DD4BED43BF7BD2E29743F035D14BEC69DD8BCE6C0943F083CE2BEC8E9D5BD3D4E093F0951D7BEBA49A1BD2D26743F0D1266BEB9C151BCB4DCEC3F0D259ABED26ACABD0C74B83F107C31BECB5D89BD0241C43F13B5BFBED17F20BDB4D7AE3F050ABBBE9C0EBFBDD7481B3F05464EBE864474BDA8B1143F09F6FDBE97503C,
BDE4295A3EF0F063BE98F6CFBDD98E113EEA493DBEA28B6EBDE4A5163EE7E7E2BE9C22EEBC5167663EFFD32CBEDA15DB3C4308FF3F0312E4BEDFC6323C28A3F93EFF50A0BEE0B7C3BDC0535D3EED3A82BEAB72C5BD5C78A73F0621A7BEB954CABDAB80ED3EEA0360BEB764AEBD5C78A73F0621A7BEB954CABD6F8CEB3EEADBE8BECBE9C9BD93B0813EEBF530BEC24C1F,
BD328D863EEC0DD4BED43BF7BCE5ABC13EEADB62BEDC4546BDA29E903EDC193BBEC59D77BD1D249E3EDBB4D5BEDA3DF7BCE5ABC13EEADB62BEDC4546BCDE89223EE1EEAABEDF99E5BDB2391D3EFB9581BEA4197EBDCF98FA3EFC1A05BE995FABBDB4D7AE3F050ABBBE9C0EBFBDDE98573EDC0097BE9ADABABDE72C953ED8B32DBE96E7A3BDECCC473EE24873BE912AB7,
BDE4A5163EE7E7E2BE9C22EEBDDE98573EDC0097BE9ADABABDECCC473EE24873BE912AB7BDDE98573EDC0097BE9ADABABDE149413ED5156ABEA443F6BDE72C953ED8B32DBE96E7A3BD51FB403F140820BE997A46BD8682B63F094A0ABEA81EEFBD4A30DB3F1702A3BE8F08CCBCE5ABC13EEADB62BEDC4546BD1D249E3EDBB4D5BEDA3DF7BDA29E903EDC193BBEC59D77,
BD3D4E093F0951D7BEBA49A1BD475C4B3F109C6FBEAA6F61BD2D26743F0D1266BEB9C151BDBF37B93EE21533BEAE98FEBDC9A2C63ED71C97BEAF2043BDD073153EDFD45ABEA4E5F7BDAB80ED3EEA0360BEB764AEBD5C78A73F0621A7BEB954CABD93B0813EEBF530BEC24C1FBD3D4E093F0951D7BEBA49A1BD2E29743F035D14BEC69DD8BD5C78A73F0621A7BEB954CA,
BD691FB43ED33094BED577D9BD9E175D3ECFDD66BECBDF4CBDA29E903EDC193BBEC59D77BCE6C0943F083CE2BEC8E9D5BCD610AE3F0BA062BEC973DABC9B6D443F08C671BECD5CB8BDD7481B3F05464EBE864474BDCF98FA3EFC1A05BE995FABBDE1DA7B3EFAEFF6BE8A63D8BD328D863EEC0DD4BED43BF7BDA29E903EDC193BBEC59D77BD6F8CEB3EEADBE8BECBE9C9,
BDCF98FA3EFC1A05BE995FABBDE4295A3EF0F063BE98F6CFBDE1DA7B3EFAEFF6BE8A63D8BDB2391D3EFB9581BEA4197EBDB4D7AE3F050ABBBE9C0EBFBD8682B63F094A0ABEA81EEFBBB399F63F07EF39BED57860BCB4DCEC3F0D259ABED26ACABC2964E93F0D39DABEDB27243B1880953F0ACE79BEE2491B3B7638003F05F8D3BED9D7FEBC2964E93F0D39DABEDB2724,
BD1D249E3EDBB4D5BEDA3DF7BD691FB43ED33094BED577D9BDA29E903EDC193BBEC59D77BDD44D443EF27C7CBEA0BDA9BDC0535D3EED3A82BEAB72C5BDD98E113EEA493DBEA28B6EBDD44D443EF27C7CBEA0BDA9BDB2391D3EFB9581BEA4197EBDC0535D3EED3A82BEAB72C5BCAEF0AE3F058B82BECD104DBC5167663EFFD32CBEDA15DBBD2E29743F035D14BEC69DD8,
BD475C4B3F109C6FBEAA6F61BD44D4453F18E2F3BE95909FBD49BC773F15B5A6BEB21405BD4A30DB3F1702A3BE8F08CCBD8682B63F094A0ABEA81EEFBDA8B1143F09F6FDBE97503CBDCF98FA3EFC1A05BE995FABBDB2391D3EFB9581BEA4197EBDD44D443EF27C7CBEA0BDA9BD691FB43ED33094BED577D9BC4B35F43EDACBC9BEE588C2BC88B1143EC8665EBEE7EA81,
BD8682B63F094A0ABEA81EEFBD51FB403F140820BE997A46BD5B48913F0EE7B4BEA62C99BDD073153EDFD45ABEA4E5F7BDE149413ED5156ABEA443F6BDDE98573EDC0097BE9ADABABC5167663EFFD32CBEDA15DBBCE5ABC13EEADB62BEDC4546BD328D863EEC0DD4BED43BF7BBB399F63F07EF39BED57860BC9B6D443F08C671BECD5CB8BCB4DCEC3F0D259ABED26ACA,
BCE6C0943F083CE2BEC8E9D5BCAEF0AE3F058B82BECD104DBD2E29743F035D14BEC69DD8BDAB80ED3EEA0360BEB764AEBDC493C93ED813A9BEB63B47BDBF37B93EE21533BEAE98FEBDC0535D3EED3A82BEAB72C5BDAB80ED3EEA0360BEB764AEBDBF37B93EE21533BEAE98FEBDA8B1143F09F6FDBE97503CBDA2224F3F11099EBE80F12CBD4A30DB3F1702A3BE8F08CC,
BDDE98573EDC0097BE9ADABABDE4A5163EE7E7E2BE9C22EEBDD073153EDFD45ABEA4E5F7BD2E29743F035D14BEC69DD8BD328D863EEC0DD4BED43BF7BD6F8CEB3EEADBE8BECBE9C9BD0241C43F13B5BFBED17F20BCB5ED8D3F165721BEDA6EB9BC2964E93F0D39DABEDB2724BCB4DCEC3F0D259ABED26ACABD0241C43F13B5BFBED17F20BC2964E93F0D39DABEDB2724,
BD3D4E093F0951D7BEBA49A1BD5C78A73F0621A7BEB954CABD8682B63F094A0ABEA81EEFBD5B48913F0EE7B4BEA62C99BD3D4E093F0951D7BEBA49A1BD8682B63F094A0ABEA81EEFBC12E6213F15B7E1BEE9081CBBF6A50D3F1093FBBEE18612BCB5ED8D3F165721BEDA6EB9BCB5ED8D3F165721BEDA6EB9BBF6A50D3F1093FBBEE18612BC2964E93F0D39DABEDB2724,
BD691FB43ED33094BED577D9BD1D249E3EDBB4D5BEDA3DF7BC4B35F43EDACBC9BEE588C2BDB2391D3EFB9581BEA4197EBD8682B63F094A0ABEA81EEFBD5C78A73F0621A7BEB954CABDA29E903EDC193BBEC59D77BDAB80ED3EEA0360BEB764AEBD93B0813EEBF530BEC24C1FBC9B6D443F08C671BECD5CB8BCD610AE3F0BA062BEC973DABCB4DCEC3F0D259ABED26ACA,
BDC0535D3EED3A82BEAB72C5BDD073153EDFD45ABEA4E5F7BDD98E113EEA493DBEA28B6EBDD98E113EEA493DBEA28B6EBDD073153EDFD45ABEA4E5F7BDE4A5163EE7E7E2BE9C22EEBD0C74B83F107C31BECB5D89BD2A1B5C3F137B7CBEC56D7FBD0241C43F13B5BFBED17F20BD1D249E3EDBB4D5BEDA3DF7BCDE89223EE1EEAABEDF99E5BC4B35F43EDACBC9BEE588C2,
BD5C78A73F0621A7BEB954CABDC0535D3EED3A82BEAB72C5BDB2391D3EFB9581BEA4197EBC5167663EFFD32CBEDA15DBBBD7BE983EECF180BEE443D4BCE5ABC13EEADB62BEDC4546BD8682B63F094A0ABEA81EEFBDB4D7AE3F050ABBBE9C0EBFBDA8B1143F09F6FDBE97503CBC2964E93F0D39DABEDB27243B7638003F05F8D3BED9D7FEBBB399F63F07EF39BED57860,
BDCF98FA3EFC1A05BE995FABBDD7481B3F05464EBE864474BDB4D7AE3F050ABBBE9C0EBFBDE4295A3EF0F063BE98F6CFBDCF98FA3EFC1A05BE995FABBDD44D443EF27C7CBEA0BDA9BDD98E113EEA493DBEA28B6EBDE4295A3EF0F063BE98F6CFBDD44D443EF27C7CBEA0BDA9BDD7481B3F05464EBE864474BDA2224F3F11099EBE80F12CBDA8B1143F09F6FDBE97503C,
BDC0535D3EED3A82BEAB72C5BDBF37B93EE21533BEAE98FEBDD073153EDFD45ABEA4E5F73C28A3F93EFF50A0BEE0B7C3BBD7BE983EECF180BEE443D4BC5167663EFFD32CBEDA15DBBDA29E903EDC193BBEC59D77BDB2CADE3ED65775BEC086BEBDC493C93ED813A9BEB63B47BDAB80ED3EEA0360BEB764AEBDA29E903EDC193BBEC59D77BDC493C93ED813A9BEB63B47,
BDB5E3973F0E0200BE216DF4BDBEBD903F0F01C9BE44A409BDC700043F0A0503BE32428DBDE1DA7B3EFAEFF6BE8A63D8BDE4295A3EF0F063BE98F6CFBDECA6013EEF9A07BE8767D3BD2D26743F0D1266BEB9C151BD475C4B3F109C6FBEAA6F61BD2A1B5C3F137B7CBEC56D7FBDBF37B93EE21533BEAE98FEBDC493C93ED813A9BEB63B47BDC9A2C63ED71C97BEAF2043,
BDCEEF1C3F0A2681BE126395BDB5E3973F0E0200BE216DF4BDC700043F0A0503BE32428DBDFC08743F00A490BE00EF13BDD274E23F097BA6BDED690ABDCEEF1C3F0A2681BE126395BDD7481B3F05464EBE864474BDE1DA7B3EFAEFF6BE8A63D8BDEAB5803F009881BE768124BDCEEF1C3F0A2681BE126395BDD274E23F097BA6BDED690ABD9EDE123F11B8CCBE182BA6,
BDAB252D3F1254D6BE31F080BDB5E3973F0E0200BE216DF4BD90A2CB3F16557EBE21E18FBDE6A5513F0315A5BE36B9C3BDD274E23F06C95CBE4B2420BDEE5F743EFEB4A6BE4C9DE0BDBEBD903F0F01C9BE44A409BD948ECE3F16A65DBE386120BDA01F753F148A05BE5874C9BDB4D7AE3F050ABBBE9C0EBFBDD7481B3F05464EBE864474BDA8B1143F09F6FDBE97503C,
BDCF8D713F071950BE3773E2BDCEEF1C3F0A2681BE126395BDC700043F0A0503BE32428DBDE6A5513F0315A5BE36B9C3BDCEEF1C3F0A2681BE126395BDCF8D713F071950BE3773E2BDDE98573EDC0097BE9ADABABDE72C953ED8B32DBE96E7A3BDECCC473EE24873BE912AB7BD948ECE3F16A65DBE386120BDBEBD903F0F01C9BE44A409BDAB252D3F1254D6BE31F080,
BDC40FAA3F0C05C4BE652114BDC172263F0BE5EBBE55DBFDBDA93D963F11DA27BE6943E1BDC40FAA3F0C05C4BE652114BDE995253F0365FEBE62517EBDD274E23F06C95CBE4B2420BDC172263F0BE5EBBE55DBFDBDC40FAA3F0C05C4BE652114BDD274E23F06C95CBE4B2420BDB5E3973F0E0200BE216DF4BDAB252D3F1254D6BE31F080BDBEBD903F0F01C9BE44A409,
BDD274E23F097BA6BDED690ABD995D4F3F10621BBDFF9618BD9EDE123F11B8CCBE182BA6BDC40FAA3F0C05C4BE652114BDA93D963F11DA27BE6943E1BDE995253F0365FEBE62517EBDE4A5163EE7E7E2BE9C22EEBDDE98573EDC0097BE9ADABABDECCC473EE24873BE912AB7BD51FB403F140820BE997A46BD8682B63F094A0ABEA81EEFBD4A30DB3F1702A3BE8F08CC,
BDB5E3973F0E0200BE216DF4BDCEEF1C3F0A2681BE126395BD9EDE123F11B8CCBE182BA6BDEAB5803F009881BE768124BDE1DA7B3EFAEFF6BE8A63D8BDF289DB3EF7D3D4BE6E6D9CBDD7481B3F05464EBE864474BDCF98FA3EFC1A05BE995FABBDE1DA7B3EFAEFF6BE8A63D8BDE995253F0365FEBE62517EBDEE5F743EFEB4A6BE4C9DE0BDD274E23F06C95CBE4B2420,
BDA8B1143F09F6FDBE97503CBDA2224F3F11099EBE80F12CBD4A30DB3F1702A3BE8F08CCBDA2224F3F11099EBE80F12CBDD7481B3F05464EBE864474BDA93D963F11DA27BE6943E1BD4A30DB3F1702A3BE8F08CCBD8682B63F094A0ABEA81EEFBDA8B1143F09F6FDBE97503CBDCF98FA3EFC1A05BE995FABBDE4295A3EF0F063BE98F6CFBDE1DA7B3EFAEFF6BE8A63D8,
BDD274E23F06C95CBE4B2420BDC700043F0A0503BE32428DBDC172263F0BE5EBBE55DBFDBDBEBD903F0F01C9BE44A409BDA93D963F11DA27BE6943E1BDC172263F0BE5EBBE55DBFDBDD7481B3F05464EBE864474BDEAB5803F009881BE768124BDE995253F0365FEBE62517EBDD7481B3F05464EBE864474BDE995253F0365FEBE62517EBDA93D963F11DA27BE6943E1,
BDD7481B3F05464EBE864474BDA2224F3F11099EBE80F12CBDA8B1143F09F6FDBE97503CBDCF8D713F071950BE3773E2BDC700043F0A0503BE32428DBDD274E23F06C95CBE4B2420BDE6A5513F0315A5BE36B9C3BDCF8D713F071950BE3773E2BDD274E23F06C95CBE4B2420BDC700043F0A0503BE32428DBDBEBD903F0F01C9BE44A409BDC172263F0BE5EBBE55DBFD,
BDE1DA7B3EFAEFF6BE8A63D8BDE4295A3EF0F063BE98F6CFBDECA6013EEF9A07BE8767D3BDE1DA7B3EFAEFF6BE8A63D8BDECA6013EEF9A07BE8767D3BDF289DB3EF7D3D4BE6E6D9CBDA01F753F148A05BE5874C9BDA93D963F11DA27BE6943E1BDBEBD903F0F01C9BE44A409BDCF98FA3EFC1A05BE995FABBDD7481B3F05464EBE864474BDB4D7AE3F050ABBBE9C0EBF,
BD790A783F17DA30BE102795BD9EDE123F11B8CCBE182BA6BD995D4F3F10621BBDFF9618BDB5E3973F0E0200BE216DF4BD9EDE123F11B8CCBE182BA6BD90A2CB3F16557EBE21E18FBDF7A80D3F0062B2BE1C18F8BDFC08743F00A490BE00EF13BDCEEF1C3F0A2681BE126395BDE6A5513F0315A5BE36B9C3BDF7A80D3F0062B2BE1C18F8BDCEEF1C3F0A2681BE126395,
BD8B1F683F13481BBD318EB9BD60D77B3F14A698BD832EBEBD9DE93A3F1061D8BDAD7F0FBDB9EF953F0C43E5BD8EBCC7BDD65ECC3F072C41BD75F1BFBDC33F853F0B66F9BD3A860EBDDCB6853F063DA3BD98FC50BDD91CD23F085176BDC46174BDEF57F73F004F90BDD54FBEBDD91CD23F085176BDC46174BDC6C3333F0B8045BDD30F06BDD274E23F097BA6BDED690A,
BDCEEF1C3F0A2681BE126395BDD274E23F097BA6BDED690ABD9EDE123F11B8CCBE182BA6BDC33F853F0B66F9BD3A860EBDD65ECC3F072C41BD75F1BFBDE8B32D3F06FE82BD0DC875BDC709743F0DAB8FBB6BCC6CBDED35223F0893EABB954A80BDED06793F066FD63C70563FBDEF57F73F004F90BDD54FBEBDD274E23F097BA6BDED690ABDFC08743F00A490BE00EF13,
BDC709743F0DAB8FBB6BCC6CBDED06793F066FD63C70563FBDE322AF3F07C2983CD7FF9BBDB9EF953F0C43E5BD8EBCC7BDC33F853F0B66F9BD3A860EBD9DE93A3F1061D8BDAD7F0FBDFC08743F00A490BE00EF13BDD274E23F097BA6BDED690ABDCEEF1C3F0A2681BE126395BDD65ECC3F072C41BD75F1BFBDEE09783F04010CBD880304BDE8B32D3F06FE82BD0DC875,
BDD274E23F097BA6BDED690ABDC6C3333F0B8045BDD30F06BD995D4F3F10621BBDFF9618BDC33F853F0B66F9BD3A860EBDDAE2543F0B3C0CBC6C99F2BDC709743F0DAB8FBB6BCC6CBD995D4F3F10621BBDFF9618BD62C12B3F15CF9ABDFEA466BD790A783F17DA30BE102795BDEF57F73F004F90BDD54FBEBDEE09783F04010CBD880304BDDCB6853F063DA3BD98FC50,
BDD91CD23F085176BDC46174BDCB47413F0A8DCABDB29C34BDC6C3333F0B8045BDD30F06BDD91CD23F085176BDC46174BDDCB6853F063DA3BD98FC50BDCB47413F0A8DCABDB29C34BDAB5BB43F1159B43B83CAFBBD9645A23F117460BC9858BCBDC709743F0DAB8FBB6BCC6CBDE8B32D3F06FE82BD0DC875BDED35223F0893EABB954A80BDDAE2543F0B3C0CBC6C99F2,
BDD274E23F097BA6BDED690ABD995D4F3F10621BBDFF9618BD9EDE123F11B8CCBE182BA6BDC709743F0DAB8FBB6BCC6CBDA72F343F1422253D709204BDAB5BB43F1159B43B83CAFBBD9DE93A3F1061D8BDAD7F0FBDCB47413F0A8DCABDB29C34BDB9EF953F0C43E5BD8EBCC7BDC33F853F0B66F9BD3A860EBDC709743F0DAB8FBB6BCC6CBD9645A23F117460BC9858BC,
BD9DE93A3F1061D8BDAD7F0FBD10BC7B3F17CFE6BDD07E17BD811BA43F1327BBBDE4E832BD9DE93A3F1061D8BDAD7F0FBD60D77B3F14A698BD832EBEBD10BC7B3F17CFE6BDD07E17BDD901083F0A3CA73D118091BDA72F343F1422253D709204BDC709743F0DAB8FBB6BCC6CBDE322AF3F07C2983CD7FF9BBDD901083F0A3CA73D118091BDC709743F0DAB8FBB6BCC6C,
BDDCB6853F063DA3BD98FC50BDD65ECC3F072C41BD75F1BFBDB9EF953F0C43E5BD8EBCC7BDCB47413F0A8DCABDB29C34BDDCB6853F063DA3BD98FC50BDB9EF953F0C43E5BD8EBCC7BDDAE2543F0B3C0CBC6C99F2BDED35223F0893EABB954A80BDC709743F0DAB8FBB6BCC6CBD811BA43F1327BBBDE4E832BD995D4F3F10621BBDFF9618BDC6C3333F0B8045BDD30F06,
BDD274E23F097BA6BDED690ABDEF57F73F004F90BDD54FBEBDD91CD23F085176BDC46174BD8B1F683F13481BBD318EB9BD9DE93A3F1061D8BDAD7F0FBDC33F853F0B66F9BD3A860EBDC33F853F0B66F9BD3A860EBDE8B32D3F06FE82BD0DC875BDDAE2543F0B3C0CBC6C99F2BDEE09783F04010CBD880304BDD65ECC3F072C41BD75F1BFBDDCB6853F063DA3BD98FC50,
BDCB47413F0A8DCABDB29C34BD9DE93A3F1061D8BDAD7F0FBDC6C3333F0B8045BDD30F06BD62C12B3F15CF9ABDFEA466BD995D4F3F10621BBDFF9618BD811BA43F1327BBBDE4E832BDF7A80D3F0062B2BE1C18F8BDFC08743F00A490BE00EF13BDCEEF1C3F0A2681BE126395BD811BA43F1327BBBDE4E832BDC6C3333F0B8045BDD30F06BD9DE93A3F1061D8BDAD7F0F,
BDBA24893F1044D03DAD013BBD87CFA23F181A153D8A1273BDA72F343F1422253D709204BDD8C75C3F0ECACD3DECA4F4BDF7AF643F097DE13DF232D3BDF0D0683F0B75753E0C0CE9BD8B1F683F13481BBD318EB9BDC33F853F0B66F9BD3A860EBD9645A23F117460BC9858BCBD790A783F17DA30BE102795BD9EDE123F11B8CCBE182BA6BD995D4F3F10621BBDFF9618,
BDD8C75C3F0ECACD3DECA4F4BD9BB9493F14B09F3DD3CB3EBDBA24893F1044D03DAD013BBDC709743F0DAB8FBB6BCC6CBDED06793F066FD63C70563FBDE322AF3F07C2983CD7FF9BBDA72F343F1422253D709204BDCD99CC3F0CBD773DA27BF6BDBA24893F1044D03DAD013BBDC709743F0DAB8FBB6BCC6CBDED35223F0893EABB954A80BDED06793F066FD63C70563F,
BE0040C03F0762D83D75DBBABDD63FDD3F0B774B3D895315BDF1372A3F0780BB3D2CE896BDAB5BB43F1159B43B83CAFBBD9645A23F117460BC9858BCBDC709743F0DAB8FBB6BCC6CBDF7AF643F097DE13DF232D3BDD8C75C3F0ECACD3DECA4F4BDEAE9EE3F08F9093DC35C5BBDF1372A3F0780BB3D2CE896BDD901083F0A3CA73D118091BDE322AF3F07C2983CD7FF9B,
BDD8255B3F0FA7223E0ED7C7BDEB76F73F0A77F73E23EA2DBDBE4B453F11F7943E23DD12BDC709743F0DAB8FBB6BCC6CBDA72F343F1422253D709204BDAB5BB43F1159B43B83CAFBBDD63FDD3F0B774B3D895315BDA72F343F1422253D709204BDD901083F0A3CA73D118091BDF1372A3F0780BB3D2CE896BDD63FDD3F0B774B3D895315BDD901083F0A3CA73D118091,
BDD8C75C3F0ECACD3DECA4F4BDBA24893F1044D03DAD013BBDEAE9EE3F08F9093DC35C5BBDA784233F149C1B3E040F24BDD8C75C3F0ECACD3DECA4F4BDD8255B3F0FA7223E0ED7C7BDD901083F0A3CA73D118091BDA72F343F1422253D709204BDC709743F0DAB8FBB6BCC6CBDE322AF3F07C2983CD7FF9BBDD901083F0A3CA73D118091BDC709743F0DAB8FBB6BCC6C,
BDD8C75C3F0ECACD3DECA4F4BDA784233F149C1B3E040F24BD9BB9493F14B09F3DD3CB3EBDD63FDD3F0B774B3D895315BE0040C03F0762D83D75DBBABDEAE9EE3F08F9093DC35C5BBDCD99CC3F0CBD773DA27BF6BDD63FDD3F0B774B3D895315BDEAE9EE3F08F9093DC35C5BBDBA24893F1044D03DAD013BBDCD99CC3F0CBD773DA27BF6BDEAE9EE3F08F9093DC35C5B,
BD7E9EA13F1848173DC27BF6BDBA24893F1044D03DAD013BBD9BB9493F14B09F3DD3CB3EBDD8255B3F0FA7223E0ED7C7BDBE4B453F11F7943E23DD12BDA784233F149C1B3E040F24BDA72F343F1422253D709204BDD63FDD3F0B774B3D895315BDCD99CC3F0CBD773DA27BF6BDD8C75C3F0ECACD3DECA4F4BDF0D0683F0B75753E0C0CE9BDD8255B3F0FA7223E0ED7C7,
BDC0E38A3F086AC23E68B86BBDE031CF3F067CF23E4FE1DABDBF0ED43F0056603E831DD6BDC0E38A3F086AC23E68B86BBDBF0ED43F0056603E831DD6BDB9FC2B3F0508B33E7FD04ABD87CFA23F181A153D8A1273BDBA24893F1044D03DAD013BBD7E9EA13F1848173DC27BF6BDEB76F73F0A77F73E23EA2DBDD8255B3F0FA7223E0ED7C7BDF0D0683F0B75753E0C0CE9,
BDBF0ED43F0056603E831DD6BDE031CF3F067CF23E4FE1DABDE62FE03EFADBE83E598A65BD964D7F3F0AC97E3E86262DBDC0E38A3F086AC23E68B86BBDB9FC2B3F0508B33E7FD04ABDD4CB193EF306813E8D6BA9BDF47CFA3EEE4D3C3E832B34BDD9ED7C3EECF56F3E9270B0BD891C083F0EAF363E8179C0BD9894813F11FF713E600E28BDA5F2023F0E494D3E6BA5A0,
BDCE6EA83F0B90113E3E707EBDC0E38A3F086AC23E68B86BBDC1BDA53F0CD0FF3E51D324BD9064673F05F46F3E8F1609BD964D7F3F0AC97E3E86262DBDB9FC2B3F0508B33E7FD04ABDC1BDA53F0CD0FF3E51D324BDA5F2023F0E494D3E6BA5A0BD9894813F11FF713E600E28BDAC2C5E3F00768E3E91A2C6BD9064673F05F46F3E8F1609BDBF0ED43F0056603E831DD6,
BD9894813F11FF713E600E28BD891C083F0EAF363E8179C0BD0B923A3F184AB63E71EF74BDC0E38A3F086AC23E68B86BBD964D7F3F0AC97E3E86262DBDA5F2023F0E494D3E6BA5A0BDBF0ED43F0056603E831DD6BDD7C2CA3EF9BD1F3E6F78FFBDD4CB193EF306813E8D6BA9BDD7C2CA3EF9BD1F3E6F78FFBE08E92D3EED02473E6BB129BDF47CFA3EEE4D3C3E832B34,
BD7A24893F0CA6653E8B54C1BD5D7DBF3F09E83E3E924724BD3A24893F1123F63E89A134BCEA747E3F0FDB1A3E93BB1FBC4176573F1267D73E964B23BCC8BEB63F15578A3E883EEABD3A24893F1123F63E89A134BCEA747E3F0FDB1A3E93BB1FBCC8BEB63F15578A3E883EEABDBE4B453F11F7943E23DD12BDEB76F73F0A77F73E23EA2DBDCE6EA83F0B90113E3E707E,
BDBF63C33F1076293E3A8156BDB210BF3F1314773E3EE286BDBE4B453F11F7943E23DD12BD891C083F0EAF363E8179C0BD7A24893F0CA6653E8B54C1BD3A24893F1123F63E89A134BDAC2C5E3F00768E3E91A2C6BD59D8843F0643353E9F2C95BD9064673F05F46F3E8F1609BDEE789E3F071FEF3E37B4A2BDCE6EA83F0B90113E3E707EBDEB76F73F0A77F73E23EA2D,
BD3A24893F1123F63E89A134BD0B923A3F184AB63E71EF74BD891C083F0EAF363E8179C0BDFC22253EE69B393E89B068BDD9ED7C3EECF56F3E9270B0BDF47CFA3EEE4D3C3E832B34BDD8255B3F0FA7223E0ED7C7BDEB76F73F0A77F73E23EA2DBDBE4B453F11F7943E23DD12BD3A24893F1123F63E89A134BD5D7DBF3F09E83E3E924724BCEA747E3F0FDB1A3E93BB1F,
BD9064673F05F46F3E8F1609BDB9FC2B3F0508B33E7FD04ABDBF0ED43F0056603E831DD6BDC1BDA53F0CD0FF3E51D324BDBF63C33F1076293E3A8156BDCE6EA83F0B90113E3E707EBDFD48453EFE4FFD3E28F606BDE031CF3F067CF23E4FE1DABDEE789E3F071FEF3E37B4A2BDA08C823EFCDB383E9AF74DBDD4CB193EF306813E8D6BA9BDABC1F03EF454153EA0BB90,
BDF61D433EF4C1663E58882FBE08E92D3EED02473E6BB129BDD7C2CA3EF9BD1F3E6F78FFBDE62FE03EFADBE83E598A65BDF61D433EF4C1663E58882FBDD7C2CA3EF9BD1F3E6F78FFBDFC22253EE69B393E89B068BDD9B5E93EE2D4913E989332BDD9ED7C3EECF56F3E9270B0BDB210BF3F1314773E3EE286BDBF63C33F1076293E3A8156BDC1BDA53F0CD0FF3E51D324,
BDFAB7DC3EF4F0303E42B8C7BDE62FE03EFADBE83E598A65BDE031CF3F067CF23E4FE1DABDE031CF3F067CF23E4FE1DABDC0E38A3F086AC23E68B86BBDCE6EA83F0B90113E3E707EBDEE789E3F071FEF3E37B4A2BDE031CF3F067CF23E4FE1DABDCE6EA83F0B90113E3E707EBDC1BDA53F0CD0FF3E51D324BD9894813F11FF713E600E28BDB210BF3F1314773E3EE286,
BD891C083F0EAF363E8179C0BDA5F2023F0E494D3E6BA5A0BD964D7F3F0AC97E3E86262DBDA08C823EFCDB383E9AF74DBD59D8843F0643353E9F2C95BDAC2C5E3F00768E3E91A2C6BDD4CB193EF306813E8D6BA9BDA08C823EFCDB383E9AF74DBDAC2C5E3F00768E3E91A2C6BDBF0ED43F0056603E831DD6BDE62FE03EFADBE83E598A65BDD7C2CA3EF9BD1F3E6F78FF,
BDFC22253EE69B393E89B068BE0116233EDF9DF53E8CAE86BDD9B5E93EE2D4913E989332BE0116233EDF9DF53E8CAE86BDF2F9873ED622A33E9965B2BDD9B5E93EE2D4913E989332BDFD48453EFE4FFD3E28F606BDFAB7DC3EF4F0303E42B8C7BDE031CF3F067CF23E4FE1DABD5D7DBF3F09E83E3E924724BD9064673F05F46F3E8F1609BD59D8843F0643353E9F2C95,
BDBF0ED43F0056603E831DD6BDD4CB193EF306813E8D6BA9BDAC2C5E3F00768E3E91A2C6BD9064673F05F46F3E8F1609BD5D7DBF3F09E83E3E924724BD7A24893F0CA6653E8B54C1BD9064673F05F46F3E8F1609BD7A24893F0CA6653E8B54C1BD964D7F3F0AC97E3E86262DBDD8255B3F0FA7223E0ED7C7BDBE4B453F11F7943E23DD12BDA784233F149C1B3E040F24,
BDC1BDA53F0CD0FF3E51D324BDC0E38A3F086AC23E68B86BBDA5F2023F0E494D3E6BA5A0BDEB76F73F0A77F73E23EA2DBDD8255B3F0FA7223E0ED7C7BDF0D0683F0B75753E0C0CE9BDCE6EA83F0B90113E3E707EBDBF63C33F1076293E3A8156BDBE4B453F11F7943E23DD12BDD9ED7C3EECF56F3E9270B0BDABC1F03EF454153EA0BB90BDD4CB193EF306813E8D6BA9,
BDC0E3043EEADCF43E9F0414BD95B2D53EEACA793EADDA8CBDABC1F03EF454153EA0BB903B041EDE3EC4EC423ED10EED3C877AB33EDA070C3ECCA7B5BCC918E33ED50B313EC5CF68BDD4CB193EF306813E8D6BA9BDD7C2CA3EF9BD1F3E6F78FFBDF47CFA3EEE4D3C3E832B34BD964D7F3F0AC97E3E86262DBD7A24893F0CA6653E8B54C1BD891C083F0EAF363E8179C0,
3C82F72B3EF35FA23EC37ED43CFFE4BD3F005BF23EBD1C3BB97DC1613EF562E13EBC52C6BDD4CB193EF306813E8D6BA9BDF47CFA3EEE4D3C3E832B34BDD9ED7C3EECF56F3E9270B0BD45C3593F00E2F33EA98916BCB715403F04C9753EADFB0DBD1C065B3F06A2E43EA6310EBCC918E33ED50B313EC5CF683C877AB33EDA070C3ECCA7B53C89EBA73EE62E903EC9C92E,
BDC0E3043EEADCF43E9F0414BDD9B5E93EE2D4913E989332BDBAF6403ED8C2833EA624DDBD9E94AB3EE096353EAE5A9BBDC0E3043EEADCF43E9F0414BDBAF6403ED8C2833EA624DDBD3836A83EF7164C3EB3317FBD7E72973EF2C68B3EAF6FB1BD22E5DE3EE7D6B63EBC8840BC49C0A93EEA491B3EC1FFB53C89EBA73EE62E903EC9C92E3C82F72B3EF35FA23EC37ED4,
3CAC8C503F0D1BB53EAAAE293CB9E8C43F14895D3E9956C1BBC258D63F0EA1513EA12F6FBD5A2F8C3EE12A523EB9B802BD9E94AB3EE096353EAE5A9BBD516CA43ED4DE3C3EBBD9ECBCFE0EFA3EFAEC073EB3C5BD3CFFE4BD3F005BF23EBD1C3BBCB715403F04C9753EADFB0DBCB715403F04C9753EADFB0DBBC258D63F0EA1513EA12F6FBD1C065B3F06A2E43EA6310E,
BCEA747E3F0FDB1A3E93BB1FBC4176573F1267D73E964B23BCC8BEB63F15578A3E883EEABD3A24893F1123F63E89A134BCEA747E3F0FDB1A3E93BB1FBCC8BEB63F15578A3E883EEABD516CA43ED4DE3C3EBBD9ECBD22E5DE3EE7D6B63EBC8840BD5A2F8C3EE12A523EB9B802BDA08C823EFCDB383E9AF74DBD45C3593F00E2F33EA98916BD59D8843F0643353E9F2C95,
BD45C3593F00E2F33EA98916BD7E72973EF2C68B3EAF6FB1BD3836A83EF7164C3EB3317FBDAC2C5E3F00768E3E91A2C6BD59D8843F0643353E9F2C95BD9064673F05F46F3E8F1609BD7A24893F0CA6653E8B54C1BD5D7DBF3F09E83E3E924724BD3A24893F1123F63E89A134BD9E94AB3EE096353EAE5A9BBDBAF6403ED8C2833EA624DDBD9E98DD3ED4DBE03EAF95F6,
BDABC1F03EF454153EA0BB90BD95B2D53EEACA793EADDA8CBD7E72973EF2C68B3EAF6FB1BD59D8843F0643353E9F2C95BCEA747E3F0FDB1A3E93BB1FBD5D7DBF3F09E83E3E924724BD3A24893F1123F63E89A134BD5D7DBF3F09E83E3E924724BCEA747E3F0FDB1A3E93BB1FBCFE0EFA3EFAEC073EB3C5BDB97DC1613EF562E13EBC52C63CFFE4BD3F005BF23EBD1C3B,
BDA08C823EFCDB383E9AF74DBDD4CB193EF306813E8D6BA9BDABC1F03EF454153EA0BB90BD9E94AB3EE096353EAE5A9BBD9E98DD3ED4DBE03EAF95F6BD516CA43ED4DE3C3EBBD9ECBDFC22253EE69B393E89B068BDD9ED7C3EECF56F3E9270B0BDF47CFA3EEE4D3C3E832B34BD45C3593F00E2F33EA98916BD8C8ABD3EF93C043EA6687FBD7E72973EF2C68B3EAF6FB1,
BD22E5DE3EE7D6B63EBC8840BC49C0A93EEA491B3EC1FFB5BCFE0EFA3EFAEC073EB3C5BDBDFC22253EE69B393E89B068BDD9B5E93EE2D4913E989332BDD9ED7C3EECF56F3E9270B0BBC258D63F0EA1513EA12F6FBCB715403F04C9753EADFB0D3CAC8C503F0D1BB53EAAAE29BC4176573F1267D73E964B23BBC258D63F0EA1513EA12F6F3CB9E8C43F14895D3E9956C1,
BCFE0EFA3EFAEC073EB3C5BDBCB715403F04C9753EADFB0DBD45C3593F00E2F33EA98916BD8C8ABD3EF93C043EA6687FBDA08C823EFCDB383E9AF74DBDABC1F03EF454153EA0BB90BDD9B5E93EE2D4913E989332BDF2F9873ED622A33E9965B2BDBAF6403ED8C2833EA624DDBD22E5DE3EE7D6B63EBC8840BD7E72973EF2C68B3EAF6FB1BD95B2D53EEACA793EADDA8C,
BD5A2F8C3EE12A523EB9B802BD22E5DE3EE7D6B63EBC8840BD95B2D53EEACA793EADDA8CBD9E94AB3EE096353EAE5A9BBD5A2F8C3EE12A523EB9B802BD95B2D53EEACA793EADDA8CBC49C0A93EEA491B3EC1FFB53C82F72B3EF35FA23EC37ED4B97DC1613EF562E13EBC52C6BD3836A83EF7164C3EB3317FBCFE0EFA3EFAEC073EB3C5BDBD45C3593F00E2F33EA98916,
BD59D8843F0643353E9F2C95BC4176573F1267D73E964B23BCEA747E3F0FDB1A3E93BB1FBDD4CB193EF306813E8D6BA9BDA08C823EFCDB383E9AF74DBDAC2C5E3F00768E3E91A2C6BCC918E33ED50B313EC5CF68BD22E5DE3EE7D6B63EBC8840BD516CA43ED4DE3C3EBBD9ECBCB715403F04C9753EADFB0D3CFFE4BD3F005BF23EBD1C3B3CAC8C503F0D1BB53EAAAE29,
BCC918E33ED50B313EC5CF68BC90624E3EDE72113EC52913BD22E5DE3EE7D6B63EBC8840BD45C3593F00E2F33EA98916BD1C065B3F06A2E43EA6310EBD59D8843F0643353E9F2C95BBC258D63F0EA1513EA12F6FBC4176573F1267D73E964B23BD59D8843F0643353E9F2C95BD1C065B3F06A2E43EA6310EBBC258D63F0EA1513EA12F6FBD59D8843F0643353E9F2C95,
BD9E94AB3EE096353EAE5A9BBD95B2D53EEACA793EADDA8CBDC0E3043EEADCF43E9F0414BDA08C823EFCDB383E9AF74DBD59D8843F0643353E9F2C95BDAC2C5E3F00768E3E91A2C63C89EBA73EE62E903EC9C92EBC49C0A93EEA491B3EC1FFB5BC90624E3EDE72113EC52913BCC918E33ED50B313EC5CF683C89EBA73EE62E903EC9C92EBC90624E3EDE72113EC52913,
BDABC1F03EF454153EA0BB90BDD9ED7C3EECF56F3E9270B0BDC0E3043EEADCF43E9F0414BE0116233EDF9DF53E8CAE86BDF2F9873ED622A33E9965B2BDD9B5E93EE2D4913E989332BD5D7DBF3F09E83E3E924724BD9064673F05F46F3E8F1609BD59D8843F0643353E9F2C95BC90624E3EDE72113EC52913BC49C0A93EEA491B3EC1FFB5BD22E5DE3EE7D6B63EBC8840,
BD3836A83EF7164C3EB3317FBD22E5DE3EE7D6B63EBC8840BCFE0EFA3EFAEC073EB3C5BDBDFC22253EE69B393E89B068BE0116233EDF9DF53E8CAE86BDD9B5E93EE2D4913E989332BDABC1F03EF454153EA0BB90BD7E72973EF2C68B3EAF6FB1BD8C8ABD3EF93C043EA6687FBDD9ED7C3EECF56F3E9270B0BDD9B5E93EE2D4913E989332BDC0E3043EEADCF43E9F0414,
BD8C8ABD3EF93C043EA6687FBD45C3593F00E2F33EA98916BDA08C823EFCDB383E9AF74DBDD9ED7C3EECF56F3E9270B0BDABC1F03EF454153EA0BB90BDD4CB193EF306813E8D6BA9BCFE0EFA3EFAEC073EB3C5BDBC49C0A93EEA491B3EC1FFB5B97DC1613EF562E13EBC52C6BD9064673F05F46F3E8F1609BD5D7DBF3F09E83E3E924724BD7A24893F0CA6653E8B54C1,
BAA19C9D3F327DFEBEDD2FC23C9D2E0E3F3B12B2BEDF93793C5C22AB3F343697BEE3E4EF3B5045FE3F1404C9BEEEB9803C02BA5A3F0F4396BEE9D29EBC12E6213F15B7E1BEE9081CBC4CA2DB3F2576EEBEE394313913D9663F215DE6BEEDEBB7BCB148773F2157CDBEE0DDA5BCF1ED183F227914BED44B0ABCB148773F2157CDBEE0DDA5BCF1CFBC3F1F1AA0BED5640F,
BAA19C9D3F327DFEBEDD2FC23C5C22AB3F343697BEE3E4EF3C5BE7F33F2D4142BEE9702E3913D9663F215DE6BEEDEBB7BC43F8123F1EA865BEE827FABCB148773F2157CDBEE0DDA5BAA19C9D3F327DFEBEDD2FC2BC8BB6ED3F2E9A5FBED789E7BC7572DE3F377E91BED7062D3B32C83F3F3CBE51BEDA3CC9BAA19C9D3F327DFEBEDD2FC2BC7572DE3F377E91BED7062D,
BD139A7C3F27620FBECBA57FBD132E7B3F2B2789BEC9FA98BC47E6B43F2A3455BEDD475ABCF1ED183F227914BED44B0ABD139A7C3F27620FBECBA57FBC47E6B43F2A3455BEDD475ABC8BB6ED3F2E9A5FBED789E73C5BE7F33F2D4142BEE9702EBC47E6B43F2A3455BEDD475ABBF26AEC3F17D9BABEEC0E9D3B5045FE3F1404C9BEEEB980BC12E6213F15B7E1BEE9081C,
BAA19C9D3F327DFEBEDD2FC23C5BE7F33F2D4142BEE9702EBC8BB6ED3F2E9A5FBED789E73913D9663F215DE6BEEDEBB7BBF26AEC3F17D9BABEEC0E9DBC43F8123F1EA865BEE827FABC12E6213F15B7E1BEE9081C3C02BA5A3F0F4396BEE9D29EBBF6A50D3F1093FBBEE18612BCB5ED8D3F165721BEDA6EB9BC43F8123F1EA865BEE827FABBF26AEC3F17D9BABEEC0E9D,
BC47E6B43F2A3455BEDD475ABC4CA2DB3F2576EEBEE39431BCB148773F2157CDBEE0DDA53C45CDD53F16C6BDBEF33E573B5045FE3F1404C9BEEEB980BBF26AEC3F17D9BABEEC0E9DBBF26AEC3F17D9BABEEC0E9D3913D9663F215DE6BEEDEBB73C45CDD53F16C6BDBEF33E573C5BE7F33F2D4142BEE9702EBC4CA2DB3F2576EEBEE39431BC47E6B43F2A3455BEDD475A,
BBF26AEC3F17D9BABEEC0E9DBC12E6213F15B7E1BEE9081CBCB5ED8D3F165721BEDA6EB9BCB5ED8D3F165721BEDA6EB9BBF6A50D3F1093FBBEE18612BC2964E93F0D39DABEDB2724BCB5ED8D3F165721BEDA6EB9BCB148773F2157CDBEE0DDA5BC43F8123F1EA865BEE827FA3C5BE7F33F2D4142BEE9702E3913D9663F215DE6BEEDEBB7BC4CA2DB3F2576EEBEE39431,
BC47E6B43F2A3455BEDD475ABD132E7B3F2B2789BEC9FA98BC8BB6ED3F2E9A5FBED789E7BCB5ED8D3F165721BEDA6EB9BCF1CFBC3F1F1AA0BED5640FBCB148773F2157CDBEE0DDA5BCB148773F2157CDBEE0DDA5BCF1ED183F227914BED44B0ABC47E6B43F2A3455BEDD475ABC12E6213F15B7E1BEE9081CBBF6A50D3F1093FBBEE18612BCB5ED8D3F165721BEDA6EB9,
BD30C77E3F2D6B55BEB98B93BD2D6A9C3F34B392BEAFA483BD2190083F35F4D3BEB9524CBCF1ED183F227914BED44B0ABCB148773F2157CDBEE0DDA5BCF1CFBC3F1F1AA0BED5640FBCDA53333F226139BE813F29BD26CC1D3F22FA2FBE94DD72BD1643033F1BF90EBE856F763C9D2E0E3F3B12B2BEDF9379BAA19C9D3F327DFEBEDD2FC23B32C83F3F3CBE51BEDA3CC9,
BD284F093F1F1C22BECC347FBD4F53C53F227A53BEB8BC17BD254C553F22A055BECC549BBD2A1B5C3F137B7CBEC56D7FBD13C46E3F1992C9BECE9C24BD0241C43F13B5BFBED17F20BD132E7B3F2B2789BEC9FA98BD139A7C3F27620FBECBA57FBD2A98243F2854CEBEC219A8BD30EA183F2C6C12BEA3732ABD23E2933F28EE5BBE958EEBBD036B903F2CA687BE8EE936,
BD475C4B3F109C6FBEAA6F61BD49BC773F15B5A6BEB21405BD2A1B5C3F137B7CBEC56D7FBD475C4B3F109C6FBEAA6F61BD5B48913F0EE7B4BEA62C99BD51FB403F140820BE997A46BD44D4453F18E2F3BE95909FBD475C4B3F109C6FBEAA6F61BD51FB403F140820BE997A46BCB5ED8D3F165721BEDA6EB9BD0241C43F13B5BFBED17F20BD13C46E3F1992C9BECE9C24,
BD3DEC5F3F386317BEB2415FBD2D6A9C3F34B392BEAFA483BD27EB6C3F36A0A9BEA66363BD49BC773F15B5A6BEB21405BD36B5D43F1A4B99BEBF3EEEBD2A1B5C3F137B7CBEC56D7FBD254C553F22A055BECC549BBD2A98243F2854CEBEC219A8BD139A7C3F27620FBECBA57FBD494E5D3F25887FBEA7C1DFBD26CC1D3F22FA2FBE94DD72BD23E2933F28EE5BBE958EEB,
BD2A1B5C3F137B7CBEC56D7FBD0C74B83F107C31BECB5D89BD2D26743F0D1266BEB9C151BAA19C9D3F327DFEBEDD2FC2BC8BB6ED3F2E9A5FBED789E7BC7572DE3F377E91BED7062D3B32C83F3F3CBE51BEDA3CC9BAA19C9D3F327DFEBEDD2FC2BC7572DE3F377E91BED7062DBD26CC1D3F22FA2FBE94DD72BCDA53333F226139BE813F29BD23E2933F28EE5BBE958EEB,
BCB4DCEC3F0D259ABED26ACABD0C74B83F107C31BECB5D89BD0241C43F13B5BFBED17F20BD44D4453F18E2F3BE95909FBD26CC1D3F22FA2FBE94DD72BD415A083F210C0BBEA080B6BCF1CFBC3F1F1AA0BED5640FBD284F093F1F1C22BECC347FBD254C553F22A055BECC549BBCF1ED183F227914BED44B0ABCF1CFBC3F1F1AA0BED5640FBD254C553F22A055BECC549B,
BD13C46E3F1992C9BECE9C24BD284F093F1F1C22BECC347FBCF1CFBC3F1F1AA0BED5640FBC8BB6ED3F2E9A5FBED789E73C5BE7F33F2D4142BEE9702EBC47E6B43F2A3455BEDD475ABD30EA183F2C6C12BEA3732ABD494E5D3F25887FBEA7C1DFBD23E2933F28EE5BBE958EEBBD30EA183F2C6C12BEA3732ABD3ED6343F29B281BEB1C821BD494E5D3F25887FBEA7C1DF,
BCF1ED183F227914BED44B0ABD139A7C3F27620FBECBA57FBC47E6B43F2A3455BEDD475ABD51FB403F140820BE997A46BD8682B63F094A0ABEA81EEFBD4A30DB3F1702A3BE8F08CCBD2D6A9C3F34B392BEAFA483BD30C77E3F2D6B55BEB98B93BD3ED6343F29B281BEB1C821BD30C77E3F2D6B55BEB98B93BD132E7B3F2B2789BEC9FA98BD2A98243F2854CEBEC219A8,
BD27EB6C3F36A0A9BEA66363BCF92F2B3F33735CBE917119BD10CB293F380DC3BE9D6A7BBCB5ED8D3F165721BEDA6EB9BD13C46E3F1992C9BECE9C24BCF1CFBC3F1F1AA0BED5640FBD494E5D3F25887FBEA7C1DFBD3ED6343F29B281BEB1C821BD4F53C53F227A53BEB8BC17BD139A7C3F27620FBECBA57FBD132E7B3F2B2789BEC9FA98BC47E6B43F2A3455BEDD475A,
BD4F53C53F227A53BEB8BC17BD36B5D43F1A4B99BEBF3EEEBD4520D13F1BDE51BEB4FACEBD36B5D43F1A4B99BEBF3EEEBD49BC773F15B5A6BEB21405BD4520D13F1BDE51BEB4FACEBD4A30DB3F1702A3BE8F08CCBD44D4453F18E2F3BE95909FBD51FB403F140820BE997A46BD27EB6C3F36A0A9BEA66363BD036B903F2CA687BE8EE936BCF92F2B3F33735CBE917119,
BD473CD53F1FEFBFBEAA109DBD415A083F210C0BBEA080B6BD494E5D3F25887FBEA7C1DFBD062C343F301312BEC73F96BD0B04AB3F38E1B5BEC4C0DFBCCF312B3F356BECBED0409EBCB5ED8D3F165721BEDA6EB9BC43F8123F1EA865BEE827FABBF26AEC3F17D9BABEEC0E9DBD254C553F22A055BECC549BBD4F53C53F227A53BEB8BC17BD2A98243F2854CEBEC219A8,
BC7572DE3F377E91BED7062DBC8BB6ED3F2E9A5FBED789E7BCCF312B3F356BECBED0409EBD27EB6C3F36A0A9BEA66363BD3ED6343F29B281BEB1C821BD30EA183F2C6C12BEA3732ABAA19C9D3F327DFEBEDD2FC23C5BE7F33F2D4142BEE9702EBC8BB6ED3F2E9A5FBED789E7BD49BC773F15B5A6BEB21405BD473CD53F1FEFBFBEAA109DBD4520D13F1BDE51BEB4FACE,
BD4F53C53F227A53BEB8BC17BD473CD53F1FEFBFBEAA109DBD494E5D3F25887FBEA7C1DFBD26CC1D3F22FA2FBE94DD72BD494E5D3F25887FBEA7C1DFBD415A083F210C0BBEA080B6BD475C4B3F109C6FBEAA6F61BD44D4453F18E2F3BE95909FBD49BC773F15B5A6BEB21405BD4A30DB3F1702A3BE8F08CCBD8682B63F094A0ABEA81EEFBDA8B1143F09F6FDBE97503C,
BCDA53333F226139BE813F29BCE3E6C53F297364BE87392ABD23E2933F28EE5BBE958EEBBDA8B1143F09F6FDBE97503CBDA2224F3F11099EBE80F12CBD4A30DB3F1702A3BE8F08CCBD8682B63F094A0ABEA81EEFBD51FB403F140820BE997A46BD5B48913F0EE7B4BEA62C99BD2D6A9C3F34B392BEAFA483BD3ED6343F29B281BEB1C821BD27EB6C3F36A0A9BEA66363,
BCB5ED8D3F165721BEDA6EB9BBF6A50D3F1093FBBEE18612BC2964E93F0D39DABEDB2724BD0241C43F13B5BFBED17F20BCB5ED8D3F165721BEDA6EB9BC2964E93F0D39DABEDB2724BCB4DCEC3F0D259ABED26ACABD0241C43F13B5BFBED17F20BC2964E93F0D39DABEDB2724BCB5ED8D3F165721BEDA6EB9BCB148773F2157CDBEE0DDA5BC43F8123F1EA865BEE827FA,
BCB148773F2157CDBEE0DDA5BCF1ED183F227914BED44B0ABC47E6B43F2A3455BEDD475ABD2D6A9C3F34B392BEAFA483BD3DEC5F3F386317BEB2415FBD2190083F35F4D3BEB9524CBC12E6213F15B7E1BEE9081CBBF6A50D3F1093FBBEE18612BCB5ED8D3F165721BEDA6EB9BBF26AEC3F17D9BABEEC0E9DBC12E6213F15B7E1BEE9081CBCB5ED8D3F165721BEDA6EB9,
BD0C74B83F107C31BECB5D89BD2A1B5C3F137B7CBEC56D7FBD0241C43F13B5BFBED17F20BCB5ED8D3F165721BEDA6EB9BCF1CFBC3F1F1AA0BED5640FBCB148773F2157CDBEE0DDA5BCF92F2B3F33735CBE917119BCCEE17A3F3868DCBE9639F7BD10CB293F380DC3BE9D6A7BBD254C553F22A055BECC549BBD139A7C3F27620FBECBA57FBCF1ED183F227914BED44B0A,
BD3ED6343F29B281BEB1C821BD30C77E3F2D6B55BEB98B93BD2A98243F2854CEBEC219A8BD132E7B3F2B2789BEC9FA98BD062C343F301312BEC73F96BC8BB6ED3F2E9A5FBED789E7BC47E6B43F2A3455BEDD475ABD132E7B3F2B2789BEC9FA98BC8BB6ED3F2E9A5FBED789E7BCE3E6C53F297364BE87392ABD036B903F2CA687BE8EE936BD23E2933F28EE5BBE958EEB,
BCCEE17A3F3868DCBE9639F7BCF92F2B3F33735CBE917119BC9ADEA93F37E554BE8CBC6A3C9D2E0E3F3B12B2BEDF9379BAA19C9D3F327DFEBEDD2FC23B32C83F3F3CBE51BEDA3CC9BD062C343F301312BEC73F96BCCF312B3F356BECBED0409EBC8BB6ED3F2E9A5FBED789E7BDD7481B3F05464EBE864474BDA2224F3F11099EBE80F12CBDA8B1143F09F6FDBE97503C,
BD30C77E3F2D6B55BEB98B93BD2190083F35F4D3BEB9524CBD062C343F301312BEC73F96BD132E7B3F2B2789BEC9FA98BD30C77E3F2D6B55BEB98B93BD062C343F301312BEC73F96BD1643033F1BF90EBE856F76BD26CC1D3F22FA2FBE94DD72BD295C853F1AA130BE8C2CA1BD036B903F2CA687BE8EE936BD27EB6C3F36A0A9BEA66363BD30EA183F2C6C12BEA3732A,
BD2D26743F0D1266BEB9C151BD475C4B3F109C6FBEAA6F61BD2A1B5C3F137B7CBEC56D7FBD2A1B5C3F137B7CBEC56D7FBD36B5D43F1A4B99BEBF3EEEBD13C46E3F1992C9BECE9C24BD13C46E3F1992C9BECE9C24BD36B5D43F1A4B99BEBF3EEEBD284F093F1F1C22BECC347FBD062C343F301312BEC73F96BD2190083F35F4D3BEB9524CBD0B04AB3F38E1B5BEC4C0DF,
BD3ED6343F29B281BEB1C821BD2A98243F2854CEBEC219A8BD4F53C53F227A53BEB8BC17BD284F093F1F1C22BECC347FBD36B5D43F1A4B99BEBF3EEEBD4F53C53F227A53BEB8BC17BD26CC1D3F22FA2FBE94DD72BD44D4453F18E2F3BE95909FBD295C853F1AA130BE8C2CA1BD295C853F1AA130BE8C2CA1BD44D4453F18E2F3BE95909FBD4A30DB3F1702A3BE8F08CC,
BCDA53333F226139BE813F29BD26CC1D3F22FA2FBE94DD72BD1643033F1BF90EBE856F76BD44D4453F18E2F3BE95909FBD415A083F210C0BBEA080B6BD473CD53F1FEFBFBEAA109DBD4F53C53F227A53BEB8BC17BD4520D13F1BDE51BEB4FACEBD473CD53F1FEFBFBEAA109DBD473CD53F1FEFBFBEAA109DBD49BC773F15B5A6BEB21405BD44D4453F18E2F3BE95909F,
3B3C8C0D3F332FFDBE792F2BBC6F02823F2B1DF7BE74F7A93C93C03C3F308D8FBE660CBFBCA730C63F207864BE35A7093C8DAE3E3F2349CFBE415726BCE115593F206738BE45D399BD30EA183F2C6C12BEA3732ABD23E2933F28EE5BBE958EEBBD036B903F2CA687BE8EE936BBA0A0F53F250FF9BE62AB693C68E1D63F27C8D2BE5807793B5163353F29A7C1BE61F70E,
BC7F327B3F2E84F1BE8403DE3B3C8C0D3F332FFDBE792F2BBCA4EDF63F348D3BBE87F328BD6B34613F1A0A31BE1DA3C2BD790A783F17DA30BE102795BD1199BB3F1CB84ABE0E6A773C8DAE3E3F2349CFBE4157263AE10CF63F23D48DBE566DBDBBD573643F228C58BE50D77BBD5A6B513F161CDEBE89A1FDBDA2224F3F11099EBE80F12CBD01CA3A3F1E339CBE6F6F09,
BD26CC1D3F22FA2FBE94DD72BCDA53333F226139BE813F29BD23E2933F28EE5BBE958EEB3AE10CF63F23D48DBE566DBDBC7A2AD43F2211DCBE65B963BBD573643F228C58BE50D77BBDA2224F3F11099EBE80F12CBD8116663F186B6ABE6319C6BD01CA3A3F1E339CBE6F6F09BDCEEF1C3F0A2681BE126395BDD274E23F097BA6BDED690ABD9EDE123F11B8CCBE182BA6,
BCE115593F206738BE45D3993C8DAE3E3F2349CFBE415726BBD573643F228C58BE50D77BBCDA53333F226139BE813F29BD1643033F1BF90EBE856F76BC8BC9CD3F2304CDBE6F0564BCA7B0B43F2793ABBE77EED4BCDA53333F226139BE813F29BC8BC9CD3F2304CDBE6F0564BD247ED03F1E3098BE2FB4C4BD6B34613F1A0A31BE1DA3C2BD1199BB3F1CB84ABE0E6A77,
BD948ECE3F16A65DBE386120BDBEBD903F0F01C9BE44A409BDAB252D3F1254D6BE31F080BDAB252D3F1254D6BE31F080BDB5E3973F0E0200BE216DF4BD90A2CB3F16557EBE21E18FBCA4EDF63F348D3BBE87F328BCF92F2B3F33735CBE917119BD036B903F2CA687BE8EE936BDBEBD903F0F01C9BE44A409BD948ECE3F16A65DBE386120BDA01F753F148A05BE5874C9,
BDA01F753F148A05BE5874C9BD523E5C3F1C6FACBE428AE7BD8116663F186B6ABE6319C6BCE3E6C53F297364BE87392ABC7F327B3F2E84F1BE8403DEBD036B903F2CA687BE8EE936BCE3E6C53F297364BE87392ABCDA53333F226139BE813F29BCA7B0B43F2793ABBE77EED4BBA0A0F53F250FF9BE62AB693B5163353F29A7C1BE61F70EBC6F02823F2B1DF7BE74F7A9,
BD1643033F1BF90EBE856F76BD5A6B513F161CDEBE89A1FDBD01CA3A3F1E339CBE6F6F09BCA4EDF63F348D3BBE87F328BB2159813F394952BE8203E6BC9ADEA93F37E554BE8CBC6ABCA730C63F207864BE35A7093B944ED73F208FFCBE0D562A3C8DAE3E3F2349CFBE415726BBA0A0F53F250FF9BE62AB69BC6F02823F2B1DF7BE74F7A9BC8BC9CD3F2304CDBE6F0564,
BDA93D963F11DA27BE6943E1BD8116663F186B6ABE6319C6BDA2224F3F11099EBE80F12CBDB5E3973F0E0200BE216DF4BDAB252D3F1254D6BE31F080BDBEBD903F0F01C9BE44A409BD790A783F17DA30BE102795BD90A2CB3F16557EBE21E18FBD9EDE123F11B8CCBE182BA6BD295C853F1AA130BE8C2CA1BD5A6B513F161CDEBE89A1FDBD1643033F1BF90EBE856F76,
BDC40FAA3F0C05C4BE652114BDA93D963F11DA27BE6943E1BDE995253F0365FEBE62517EBD51FB403F140820BE997A46BD8682B63F094A0ABEA81EEFBD4A30DB3F1702A3BE8F08CCBDC40FAA3F0C05C4BE652114BDC172263F0BE5EBBE55DBFDBDA93D963F11DA27BE6943E1BD523E5C3F1C6FACBE428AE7BD07FCB93F1EF77FBE5B5B2DBD8116663F186B6ABE6319C6,
BD27EB6C3F36A0A9BEA66363BD036B903F2CA687BE8EE936BCF92F2B3F33735CBE917119BD27EB6C3F36A0A9BEA66363BCF92F2B3F33735CBE917119BD10CB293F380DC3BE9D6A7BBD6B34613F1A0A31BE1DA3C2BD90A2CB3F16557EBE21E18FBD790A783F17DA30BE102795BDD274E23F097BA6BDED690ABD995D4F3F10621BBDFF9618BD9EDE123F11B8CCBE182BA6,
BBA0A0F53F250FF9BE62AB69BC8BC9CD3F2304CDBE6F0564BC7A2AD43F2211DCBE65B963BD01CA3A3F1E339CBE6F6F09BD07FCB93F1EF77FBE5B5B2DBC7A2AD43F2211DCBE65B963BD4A30DB3F1702A3BE8F08CCBD44D4453F18E2F3BE95909FBD51FB403F140820BE997A46BC7F327B3F2E84F1BE8403DEBCE3E6C53F297364BE87392ABC6F02823F2B1DF7BE74F7A9,
BD4A30DB3F1702A3BE8F08CCBD8682B63F094A0ABEA81EEFBDA8B1143F09F6FDBE97503C3AE10CF63F23D48DBE566DBDBBA0A0F53F250FF9BE62AB69BC7A2AD43F2211DCBE65B963BD948ECE3F16A65DBE386120BD523E5C3F1C6FACBE428AE7BDA01F753F148A05BE5874C9BDB5E3973F0E0200BE216DF4BDCEEF1C3F0A2681BE126395BD9EDE123F11B8CCBE182BA6,
BC7F327B3F2E84F1BE8403DEBC6F02823F2B1DF7BE74F7A93B3C8C0D3F332FFDBE792F2BBC9ADEA93F37E554BE8CBC6ABCF92F2B3F33735CBE917119BCA4EDF63F348D3BBE87F328BD948ECE3F16A65DBE386120BD90A2CB3F16557EBE21E18FBD6B34613F1A0A31BE1DA3C2BDA2224F3F11099EBE80F12CBDD7481B3F05464EBE864474BDA93D963F11DA27BE6943E1,
BDD7481B3F05464EBE864474BDE995253F0365FEBE62517EBDA93D963F11DA27BE6943E1BCDA53333F226139BE813F29BCE3E6C53F297364BE87392ABD23E2933F28EE5BBE958EEBBD036B903F2CA687BE8EE936BC7F327B3F2E84F1BE8403DEBCA4EDF63F348D3BBE87F328BDA8B1143F09F6FDBE97503CBDA2224F3F11099EBE80F12CBD4A30DB3F1702A3BE8F08CC,
BCF92F2B3F33735CBE917119BCCEE17A3F3868DCBE9639F7BD10CB293F380DC3BE9D6A7B3C68E1D63F27C8D2BE580779BBA0A0F53F250FF9BE62AB693AE10CF63F23D48DBE566DBDBDBEBD903F0F01C9BE44A409BDA93D963F11DA27BE6943E1BDC172263F0BE5EBBE55DBFD3B3C8C0D3F332FFDBE792F2BBB2159813F394952BE8203E6BCA4EDF63F348D3BBE87F328,
BD07FCB93F1EF77FBE5B5B2DBCE115593F206738BE45D399BBD573643F228C58BE50D77BBD8116663F186B6ABE6319C6BD07FCB93F1EF77FBE5B5B2DBD01CA3A3F1E339CBE6F6F09BCE3E6C53F297364BE87392ABD036B903F2CA687BE8EE936BD23E2933F28EE5BBE958EEBBD01CA3A3F1E339CBE6F6F09BC8BC9CD3F2304CDBE6F0564BD1643033F1BF90EBE856F76,
BCE115593F206738BE45D399BD523E5C3F1C6FACBE428AE7BD247ED03F1E3098BE2FB4C4BCA730C63F207864BE35A709BCE115593F206738BE45D399BD247ED03F1E3098BE2FB4C4BDD7481B3F05464EBE864474BDA2224F3F11099EBE80F12CBDA8B1143F09F6FDBE97503CBC8BC9CD3F2304CDBE6F0564BC6F02823F2B1DF7BE74F7A9BCA7B0B43F2793ABBE77EED4,
3C93C03C3F308D8FBE660CBFBC6F02823F2B1DF7BE74F7A93B5163353F29A7C1BE61F70EBB2159813F394952BE8203E63B3C8C0D3F332FFDBE792F2B3CA53DA73F360A96BE6ABC0EBC7A2AD43F2211DCBE65B963BD07FCB93F1EF77FBE5B5B2DBBD573643F228C58BE50D77BBCE115593F206738BE45D399BD07FCB93F1EF77FBE5B5B2DBD523E5C3F1C6FACBE428AE7,
BD036B903F2CA687BE8EE936BD27EB6C3F36A0A9BEA66363BD30EA183F2C6C12BEA3732ABCCEE17A3F3868DCBE9639F7BCF92F2B3F33735CBE917119BC9ADEA93F37E554BE8CBC6ABDA93D963F11DA27BE6943E1BDA01F753F148A05BE5874C9BD8116663F186B6ABE6319C6BDA01F753F148A05BE5874C9BDA93D963F11DA27BE6943E1BDBEBD903F0F01C9BE44A409,
BD1199BB3F1CB84ABE0E6A77BCA730C63F207864BE35A709BD247ED03F1E3098BE2FB4C4BD6B34613F1A0A31BE1DA3C2BD247ED03F1E3098BE2FB4C4BD523E5C3F1C6FACBE428AE7BD948ECE3F16A65DBE386120BD6B34613F1A0A31BE1DA3C2BD523E5C3F1C6FACBE428AE7BD1643033F1BF90EBE856F76BD26CC1D3F22FA2FBE94DD72BD295C853F1AA130BE8C2CA1,
BD295C853F1AA130BE8C2CA1BD44D4453F18E2F3BE95909FBD4A30DB3F1702A3BE8F08CCBD5A6B513F161CDEBE89A1FDBD295C853F1AA130BE8C2CA1BD4A30DB3F1702A3BE8F08CCBC9695D93F1E24EEBE066CF43B944ED73F208FFCBE0D562ABCA730C63F207864BE35A709BD1199BB3F1CB84ABE0E6A77BC9695D93F1E24EEBE066CF4BCA730C63F207864BE35A709,
BD948ECE3F16A65DBE386120BDAB252D3F1254D6BE31F080BD90A2CB3F16557EBE21E18FBCE3E6C53F297364BE87392ABCA7B0B43F2793ABBE77EED4BC6F02823F2B1DF7BE74F7A9BDA2224F3F11099EBE80F12CBD5A6B513F161CDEBE89A1FDBD4A30DB3F1702A3BE8F08CCBD26CC1D3F22FA2FBE94DD72BD44D4453F18E2F3BE95909FBD295C853F1AA130BE8C2CA1,
BD8B1F683F13481BBD318EB9BD60D77B3F14A698BD832EBEBD9DE93A3F1061D8BDAD7F0FBD790A783F17DA30BE102795BD9EDE123F11B8CCBE182BA6BD995D4F3F10621BBDFF9618BC8BC9CD3F2304CDBE6F0564BD01CA3A3F1E339CBE6F6F09BC7A2AD43F2211DCBE65B963BDB5E3973F0E0200BE216DF4BD9EDE123F11B8CCBE182BA6BD90A2CB3F16557EBE21E18F,
BD1199BB3F1CB84ABE0E6A77BCE596C83F1A8FF3BDE94574BC9695D93F1E24EEBE066CF4BD38151A3F176D22BDE95960BCE596C83F1A8FF3BDE94574BD1199BB3F1CB84ABE0E6A77BD6B34613F1A0A31BE1DA3C2BD790A783F17DA30BE102795BD1199BB3F1CB84ABE0E6A773D024A273F1F97FFBCC9949FB998915C3F1C4AC7BD2CC1CABB9A5EBB3F1E36B13B6F459E,
BD247ED03F1E3098BE2FB4C4BD6B34613F1A0A31BE1DA3C2BD1199BB3F1CB84ABE0E6A77BD995D4F3F10621BBDFF9618BD62C12B3F15CF9ABDFEA466BD790A783F17DA30BE102795BD38151A3F176D22BDE95960BD1199BB3F1CB84ABE0E6A77BD62C12B3F15CF9ABDFEA466BDCEEF1C3F0A2681BE126395BDD274E23F097BA6BDED690ABD9EDE123F11B8CCBE182BA6,
3D024A273F1F97FFBCC9949FBB9A5EBB3F1E36B13B6F459E3CCE48623F224A9D3CAB7BAFBDAB5BB43F1159B43B83CAFBBD9645A23F117460BC9858BCBDC709743F0DAB8FBB6BCC6CBC9695D93F1E24EEBE066CF4BCE596C83F1A8FF3BDE945743BC4F7EC3F1E2468BDE71BCEBCDD9A0F3F1B69343C26698CBD1DD5D43F18EEBFBCD5FFE7BD8B1F683F13481BBD318EB9,
BD790A783F17DA30BE102795BD90A2CB3F16557EBE21E18FBD9EDE123F11B8CCBE182BA6BD1DD5D43F18EEBFBCD5FFE7BCDD9A0F3F1B69343C26698CBB9A5EBB3F1E36B13B6F459EBDAB5BB43F1159B43B83CAFBBD5869833F15C0013B7A15DBBD9645A23F117460BC9858BCBCA730C63F207864BE35A7093B944ED73F208FFCBE0D562A3C8DAE3E3F2349CFBE415726,
3D0298CC3F1D7929BDBB13163BC4F7EC3F1E2468BDE71BCEBC570E6F3F1A568ABDC280283D024A273F1F97FFBCC9949F3C7127F63F1C42C8BD8043A2B998915C3F1C4AC7BD2CC1CAB998915C3F1C4AC7BD2CC1CA3C7127F63F1C42C8BD8043A2BD0A771D3F18200CBD8DCCA7BDC33F853F0B66F9BD3A860EBDC709743F0DAB8FBB6BCC6CBD9645A23F117460BC9858BC,
BDD274E23F097BA6BDED690ABD995D4F3F10621BBDFF9618BD9EDE123F11B8CCBE182BA6BDC709743F0DAB8FBB6BCC6CBDA72F343F1422253D709204BDAB5BB43F1159B43B83CAFBBD38151A3F176D22BDE95960BD811BA43F1327BBBDE4E832BD10BC7B3F17CFE6BDD07E173BC4F7EC3F1E2468BDE71BCE3B944ED73F208FFCBE0D562ABC9695D93F1E24EEBE066CF4,
BD62C12B3F15CF9ABDFEA466BD811BA43F1327BBBDE4E832BD38151A3F176D22BDE95960BD6B34613F1A0A31BE1DA3C2BD90A2CB3F16557EBE21E18FBD790A783F17DA30BE102795BDD901083F0A3CA73D118091BDA72F343F1422253D709204BDC709743F0DAB8FBB6BCC6CBD1DD5D43F18EEBFBCD5FFE7BD60D77B3F14A698BD832EBEBD8B1F683F13481BBD318EB9,
BD1199BB3F1CB84ABE0E6A77BD790A783F17DA30BE102795BD62C12B3F15CF9ABDFEA466BD811BA43F1327BBBDE4E832BD995D4F3F10621BBDFF9618BDC6C3333F0B8045BDD30F06BD9DE93A3F1061D8BDAD7F0FBD10BC7B3F17CFE6BDD07E17BD811BA43F1327BBBDE4E832BD9DE93A3F1061D8BDAD7F0FBD60D77B3F14A698BD832EBEBD10BC7B3F17CFE6BDD07E17,
BD1DD5D43F18EEBFBCD5FFE7BB9A5EBB3F1E36B13B6F459EBD0870113F180DC3BD679EE0BD60D77B3F14A698BD832EBEBD1DD5D43F18EEBFBCD5FFE7BD0870113F180DC3BD679EE0BD0A771D3F18200CBD8DCCA73C7127F63F1C42C8BD8043A23D0298CC3F1D7929BDBB1316BD0A771D3F18200CBD8DCCA73D0298CC3F1D7929BDBB1316BC570E6F3F1A568ABDC28028,
BD0A771D3F18200CBD8DCCA7BD0870113F180DC3BD679EE0B998915C3F1C4AC7BD2CC1CABD0A771D3F18200CBD8DCCA7BC570E6F3F1A568ABDC28028BD10BC7B3F17CFE6BDD07E17BD10BC7B3F17CFE6BDD07E17BC570E6F3F1A568ABDC28028BCE596C83F1A8FF3BDE94574B998915C3F1C4AC7BD2CC1CABD0870113F180DC3BD679EE0BB9A5EBB3F1E36B13B6F459E,
BD0A771D3F18200CBD8DCCA7BD10BC7B3F17CFE6BDD07E17BD60D77B3F14A698BD832EBEBD0A771D3F18200CBD8DCCA7BD60D77B3F14A698BD832EBEBD0870113F180DC3BD679EE0BD8B1F683F13481BBD318EB9BD9DE93A3F1061D8BDAD7F0FBDC33F853F0B66F9BD3A860EBD10BC7B3F17CFE6BDD07E17BCE596C83F1A8FF3BDE94574BD38151A3F176D22BDE95960,
BC9695D93F1E24EEBE066CF43B944ED73F208FFCBE0D562ABCA730C63F207864BE35A709BD1199BB3F1CB84ABE0E6A77BC9695D93F1E24EEBE066CF4BCA730C63F207864BE35A709BD1199BB3F1CB84ABE0E6A77BCA730C63F207864BE35A709BD247ED03F1E3098BE2FB4C4BD811BA43F1327BBBDE4E832BDC6C3333F0B8045BDD30F06BD9DE93A3F1061D8BDAD7F0F,
BD8B1F683F13481BBD318EB9BD9645A23F117460BC9858BCBD5869833F15C0013B7A15DBBCDD9A0F3F1B69343C26698CBD8B1F683F13481BBD318EB9BD5869833F15C0013B7A15DBBD62C12B3F15CF9ABDFEA466BD995D4F3F10621BBDFF9618BD811BA43F1327BBBDE4E832BC570E6F3F1A568ABDC280283BC4F7EC3F1E2468BDE71BCEBCE596C83F1A8FF3BDE94574,
BCDD9A0F3F1B69343C26698CBD5869833F15C0013B7A15DBBD38DE6E3F185BE23CB2DD37BC550EBB3F220C073DE307F2BD26F0D03F1D881A3DEFD6D8BD002F303F2030903E19FB1EBD8B1F683F13481BBD318EB9BDC33F853F0B66F9BD3A860EBD9645A23F117460BC9858BCBD790A783F17DA30BE102795BD9EDE123F11B8CCBE182BA6BD995D4F3F10621BBDFF9618,
BD9E4BCB3F1718443E1AABCDBD9BB9493F14B09F3DD3CB3EBDA784233F149C1B3E040F243D024A273F1F97FFBCC9949FB998915C3F1C4AC7BD2CC1CABB9A5EBB3F1E36B13B6F459EBD2148BB3F1D2B913D2FC697BD38DE6E3F185BE23CB2DD37BD7B352B3F179DB23D277D52BD04406C3F20228A3DB3E2D6BC550EBB3F220C073DE307F23BD25EDD3F248D2A3DCE392E,
BD04406C3F20228A3DB3E2D6BD5C39BD3F1C856E3D9029AEBD1B64E03F1E2C993DD3FEA0BDA72F343F1422253D709204BDCD99CC3F0CBD773DA27BF6BDBA24893F1044D03DAD013BBD2148BB3F1D2B913D2FC697BD5C39BD3F1C856E3D9029AEBCE40E9D3F2090D63D88BE2FBDBA24893F1044D03DAD013BBD87CFA23F181A153D8A1273BDA72F343F1422253D709204,
BDD8C75C3F0ECACD3DECA4F4BD9BB9493F14B09F3DD3CB3EBDBA24893F1044D03DAD013BBC9975F33F1FA2273D16312F3CCE48623F224A9D3CAB7BAFBB9A5EBB3F1E36B13B6F459EBC550EBB3F220C073DE307F2BD002F303F2030903E19FB1E3C73D3A23F25E55C3DF44ED7BD9BB9493F14B09F3DD3CB3EBD26F0D03F1D881A3DEFD6D8BD7E9EA13F1848173DC27BF6,
BDAB5BB43F1159B43B83CAFBBD9645A23F117460BC9858BCBDC709743F0DAB8FBB6BCC6CBD7B352B3F179DB23D277D52BDA72F343F1422253D709204BD87CFA23F181A153D8A1273BC550EBB3F220C073DE307F23C73D3A23F25E55C3DF44ED73BD25EDD3F248D2A3DCE392EBCDD9A0F3F1B69343C26698CBD1DD5D43F18EEBFBCD5FFE7BD8B1F683F13481BBD318EB9,
BD9BB9493F14B09F3DD3CB3EBD430A0B3F1CCF073E092D13BD26F0D03F1D881A3DEFD6D83D024A273F1F97FFBCC9949FBB9A5EBB3F1E36B13B6F459E3CCE48623F224A9D3CAB7BAFBDAB5BB43F1159B43B83CAFBBD7B352B3F179DB23D277D52BD38DE6E3F185BE23CB2DD37BDD63FDD3F0B774B3D895315BDA72F343F1422253D709204BDD901083F0A3CA73D118091,
BD9E4BCB3F1718443E1AABCDBDA784233F149C1B3E040F24BDBE4B453F11F7943E23DD12BD1DD5D43F18EEBFBCD5FFE7BCDD9A0F3F1B69343C26698CBB9A5EBB3F1E36B13B6F459EBDAB5BB43F1159B43B83CAFBBD5869833F15C0013B7A15DBBD9645A23F117460BC9858BCBC9975F33F1FA2273D16312FBCDD9A0F3F1B69343C26698CBD2148BB3F1D2B913D2FC697,
BD9BB9493F14B09F3DD3CB3EBD9E4BCB3F1718443E1AABCDBD70B7C33F1A379B3E13E532BDD8255B3F0FA7223E0ED7C7BDEB76F73F0A77F73E23EA2DBDBE4B453F11F7943E23DD12BDC709743F0DAB8FBB6BCC6CBDA72F343F1422253D709204BDAB5BB43F1159B43B83CAFBBD002F303F2030903E19FB1EBD26F0D03F1D881A3DEFD6D8BD430A0B3F1CCF073E092D13,
BC9975F33F1FA2273D16312FBCE40E9D3F2090D63D88BE2F3C32E59B3F240AE13D8A51E3BC9975F33F1FA2273D16312FBD2148BB3F1D2B913D2FC697BCE40E9D3F2090D63D88BE2FBD7E9EA13F1848173DC27BF6BD1B64E03F1E2C993DD3FEA0BD5C39BD3F1C856E3D9029AEBDD901083F0A3CA73D118091BDA72F343F1422253D709204BDC709743F0DAB8FBB6BCC6C,
BD1DD5D43F18EEBFBCD5FFE7BB9A5EBB3F1E36B13B6F459EBD0870113F180DC3BD679EE0BD7E9EA13F1848173DC27BF6BD5C39BD3F1C856E3D9029AEBD87CFA23F181A153D8A1273BD38DE6E3F185BE23CB2DD37BD2148BB3F1D2B913D2FC697BCDD9A0F3F1B69343C26698CBD1B64E03F1E2C993DD3FEA0BD26F0D03F1D881A3DEFD6D8BC550EBB3F220C073DE307F2,
BD7B352B3F179DB23D277D52BD5C39BD3F1C856E3D9029AEBD2148BB3F1D2B913D2FC697BD70B7C33F1A379B3E13E532BD430A0B3F1CCF073E092D13BD9BB9493F14B09F3DD3CB3EBDA784233F149C1B3E040F24BDD8C75C3F0ECACD3DECA4F4BDD8255B3F0FA7223E0ED7C7BCE40E9D3F2090D63D88BE2F3BD25EDD3F248D2A3DCE392E3C32E59B3F240AE13D8A51E3,
B998915C3F1C4AC7BD2CC1CABD0870113F180DC3BD679EE0BB9A5EBB3F1E36B13B6F459EBB9A5EBB3F1E36B13B6F459EBCDD9A0F3F1B69343C26698CBC9975F33F1FA2273D16312FBD70B7C33F1A379B3E13E532BD002F303F2030903E19FB1EBD430A0B3F1CCF073E092D133CCE48623F224A9D3CAB7BAFBC9975F33F1FA2273D16312F3C32E59B3F240AE13D8A51E3,
BDD8C75C3F0ECACD3DECA4F4BDA784233F149C1B3E040F24BD9BB9493F14B09F3DD3CB3EBD87CFA23F181A153D8A1273BD5C39BD3F1C856E3D9029AEBD7B352B3F179DB23D277D52BDA72F343F1422253D709204BD7B352B3F179DB23D277D52BDAB5BB43F1159B43B83CAFBBD5869833F15C0013B7A15DBBDAB5BB43F1159B43B83CAFBBD38DE6E3F185BE23CB2DD37,
BDA72F343F1422253D709204BDD63FDD3F0B774B3D895315BDCD99CC3F0CBD773DA27BF63C73D3A23F25E55C3DF44ED7BD002F303F2030903E19FB1E3C6D4E4D3F25A9113E1E368FBD04406C3F20228A3DB3E2D63BD25EDD3F248D2A3DCE392EBCE40E9D3F2090D63D88BE2FBD5C39BD3F1C856E3D9029AEBD04406C3F20228A3DB3E2D6BCE40E9D3F2090D63D88BE2F,
BCDD9A0F3F1B69343C26698CBD8B1F683F13481BBD318EB9BD5869833F15C0013B7A15DBBD7E9EA13F1848173DC27BF6BDBA24893F1044D03DAD013BBD9BB9493F14B09F3DD3CB3EBC550EBB3F220C073DE307F2BD04406C3F20228A3DB3E2D6BD1B64E03F1E2C993DD3FEA0BDD8255B3F0FA7223E0ED7C7BDBE4B453F11F7943E23DD12BDA784233F149C1B3E040F24,
BC550EBB3F220C073DE307F2BD26F0D03F1D881A3DEFD6D8BD002F303F2030903E19FB1EBD87CFA23F181A153D8A1273BDBA24893F1044D03DAD013BBD7E9EA13F1848173DC27BF6BD1B64E03F1E2C993DD3FEA0BD7E9EA13F1848173DC27BF6BD26F0D03F1D881A3DEFD6D8BD8B1F683F13481BBD318EB9BD9645A23F117460BC9858BCBD5869833F15C0013B7A15DB,
BD891C083F0EAF363E8179C0BD9894813F11FF713E600E28BDA5F2023F0E494D3E6BA5A0BA8CA3E83F1E64F53E6724B73C3BFD723F1D321E3E7D7FD83CB4A01B3F22F71A3E5651F4BCC8BEB63F15578A3E883EEABC4176573F1267D73E964B233C3BFD723F1D321E3E7D7FD8BA8CA3E83F1E64F53E6724B7BD4F92B03F1858CD3E5A57A8BD0B923A3F184AB63E71EF74,
3C6D4E4D3F25A9113E1E368FBCB2702A3F20A8D23E3005C43BF72B453F22EB2D3E4657FBBD002F303F2030903E19FB1EBD70B7C33F1A379B3E13E532BD46D71F3F1B83BE3E3172EFBCAB6F1A3F1EC54C3E483A113BF72B453F22EB2D3E4657FBBCB2702A3F20A8D23E3005C4BD9E4BCB3F1718443E1AABCDBD9BB9493F14B09F3DD3CB3EBDA784233F149C1B3E040F24,
BCC8BEB63F15578A3E883EEABD0B923A3F184AB63E71EF74BD3A24893F1123F63E89A134BDC1BDA53F0CD0FF3E51D324BDA5F2023F0E494D3E6BA5A0BD9894813F11FF713E600E28BCAB6F1A3F1EC54C3E483A11BCB2702A3F20A8D23E3005C4BD46D71F3F1B83BE3E3172EFBDB210BF3F1314773E3EE286BD9894813F11FF713E600E28BD84CDFB3F17DFC23E4666ED,
BD9894813F11FF713E600E28BD891C083F0EAF363E8179C0BD0B923A3F184AB63E71EF74BDB210BF3F1314773E3EE286BD84CDFB3F17DFC23E4666EDBD885CAB3F18B2963E334763BCB2702A3F20A8D23E3005C43C6D4E4D3F25A9113E1E368FBD002F303F2030903E19FB1EBC550EBB3F220C073DE307F2BD002F303F2030903E19FB1E3C73D3A23F25E55C3DF44ED7,
BCEA747E3F0FDB1A3E93BB1FBC4176573F1267D73E964B23BCC8BEB63F15578A3E883EEABD3A24893F1123F63E89A134BCEA747E3F0FDB1A3E93BB1FBCC8BEB63F15578A3E883EEABD4F92B03F1858CD3E5A57A8BA8CA3E83F1E64F53E6724B7BD84CDFB3F17DFC23E4666EDBDBE4B453F11F7943E23DD12BDEB76F73F0A77F73E23EA2DBDCE6EA83F0B90113E3E707E,
BD891C083F0EAF363E8179C0BD7A24893F0CA6653E8B54C1BD3A24893F1123F63E89A134BD002F303F2030903E19FB1EBD26F0D03F1D881A3DEFD6D8BD430A0B3F1CCF073E092D13BD9E4BCB3F1718443E1AABCDBDA784233F149C1B3E040F24BDBE4B453F11F7943E23DD12BD7A24893F0CA6653E8B54C1BD5D7DBF3F09E83E3E924724BD3A24893F1123F63E89A134,
BD9BB9493F14B09F3DD3CB3EBD9E4BCB3F1718443E1AABCDBD70B7C33F1A379B3E13E532BDD8255B3F0FA7223E0ED7C7BDEB76F73F0A77F73E23EA2DBDBE4B453F11F7943E23DD12BD3A24893F1123F63E89A134BD5D7DBF3F09E83E3E924724BCEA747E3F0FDB1A3E93BB1FBDBF63C33F1076293E3A8156BDB210BF3F1314773E3EE286BDBE4B453F11F7943E23DD12,
BC4176573F1267D73E964B233CB9E8C43F14895D3E9956C13C3BFD723F1D321E3E7D7FD8BD885CAB3F18B2963E334763BD9E4BCB3F1718443E1AABCDBDB210BF3F1314773E3EE286BDB210BF3F1314773E3EE286BDBF63C33F1076293E3A8156BDC1BDA53F0CD0FF3E51D324BD3A24893F1123F63E89A134BD0B923A3F184AB63E71EF74BD891C083F0EAF363E8179C0,
BCC8BEB63F15578A3E883EEABA8CA3E83F1E64F53E6724B7BD0B923A3F184AB63E71EF74BD9894813F11FF713E600E28BD0B923A3F184AB63E71EF74BD4F92B03F1858CD3E5A57A83BF72B453F22EB2D3E4657FBBA8CA3E83F1E64F53E6724B73CB4A01B3F22F71A3E5651F4BDC1BDA53F0CD0FF3E51D324BD9894813F11FF713E600E28BDB210BF3F1314773E3EE286,
3C73D3A23F25E55C3DF44ED7BD002F303F2030903E19FB1E3C6D4E4D3F25A9113E1E368FBA8CA3E83F1E64F53E6724B73BF72B453F22EB2D3E4657FBBCAB6F1A3F1EC54C3E483A11BD70B7C33F1A379B3E13E532BD002F303F2030903E19FB1EBD430A0B3F1CCF073E092D13BD70B7C33F1A379B3E13E532BD430A0B3F1CCF073E092D13BD9BB9493F14B09F3DD3CB3E,
BD46D71F3F1B83BE3E3172EFBCB2702A3F20A8D23E3005C4BD002F303F2030903E19FB1EBD70B7C33F1A379B3E13E532BD9E4BCB3F1718443E1AABCDBD885CAB3F18B2963E334763BD46D71F3F1B83BE3E3172EFBD70B7C33F1A379B3E13E532BD885CAB3F18B2963E334763BD9E4BCB3F1718443E1AABCDBDBE4B453F11F7943E23DD12BDB210BF3F1314773E3EE286,
BD84CDFB3F17DFC23E4666EDBCAB6F1A3F1EC54C3E483A11BD46D71F3F1B83BE3E3172EF3C3BFD723F1D321E3E7D7FD8BA8CA3E83F1E64F53E6724B7BCC8BEB63F15578A3E883EEABD84CDFB3F17DFC23E4666EDBD46D71F3F1B83BE3E3172EFBD885CAB3F18B2963E334763BDD8255B3F0FA7223E0ED7C7BDBE4B453F11F7943E23DD12BDA784233F149C1B3E040F24,
BCC8BEB63F15578A3E883EEABC4176573F1267D73E964B233C3BFD723F1D321E3E7D7FD8BD9894813F11FF713E600E28BD4F92B03F1858CD3E5A57A8BD84CDFB3F17DFC23E4666EDBD84CDFB3F17DFC23E4666EDBA8CA3E83F1E64F53E6724B7BCAB6F1A3F1EC54C3E483A11BDCE6EA83F0B90113E3E707EBDBF63C33F1076293E3A8156BDBE4B453F11F7943E23DD12,
BD7A24893F0CA6653E8B54C1BD5D7DBF3F09E83E3E924724BD3A24893F1123F63E89A134BCEA747E3F0FDB1A3E93BB1FBC4176573F1267D73E964B23BCC8BEB63F15578A3E883EEABD3A24893F1123F63E89A134BCEA747E3F0FDB1A3E93BB1FBCC8BEB63F15578A3E883EEA3CAC8C503F0D1BB53EAAAE293CB9E8C43F14895D3E9956C1BBC258D63F0EA1513EA12F6F,
BD59D8843F0643353E9F2C95BC4176573F1267D73E964B23BCEA747E3F0FDB1A3E93BB1FBC4176573F1267D73E964B233CB9E8C43F14895D3E9956C13C3BFD723F1D321E3E7D7FD8BC4176573F1267D73E964B23BBC258D63F0EA1513EA12F6F3CB9E8C43F14895D3E9956C1BD3A24893F1123F63E89A134BD5D7DBF3F09E83E3E924724BCEA747E3F0FDB1A3E93BB1F,
BAA19C9D3F327DFEBEDD2FC2BC8BB6ED3F2E9A5FBED789E7BC7572DE3F377E91BED7062D3B32C83F3F3CBE51BEDA3CC9BAA19C9D3F327DFEBEDD2FC2BC7572DE3F377E91BED7062DBAA19C9D3F327DFEBEDD2FC23C9D2E0E3F3B12B2BEDF93793C5C22AB3F343697BEE3E4EFBBC258D63F0EA1513EA12F6FBC4176573F1267D73E964B23BD59D8843F0643353E9F2C95,
3C9D2E0E3F3B12B2BEDF9379BAA19C9D3F327DFEBEDD2FC23B32C83F3F3CBE51BEDA3CC9BBBBB1F23F457BFABED1AAC53C9F75103F478F15BEDACFD93CD6D3B73F43E4CDBEDF81E93C1689443F41188FBEDC26BBBBBBB1F23F457BFABED1AAC53CD6D3B73F43E4CDBEDF81E93C1689443F41188FBEDC26BB3B32C83F3F3CBE51BEDA3CC9BBBBB1F23F457BFABED1AAC5,
BDB8AC9F3F4432FDBE9C998DBDC82B633F4A005CBE9ABDC2BE003FF73F4639C5BE9D2B6FBCE503FB3F528A72BEC93598BD2F672C3F57646BBEC40486BCC016053F545F5BBEC46E2BBC5099E13F4FBF62BECAE4D2BD2E05CD3F51B5E9BECBB9F1BCE503FB3F528A72BEC93598BCC7D5ED3F4C675ABECDA145BD2E05CD3F51B5E9BECBB9F1BC5099E13F4FBF62BECAE4D2,
BBF5CAF33F4A8284BE9F2EF13B798FA33F4A7E41BE9CC9A73BA2B9D43F4D628DBEA4B48DBD69057D3F3A20CDBEB24485BD3DEC5F3F386317BEB2415FBD4C45893F396D3BBEAA9FE0BD0442853F42134DBE9AF1AABD373C0C3F41EB42BE9B7069BD328E933F3C213ABE9E6C8FBDC9E1B13F49C8B8BEC96EDFBDF8854D3F49CBBCBEC941A7BDC9F16B3F4C71F8BEC60AA6,
BD2F672C3F57646BBEC40486BD96DCA03F59B91FBEC9E753BDA132B53F5CC32BBEC3FFACBDB7FE093F3DA4DFBEB9144DBDB1593E3F4084C7BEC09D06BD9E69273F3D51F8BEBDEC3EBD7F64D03F509918BECD8772BD83CE213F4E1B6DBECD2114BDAF94423F4FC1BEBECE466BBCCEE17A3F3868DCBE9639F7BC9EC4E73F3B911DBE96481FBD0FE47A3F3B8D82BE9C69D7,
BDC3A2163F3E47FEBEBDC24CBDBE94AB3F45144DBEC778FFBDB1593E3F4084C7BEC09D06BD30C77E3F2D6B55BEB98B93BD2D6A9C3F34B392BEAFA483BD2190083F35F4D3BEB9524CBC30D5203F4959F7BECFBDF13BCFAEFF3F4C1DB0BED00C74BBBBB1F23F457BFABED1AAC5BE000DE53F3F0AF6BEB14B38BDC3A2163F3E47FEBEBDC24CBDB7FE093F3DA4DFBEB9144D,
BD07C5263F575D68BEB3E469BCEC093E3F5773F3BEBA91DABD9AD5BF3F5D4CCBBEB2BC0EBD49CE4A3F3B316EBEBDBFF0BD2C471B3F3BE61DBEC194E2BD2CCF6C3F38E4FCBEBC24A2BB9BA5E33F42018ABE91C3CE39C38F363F44D196BE91DAE0BCAA7BD53F407B9ABE987FEDBC4925783F52B420BEAF0CFEBD07C5263F575D68BEB3E469BD9AD5BF3F5D4CCBBEB2BC0E,
BC2CABC53F4F3FA7BEA7ADF3BCF8F68C3F50B924BEA66949BD2009F63F4D103DBEA042D9BD5E56CD3F3C53C1BEA06898BD2D234F3F38C8DEBEA42A02BD328E933F3C213ABE9E6C8FBD1059EA3F3E4628BEC69942BD2BB1293F44D6C3BECC15F4BC81387A3F4103EABECED99DBDE13A933F53A850BED01494BDAAD9273F5482E0BECEDA45BDC5BB7B3F500B67BECDB121,
BD9A69383F52490ABE9EABBDBD900CD83F4ACB53BE9B18B9BD4538EF3F4B61EDBE9D9DDCBD3DEC5F3F386317BEB2415FBD69057D3F3A20CDBEB24485BD49CE4A3F3B316EBEBDBFF0BDB1593E3F4084C7BEC09D06BDB7FE093F3DA4DFBEB9144DBDC3A2163F3E47FEBEBDC24CBD92DCB13F597FD8BEAAA455BC4925783F52B420BEAF0CFEBD9AD5BF3F5D4CCBBEB2BC0E,
BDE8D10F3F4E7536BEC5FBD7BDEEA7483F51D788BECD7668BDC9F16B3F4C71F8BEC60AA6BDF8854D3F49CBBCBEC941A7BE0658823F4C4630BEC5C465BDC9F16B3F4C71F8BEC60AA6BDB5AC043F479097BECA5871BD8E2F383F49EE78BEC780DCBD70E0A83F472DA1BECA5333BD82E4D23F44DD83BECA07D5BDB5AC043F479097BECA5871BD70E0A83F472DA1BECA5333,
BDAAD9273F5482E0BECEDA45BDE5ECC43F5A582EBECF021DBDBD82773F5AD05FBECC2CA1BD2A821F3F47C41ABEC99F3CBD2BB1293F44D6C3BECC15F4BD70E0A83F472DA1BECA5333BD328E933F3C213ABE9E6C8FBD2D234F3F38C8DEBEA42A02BD10CB293F380DC3BE9D6A7BBDF8854D3F49CBBCBEC941A7BDC9E1B13F49C8B8BEC96EDFBDEFDDA93F478349BEC902BC,
BDAAD9273F5482E0BECEDA45BDBD82773F5AD05FBECC2CA1BD96DCA03F59B91FBEC9E753BD6691643F3E1C04BEC1F9ADBD82E4D23F44DD83BECA07D5BD2C471B3F3BE61DBEC194E2BD2A821F3F47C41ABEC99F3CBD26362A3F4C2310BECD04A3BCCA7D673F47F035BECEA5B5BD8E2F383F49EE78BEC780DCBDB5AC043F479097BECA5871BDA036003F4BAD19BEC854AC,
BD328E933F3C213ABE9E6C8FBD373C0C3F41EB42BE9B7069BDB8AC9F3F4432FDBE9C998DBD892E623F3BFD82BEA55F14BD5E56CD3F3C53C1BEA06898BDB5C7473F3E45D4BEA49668BBBBB1F23F457BFABED1AAC53C3FC2223F4953ACBED617E33C9F75103F478F15BEDACFD9BC4925783F52B420BEAF0CFEBA755DE63F53CBA3BEB85B18BD07C5263F575D68BEB3E469,
BD3DEC5F3F386317BEB2415FBD2D6A9C3F34B392BEAFA483BD27EB6C3F36A0A9BEA66363BD4C45893F396D3BBEAA9FE0BD3DEC5F3F386317BEB2415FBD27EB6C3F36A0A9BEA66363BDE13A933F53A850BED01494BDEEA7483F51D788BECD7668BE0587D73F56A2F5BED0E560BA755DE63F53CBA3BEB85B18BC2CD9E83F545C68BEBF913FBCEC093E3F5773F3BEBA91DA,
BAA19C9D3F327DFEBEDD2FC2BC8BB6ED3F2E9A5FBED789E7BC7572DE3F377E91BED7062D3B32C83F3F3CBE51BEDA3CC9BAA19C9D3F327DFEBEDD2FC2BC7572DE3F377E91BED7062DBCCA7D673F47F035BECEA5B5BCC7D5ED3F4C675ABECDA145BC30D5203F4959F7BECFBDF1BD4538EF3F4B61EDBE9D9DDCBD900CD83F4ACB53BE9B18B9BD21D3243F45FF2EBE9BC89F,
BDC9F16B3F4C71F8BEC60AA6BE0658823F4C4630BEC5C465BDE8D10F3F4E7536BEC5FBD7BD97C2CA3F3BEF6BBEB61BF3BDD10A133F3DD628BEB074A7BDB7FE093F3DA4DFBEB9144DBD97C2CA3F3BEF6BBEB61BF3BDB7FE093F3DA4DFBEB9144DBD9E69273F3D51F8BEBDEC3EBD2190083F35F4D3BEB9524CBD3DEC5F3F386317BEB2415FBD2CCF6C3F38E4FCBEBC24A2,
BE000DE53F3F0AF6BEB14B38BE04302B3F409225BEBB9CB7BDC3A2163F3E47FEBEBDC24CBB9BA5E33F42018ABE91C3CEBC9EC4E73F3B911DBE96481FBC0487BA3F3C727EBE90FA9CBD70E0A83F472DA1BECA5333BD484A513F49E300BEC8F4B6BD2A821F3F47C41ABEC99F3CBDAAD9273F5482E0BECEDA45BDAF94423F4FC1BEBECE466BBDC5BB7B3F500B67BECDB121,
3BA2B9D43F4D628DBEA4B48DBD2009F63F4D103DBEA042D9BBF5CAF33F4A8284BE9F2EF1BC7572DE3F377E91BED7062DBCCF312B3F356BECBED0409EBCFDE5083F3B86E4BEC6A012BD2D234F3F38C8DEBEA42A02BD27EB6C3F36A0A9BEA66363BD10CB293F380DC3BE9D6A7BBD88850A3F5620ABBECC3B0CBD2E05CD3F51B5E9BECBB9F1BD7F64D03F509918BECD8772,
BC9EC4E73F3B911DBE96481FBCAA7BD53F407B9ABE987FEDBD0FE47A3F3B8D82BE9C69D7BC2CD9E83F545C68BEBF913FBA755DE63F53CBA3BEB85B183C46327F3F521B2ABEC0FC503C46327F3F521B2ABEC0FC503C33FA6E3F4F7EE5BEC9D5C3BBFE718B3F51DF87BEC71A5DBDE5ECC43F5A582EBECF021DBDE13A933F53A850BED01494BE0587D73F56A2F5BED0E560,
BDB5C7473F3E45D4BEA49668BD5E56CD3F3C53C1BEA06898BDAD71F33F404F1ABE9F4AFDBD9D30AD3F5E2036BEBC1A26BD9AD5BF3F5D4CCBBEB2BC0EBCEC093E3F5773F3BEBA91DABDA132B53F5CC32BBEC3FFACBD9D30AD3F5E2036BEBC1A26BCEC093E3F5773F3BEBA91DABDC82B633F4A005CBE9ABDC2BDB8AC9F3F4432FDBE9C998DBD373C0C3F41EB42BE9B7069,
BD21D3243F45FF2EBE9BC89FBD0442853F42134DBE9AF1AABC993D533F4636F4BE9BA6ADBD484A513F49E300BEC8F4B6BD70E0A83F472DA1BECA5333BD8E2F383F49EE78BEC780DCBDA036003F4BAD19BEC854ACBDAF94423F4FC1BEBECE466BBD83CE213F4E1B6DBECD2114BD8E2F383F49EE78BEC780DCBDA036003F4BAD19BEC854ACBD83CE213F4E1B6DBECD2114,
BD88850A3F5620ABBECC3B0CBD96DCA03F59B91FBEC9E753BCE503FB3F528A72BEC93598BD3DEC5F3F386317BEB2415FBD49CE4A3F3B316EBEBDBFF0BD2CCF6C3F38E4FCBEBC24A2BDAAD9273F5482E0BECEDA45BD96DCA03F59B91FBEC9E753BD88850A3F5620ABBECC3B0CBD0442853F42134DBE9AF1AABCAA7BD53F407B9ABE987FEDBC993D533F4636F4BE9BA6AD,
BDF5C2093F55CB79BE9ABABFBD900CD83F4ACB53BE9B18B9BD9A69383F52490ABE9EABBDBCCA7D673F47F035BECEA5B5BC30D5203F4959F7BECFBDF1BBBBB1F23F457BFABED1AAC5BD328E933F3C213ABE9E6C8FBDAD71F33F404F1ABE9F4AFDBD5E56CD3F3C53C1BEA06898BD96DCA03F59B91FBEC9E753BD2F672C3F57646BBEC40486BCE503FB3F528A72BEC93598,
BD49CE4A3F3B316EBEBDBFF0BD6691643F3E1C04BEC1F9ADBD2C471B3F3BE61DBEC194E2BCFDE5083F3B86E4BEC6A012BC81387A3F4103EABECED99DBC7572DE3F377E91BED7062DBD8E2F383F49EE78BEC780DCBD83CE213F4E1B6DBECD2114BD484A513F49E300BEC8F4B6BD4538EF3F4B61EDBE9D9DDCBD21D3243F45FF2EBE9BC89FBC993D533F4636F4BE9BA6AD,
BC5099E13F4FBF62BECAE4D2BBFE718B3F51DF87BEC71A5D3C33FA6E3F4F7EE5BEC9D5C3BE000DE53F3F0AF6BEB14B38BDB7FE093F3DA4DFBEB9144DBDD10A133F3DD628BEB074A7BD9E69273F3D51F8BEBDEC3EBD6691643F3E1C04BEC1F9ADBD7FCEB83F3B86C2BEB86AB1BD97C2CA3F3BEF6BBEB61BF3BD9E69273F3D51F8BEBDEC3EBD7FCEB83F3B86C2BEB86AB1,
BDEE807C3F4F29E5BE990907BD900CD83F4ACB53BE9B18B9BDF5C2093F55CB79BE9ABABFBDB1593E3F4084C7BEC09D06BD82E4D23F44DD83BECA07D5BD6691643F3E1C04BEC1F9ADBD9E69273F3D51F8BEBDEC3EBDB1593E3F4084C7BEC09D06BD6691643F3E1C04BEC1F9ADBCC016053F545F5BBEC46E2BBC2CD9E83F545C68BEBF913FBBFE718B3F51DF87BEC71A5D,
BCCEE17A3F3868DCBE9639F7BC9ADEA93F37E554BE8CBC6ABC0487BA3F3C727EBE90FA9CBDBE94AB3F45144DBEC778FFBD82E4D23F44DD83BECA07D5BDB1593E3F4084C7BEC09D06BD2F672C3F57646BBEC40486BCEC093E3F5773F3BEBA91DABC2CD9E83F545C68BEBF913FBCC016053F545F5BBEC46E2BBD2F672C3F57646BBEC40486BC2CD9E83F545C68BEBF913F,
BDC9F16B3F4C71F8BEC60AA6BDC5BB7B3F500B67BECDB121BDA036003F4BAD19BEC854ACBDB5AC043F479097BECA5871BDC9F16B3F4C71F8BEC60AA6BDA036003F4BAD19BEC854ACBDEE807C3F4F29E5BE990907BE003FF73F4639C5BE9D2B6FBDC82B633F4A005CBE9ABDC2BCEC093E3F5773F3BEBA91DABD07C5263F575D68BEB3E469BA755DE63F53CBA3BEB85B18,
BD27EB6C3F36A0A9BEA66363BD036B903F2CA687BE8EE936BCF92F2B3F33735CBE917119BD27EB6C3F36A0A9BEA66363BCF92F2B3F33735CBE917119BD10CB293F380DC3BE9D6A7BBCC7D5ED3F4C675ABECDA145BC5099E13F4FBF62BECAE4D2BC30D5203F4959F7BECFBDF1BDAF94423F4FC1BEBECE466BBDA036003F4BAD19BEC854ACBDC5BB7B3F500B67BECDB121,
BCCEE17A3F3868DCBE9639F7BD0FE47A3F3B8D82BE9C69D7BD10CB293F380DC3BE9D6A7BBD10CB293F380DC3BE9D6A7BBD0FE47A3F3B8D82BE9C69D7BD328E933F3C213ABE9E6C8FBDC3A2163F3E47FEBEBDC24CBE04302B3F409225BEBB9CB7BDBE94AB3F45144DBEC778FFBE04302B3F409225BEBB9CB7BDEFDDA93F478349BEC902BCBDBE94AB3F45144DBEC778FF,
BDAAD9273F5482E0BECEDA45BD7F64D03F509918BECD8772BDAF94423F4FC1BEBECE466BBDD10A133F3DD628BEB074A7BD97C2CA3F3BEF6BBEB61BF3BDB5E6BC3F3D5704BEAB5372BDE63BEF3F3F498CBEA7F089BDD10A133F3DD628BEB074A7BDB5E6BC3F3D5704BEAB5372BD49CE4A3F3B316EBEBDBFF0BD69057D3F3A20CDBEB24485BD7FCEB83F3B86C2BEB86AB1,
BDBE94AB3F45144DBEC778FFBDB5AC043F479097BECA5871BD82E4D23F44DD83BECA07D5BBF5CAF33F4A8284BE9F2EF1BC2AC96D3F444370BE98B0293B798FA33F4A7E41BE9CC9A7BD97C2CA3F3BEF6BBEB61BF3BD7FCEB83F3B86C2BEB86AB1BD69057D3F3A20CDBEB24485BD97C2CA3F3BEF6BBEB61BF3BD69057D3F3A20CDBEB24485BDB5E6BC3F3D5704BEAB5372,
BC4925783F52B420BEAF0CFEBC2CABC53F4F3FA7BEA7ADF33C8DC9823F5003DEBEAD015C3CC788553F519168BEB69446BA755DE63F53CBA3BEB85B18BC4925783F52B420BEAF0CFEBD484A513F49E300BEC8F4B6BD26362A3F4C2310BECD04A3BD2A821F3F47C41ABEC99F3CBD062C343F301312BEC73F96BD0B04AB3F38E1B5BEC4C0DFBCCF312B3F356BECBED0409E,
BCFDE5083F3B86E4BEC6A012BD1059EA3F3E4628BEC69942BC81387A3F4103EABECED99DBC7572DE3F377E91BED7062DBC8BB6ED3F2E9A5FBED789E7BCCF312B3F356BECBED0409EBD27EB6C3F36A0A9BEA66363BD3ED6343F29B281BEB1C821BD30EA183F2C6C12BEA3732ABD5E56CD3F3C53C1BEA06898BD4C45893F396D3BBEAA9FE0BD2D234F3F38C8DEBEA42A02,
BDE13A933F53A850BED01494BDC5BB7B3F500B67BECDB121BDEEA7483F51D788BECD7668BDC9E1B13F49C8B8BEC96EDFBDC9F16B3F4C71F8BEC60AA6BDB5AC043F479097BECA5871BBF5CAF33F4A8284BE9F2EF1BC993D533F4636F4BE9BA6ADBC2AC96D3F444370BE98B029BCFDE5083F3B86E4BEC6A012BD0B04AB3F38E1B5BEC4C0DFBD2C471B3F3BE61DBEC194E2,
3B32C83F3F3CBE51BEDA3CC9BC7572DE3F377E91BED7062DBC81387A3F4103EABECED99DBDB5E6BC3F3D5704BEAB5372BD69057D3F3A20CDBEB24485BD892E623F3BFD82BEA55F14BDB5C7473F3E45D4BEA49668BDB5E6BC3F3D5704BEAB5372BD892E623F3BFD82BEA55F14BDC5BB7B3F500B67BECDB121BDC9F16B3F4C71F8BEC60AA6BDEEA7483F51D788BECD7668,
BBBBB1F23F457BFABED1AAC53C9F75103F478F15BEDACFD93CD6D3B73F43E4CDBEDF81E93C1689443F41188FBEDC26BBBBBBB1F23F457BFABED1AAC53CD6D3B73F43E4CDBEDF81E93C1689443F41188FBEDC26BB3B32C83F3F3CBE51BEDA3CC9BBBBB1F23F457BFABED1AAC5BBBBB1F23F457BFABED1AAC53B32C83F3F3CBE51BEDA3CC9BC81387A3F4103EABECED99D,
BDB5E6BC3F3D5704BEAB5372BDB5C7473F3E45D4BEA49668BDE63BEF3F3F498CBEA7F089BC993D533F4636F4BE9BA6ADBCAA7BD53F407B9ABE987FEDBC2AC96D3F444370BE98B0293BCFAEFF3F4C1DB0BED00C743C3FC2223F4953ACBED617E3BBBBB1F23F457BFABED1AAC5BCEC093E3F5773F3BEBA91DABD2F672C3F57646BBEC40486BDA132B53F5CC32BBEC3FFAC,
BD9A69383F52490ABE9EABBDBD4538EF3F4B61EDBE9D9DDCBD2009F63F4D103DBEA042D9BDFC06E23F42DBB6BEA0D973BDB5C7473F3E45D4BEA49668BDAD71F33F404F1ABE9F4AFDBDB8AC9F3F4432FDBE9C998DBDFC06E23F42DBB6BEA0D973BDAD71F33F404F1ABE9F4AFDBDB5C7473F3E45D4BEA49668BDFC06E23F42DBB6BEA0D973BDE63BEF3F3F498CBEA7F089,
BE000DE53F3F0AF6BEB14B38BDD10A133F3DD628BEB074A7BDE63BEF3F3F498CBEA7F089BCAA7BD53F407B9ABE987FED39C38F363F44D196BE91DAE0BC2AC96D3F444370BE98B029BD69057D3F3A20CDBEB24485BD4C45893F396D3BBEAA9FE0BD892E623F3BFD82BEA55F14BD892E623F3BFD82BEA55F14BD4C45893F396D3BBEAA9FE0BD5E56CD3F3C53C1BEA06898,
BCF8F68C3F50B924BEA66949BC2CABC53F4F3FA7BEA7ADF3BC4925783F52B420BEAF0CFEBD2D6A9C3F34B392BEAFA483BD3ED6343F29B281BEB1C821BD27EB6C3F36A0A9BEA66363BD2CCF6C3F38E4FCBEBC24A2BD2C471B3F3BE61DBEC194E2BD0B04AB3F38E1B5BEC4C0DFBD2190083F35F4D3BEB9524CBD2CCF6C3F38E4FCBEBC24A2BD0B04AB3F38E1B5BEC4C0DF,
BCE503FB3F528A72BEC93598BCC016053F545F5BBEC46E2BBBFE718B3F51DF87BEC71A5DBC5099E13F4FBF62BECAE4D2BCE503FB3F528A72BEC93598BBFE718B3F51DF87BEC71A5DBCAA7BD53F407B9ABE987FEDBD0442853F42134DBE9AF1AABD328E933F3C213ABE9E6C8FBD0FE47A3F3B8D82BE9C69D7BCAA7BD53F407B9ABE987FEDBD328E933F3C213ABE9E6C8F,
BDF5C9603F5B8972BEA14531BDF5C2093F55CB79BE9ABABFBD9A69383F52490ABE9EABBD3C46327F3F521B2ABEC0FC50BA755DE63F53CBA3BEB85B183CC788553F519168BEB69446BD2C471B3F3BE61DBEC194E2BD82E4D23F44DD83BECA07D5BD1059EA3F3E4628BEC69942BCFDE5083F3B86E4BEC6A012BD2C471B3F3BE61DBEC194E2BD1059EA3F3E4628BEC69942,
BCCEE17A3F3868DCBE9639F7BC0487BA3F3C727EBE90FA9CBC9EC4E73F3B911DBE96481FBD6691643F3E1C04BEC1F9ADBD49CE4A3F3B316EBEBDBFF0BD7FCEB83F3B86C2BEB86AB1BD83CE213F4E1B6DBECD2114BD7F64D03F509918BECD8772BD26362A3F4C2310BECD04A3BD484A513F49E300BEC8F4B6BD83CE213F4E1B6DBECD2114BD26362A3F4C2310BECD04A3,
BC993D533F4636F4BE9BA6ADBBF5CAF33F4A8284BE9F2EF1BD2009F63F4D103DBEA042D9BD4538EF3F4B61EDBE9D9DDCBC993D533F4636F4BE9BA6ADBD2009F63F4D103DBEA042D9BD21D3243F45FF2EBE9BC89FBD373C0C3F41EB42BE9B7069BD0442853F42134DBE9AF1AABD7F64D03F509918BECD8772BD2E05CD3F51B5E9BECBB9F1BD26362A3F4C2310BECD04A3,
BCF92F2B3F33735CBE917119BCCEE17A3F3868DCBE9639F7BD10CB293F380DC3BE9D6A7BBCCA7D673F47F035BECEA5B5BD2BB1293F44D6C3BECC15F4BD2A821F3F47C41ABEC99F3CBD2E05CD3F51B5E9BECBB9F1BCC7D5ED3F4C675ABECDA145BD26362A3F4C2310BECD04A3BD2D6A9C3F34B392BEAFA483BD3DEC5F3F386317BEB2415FBD2190083F35F4D3BEB9524C,
BD21D3243F45FF2EBE9BC89FBD900CD83F4ACB53BE9B18B9BD373C0C3F41EB42BE9B7069BCAA7BD53F407B9ABE987FEDBC9EC4E73F3B911DBE96481FBB9BA5E33F42018ABE91C3CEBD373C0C3F41EB42BE9B7069BD900CD83F4ACB53BE9B18B9BDC82B633F4A005CBE9ABDC2BD7F64D03F509918BECD8772BDAAD9273F5482E0BECEDA45BD88850A3F5620ABBECC3B0C,
3C9D2E0E3F3B12B2BEDF9379BAA19C9D3F327DFEBEDD2FC23B32C83F3F3CBE51BEDA3CC9BD328E933F3C213ABE9E6C8FBDB8AC9F3F4432FDBE9C998DBDAD71F33F404F1ABE9F4AFDBD062C343F301312BEC73F96BCCF312B3F356BECBED0409EBC8BB6ED3F2E9A5FBED789E7BCE503FB3F528A72BEC93598BD2E05CD3F51B5E9BECBB9F1BD88850A3F5620ABBECC3B0C,
BDB8AC9F3F4432FDBE9C998DBE003FF73F4639C5BE9D2B6FBDFC06E23F42DBB6BEA0D973BD82E4D23F44DD83BECA07D5BD70E0A83F472DA1BECA5333BD2BB1293F44D6C3BECC15F4BD0B04AB3F38E1B5BEC4C0DFBCFDE5083F3B86E4BEC6A012BCCF312B3F356BECBED0409EBD1059EA3F3E4628BEC69942BD82E4D23F44DD83BECA07D5BD2BB1293F44D6C3BECC15F4,
BD036B903F2CA687BE8EE936BD27EB6C3F36A0A9BEA66363BD30EA183F2C6C12BEA3732ABCCEE17A3F3868DCBE9639F7BCF92F2B3F33735CBE917119BC9ADEA93F37E554BE8CBC6ABDEE807C3F4F29E5BE990907BDC82B633F4A005CBE9ABDC2BD900CD83F4ACB53BE9B18B9BD9A69383F52490ABE9EABBDBD2009F63F4D103DBEA042D9BCF8F68C3F50B924BEA66949,
BDEFDDA93F478349BEC902BCBDC9E1B13F49C8B8BEC96EDFBDB5AC043F479097BECA5871BDBE94AB3F45144DBEC778FFBDEFDDA93F478349BEC902BCBDB5AC043F479097BECA5871BD062C343F301312BEC73F96BD2190083F35F4D3BEB9524CBD0B04AB3F38E1B5BEC4C0DFBD30C77E3F2D6B55BEB98B93BD2190083F35F4D3BEB9524CBD062C343F301312BEC73F96,
3C33FA6E3F4F7EE5BEC9D5C33BCFAEFF3F4C1DB0BED00C74BC5099E13F4FBF62BECAE4D2BC30D5203F4959F7BECFBDF1BC5099E13F4FBF62BECAE4D23BCFAEFF3F4C1DB0BED00C74BD92DCB13F597FD8BEAAA455BDF5C9603F5B8972BEA14531BD9A69383F52490ABE9EABBDBD2009F63F4D103DBEA042D93BA2B9D43F4D628DBEA4B48DBC2CABC53F4F3FA7BEA7ADF3,
BD92DCB13F597FD8BEAAA455BD9A69383F52490ABE9EABBDBCF8F68C3F50B924BEA669493C46327F3F521B2ABEC0FC50BBFE718B3F51DF87BEC71A5DBC2CD9E83F545C68BEBF913FBD2BB1293F44D6C3BECC15F4BCCA7D673F47F035BECEA5B5BBBBB1F23F457BFABED1AAC5BC81387A3F4103EABECED99DBD2BB1293F44D6C3BECC15F4BBBBB1F23F457BFABED1AAC5,
3B798FA33F4A7E41BE9CC9A7BC2AC96D3F444370BE98B02939C38F363F44D196BE91DAE0BDE5ECC43F5A582EBECF021DBDAAD9273F5482E0BECEDA45BDE13A933F53A850BED01494BD27EB6C3F36A0A9BEA66363BD2D234F3F38C8DEBEA42A02BD4C45893F396D3BBEAA9FE0BC4925783F52B420BEAF0CFEBD92DCB13F597FD8BEAAA455BCF8F68C3F50B924BEA66949,
BBA02B843F425B85BE5EC3DBBC8AB7133F482F51BE5CBAF939DFDEF83F41A8EFBE7DABE23C8DC9823F5003DEBEAD015C3CC788553F519168BEB69446BC4925783F52B420BEAF0CFEBCC7D5ED3F4C675ABECDA145BCCA7D673F47F035BECEA5B5BD26362A3F4C2310BECD04A33C8DC9823F5003DEBEAD015CBC2CABC53F4F3FA7BEA7ADF33BA2B9D43F4D628DBEA4B48D,
BD9AEFF63F5A23E2BE0F4BE8BD887D2C3F560275BE156862BD989DF13F574917BDECA2DB3A44588A3F5A224FBE7B82C33B855DA23F53440BBE8473CDBC6BAADE3F55CED1BE721859BD1AAA3B3F4B967DBE1B7282BC8E8EA43F46A5D7BE25FD05BCA77E5F3F49DE37BE068017BBA02B843F425B85BE5EC3DBBC6BDD333F4587A5BE4E9D95BC8AB7133F482F51BE5CBAF9,
BAE219653F42FED6BE8B16C239C38F363F44D196BE91DAE0BB9BA5E33F42018ABE91C3CEBB2159813F394952BE8203E63CA53DA73F360A96BE6ABC0E3BF9096C3F3C6AF4BE746280BB9BA5E33F42018ABE91C3CE39C38F363F44D196BE91DAE0BCAA7BD53F407B9ABE987FEDBC0487BA3F3C727EBE90FA9C388205FF3F3D1FF7BE8465A5BB9BA5E33F42018ABE91C3CE,
BCA77E5F3F49DE37BE0680173C392C063F405EA2BE47AD4BBAE38A7E3F4AAA08BDF1FC4CBD989DF13F574917BDECA2DBBD887D2C3F560275BE156862BD6FB0923F51C8DABE01DF76BD887D2C3F560275BE156862BD6B97FF3F589C6FBE3214ADBD0B15723F523982BE580065BCC373F33F5DC2F4BE5E5C0CBC6BAADE3F55CED1BE721859BD111ADA3F59D873BE5563AA,
BC6BAADE3F55CED1BE7218593B855DA23F53440BBE8473CDBBA958533F4F214FBE813166BBA02B843F425B85BE5EC3DB3BBE40423F3EF8F0BE6EEFA23C9780BB3F3D6830BE60CF18BAE219653F42FED6BE8B16C2BB9BA5E33F42018ABE91C3CE388205FF3F3D1FF7BE8465A5BD1AAA3B3F4B967DBE1B7282BD1E1E2E3F4CAA97BE056A7BBD6FB0923F51C8DABE01DF76,
BB9BA5E33F42018ABE91C3CEBC9EC4E73F3B911DBE96481FBC0487BA3F3C727EBE90FA9C388205FF3F3D1FF7BE8465A5BB2159813F394952BE8203E63BF9096C3F3C6AF4BE746280BD1AAA3B3F4B967DBE1B7282BD6FB0923F51C8DABE01DF76BD887D2C3F560275BE1568623C3EC67A3F47C8F3BE0F266CBAE38A7E3F4AAA08BDF1FC4C3C392C063F405EA2BE47AD4B,
BCA4EDF63F348D3BBE87F328BB2159813F394952BE8203E6BC9ADEA93F37E554BE8CBC6ABB460CBF3F46E115BE847779BBA958533F4F214FBE8131663B3FC2223F4FF562BE86687F3B79C1F83F4950A9BE8C3D8ABB460CBF3F46E115BE8477793B3FC2223F4FF562BE86687F3A44588A3F5A224FBE7B82C3BC6BAADE3F55CED1BE721859BCC373F33F5DC2F4BE5E5C0C,
BAE219653F42FED6BE8B16C2BB460CBF3F46E115BE8477793B79C1F83F4950A9BE8C3D8ABC8AB7133F482F51BE5CBAF9BC6BDD333F4587A5BE4E9D95BCE34FC63F4DEF74BE5997C4BBA958533F4F214FBE813166BB460CBF3F46E115BE847779BC10CD423F48E432BE7A087DBC6BAADE3F55CED1BE721859BBA958533F4F214FBE813166BD0B15723F523982BE580065,
BD67296F3F61C5C5BE331B9BBD0B15723F523982BE580065BD6B97FF3F589C6FBE3214ADBAE219653F42FED6BE8B16C2388205FF3F3D1FF7BE8465A539DFDEF83F41A8EFBE7DABE2BAE219653F42FED6BE8B16C239DFDEF83F41A8EFBE7DABE2BB460CBF3F46E115BE847779BCCEE17A3F3868DCBE9639F7BC9ADEA93F37E554BE8CBC6ABC0487BA3F3C727EBE90FA9C,
BBA02B843F425B85BE5EC3DB3C9780BB3F3D6830BE60CF18BC8E8EA43F46A5D7BE25FD05BD1AAA3B3F4B967DBE1B7282BBA02B843F425B85BE5EC3DBBC8E8EA43F46A5D7BE25FD05BD27EB6C3F36A0A9BEA66363BD036B903F2CA687BE8EE936BCF92F2B3F33735CBE917119BD27EB6C3F36A0A9BEA66363BCF92F2B3F33735CBE917119BD10CB293F380DC3BE9D6A7B,
3B855DA23F53440BBE8473CD3B3FC2223F4FF562BE86687FBBA958533F4F214FBE8131663C392C063F405EA2BE47AD4BBC8E8EA43F46A5D7BE25FD053C9780BB3F3D6830BE60CF18BC6BDD333F4587A5BE4E9D95BBA02B843F425B85BE5EC3DBBD1AAA3B3F4B967DBE1B7282BC8AB7133F482F51BE5CBAF9BC10CD423F48E432BE7A087D39DFDEF83F41A8EFBE7DABE2,
BCAA7BD53F407B9ABE987FED39C38F363F44D196BE91DAE0BC2AC96D3F444370BE98B0293C392C063F405EA2BE47AD4BBCA77E5F3F49DE37BE068017BC8E8EA43F46A5D7BE25FD05BC9ADEA93F37E554BE8CBC6ABCF92F2B3F33735CBE917119BCA4EDF63F348D3BBE87F328BD111ADA3F59D873BE5563AABD0B15723F523982BE580065BD67296F3F61C5C5BE331B9B,
3B3C8C0D3F332FFDBE792F2BBB2159813F394952BE8203E6BCA4EDF63F348D3BBE87F328BD67296F3F61C5C5BE331B9BBD6B97FF3F589C6FBE3214ADBD8609143F5F48C3BE26BA49BCCEE17A3F3868DCBE9639F7BC0487BA3F3C727EBE90FA9CBC9EC4E73F3B911DBE96481FBC8B1BBD3F4D1288BE6EAE19BD0B15723F523982BE580065BBA958533F4F214FBE813166,
BD8609143F5F48C3BE26BA49BD6B97FF3F589C6FBE3214ADBD9AEFF63F5A23E2BE0F4BE8BD6B97FF3F589C6FBE3214ADBD887D2C3F560275BE156862BD9AEFF63F5A23E2BE0F4BE8BD111ADA3F59D873BE5563AABC6BAADE3F55CED1BE721859BD0B15723F523982BE5800653B79C1F83F4950A9BE8C3D8A39C38F363F44D196BE91DAE0BAE219653F42FED6BE8B16C2,
BC6BDD333F4587A5BE4E9D95BD887D2C3F560275BE156862BCE34FC63F4DEF74BE5997C4BCE34FC63F4DEF74BE5997C4BD887D2C3F560275BE156862BD0B15723F523982BE580065BBA02B843F425B85BE5EC3DB39DFDEF83F41A8EFBE7DABE23BBE40423F3EF8F0BE6EEFA2BCF92F2B3F33735CBE917119BCCEE17A3F3868DCBE9639F7BD10CB293F380DC3BE9D6A7B,
BCE34FC63F4DEF74BE5997C4BD0B15723F523982BE580065BC8B1BBD3F4D1288BE6EAE19BC8AB7133F482F51BE5CBAF9BCE34FC63F4DEF74BE5997C4BC8B1BBD3F4D1288BE6EAE19BCA77E5F3F49DE37BE068017BD1E1E2E3F4CAA97BE056A7BBD1AAA3B3F4B967DBE1B7282BCAA7BD53F407B9ABE987FEDBC9EC4E73F3B911DBE96481FBB9BA5E33F42018ABE91C3CE,
39DFDEF83F41A8EFBE7DABE2BC10CD423F48E432BE7A087DBB460CBF3F46E115BE847779BC8AB7133F482F51BE5CBAF9BC8B1BBD3F4D1288BE6EAE19BC10CD423F48E432BE7A087DBB2159813F394952BE8203E63B3C8C0D3F332FFDBE792F2B3CA53DA73F360A96BE6ABC0EBC10CD423F48E432BE7A087DBC8B1BBD3F4D1288BE6EAE19BBA958533F4F214FBE813166,
3B798FA33F4A7E41BE9CC9A7BC2AC96D3F444370BE98B02939C38F363F44D196BE91DAE0BD1AAA3B3F4B967DBE1B7282BD887D2C3F560275BE156862BC6BDD333F4587A5BE4E9D95BD036B903F2CA687BE8EE936BD27EB6C3F36A0A9BEA66363BD30EA183F2C6C12BEA3732ABCCEE17A3F3868DCBE9639F7BCF92F2B3F33735CBE917119BC9ADEA93F37E554BE8CBC6A,
BD1AAA3B3F4B967DBE1B7282BC8E8EA43F46A5D7BE25FD05BCA77E5F3F49DE37BE068017BD6643CC3F572DD3BC1AC797BD143AEB3F55847FBCB8FDE3BD275AB83F580AF2BBB99913388205FF3F3D1FF7BE8465A5BC0487BA3F3C727EBE90FA9CBB2159813F394952BE8203E6BC0487BA3F3C727EBE90FA9CBC9ADEA93F37E554BE8CBC6ABB2159813F394952BE8203E6,
BD0F23893F4EE44BBDBC7475BCBC68663F4CEDD5BDD59EE9BD0362203F516EDFBD7F0026BD0F23893F4EE44BBDBC7475BD68997C3F559A0FBD14C87ABD7F2F553F549A02BD85AE60BD69C12F3F5195EEBDD8CC14BD6FB0923F51C8DABE01DF76BD1E1E2E3F4CAA97BE056A7BBD9AEFF63F5A23E2BE0F4BE8BD887D2C3F560275BE156862BD989DF13F574917BDECA2DB,
BD989DF13F574917BDECA2DBBD887D2C3F560275BE156862BD6FB0923F51C8DABE01DF76BDB1758E3F5AF72BBDA7D45ABDA62C343F5AD82CBDF69B9DBD989DF13F574917BDECA2DBBAE38A7E3F4AAA08BDF1FC4C3C06B9C33F4B5A64BDF154003BDE43EE3F4EBB02BDCF062DBCBC68663F4CEDD5BDD59EE9BC72C3013F52B5C4BD59DDC2BCBEE8083F50D63DBD845CBC,
BA9BF9C63F5A6330BDC041893CE4E69F3F579E28BDEABC513C605CCD3F5A2329BE0C26DDBD1AAA3B3F4B967DBE1B7282BD1E1E2E3F4CAA97BE056A7BBD6FB0923F51C8DABE01DF763C3EC67A3F47C8F3BE0F266C3C06B9C33F4B5A64BDF15400BAE38A7E3F4AAA08BDF1FC4CBCA77E5F3F49DE37BE0680173C392C063F405EA2BE47AD4BBAE38A7E3F4AAA08BDF1FC4C,
BDB1758E3F5AF72BBDA7D45ABD9639933F575537BD6CB429BDB17F843F5B66F9BD22E4D2BCEA11ED3F5365FEBD2A77A3BD6643CC3F572DD3BC1AC797BD0362203F516EDFBD7F00263BD120193F54D90EBD8BFB9CBC72C3013F52B5C4BD59DDC2BB3F09963F4FE5B8BDAC20D5BDA934263F5A90EFBBCEC41EBD68997C3F559A0FBD14C87ABD6643CC3F572DD3BC1AC797,
BCBC68663F4CEDD5BDD59EE9BAE38A7E3F4AAA08BDF1FC4CBC2D21363F4E05EEBDBCCD96BD0F23893F4EE44BBDBC7475BD7F2F553F549A02BD85AE60BD69C12F3F5195EEBDD8CC14BD94A5DF3F55F634BDBD15F0BD69C12F3F5195EEBDD8CC14BD7F2F553F549A02BD85AE60BD9639933F575537BD6CB429BDA934263F5A90EFBBCEC41EBDB17F843F5B66F9BD22E4D2,
BD0F23893F4EE44BBDBC7475BD0362203F516EDFBD7F0026BD68997C3F559A0FBD14C87A3C3EC67A3F47C8F3BE0F266CBAE38A7E3F4AAA08BDF1FC4C3C392C063F405EA2BE47AD4BBDA934263F5A90EFBBCEC41EBD6643CC3F572DD3BC1AC797BDB0CFE13F5C53B13CB630A9BAE38A7E3F4AAA08BDF1FC4CBB3F09963F4FE5B8BDAC20D5BC2D21363F4E05EEBDBCCD96,
BD0362203F516EDFBD7F0026BC72C3013F52B5C4BD59DDC2BCEA11ED3F5365FEBD2A77A33CE4E69F3F579E28BDEABC51BA9BF9C63F5A6330BDC041893C61B8ED3F57D103BD993DD9BD1AAA3B3F4B967DBE1B7282BD6FB0923F51C8DABE01DF76BD887D2C3F560275BE156862BAE38A7E3F4AAA08BDF1FC4C3BDE43EE3F4EBB02BDCF062DBB3F09963F4FE5B8BDAC20D5,
BD6EAFAB3F58DEF43BC13B9FBD275AB83F580AF2BBB99913BD5B10FD3F59C51E3BEB3DD1BDA62C343F5AD82CBDF69B9DBD9AEFF63F5A23E2BE0F4BE8BD989DF13F574917BDECA2DBBD989DF13F574917BDECA2DBBD6FB0923F51C8DABE01DF76BD69C12F3F5195EEBDD8CC14BC72C3013F52B5C4BD59DDC2BC6C2CE43F5529FEBD23AF32BCEA11ED3F5365FEBD2A77A3,
360637BD3F5A29FABD89E3433C61B8ED3F57D103BD993DD9BC5BA9093F5CB88DBDB1C64CBD0362203F516EDFBD7F0026BCBC68663F4CEDD5BDD59EE9BCBEE8083F50D63DBD845CBCBC72C3013F52B5C4BD59DDC2BD0362203F516EDFBD7F0026BCBEE8083F50D63DBD845CBC3C61B8ED3F57D103BD993DD9BA9BF9C63F5A6330BDC04189BC5BA9093F5CB88DBDB1C64C,
BB924F223F58024BBD2E4192BC0B3B323F5A41F6BD3E08AFBCCF6BE33F5A9CCBBC8A4E38BAE38A7E3F4AAA08BDF1FC4CBCBC68663F4CEDD5BDD59EE9BCA77E5F3F49DE37BE068017BD9639933F575537BD6CB429BD68997C3F559A0FBD14C87ABDA934263F5A90EFBBCEC41EBD6643CC3F572DD3BC1AC797BCEA11ED3F5365FEBD2A77A3BD143AEB3F55847FBCB8FDE3,
BD68997C3F559A0FBD14C87ABD9639933F575537BD6CB429BD7F2F553F549A02BD85AE60BD989DF13F574917BDECA2DBBD69C12F3F5195EEBDD8CC14BD94A5DF3F55F634BDBD15F0BC0B3B323F5A41F6BD3E08AFBB924F223F58024BBD2E4192360637BD3F5A29FABD89E343BDB1758E3F5AF72BBDA7D45ABD989DF13F574917BDECA2DBBD94A5DF3F55F634BDBD15F0,
BC6C2CE43F5529FEBD23AF32BCB700473F57F823BCB484D7BD143AEB3F55847FBCB8FDE3BCEA11ED3F5365FEBD2A77A3BC6C2CE43F5529FEBD23AF32BD143AEB3F55847FBCB8FDE3BD275AB83F580AF2BBB99913BD28FC0D3F5A9DD83A38CFC0BD5B10FD3F59C51E3BEB3DD1BCA77E5F3F49DE37BE068017BCBC68663F4CEDD5BDD59EE9BD0F23893F4EE44BBDBC7475,
3C392C063F405EA2BE47AD4BBCA77E5F3F49DE37BE068017BC8E8EA43F46A5D7BE25FD05BD6643CC3F572DD3BC1AC797BD68997C3F559A0FBD14C87ABD0362203F516EDFBD7F0026BC72C3013F52B5C4BD59DDC2BCBC68663F4CEDD5BDD59EE9BC2D21363F4E05EEBDBCCD96BB3F09963F4FE5B8BDAC20D5BC72C3013F52B5C4BD59DDC2BC2D21363F4E05EEBDBCCD96,
BD275AB83F580AF2BBB99913BD143AEB3F55847FBCB8FDE3BCB700473F57F823BCB484D7BCCF6BE33F5A9CCBBC8A4E38BD275AB83F580AF2BBB99913BCB700473F57F823BCB484D73BD120193F54D90EBD8BFB9CBB924F223F58024BBD2E4192BC6C2CE43F5529FEBD23AF32BC72C3013F52B5C4BD59DDC23BD120193F54D90EBD8BFB9CBC6C2CE43F5529FEBD23AF32,
BB924F223F58024BBD2E4192BCCF6BE33F5A9CCBBC8A4E38BCB700473F57F823BCB484D7BC6C2CE43F5529FEBD23AF32BB924F223F58024BBD2E4192BCB700473F57F823BCB484D73C61B8ED3F57D103BD993DD9360637BD3F5A29FABD89E343BB924F223F58024BBD2E41923BD120193F54D90EBD8BFB9C3C61B8ED3F57D103BD993DD9BB924F223F58024BBD2E4192,
BD1E1E2E3F4CAA97BE056A7BBCA77E5F3F49DE37BE068017BD0F23893F4EE44BBDBC7475BD69C12F3F5195EEBDD8CC14BD1E1E2E3F4CAA97BE056A7BBD0F23893F4EE44BBDBC7475BD8609143F5F48C3BE26BA49BD6B97FF3F589C6FBE3214ADBD9AEFF63F5A23E2BE0F4BE8BD6B97FF3F589C6FBE3214ADBD887D2C3F560275BE156862BD9AEFF63F5A23E2BE0F4BE8,
BCA77E5F3F49DE37BE068017BD1E1E2E3F4CAA97BE056A7BBD1AAA3B3F4B967DBE1B7282BD28FC0D3F5A9DD83A38CFC0BD275AB83F580AF2BBB99913BCCF6BE33F5A9CCBBC8A4E38BD9639933F575537BD6CB429BDB1758E3F5AF72BBDA7D45ABD94A5DF3F55F634BDBD15F0BD7F2F553F549A02BD85AE60BD9639933F575537BD6CB429BD94A5DF3F55F634BDBD15F0,
BD6EAFAB3F58DEF43BC13B9FBD5B10FD3F59C51E3BEB3DD1BD6ED56B3F5C47A13C8038A03BD120193F54D90EBD8BFB9CBB3F09963F4FE5B8BDAC20D53BDE43EE3F4EBB02BDCF062DBD6643CC3F572DD3BC1AC797BD275AB83F580AF2BBB99913BD6EAFAB3F58DEF43BC13B9FBDB0CFE13F5C53B13CB630A9BD6643CC3F572DD3BC1AC797BD6EAFAB3F58DEF43BC13B9F,
BD275AB83F580AF2BBB99913BD28FC0D3F5A9DD83A38CFC0BD5B10FD3F59C51E3BEB3DD1BDB0CFE13F5C53B13CB630A9BD6EAFAB3F58DEF43BC13B9FBD90BD013F5C12383CB30F8CBD6EAFAB3F58DEF43BC13B9FBD275AB83F580AF2BBB99913BD5B10FD3F59C51E3BEB3DD1BDA934263F5A90EFBBCEC41EBD6643CC3F572DD3BC1AC797BDB0CFE13F5C53B13CB630A9,
BD6643CC3F572DD3BC1AC797BD275AB83F580AF2BBB99913BD6EAFAB3F58DEF43BC13B9FBDB0CFE13F5C53B13CB630A9BD6643CC3F572DD3BC1AC797BD6EAFAB3F58DEF43BC13B9FBD28FC0D3F5A9DD83A38CFC0BD275AB83F580AF2BBB99913BCCF6BE33F5A9CCBBC8A4E38BD6EAFAB3F58DEF43BC13B9FBD6ED56B3F5C47A13C8038A0BD90BD013F5C12383CB30F8C,
BC4925783F52B420BEAF0CFEBD07C5263F575D68BEB3E469BD9AD5BF3F5D4CCBBEB2BC0EBD9D30AD3F5E2036BEBC1A26BDF653433F632171BEB4C5DABD9AD5BF3F5D4CCBBEB2BC0EBDBD82773F5AD05FBECC2CA1BDA132B53F5CC32BBEC3FFACBD96DCA03F59B91FBEC9E753BD2F672C3F57646BBEC40486BD96DCA03F59B91FBEC9E753BDA132B53F5CC32BBEC3FFAC,
BD92DCB13F597FD8BEAAA455BC4925783F52B420BEAF0CFEBD9AD5BF3F5D4CCBBEB2BC0EBDF083DC3F5F74BCBEA89BB7BD9AD5BF3F5D4CCBBEB2BC0EBDF653433F632171BEB4C5DABD07C5263F575D68BEB3E469BCEC093E3F5773F3BEBA91DABD9AD5BF3F5D4CCBBEB2BC0EBDF5C9603F5B8972BEA14531BD92DCB13F597FD8BEAAA455BDF083DC3F5F74BCBEA89BB7,
BDE5ECC43F5A582EBECF021DBDE13A933F53A850BED01494BE0587D73F56A2F5BED0E560BE0C86493F63F26FBEC5681FBE0D15273F65EABCBEBDC704BDA132B53F5CC32BBEC3FFACBDAAD9273F5482E0BECEDA45BDBD82773F5AD05FBECC2CA1BD96DCA03F59B91FBEC9E753BDAAD9273F5482E0BECEDA45BDE5ECC43F5A582EBECF021DBDBD82773F5AD05FBECC2CA1,
BDE5ECC43F5A582EBECF021DBDF410733F5E85BABECC258DBDDC49773F5F5AD9BEC7F152BDAAD9273F5482E0BECEDA45BD96DCA03F59B91FBEC9E753BD88850A3F5620ABBECC3B0CBD9D30AD3F5E2036BEBC1A26BD9AD5BF3F5D4CCBBEB2BC0EBCEC093E3F5773F3BEBA91DABDA132B53F5CC32BBEC3FFACBD9D30AD3F5E2036BEBC1A26BCEC093E3F5773F3BEBA91DA,
BE0C86493F63F26FBEC5681FBDA132B53F5CC32BBEC3FFACBDDC49773F5F5AD9BEC7F152BDE5ECC43F5A582EBECF021DBDDC49773F5F5AD9BEC7F152BDBD82773F5AD05FBECC2CA1BD96DCA03F59B91FBEC9E753BD2F672C3F57646BBEC40486BCE503FB3F528A72BEC93598BD88850A3F5620ABBECC3B0CBD96DCA03F59B91FBEC9E753BCE503FB3F528A72BEC93598,
BE0D15273F65EABCBEBDC704BDF653433F632171BEB4C5DABD9D30AD3F5E2036BEBC1A26BDF5C9603F5B8972BEA14531BDF5C2093F55CB79BE9ABABFBD9A69383F52490ABE9EABBDBDBD82773F5AD05FBECC2CA1BDDC49773F5F5AD9BEC7F152BDA132B53F5CC32BBEC3FFACBCEC093E3F5773F3BEBA91DABD2F672C3F57646BBEC40486BDA132B53F5CC32BBEC3FFAC,
BD92DCB13F597FD8BEAAA455BD9A69383F52490ABE9EABBDBCF8F68C3F50B924BEA66949BD92DCB13F597FD8BEAAA455BDF5C9603F5B8972BEA14531BD9A69383F52490ABE9EABBDBE0C86493F63F26FBEC5681FBDDC49773F5F5AD9BEC7F152BDF410733F5E85BABECC258DBD9D30AD3F5E2036BEBC1A26BDA132B53F5CC32BBEC3FFACBE0D15273F65EABCBEBDC704,
BDAAE6433F5FD4BFBE0762D8BD7FC86D3F662403BE24DAD3BD8609143F5F48C3BE26BA49BDE5ECC43F5A582EBECF021DBDAAD9273F5482E0BECEDA45BDE13A933F53A850BED01494BD9AD5BF3F5D4CCBBEB2BC0EBDF083DC3F5F74BCBEA89BB7BD92DCB13F597FD8BEAAA455BC4925783F52B420BEAF0CFEBD92DCB13F597FD8BEAAA455BCF8F68C3F50B924BEA66949,
3C4768E03F666D8BBE4D9CAEBB5056C53F65AB8FBE553DEABCA376923F6AE48FBE3B417DBDAAE6433F5FD4BFBE0762D8BD8609143F5F48C3BE26BA49BD9AEFF63F5A23E2BE0F4BE8BD9AEFF63F5A23E2BE0F4BE8BD887D2C3F560275BE156862BD989DF13F574917BDECA2DB3A44588A3F5A224FBE7B82C33B855DA23F53440BBE8473CDBC6BAADE3F55CED1BE721859,
BD0115DF3F7135CABE182236BCA376923F6AE48FBE3B417DBD24FCA43F6F418DBE206078BD7FC86D3F662403BE24DAD3BDB580803F674752BDF7891EBDB1EF313F6C89E3BDEDBF8CBD6D3C793F6E1661BE181C2EBD7FC86D3F662403BE24DAD3BDB1EF313F6C89E3BDEDBF8CBB5056C53F65AB8FBE553DEABCAE6EA83F671401BE4B024FBCA376923F6AE48FBE3B417D,
BC1D1F603F6D7679BE2A176EBD0115DF3F7135CABE182236BCC65A573F73FB7ABE01986CBC8288053F629197BE5B68063BF2D7F93F615B25BE6651F43A1635613F5E0DDCBE7109073C7A58F73F5CD339BE168B1ABBF69CAA3F603A43BDFB688C3B8815E43F5C76D1BE05E7C9BCC373F33F5DC2F4BE5E5C0CBC6BAADE3F55CED1BE721859BD111ADA3F59D873BE5563AA,
BD24FCA43F6F418DBE206078BCA376923F6AE48FBE3B417DBCAE6EA83F671401BE4B024FBD6D3C793F6E1661BE181C2EBD24FCA43F6F418DBE206078BCAE6EA83F671401BE4B024FBCA27AEA3F6F5504BDC090B43C7A58F73F5CD339BE168B1A3C0DD1E53F6683B2BE01C0443C4768E03F666D8BBE4D9CAEBCA376923F6AE48FBE3B417DBC1D1F603F6D7679BE2A176E,
BD0115DF3F7135CABE182236BC1D1F603F6D7679BE2A176EBCA376923F6AE48FBE3B417DBD67296F3F61C5C5BE331B9BBCC373F33F5DC2F4BE5E5C0CBD111ADA3F59D873BE5563AABC8288053F629197BE5B68063A1635613F5E0DDCBE7109073A44588A3F5A224FBE7B82C3BD0115DF3F7135CABE182236BD24FCA43F6F418DBE206078BD66FE723F711772BE0E5322,
3C7A58F73F5CD339BE168B1ABCA27AEA3F6F5504BDC090B4BCC0E38A3F677681BDD7A9A03A44588A3F5A224FBE7B82C3BC6BAADE3F55CED1BE721859BCC373F33F5DC2F4BE5E5C0CBD6D3C793F6E1661BE181C2EBDB1EF313F6C89E3BDEDBF8CBD66FE723F711772BE0E5322BD24FCA43F6F418DBE206078BD6D3C793F6E1661BE181C2EBD66FE723F711772BE0E5322,
BD67296F3F61C5C5BE331B9BBD0B15723F523982BE580065BD6B97FF3F589C6FBE3214AD3C4768E03F666D8BBE4D9CAE3BF2D7F93F615B25BE6651F4BB5056C53F65AB8FBE553DEA3CC7DE513F6658D6BE415F89BC1D1F603F6D7679BE2A176E3B9B52003F6EE72EBE08DEF43C4768E03F666D8BBE4D9CAEBC1D1F603F6D7679BE2A176E3CC7DE513F6658D6BE415F89,
BD6AA2A13F76C493BDE3DB3CBD0115DF3F7135CABE182236BD66FE723F711772BE0E5322BD6AA2A13F76C493BDE3DB3CBD2769663F78090BBDD377E2BD0115DF3F7135CABE182236BD0115DF3F7135CABE182236BD2769663F78090BBDD377E2BCC65A573F73FB7ABE01986CBC8288053F629197BE5B6806BCAE6EA83F671401BE4B024FBB5056C53F65AB8FBE553DEA,
BD7FC86D3F662403BE24DAD3BD6D3C793F6E1661BE181C2EBD15E7C93F640E28BE45E311BD15E7C93F640E28BE45E311BD6D3C793F6E1661BE181C2EBCAE6EA83F671401BE4B024FBDAAE6433F5FD4BFBE0762D8BDB580803F674752BDF7891EBD7FC86D3F662403BE24DAD3BD111ADA3F59D873BE5563AABD0B15723F523982BE580065BD67296F3F61C5C5BE331B9B,
BC8288053F629197BE5B6806BB5056C53F65AB8FBE553DEA3BF2D7F93F615B25BE6651F4BD15E7C93F640E28BE45E311BCAE6EA83F671401BE4B024FBC8288053F629197BE5B6806BCC65A573F73FB7ABE01986C3B9B52003F6EE72EBE08DEF4BC1D1F603F6D7679BE2A176EBCC373F33F5DC2F4BE5E5C0CBD67296F3F61C5C5BE331B9BBD15E7C93F640E28BE45E311,
BD7FC86D3F662403BE24DAD3BD67296F3F61C5C5BE331B9BBD8609143F5F48C3BE26BA49BC98DCDB3F64113CBDE60A20BBF69CAA3F603A43BDFB688C3C7A58F73F5CD339BE168B1ABCC0E38A3F677681BDD7A9A0BC98DCDB3F64113CBDE60A203C7A58F73F5CD339BE168B1ABCC373F33F5DC2F4BE5E5C0CBD15E7C93F640E28BE45E311BC8288053F629197BE5B6806,
BD6B97FF3F589C6FBE3214ADBD887D2C3F560275BE156862BD9AEFF63F5A23E2BE0F4BE8BCC373F33F5DC2F4BE5E5C0CBC8288053F629197BE5B68063A44588A3F5A224FBE7B82C3BD111ADA3F59D873BE5563AABC6BAADE3F55CED1BE721859BD0B15723F523982BE580065BD67296F3F61C5C5BE331B9BBD6B97FF3F589C6FBE3214ADBD8609143F5F48C3BE26BA49,
BD05AD543F642364BDBDD65ABC9761463F5FBC0ABDD46349BC98DCDB3F64113CBDE60A20BDD93BC13F739896BD9A1C26BE02C27A3F7858DEBD24D7F1BDC8C9323F763ED1BDA254A4BD7FC86D3F662403BE24DAD3BD15E7C93F640E28BE45E311BD67296F3F61C5C5BE331B9BBD8609143F5F48C3BE26BA49BD6B97FF3F589C6FBE3214ADBD9AEFF63F5A23E2BE0F4BE8,
BCA27AEA3F6F5504BDC090B4BD28D3283F757710BD8DF698BCC0E38A3F677681BDD7A9A0BDAAE6433F5FD4BFBE0762D8BD7FC86D3F662403BE24DAD3BD8609143F5F48C3BE26BA49BC5BA9093F5CB88DBDB1C64CBDD3CA323F68C0593CC7EAE6BD87FD3F3F632BDCBC94C016BC9761463F5FBC0ABDD46349BBF69CAA3F603A43BDFB688CBC98DCDB3F64113CBDE60A20,
BD63C6433F7AFD33BDB177A7BD6AA2A13F76C493BDE3DB3CBD948A9C3F798BB5BDB89ACCBD948A9C3F798BB5BDB89ACCBD96BFCB3F7FA92ABD73CC4BBD63C6433F7AFD33BDB177A7BDBFE8EE3F79DC72BCC23960BDBD1A223F704BF5BCB61DC9BD9AA0CB3F758C7EBD354C12BBEC636B3F709FC7BDD112773B0EBCC73F6D0D17BDE95BFFBA0FEAC43F70C0DFBDE8D089,
BDD3CA323F68C0593CC7EAE6BC9761463F5FBC0ABDD46349BD773F313F681F21BD6F75DABDAAE6433F5FD4BFBE0762D8BD8609143F5F48C3BE26BA49BD9AEFF63F5A23E2BE0F4BE8BD9AEFF63F5A23E2BE0F4BE8BD887D2C3F560275BE156862BD989DF13F574917BDECA2DBBD1C3BD63F7A961CBDAC41DDBD63C6433F7AFD33BDB177A7BD322E1B3F7C7842BD98D717,
BCC0E38A3F677681BDD7A9A0BD05AD543F642364BDBDD65ABC98DCDB3F64113CBDE60A20BD7FC86D3F662403BE24DAD3BDB580803F674752BDF7891EBDB1EF313F6C89E3BDEDBF8CBD6D3C793F6E1661BE181C2EBD7FC86D3F662403BE24DAD3BDB1EF313F6C89E3BDEDBF8CBDA62C343F5AD82CBDF69B9DBDAAE6433F5FD4BFBE0762D8BD9AEFF63F5A23E2BE0F4BE8,
BDBAD85E3F7B4CC2BD8F01FCBDC8C9323F763ED1BDA254A4BDD29AA23F7FC0A0BD445ED5BE02C27A3F7858DEBD24D7F1BDD93BC13F739896BD9A1C26BE0536933F73CC8EBD1E3865BD7127F63F5F34833BDBCEC8BD4A47ED3F5CEAE23BE1D649BD25BD943F5CC89BBBAB92C0BC9761463F5FBC0ABDD46349BDD3CA323F68C0593CC7EAE6BC5BA9093F5CB88DBDB1C64C,
BDD27E523F690C0BBDB9CAE2BDD97C3D3F64D3BFBD8EE49FBDF346993F6B2192BD637692BDBD1A223F704BF5BCB61DC9BD773F313F681F21BD6F75DABD9238973F6F69DBBD506141BD72CD7D3F800AF2BD5477BCBD7EFE0D3F7D5B57BD2DFC5DBD5BE8FF3F7DC7CEBD4F312B3C7A58F73F5CD339BE168B1ABBF69CAA3F603A43BDFB688C3B8815E43F5C76D1BE05E7C9,
BDE053E33F79D68CBBF544BBBDBFE8EE3F79DC72BCC23960BDE2DE873F7E0536BBF06B38BDB1758E3F5AF72BBDA7D45ABDA62C343F5AD82CBDF69B9DBD989DF13F574917BDECA2DBBD28FC0D3F5A9DD83A38CFC0BD25BD943F5CC89BBBAB92C0BD4A47ED3F5CEAE23BE1D649BC1D1F603F6D7679BE2A176EBD0115DF3F7135CABE182236BCC65A573F73FB7ABE01986C,
BDB580803F674752BDF7891EBDD27E523F690C0BBDB9CAE2BDB1EF313F6C89E3BDEDBF8CBCA27AEA3F6F5504BDC090B43C7A58F73F5CD339BE168B1A3C0DD1E53F6683B2BE01C044BDD29AA23F7FC0A0BD445ED5BDC8C9323F763ED1BDA254A4BDFAE03B3F7C4E94BD241B33BD25BD943F5CC89BBBAB92C0BCCF6BE33F5A9CCBBC8A4E38BD7127F63F5F34833BDBCEC8,
BDA934263F5A90EFBBCEC41EBD68997C3F559A0FBD14C87ABD6643CC3F572DD3BC1AC797BA9BF9C63F5A6330BDC041893CE4E69F3F579E28BDEABC513C605CCD3F5A2329BE0C26DDBB97D06C3F5CAD25BDE5F8D3BA9BF9C63F5A6330BDC041893C605CCD3F5A2329BE0C26DDBD7EFE0D3F7D5B57BD2DFC5DBD50A2443F7B1359BD5E28AABD5BE8FF3F7DC7CEBD4F312B,
BD322E1B3F7C7842BD98D717BD63C6433F7AFD33BDB177A7BD96BFCB3F7FA92ABD73CC4BBD426CC23F7DB036BD7748A1BD322E1B3F7C7842BD98D717BD7A11A93F7F80BBBD79B025BD7127F63F5F34833BDBCEC8BCEA81133F5CD877BD313F07BC5BA9093F5CB88DBDB1C64CBDD3EF6B3F5EC0F93CBA6CE3BDA934263F5A90EFBBCEC41EBDB0CFE13F5C53B13CB630A9,
BD28D3283F757710BD8DF698BCA27AEA3F6F5504BDC090B4BC9982883F734613BDB77FAEBE0536933F73CC8EBD1E3865BDD93BC13F739896BD9A1C26BDD27E523F690C0BBDB9CAE2BD9639933F575537BD6CB429BDA934263F5A90EFBBCEC41EBDB17F843F5B66F9BD22E4D2BDB1758E3F5AF72BBDA7D45ABD9639933F575537BD6CB429BDB17F843F5B66F9BD22E4D2,
BD948A9C3F798BB5BDB89ACCBDBAD85E3F7B4CC2BD8F01FCBD96BFCB3F7FA92ABD73CC4BBD225C813F7B29D4BD88155DBD322E1B3F7C7842BD98D717BD426CC23F7DB036BD7748A1BD322E1B3F7C7842BD98D717BD96BFCB3F7FA92ABD73CC4BBD7A11A93F7F80BBBD79B025BD0115DF3F7135CABE182236BD24FCA43F6F418DBE206078BD66FE723F711772BE0E5322,
BD948A9C3F798BB5BDB89ACCBD6AA2A13F76C493BDE3DB3CBD66FE723F711772BE0E5322BDBAD85E3F7B4CC2BD8F01FCBD948A9C3F798BB5BDB89ACCBD66FE723F711772BE0E5322BBEC636B3F709FC7BDD11277BCA27AEA3F6F5504BDC090B43B0EBCC73F6D0D17BDE95BFFBDA934263F5A90EFBBCEC41EBD6643CC3F572DD3BC1AC797BDB0CFE13F5C53B13CB630A9,
BC5BA9093F5CB88DBDB1C64CBA9BF9C63F5A6330BDC04189BB97D06C3F5CAD25BDE5F8D3BC9761463F5FBC0ABDD46349BC5BA9093F5CB88DBDB1C64CBB97D06C3F5CAD25BDE5F8D3BA0FEAC43F70C0DFBDE8D0893B0EBCC73F6D0D17BDE95BFF3C5A94363F6BB83DBE017FC7BCC65A573F73FB7ABE01986CBCAF1AA03F760B3DBDD6B3BC3B9B52003F6EE72EBE08DEF4,
BDB17F843F5B66F9BD22E4D2BDA934263F5A90EFBBCEC41EBDDA77603F60661BBC11F70EBCFCD4673F79272DBD9D4F9CBCE3EAF73F7893FBBDB8A00ABD1C3BD63F7A961CBDAC41DDBC5BA9093F5CB88DBDB1C64CBD87FD3F3F632BDCBC94C016BD7127F63F5F34833BDBCEC8BD9AA0CB3F758C7EBD354C12BD28D3283F757710BD8DF698BD50A2443F7B1359BD5E28AA,
BDCEED033F61146EBD4F8727BDD97C3D3F64D3BFBD8EE49FBDB1758E3F5AF72BBDA7D45ABDB17F843F5B66F9BD22E4D2BDCEED033F61146EBD4F8727BDB1758E3F5AF72BBDA7D45ABDD27E523F690C0BBDB9CAE2BDF346993F6B2192BD637692BE0536933F73CC8EBD1E3865BCE3EAF73F7893FBBDB8A00ABCFCD4673F79272DBD9D4F9CBCB597923F75E460BDAEF2C7,
BD24FCA43F6F418DBE206078BD6D3C793F6E1661BE181C2EBD66FE723F711772BE0E5322BD6EAFAB3F58DEF43BC13B9FBD275AB83F580AF2BBB99913BD5B10FD3F59C51E3BEB3DD1BDA62C343F5AD82CBDF69B9DBD9AEFF63F5A23E2BE0F4BE8BD989DF13F574917BDECA2DB3CE4E69F3F579E28BDEABC51BA9BF9C63F5A6330BDC041893C61B8ED3F57D103BD993DD9,
BDFAE03B3F7C4E94BD241B33BE04ED2D3F8053CABCDBE5DABDD29AA23F7FC0A0BD445ED5BD28D3283F757710BD8DF698BD9AA0CB3F758C7EBD354C12BCC0E38A3F677681BDD7A9A0BDA9DF113F702DE0BDE8D6D4BDB1EF313F6C89E3BDEDBF8CBDD93BC13F739896BD9A1C263B0EBCC73F6D0D17BDE95BFFBCA27AEA3F6F5504BDC090B43C0DD1E53F6683B2BE01C044,
BDBD06363F626D6ABDE6DEFCBDAAE6433F5FD4BFBE0762D8BDA62C343F5AD82CBDF69B9DBDC8C9323F763ED1BDA254A4BDA9DF113F702DE0BDE8D6D4BDD93BC13F739896BD9A1C263C61B8ED3F57D103BD993DD9BA9BF9C63F5A6330BDC04189BC5BA9093F5CB88DBDB1C64CBCC0E38A3F677681BDD7A9A0BD9238973F6F69DBBD506141BD05AD543F642364BDBDD65A,
3B9B52003F6EE72EBE08DEF4BA0FEAC43F70C0DFBDE8D0893C5A94363F6BB83DBE017FC7BD7EFE0D3F7D5B57BD2DFC5DBD840E9D3F7FDB1ABD1E0935BD9632C23F7FD85ABCFFD827BD9AA0CB3F758C7EBD354C12BDBD1A223F704BF5BCB61DC9BD9238973F6F69DBBD506141BD6D3C793F6E1661BE181C2EBDB1EF313F6C89E3BDEDBF8CBD66FE723F711772BE0E5322,
BD50A2443F7B1359BD5E28AABD28D3283F757710BD8DF698BD225C813F7B29D4BD88155DBD426CC23F7DB036BD7748A1BD50A2443F7B1359BD5E28AABD225C813F7B29D4BD88155D360637BD3F5A29FABD89E3433C61B8ED3F57D103BD993DD9BC5BA9093F5CB88DBDB1C64CBD773F313F681F21BD6F75DABC9761463F5FBC0ABDD46349BD05AD543F642364BDBDD65A,
BD9639933F575537BD6CB429BD68997C3F559A0FBD14C87ABDA934263F5A90EFBBCEC41EBCA27AEA3F6F5504BDC090B4BC5F86E43F743A43BDC70B07BC9982883F734613BDB77FAEBD28D3283F757710BD8DF698BC9982883F734613BDB77FAEBCB597923F75E460BDAEF2C7BD11654D3F786CFDBD9023EABD28D3283F757710BD8DF698BCB597923F75E460BDAEF2C7,
BDCBAD7D3F6C8627BABAE89FBD773F313F681F21BD6F75DABDBD1A223F704BF5BCB61DC9BD225C813F7B29D4BD88155DBD28D3283F757710BD8DF698BD11654D3F786CFDBD9023EABD11654D3F786CFDBD9023EABCB597923F75E460BDAEF2C7BCFCD4673F79272DBD9D4F9CBDF842B73F6522A7BBF21709BDF033A43F664B77BD035BD5BDDA77603F60661BBC11F70E,
BB924F223F58024BBD2E4192BC0B3B323F5A41F6BD3E08AFBCCF6BE33F5A9CCBBC8A4E38BDBD1A223F704BF5BCB61DC9BDBFE8EE3F79DC72BCC23960BDE053E33F79D68CBBF544BB3C7A58F73F5CD339BE168B1ABCA27AEA3F6F5504BDC090B4BCC0E38A3F677681BDD7A9A0BCEA81133F5CD877BD313F07BD7127F63F5F34833BDBCEC8BCCF6BE33F5A9CCBBC8A4E38,
BDD012173F668566BDBBD1EEBDD97C3D3F64D3BFBD8EE49FBDD27E523F690C0BBDB9CAE23CC7DE513F6658D6BE415F89BC1D1F603F6D7679BE2A176E3B9B52003F6EE72EBE08DEF4BC9761463F5FBC0ABDD46349BB97D06C3F5CAD25BDE5F8D3BBF69CAA3F603A43BDFB688CBC0B3B323F5A41F6BD3E08AFBCEA81133F5CD877BD313F07BCCF6BE33F5A9CCBBC8A4E38,
BC0B3B323F5A41F6BD3E08AFBB924F223F58024BBD2E4192360637BD3F5A29FABD89E343BCEA81133F5CD877BD313F07BC0B3B323F5A41F6BD3E08AF360637BD3F5A29FABD89E343360637BD3F5A29FABD89E343BC5BA9093F5CB88DBDB1C64CBCEA81133F5CD877BD313F07BDB1758E3F5AF72BBDA7D45ABD989DF13F574917BDECA2DBBD94A5DF3F55F634BDBD15F0,
BD1C3BD63F7A961CBDAC41DDBD2769663F78090BBDD377E2BD63C6433F7AFD33BDB177A7BD7127F63F5F34833BDBCEC8BD87FD3F3F632BDCBC94C016BD80895D3F5F5C4B3C62CDC0BDDA77603F60661BBC11F70EBDF86B163F62EDDD3C5C6E2BBDF842B73F6522A7BBF21709BDD93BC13F739896BD9A1C26BDB1EF313F6C89E3BDEDBF8CBDD27E523F690C0BBDB9CAE2,
BDB0C5EB3F810165BD3F1D82BDBAD85E3F7B4CC2BD8F01FCBDD29AA23F7FC0A0BD445ED5BDE2DE873F7E0536BBF06B38BDBFE8EE3F79DC72BCC23960BD9632C23F7FD85ABCFFD827BD9632C23F7FD85ABCFFD827BDBFE8EE3F79DC72BCC23960BD9AA0CB3F758C7EBD354C12BD2769663F78090BBDD377E2BD6AA2A13F76C493BDE3DB3CBD63C6433F7AFD33BDB177A7,
3B9B52003F6EE72EBE08DEF4BCAF1AA03F760B3DBDD6B3BCBA0FEAC43F70C0DFBDE8D089BD96BFCB3F7FA92ABD73CC4BBDBAD85E3F7B4CC2BD8F01FCBDB0C5EB3F810165BD3F1D82BDB580803F674752BDF7891EBDBD06363F626D6ABDE6DEFCBDD012173F668566BDBBD1EEBD1C3BD63F7A961CBDAC41DDBD322E1B3F7C7842BD98D717BCFCD4673F79272DBD9D4F9C,
BD6AA2A13F76C493BDE3DB3CBD0115DF3F7135CABE182236BD66FE723F711772BE0E5322BD6AA2A13F76C493BDE3DB3CBD2769663F78090BBDD377E2BD0115DF3F7135CABE182236BD2769663F78090BBDD377E2BCAF1AA03F760B3DBDD6B3BCBCC65A573F73FB7ABE01986CBD0115DF3F7135CABE182236BD2769663F78090BBDD377E2BCC65A573F73FB7ABE01986C,
BD50A2443F7B1359BD5E28AABD426CC23F7DB036BD7748A1BD5BE8FF3F7DC7CEBD4F312BBCE3EAF73F7893FBBDB8A00ABD2769663F78090BBDD377E2BD1C3BD63F7A961CBDAC41DDBDBAD85E3F7B4CC2BD8F01FCBD66FE723F711772BE0E5322BDA9DF113F702DE0BDE8D6D4BDC8C9323F763ED1BDA254A4BDBAD85E3F7B4CC2BD8F01FCBDA9DF113F702DE0BDE8D6D4,
BDB1EF313F6C89E3BDEDBF8CBDA9DF113F702DE0BDE8D6D4BD66FE723F711772BE0E5322BDD3EF6B3F5EC0F93CBA6CE3BDF86B163F62EDDD3C5C6E2BBDA934263F5A90EFBBCEC41EBDA934263F5A90EFBBCEC41EBDF86B163F62EDDD3C5C6E2BBDDA77603F60661BBC11F70EBD275AB83F580AF2BBB99913BD28FC0D3F5A9DD83A38CFC0BD5B10FD3F59C51E3BEB3DD1,
BC5F86E43F743A43BDC70B07BCAF1AA03F760B3DBDD6B3BCBCE3EAF73F7893FBBDB8A00ABDFAE03B3F7C4E94BD241B33BDC8C9323F763ED1BDA254A4BE02C27A3F7858DEBD24D7F1BCC0E38A3F677681BDD7A9A0BD9AA0CB3F758C7EBD354C12BD9238973F6F69DBBD506141BDAAE6433F5FD4BFBE0762D8BDB580803F674752BDF7891EBD7FC86D3F662403BE24DAD3,
BCC65A573F73FB7ABE01986C3B9B52003F6EE72EBE08DEF4BC1D1F603F6D7679BE2A176EBC5F86E43F743A43BDC70B07BBEC636B3F709FC7BDD11277BA0FEAC43F70C0DFBDE8D089BCAF1AA03F760B3DBDD6B3BCBC5F86E43F743A43BDC70B07BA0FEAC43F70C0DFBDE8D089BCAF1AA03F760B3DBDD6B3BCBD2769663F78090BBDD377E2BCE3EAF73F7893FBBDB8A00A,
BB97D06C3F5CAD25BDE5F8D33C605CCD3F5A2329BE0C26DD3B8815E43F5C76D1BE05E7C9BBF69CAA3F603A43BDFB688CBB97D06C3F5CAD25BDE5F8D33B8815E43F5C76D1BE05E7C9BDD3CA323F68C0593CC7EAE6BD80895D3F5F5C4B3C62CDC0BD87FD3F3F632BDCBC94C016BDAAE6433F5FD4BFBE0762D8BDBD06363F626D6ABDE6DEFCBDB580803F674752BDF7891E,
BDD012173F668566BDBBD1EEBDD27E523F690C0BBDB9CAE2BDB580803F674752BDF7891EBC5F86E43F743A43BDC70B07BCA27AEA3F6F5504BDC090B4BBEC636B3F709FC7BDD11277BC98DCDB3F64113CBDE60A20BBF69CAA3F603A43BDFB688C3C7A58F73F5CD339BE168B1ABCC0E38A3F677681BDD7A9A0BC98DCDB3F64113CBDE60A203C7A58F73F5CD339BE168B1A,
BDF033A43F664B77BD035BD5BDF346993F6B2192BD637692BDD97C3D3F64D3BFBD8EE49FBDCEED033F61146EBD4F8727BDF033A43F664B77BD035BD5BDD97C3D3F64D3BFBD8EE49FBD225C813F7B29D4BD88155DBD11654D3F786CFDBD9023EABCFCD4673F79272DBD9D4F9CBD322E1B3F7C7842BD98D717BD225C813F7B29D4BD88155DBCFCD4673F79272DBD9D4F9C,
3C61B8ED3F57D103BD993DD9360637BD3F5A29FABD89E343BB924F223F58024BBD2E4192BDCBAD7D3F6C8627BABAE89FBDE71FFF3F74779A3B00A5ADBE02602D3F7398FA3CB73F31BDF13A503F6DC0443CD3D641BDCBAD7D3F6C8627BABAE89FBE02602D3F7398FA3CB73F31BCCF6BE33F5A9CCBBC8A4E38BD275AB83F580AF2BBB99913BCB700473F57F823BCB484D7,
BD9639933F575537BD6CB429BDB1758E3F5AF72BBDA7D45ABD94A5DF3F55F634BDBD15F0BD8609143F5F48C3BE26BA49BD6B97FF3F589C6FBE3214ADBD9AEFF63F5A23E2BE0F4BE8BD6B97FF3F589C6FBE3214ADBD887D2C3F560275BE156862BD9AEFF63F5A23E2BE0F4BE8BB924F223F58024BBD2E4192BCCF6BE33F5A9CCBBC8A4E38BCB700473F57F823BCB484D7,
BDDA77603F60661BBC11F70EBDF033A43F664B77BD035BD5BDCEED033F61146EBD4F8727BDB17F843F5B66F9BD22E4D2BDDA77603F60661BBC11F70EBDCEED033F61146EBD4F8727BD28FC0D3F5A9DD83A38CFC0BD275AB83F580AF2BBB99913BCCF6BE33F5A9CCBBC8A4E38BD25BD943F5CC89BBBAB92C0BD28FC0D3F5A9DD83A38CFC0BCCF6BE33F5A9CCBBC8A4E38,
BDB0CFE13F5C53B13CB630A9BD6643CC3F572DD3BC1AC797BD6EAFAB3F58DEF43BC13B9FBDF13A503F6DC0443CD3D641BDD3CA323F68C0593CC7EAE6BDCBAD7D3F6C8627BABAE89FBE126A233F7BB2253CC5DE9CBDE71FFF3F74779A3B00A5ADBDE053E33F79D68CBBF544BBBDCBAD7D3F6C8627BABAE89FBDD3CA323F68C0593CC7EAE6BD773F313F681F21BD6F75DA,
BD7EFE0D3F7D5B57BD2DFC5DBD9AA0CB3F758C7EBD354C12BD50A2443F7B1359BD5E28AABD05AD543F642364BDBDD65ABD9238973F6F69DBBD506141BD773F313F681F21BD6F75DABDD012173F668566BDBBD1EEBDBD06363F626D6ABDE6DEFCBDD97C3D3F64D3BFBD8EE49FBDBD06363F626D6ABDE6DEFCBDB1758E3F5AF72BBDA7D45ABDD97C3D3F64D3BFBD8EE49F,
BCB597923F75E460BDAEF2C7BC9982883F734613BDB77FAEBC5F86E43F743A43BDC70B07BCE3EAF73F7893FBBDB8A00ABCB597923F75E460BDAEF2C7BC5F86E43F743A43BDC70B07BD9632C23F7FD85ABCFFD827BD9AA0CB3F758C7EBD354C12BD7EFE0D3F7D5B57BD2DFC5DBDBD06363F626D6ABDE6DEFCBDA62C343F5AD82CBDF69B9DBDB1758E3F5AF72BBDA7D45A,
BDBD1A223F704BF5BCB61DC9BDE71FFF3F74779A3B00A5ADBDCBAD7D3F6C8627BABAE89FBD840E9D3F7FDB1ABD1E0935BD7EFE0D3F7D5B57BD2DFC5DBD72CD7D3F800AF2BD5477BCBDE053E33F79D68CBBF544BBBDE71FFF3F74779A3B00A5ADBDBD1A223F704BF5BCB61DC9BDE053E33F79D68CBBF544BBBDE2DE873F7E0536BBF06B38BE126A233F7BB2253CC5DE9C,
BDD3CA323F68C0593CC7EAE6BC9761463F5FBC0ABDD46349BD773F313F681F21BD6F75DABDA7BCC33F620D673CE96C40BD9BDD763F5EC17F3CECE9A3BD8CFA6A3F5EE5CD3CBB40B3BC5BA9093F5CB88DBDB1C64CBDD3CA323F68C0593CC7EAE6BD87FD3F3F632BDCBC94C016BDC51E323F6112773D246174BD9BDD763F5EC17F3CECE9A3BDA7BCC33F620D673CE96C40,
BD6EAFAB3F58DEF43BC13B9FBD5B10FD3F59C51E3BEB3DD1BD6ED56B3F5C47A13C8038A0BD7127F63F5F34833BDBCEC8BD4A47ED3F5CEAE23BE1D649BD25BD943F5CC89BBBAB92C0BC9761463F5FBC0ABDD46349BDD3CA323F68C0593CC7EAE6BC5BA9093F5CB88DBDB1C64CBDD3EF6B3F5EC0F93CBA6CE3BE0A56DE3F63C7933D1B8DC5BDF86B163F62EDDD3C5C6E2B,
BDD3EF6B3F5EC0F93CBA6CE3BDA934263F5A90EFBBCEC41EBDB0CFE13F5C53B13CB630A9BD25BD943F5CC89BBBAB92C0BCCF6BE33F5A9CCBBC8A4E38BD7127F63F5F34833BDBCEC8BD8CFA6A3F5EE5CD3CBB40B3BD9BDD763F5EC17F3CECE9A3BD90BD013F5C12383CB30F8CBD28FC0D3F5A9DD83A38CFC0BD25BD943F5CC89BBBAB92C0BD4A47ED3F5CEAE23BE1D649,
BDA934263F5A90EFBBCEC41EBD6643CC3F572DD3BC1AC797BDB0CFE13F5C53B13CB630A9BDB0CFE13F5C53B13CB630A9BDDCF3DC3F613B193D2BD5DCBDF75D9A3F6195573D2772D6BDCBCBE63F644D663D2494D5BDD3CA323F68C0593CC7EAE6BDF13A503F6DC0443CD3D641BD7127F63F5F34833BDBCEC8BCEA81133F5CD877BD313F07BC5BA9093F5CB88DBDB1C64C,
BD80895D3F5F5C4B3C62CDC0BD90BD013F5C12383CB30F8CBD6ED56B3F5C47A13C8038A0BD7127F63F5F34833BDBCEC8BD80895D3F5F5C4B3C62CDC0BD6ED56B3F5C47A13C8038A0BC5BA9093F5CB88DBDB1C64CBD87FD3F3F632BDCBC94C016BD7127F63F5F34833BDBCEC8BDCBCBE63F644D663D2494D5BDF13A503F6DC0443CD3D641BE0798D93F6BB6BB3D4295A7,
BDF75D9A3F6195573D2772D6BDD3EF6B3F5EC0F93CBA6CE3BDB0CFE13F5C53B13CB630A9BDF21D543F63F9A53D46099ABDF75D9A3F6195573D2772D6BDDCF3DC3F613B193D2BD5DCBD6EAFAB3F58DEF43BC13B9FBD275AB83F580AF2BBB99913BD5B10FD3F59C51E3BEB3DD1BD8CFA6A3F5EE5CD3CBB40B3BD80895D3F5F5C4B3C62CDC0BDA7BCC33F620D673CE96C40,
BD5B10FD3F59C51E3BEB3DD1BD4A47ED3F5CEAE23BE1D649BD6ED56B3F5C47A13C8038A0BCEA81133F5CD877BD313F07BD7127F63F5F34833BDBCEC8BCCF6BE33F5A9CCBBC8A4E38BD90BD013F5C12383CB30F8CBD80895D3F5F5C4B3C62CDC0BD8CFA6A3F5EE5CD3CBB40B3BDB0CFE13F5C53B13CB630A9BD6EAFAB3F58DEF43BC13B9FBD90BD013F5C12383CB30F8C,
BDDCF3DC3F613B193D2BD5DCBDCBCBE63F644D663D2494D5BDF21D543F63F9A53D46099ABD7127F63F5F34833BDBCEC8BD87FD3F3F632BDCBC94C016BD80895D3F5F5C4B3C62CDC0BDDA77603F60661BBC11F70EBDF86B163F62EDDD3C5C6E2BBDF842B73F6522A7BBF21709BD4A47ED3F5CEAE23BE1D649BD7127F63F5F34833BDBCEC8BD6ED56B3F5C47A13C8038A0,
BD9BDD763F5EC17F3CECE9A3BDC51E323F6112773D246174BDB0CFE13F5C53B13CB630A9BDDCF3DC3F613B193D2BD5DCBDB0CFE13F5C53B13CB630A9BDC51E323F6112773D246174BDCBCBE63F644D663D2494D5BDDCF3DC3F613B193D2BD5DCBDC51E323F6112773D246174BDCBCBE63F644D663D2494D5BDF8A2233F665E033D4D20B0BDF21D543F63F9A53D46099A,
BDA934263F5A90EFBBCEC41EBDF86B163F62EDDD3C5C6E2BBDDA77603F60661BBC11F70EBD28FC0D3F5A9DD83A38CFC0BD4A47ED3F5CEAE23BE1D649BD5B10FD3F59C51E3BEB3DD1BD275AB83F580AF2BBB99913BD28FC0D3F5A9DD83A38CFC0BD5B10FD3F59C51E3BEB3DD1BE0798D93F6BB6BB3D4295A7BDF8A2233F665E033D4D20B0BDCBCBE63F644D663D2494D5,
BD9BDD763F5EC17F3CECE9A3BDB0CFE13F5C53B13CB630A9BD90BD013F5C12383CB30F8CBE0A56DE3F63C7933D1B8DC5BDD3EF6B3F5EC0F93CBA6CE3BDF75D9A3F6195573D2772D6BDD3CA323F68C0593CC7EAE6BDA7BCC33F620D673CE96C40BD80895D3F5F5C4B3C62CDC0BDD3EF6B3F5EC0F93CBA6CE3BDF86B163F62EDDD3C5C6E2BBDA934263F5A90EFBBCEC41E,
BDCBAD7D3F6C8627BABAE89FBDE71FFF3F74779A3B00A5ADBE02602D3F7398FA3CB73F31BDF13A503F6DC0443CD3D641BDCBAD7D3F6C8627BABAE89FBE02602D3F7398FA3CB73F31BD6EAFAB3F58DEF43BC13B9FBD6ED56B3F5C47A13C8038A0BD90BD013F5C12383CB30F8CBDD3CA323F68C0593CC7EAE6BD80895D3F5F5C4B3C62CDC0BD87FD3F3F632BDCBC94C016,
BE126A233F7BB2253CC5DE9CBDE71FFF3F74779A3B00A5ADBDE053E33F79D68CBBF544BBBDCBAD7D3F6C8627BABAE89FBDD3CA323F68C0593CC7EAE6BD773F313F681F21BD6F75DABD28FC0D3F5A9DD83A38CFC0BD275AB83F580AF2BBB99913BCCF6BE33F5A9CCBBC8A4E38BD25BD943F5CC89BBBAB92C0BD28FC0D3F5A9DD83A38CFC0BCCF6BE33F5A9CCBBC8A4E38,
BDE053E33F79D68CBBF544BBBDE2DE873F7E0536BBF06B38BE126A233F7BB2253CC5DE9CBDD3CA323F68C0593CC7EAE6BDCBCBE63F644D663D2494D5BDA7BCC33F620D673CE96C40BDB0CFE13F5C53B13CB630A9BD6643CC3F572DD3BC1AC797BD6EAFAB3F58DEF43BC13B9FBDF13A503F6DC0443CD3D641BDD3CA323F68C0593CC7EAE6BDCBAD7D3F6C8627BABAE89F,
BD93C1CE3F814F37BD20A84CBDAE91433F821B4CBD0C5A81BD9DF5493F812DDCBCEBE9C9BDBD1A223F704BF5BCB61DC9BDE71FFF3F74779A3B00A5ADBDCBAD7D3F6C8627BABAE89FBDCBCBE63F644D663D2494D5BDC51E323F6112773D246174BDA7BCC33F620D673CE96C40BDE053E33F79D68CBBF544BBBDE71FFF3F74779A3B00A5ADBDBD1A223F704BF5BCB61DC9,
BD5BE8FF3F7DC7CEBD4F312BBD7A11A93F7F80BBBD79B025BD72CD7D3F800AF2BD5477BCBD93C1CE3F814F37BD20A84CBDB0C5EB3F810165BD3F1D82BDAE91433F821B4CBD0C5A81BD9DF5493F812DDCBCEBE9C9BDAE91433F821B4CBD0C5A81BDAE0B913F8240C0BCD46D40BD948A9C3F798BB5BDB89ACCBD96BFCB3F7FA92ABD73CC4BBD63C6433F7AFD33BDB177A7,
BDE053E33F79D68CBBF544BBBDBFE8EE3F79DC72BCC23960BDE2DE873F7E0536BBF06B38BD72CD7D3F800AF2BD5477BCBD7EFE0D3F7D5B57BD2DFC5DBD5BE8FF3F7DC7CEBD4F312BBDBAD85E3F7B4CC2BD8F01FCBDC8C9323F763ED1BDA254A4BDD29AA23F7FC0A0BD445ED5BE0372E73F83A049BB2C7DA2BE0A172B3F8340813BAB4741BDDAC4F83F82A3D7BC09B520,
BD426CC23F7DB036BD7748A1BD322E1B3F7C7842BD98D717BD7A11A93F7F80BBBD79B025BD7EFE0D3F7D5B57BD2DFC5DBD50A2443F7B1359BD5E28AABD5BE8FF3F7DC7CEBD4F312BBE04ED2D3F8053CABCDBE5DABDE1C6093F81C43BBD052503BDD29AA23F7FC0A0BD445ED5BDD29AA23F7FC0A0BD445ED5BDC8C9323F763ED1BDA254A4BDFAE03B3F7C4E94BD241B33,
BD225C813F7B29D4BD88155DBD322E1B3F7C7842BD98D717BD426CC23F7DB036BD7748A1BD322E1B3F7C7842BD98D717BD96BFCB3F7FA92ABD73CC4BBD7A11A93F7F80BBBD79B025BDAE91433F821B4CBD0C5A81BDE1C6093F81C43BBD052503BDF015C23F8330E8BC92DFD7BD322E1B3F7C7842BD98D717BD63C6433F7AFD33BDB177A7BD96BFCB3F7FA92ABD73CC4B,
BDAE0B913F8240C0BCD46D40BDAE91433F821B4CBD0C5A81BDD9207D3F83392ABC72E05DBD93C1CE3F814F37BD20A84CBD840E9D3F7FDB1ABD1E0935BD72CD7D3F800AF2BD5477BCBD9632C23F7FD85ABCFFD827BD93C1CE3F814F37BD20A84CBD9DF5493F812DDCBCEBE9C9BD948A9C3F798BB5BDB89ACCBDBAD85E3F7B4CC2BD8F01FCBD96BFCB3F7FA92ABD73CC4B,
BDBBE09C3F813709BC8C825ABDAE0B913F8240C0BCD46D40BDDAC4F83F82A3D7BC09B520BD96BFCB3F7FA92ABD73CC4BBD72CD7D3F800AF2BD5477BCBD7A11A93F7F80BBBD79B025BD9632C23F7FD85ABCFFD827BD840E9D3F7FDB1ABD1E0935BD93C1CE3F814F37BD20A84CBDAE91433F821B4CBD0C5A81BDF015C23F8330E8BC92DFD7BDD9207D3F83392ABC72E05D,
BD72CD7D3F800AF2BD5477BCBD96BFCB3F7FA92ABD73CC4BBD93C1CE3F814F37BD20A84CBD426CC23F7DB036BD7748A1BD50A2443F7B1359BD5E28AABD225C813F7B29D4BD88155DBD7EFE0D3F7D5B57BD2DFC5DBD840E9D3F7FDB1ABD1E0935BD9632C23F7FD85ABCFFD827BDFAE03B3F7C4E94BD241B33BE04ED2D3F8053CABCDBE5DABDD29AA23F7FC0A0BD445ED5,
BDE2DE873F7E0536BBF06B38BDBFE8EE3F79DC72BCC23960BD9632C23F7FD85ABCFFD827BDBBE09C3F813709BC8C825ABDE2DE873F7E0536BBF06B38BD9632C23F7FD85ABCFFD827BD9632C23F7FD85ABCFFD827BDBFE8EE3F79DC72BCC23960BD9AA0CB3F758C7EBD354C12BD96BFCB3F7FA92ABD73CC4BBDB0C5EB3F810165BD3F1D82BD93C1CE3F814F37BD20A84C,
BD9DF5493F812DDCBCEBE9C9BDAE0B913F8240C0BCD46D40BDBBE09C3F813709BC8C825ABD9632C23F7FD85ABCFFD827BD9DF5493F812DDCBCEBE9C9BDBBE09C3F813709BC8C825ABD96BFCB3F7FA92ABD73CC4BBDBAD85E3F7B4CC2BD8F01FCBDB0C5EB3F810165BD3F1D82BDB0C5EB3F810165BD3F1D82BDBAD85E3F7B4CC2BD8F01FCBDD29AA23F7FC0A0BD445ED5,
BE000FBB3F81AE583B9EE45CBDDAC4F83F82A3D7BC09B520BE0A172B3F8340813BAB4741BDAE91433F821B4CBD0C5A81BDB0C5EB3F810165BD3F1D82BDE1C6093F81C43BBD052503BD426CC23F7DB036BD7748A1BD7A11A93F7F80BBBD79B025BD5BE8FF3F7DC7CEBD4F312BBD50A2443F7B1359BD5E28AABD426CC23F7DB036BD7748A1BD5BE8FF3F7DC7CEBD4F312B,
BDDAC4F83F82A3D7BC09B520BE000FBB3F81AE583B9EE45CBDBBE09C3F813709BC8C825ABD9632C23F7FD85ABCFFD827BD9AA0CB3F758C7EBD354C12BD7EFE0D3F7D5B57BD2DFC5DBDF015C23F8330E8BC92DFD7BDE1C6093F81C43BBD052503BE04ED2D3F8053CABCDBE5DABDB0C5EB3F810165BD3F1D82BDD29AA23F7FC0A0BD445ED5BDE1C6093F81C43BBD052503,
BD840E9D3F7FDB1ABD1E0935BD7EFE0D3F7D5B57BD2DFC5DBD72CD7D3F800AF2BD5477BCBDAE0B913F8240C0BCD46D40BDD9207D3F83392ABC72E05DBDDAC4F83F82A3D7BC09B520BDE053E33F79D68CBBF544BBBDE2DE873F7E0536BBF06B38BE126A233F7BB2253CC5DE9CBE000FBB3F81AE583B9EE45CBDE2DE873F7E0536BBF06B38BDBBE09C3F813709BC8C825A,
BE000FBB3F81AE583B9EE45CBDDAC4F83F82A3D7BC09B520BE0A172B3F8340813BAB4741BE0372E73F83A049BB2C7DA2BE0A172B3F8340813BAB4741BDDAC4F83F82A3D7BC09B520BDD9207D3F83392ABC72E05DBDF015C23F8330E8BC92DFD7BE0372E73F83A049BB2C7DA2BDDAC4F83F82A3D7BC09B520BDD9207D3F83392ABC72E05DBE0372E73F83A049BB2C7DA2,
3CFC02B03D3E004BBEB8E90C3C4C70863D407464BEB6B2F23CCC8DE33D8A1CEFBEB2237DBDE053E33F79D68CBBF544BBBDE2DE873F7E0536BBF06B38BE126A233F7BB2253CC5DE9CBE000FBB3F81AE583B9EE45CBDE2DE873F7E0536BBF06B38BDBBE09C3F813709BC8C825ABDDAC4F83F82A3D7BC09B520BE000FBB3F81AE583B9EE45CBDBBE09C3F813709BC8C825A,
BC9001D63C73F0FEBEB3AE25BC889C1B3CC8D5C7BEB3A3EC3B6453D23CB74363BEB7D86B3CDE56CD3BE49F51BEB9BC123C402F303C094C44BEBA2E1B3C93A2E03C8C1765BEBE7B3E3D7F401C3DB141A7BE9FE7C03D9CE39B3DA2A993BE9FB2EE3D729E4D3D9B3C82BEAC88A43D264B233D8B5DCCBEB0813D3CCC8DE33D8A1CEFBEB2237D3D42BE8C3DA1B64EBEAB7EF6,
3B6453D23CB74363BEB7D86B3B6FBB0E3C330F8CBEB83A11BC9001D63C73F0FEBEB3AE253C402F303C094C44BEBA2E1B3B6453D23CB74363BEB7D86B3C93A2E03C8C1765BEBE7B3E3D9C85C23B7F865DBE9125FF3DB2A0663BC05921BEA61E933E0A06213C05AD54BE993FD13CDC87553DB54E2BBE9EE02A3BA2C2373DA1B4BBBEA0025C3C92684D3DBBA5E3BE972BAA,
3B6FBB0E3C330F8CBEB83A11BC37D8493BCBAF96BEB31BDFBC76DFC63C14B7B3BEB595363CDB291C3D9C9B41BEAC7AE13B2FD5453D8B4F1EBEA89EFE3BA2C2373DA1B4BBBEA0025C3DDF2C303C92428DBEAA7FC33DDE4D5E3C317482BEA70F393DB3732A3C6DBF8CBEB3D406BC952D233B1E6688BE9C48F1BD12BB233BB178B3BEA9B6D43AFEAC433B7A3769BEB1439E,
3E0A06213C05AD54BE993FD13E13EF6B3BD55A3ABE942E993D9C85C23B7F865DBE9125FF3D264B233D8B5DCCBEB0813D3D42BE8C3DA1B64EBEAB7EF63D66F3F53D81DC94BEB4A9263CDA61E13DCF7660BE8EC4C63D514A0A3DC2E5DEBE96C0723D36BB133DB22A6FBEA4E1823DA1BA803B7C71D6BE78F3673E13EF6B3BD55A3ABE942E993DDDFEB93B688590BE8508F6,
3CD6E8B03D1C8755BEB9C8213D1434A03CDB8349BEBD1D8A3C93A2E03C8C1765BEBE7B3E3D8ED99D3C527807BEBA62023D4DC8753BBC2FC7BEB5197A3D2685DB3C402AFEBEBC49773D514A0A3DC2E5DEBE96C0723D5320DA3DD1140ABE8DE3DA3D8633053DC35697BE8F75323E13EF6B3BD55A3ABE942E993DA1BA803B7C71D6BE78F3673D9C85C23B7F865DBE9125FF,
3DC8DF373CEF7C24BEAF03B03DDF2C303C92428DBEAA7FC33DB3732A3C6DBF8CBEB3D4063C2B75643D740E5ABEB143183CCC8DE33D8A1CEFBEB2237D3C4C70863D407464BEB6B2F23B6453D23CB74363BEB7D86B3C73F9623D0AED9ABEBB13E03C93A2E03C8C1765BEBE7B3E3D1D3DC93D27A52BBEB8B32D3D1779643D533B10BEB6A8543D4F0A5F3D0AEEA6BEBDE658,
3D729E4D3D9B3C82BEAC88A43D42BE8C3DA1B64EBEAB7EF63D36BB133DB22A6FBEA4E182BC7FE6D63DA20AB7BE943C193BA2C2373DA1B4BBBEA0025CBC596E9C3D85EDD0BEA5C1403DA9C8863D8ADB40BEA6088D3DD892683D710881BE9E3C533DC8ECD93D5E3327BEA62E6F3D4DC8753BBC2FC7BEB5197A3DA960B73BEA209BBEAD99AA3DB2A0663BC05921BEA61E93,
3D4F0A5F3D0AEEA6BEBDE6583D1779643D533B10BEB6A8543D66F3F53D81DC94BEB4A9263D8633053DC35697BE8F75323D9BEB183DB6E2EBBE91B6703D514A0A3DC2E5DEBE96C0723B6453D23CB74363BEB7D86B3BB3892F3D070EB2BEB73BC93C73F9623D0AED9ABEBB13E03AFEAC433B7A3769BEB1439E3CDE56CD3BE49F51BEB9BC123D4DC8753BBC2FC7BEB5197A,
3DC8DF373CEF7C24BEAF03B03DB3732A3C6DBF8CBEB3D4063DA22DD83CCAD14ABEB6C26A3DA9C8863D8ADB40BEA6088D3DC8DF373CEF7C24BEAF03B03DA22DD83CCAD14ABEB6C26A3DD39F343D92A305BE93F4CB3D9BEB183DB6E2EBBE91B6703DB735C23DBEECC0BE8603D53E089FC73D740703BE89F2FE3DD39F343D92A305BE93F4CB3DB735C23DBEECC0BE8603D5,
3D1434A03CDB8349BEBD1D8A3CD6E8B03D1C8755BEB9C8213CFC02B03D3E004BBEB8E90C3D1779643D533B10BEB6A8543D1D3DC93D27A52BBEB8B32D3CFC02B03D3E004BBEB8E90C3D7F401C3DB141A7BE9FE7C03D729E4D3D9B3C82BEAC88A43D36BB133DB22A6FBEA4E1823D514A0A3DC2E5DEBE96C0723D7F401C3DB141A7BE9FE7C03D36BB133DB22A6FBEA4E182,
3CDB291C3D9C9B41BEAC7AE13CDC87553DB54E2BBE9EE02A3D36BB133DB22A6FBEA4E1823AFEAC433B7A3769BEB1439E3DB2A0663BC05921BEA61E93BC952D233B1E6688BE9C48F13B6FBB0E3C330F8CBEB83A113B6453D23CB74363BEB7D86B3C402F303C094C44BEBA2E1B3BA2C2373DA1B4BBBEA0025C3CDC87553DB54E2BBE9EE02A3CDB291C3D9C9B41BEAC7AE1,
3D92495E3D8BC16ABEAC51DB3D66F3F53D81DC94BEB4A9263D729E4D3D9B3C82BEAC88A43B6453D23CB74363BEB7D86BBCAF92293D557796BEAABE8CBB2361993D36E829BEB02492BCAF92293D557796BEAABE8C3B6453D23CB74363BEB7D86BBC889C1B3CC8D5C7BEB3A3EC3CDC87553DB54E2BBE9EE02A3CDA61E13DCF7660BE8EC4C63D36BB133DB22A6FBEA4E182,
3D9CE39B3DA2A993BE9FB2EE3D92495E3D8BC16ABEAC51DB3D729E4D3D9B3C82BEAC88A43AFEAC433B7A3769BEB1439E3D4DC8753BBC2FC7BEB5197A3DB2A0663BC05921BEA61E933D1779643D533B10BEB6A8543CCC8DE33D8A1CEFBEB2237D3D264B233D8B5DCCBEB0813D3D66F3F53D81DC94BEB4A9263D1779643D533B10BEB6A8543D264B233D8B5DCCBEB0813D,
3D1434A03CDB8349BEBD1D8A3D4F0A5F3D0AEEA6BEBDE6583D2685DB3C402AFEBEBC49773D514A0A3DC2E5DEBE96C0723CDA61E13DCF7660BE8EC4C63D5320DA3DD1140ABE8DE3DA3C2B75643D740E5ABEB14318BB2361993D36E829BEB02492BB1C5E703D63C212BEAC56933B2FD5453D8B4F1EBEA89EFE3C2B75643D740E5ABEB14318BB1C5E703D63C212BEAC5693,
3C5423D93DCDF2EDBE8D91473C92684D3DBBA5E3BE972BAABB36848C3DB6CBDABE90FA9C3DB3732A3C6DBF8CBEB3D4063DA960B73BEA209BBEAD99AA3D8ED99D3C527807BEBA62023BA2C2373DA1B4BBBEA0025CBC7FE6D63DA20AB7BE943C19BB36848C3DB6CBDABE90FA9C3CD6E8B03D1C8755BEB9C8213C4C70863D407464BEB6B2F23CFC02B03D3E004BBEB8E90C,
3E035E313D2EC8D6BE98C62E3DD39F343D92A305BE93F4CB3E0F08893D37C676BE91A6723CDE56CD3BE49F51BEB9BC123C93A2E03C8C1765BEBE7B3E3D2685DB3C402AFEBEBC49773D4DC8753BBC2FC7BEB5197A3CDE56CD3BE49F51BEB9BC123D2685DB3C402AFEBEBC49773D2685DB3C402AFEBEBC49773C93A2E03C8C1765BEBE7B3E3D1434A03CDB8349BEBD1D8A,
3DC8ECD93D5E3327BEA62E6F3DDED95A3CF79852BEA9C5823DC8DF373CEF7C24BEAF03B03DA9C8863D8ADB40BEA6088D3DC8ECD93D5E3327BEA62E6F3DC8DF373CEF7C24BEAF03B03CD6E8B03D1C8755BEB9C8213C93A2E03C8C1765BEBE7B3E3C73F9623D0AED9ABEBB13E03D80E0EB3D31A198BEBA4CA53D66F3F53D81DC94BEB4A9263D92495E3D8BC16ABEAC51DB,
3C402F303C094C44BEBA2E1BBC37D8493BCBAF96BEB31BDF3B6FBB0E3C330F8CBEB83A113CDA61E13DCF7660BE8EC4C63CDC87553DB54E2BBE9EE02A3C92684D3DBBA5E3BE972BAA3D1D3DC93D27A52BBEB8B32D3D4F0A5F3D0AEEA6BEBDE6583D1434A03CDB8349BEBD1D8A3CFC02B03D3E004BBEB8E90C3D1D3DC93D27A52BBEB8B32D3D1434A03CDB8349BEBD1D8A,
3B6453D23CB74363BEB7D86BBB2361993D36E829BEB024923BB3892F3D070EB2BEB73BC93DA960B73BEA209BBEAD99AA3DB3732A3C6DBF8CBEB3D4063DDE4D5E3C317482BEA70F393DB2A0663BC05921BEA61E933DA960B73BEA209BBEAD99AA3DDE4D5E3C317482BEA70F39BC9001D63C73F0FEBEB3AE253B6FBB0E3C330F8CBEB83A11BC76DFC63C14B7B3BEB59536,
3D66F3F53D81DC94BEB4A9263D42BE8C3DA1B64EBEAB7EF63D729E4D3D9B3C82BEAC88A43CFC02B03D3E004BBEB8E90C3CCC8DE33D8A1CEFBEB2237D3D1779643D533B10BEB6A8543DA22DD83CCAD14ABEB6C26A3DB3732A3C6DBF8CBEB3D4063D8ED99D3C527807BEBA62023D80E0EB3D31A198BEBA4CA53DA22DD83CCAD14ABEB6C26A3D8033613CD98394BEBD95BC,
3D8033613CD98394BEBD95BC3DA22DD83CCAD14ABEB6C26A3D8ED99D3C527807BEBA62023CDA61E13DCF7660BE8EC4C63C92684D3DBBA5E3BE972BAA3C5423D93DCDF2EDBE8D91473D80E0EB3D31A198BEBA4CA53D4F0A5F3D0AEEA6BEBDE6583D66F3F53D81DC94BEB4A9263DDDFEB93B688590BE8508F63E13EF6B3BD55A3ABE942E993E09BC343B8826ABBE81D9B2,
3D9CE39B3DA2A993BE9FB2EE3D7F401C3DB141A7BE9FE7C03D9BEB183DB6E2EBBE91B670BB36848C3DB6CBDABE90FA9C3C92684D3DBBA5E3BE972BAA3BA2C2373DA1B4BBBEA0025C3DA22DD83CCAD14ABEB6C26A3D80E0EB3D31A198BEBA4CA53DA9C8863D8ADB40BEA6088D3D8ED99D3C527807BEBA62023D2685DB3C402AFEBEBC49773D579BFE3C863172BEBECA04,
3AFEAC433B7A3769BEB1439EBD12BB233BB178B3BEA9B6D4BC37D8493BCBAF96BEB31BDF3C402F303C094C44BEBA2E1B3AFEAC433B7A3769BEB1439EBC37D8493BCBAF96BEB31BDF3D9CE39B3DA2A993BE9FB2EE3D9BEB183DB6E2EBBE91B6703DD39F343D92A305BE93F4CB3D7F401C3DB141A7BE9FE7C03D514A0A3DC2E5DEBE96C0723D9BEB183DB6E2EBBE91B670,
3E0F08893D37C676BE91A6723DD39F343D92A305BE93F4CB3E089FC73D740703BE89F2FE3DDE4D5E3C317482BEA70F393E058EA83C962F16BE9FC5AC3E0A06213C05AD54BE993FD13B2FD5453D8B4F1EBEA89EFE3CDB291C3D9C9B41BEAC7AE13CCC8DE33D8A1CEFBEB2237D3C2B75643D740E5ABEB143183B2FD5453D8B4F1EBEA89EFE3CCC8DE33D8A1CEFBEB2237D,
3CD6E8B03D1C8755BEB9C8213C73F9623D0AED9ABEBB13E03BB3892F3D070EB2BEB73BC93C4C70863D407464BEB6B2F23CD6E8B03D1C8755BEB9C8213BB3892F3D070EB2BEB73BC93DFBF1633D03F812BE9FB2033E058EA83C962F16BE9FC5AC3DDED95A3CF79852BEA9C5823DDF2C303C92428DBEAA7FC33DDED95A3CF79852BEA9C5823E058EA83C962F16BE9FC5AC,
3D42BE8C3DA1B64EBEAB7EF63CCC8DE33D8A1CEFBEB2237D3CDB291C3D9C9B41BEAC7AE13D36BB133DB22A6FBEA4E1823D42BE8C3DA1B64EBEAB7EF63CDB291C3D9C9B41BEAC7AE13D579BFE3C863172BEBECA043D4F0A5F3D0AEEA6BEBDE6583D8033613CD98394BEBD95BC3D8033613CD98394BEBD95BC3D4F0A5F3D0AEEA6BEBDE6583D80E0EB3D31A198BEBA4CA5,
3BB3892F3D070EB2BEB73BC9BB2361993D36E829BEB024923C4C70863D407464BEB6B2F2BC596E9C3D85EDD0BEA5C1403BA2C2373DA1B4BBBEA0025C3B2FD5453D8B4F1EBEA89EFEBB1C5E703D63C212BEAC5693BC596E9C3D85EDD0BEA5C1403B2FD5453D8B4F1EBEA89EFE3E035E313D2EC8D6BE98C62E3DFBF1633D03F812BE9FB2033DD892683D710881BE9E3C53,
3D9CE39B3DA2A993BE9FB2EE3DD892683D710881BE9E3C533DA9C8863D8ADB40BEA6088DBC952D233B1E6688BE9C48F13D9C85C23B7F865DBE9125FFBD5AE1CE3B436DA8BE6B46BB3D2685DB3C402AFEBEBC49773D4F0A5F3D0AEEA6BEBDE6583D579BFE3C863172BEBECA04BB2361993D36E829BEB024923C2B75643D740E5ABEB143183C4C70863D407464BEB6B2F2,
3DB2A0663BC05921BEA61E933D9C85C23B7F865DBE9125FFBC952D233B1E6688BE9C48F13D9CE39B3DA2A993BE9FB2EE3DA9C8863D8ADB40BEA6088D3D92495E3D8BC16ABEAC51DB3DC8ECD93D5E3327BEA62E6F3DFBF1633D03F812BE9FB2033DDED95A3CF79852BEA9C5823D9CE39B3DA2A993BE9FB2EE3DD39F343D92A305BE93F4CB3DD892683D710881BE9E3C53,
3E0A06213C05AD54BE993FD13DB2A0663BC05921BEA61E933DDE4D5E3C317482BEA70F393DD39F343D92A305BE93F4CB3E035E313D2EC8D6BE98C62E3DD892683D710881BE9E3C533D92495E3D8BC16ABEAC51DB3DA9C8863D8ADB40BEA6088D3D80E0EB3D31A198BEBA4CA53AFEAC433B7A3769BEB1439E3C402F303C094C44BEBA2E1B3CDE56CD3BE49F51BEB9BC12,
3E058EA83C962F16BE9FC5AC3DDE4D5E3C317482BEA70F393DDF2C303C92428DBEAA7FC33D8033613CD98394BEBD95BC3D8ED99D3C527807BEBA62023D579BFE3C863172BEBECA043D4DC8753BBC2FC7BEB5197A3D8ED99D3C527807BEBA62023DA960B73BEA209BBEAD99AA3DD892683D710881BE9E3C533DFBF1633D03F812BE9FB2033DC8ECD93D5E3327BEA62E6F,
3D8849CB3C9FF0CCBE37A80D3D62AE4B3BBF7F06BE3520D13D835AC93C8BC59CBE4E54713CE21B7E3E04A340BE89FBA43C1096BC3E17B891BE87B80B3CBD57793E1CB31CBE89146E3D828B2A3E11F645BE84CA4F3D8C7FBB3DEA9931BE86C5F43D5D60633E068987BE86FD443DDF2C303C92428DBEAA7FC33DC8DF373CEF7C24BEAF03B03DDED95A3CF79852BEA9C582,
BD5AE1CE3B436DA8BE6B46BB3D9C85C23B7F865DBE9125FF3D8454DE3B5C8755BE6F35A03D98FDE33BBBFD72BE0B078E3D5E2BD03B9D7BA6BE02135E3D8372603B95BFF0BE17E5643D98151A3C870974BE1E147B3D98FDE33BBBFD72BE0B078E3D8372603B95BFF0BE17E5643E04C2723C3C8C0DBE3DB4893D99FBA43C4CD530BE64241C3DBDCC643B7440AFBE7395C4,
BBFE60C43D1197A2BDEF8AD2BB0205FF3BBAE89FBE2694463D5E2BD03B9D7BA6BE02135E3D9C85C23B7F865DBE9125FF3DB2A0663BC05921BEA61E933E0A06213C05AD54BE993FD13C19F1AE3DEC7864BE89C38B3C5423D93DCDF2EDBE8D9147BB9CC31A3DD08787BE892B803E04C2723C3C8C0DBE3DB4893DE898703C9E6EEBBE00A2013DCF7DB73C9C25D0BE032767,
3E04C2723C3C8C0DBE3DB4893DB4F93C3C92D55ABE0D0FE93DA8A3F93CB6D43DBE187F453E04C2723C3C8C0DBE3DB4893D835AC93C8BC59CBE4E54713D9361DD3C9F6CADBE5882AE3D98151A3C870974BE1E147B3E04C2723C3C8C0DBE3DB4893DA8A3F93CB6D43DBE187F453D98FDE33BBBFD72BE0B078E3D98151A3C870974BE1E147B3DA8A3F93CB6D43DBE187F45,
3DD212513B7B3312BE793FF23DBDCC643B7440AFBE7395C43DA1BA803B7C71D6BE78F3673E04FB9800000000BE7C3B4F3E04C2723C3C8C0DBE3DB4893DD212513B7B3312BE793FF23DDAF4AE3B8F2171BE8115593E04FB9800000000BE7C3B4F3DD212513B7B3312BE793FF23DB4F93C3C92D55ABE0D0FE93D98FDE33BBBFD72BE0B078E3DA8A3F93CB6D43DBE187F45,
3DA7C9DE3DD97CC4BE8390EB3D8633053DC35697BE8F75323D7EB1813DD46BADBE8B25B3BB36848C3DB6CBDABE90FA9CBB9CC31A3DD08787BE892B803C5423D93DCDF2EDBE8D91473DC70B8D3E0BD9CBBE6DE69B3DB7E3D23E1CEA6CBE79D0EA3DE420F73E1B95E6BE6A0E843DF522213E0DA3C2BE61C0CA3DE2174C3E0BD167BE63482C3DE420F73E1B95E6BE6A0E84,
3D99FBA43C4CD530BE64241C3E04C2723C3C8C0DBE3DB4893D9361DD3C9F6CADBE5882AE3D8054693BF672B9BE5C83A93D99FBA43C4CD530BE64241C3D9361DD3C9F6CADBE5882AE3D8054693BF672B9BE5C83A93D9361DD3C9F6CADBE5882AE3D835AC93C8BC59CBE4E54713DA1BA803B7C71D6BE78F3673E13EF6B3BD55A3ABE942E993DDDFEB93B688590BE8508F6,
3E0A06213C05AD54BE993FD13E13EF6B3BD55A3ABE942E993D9C85C23B7F865DBE9125FF3DD212513B7B3312BE793FF23E04C2723C3C8C0DBE3DB4893DBDCC643B7440AFBE7395C43CDA61E13DCF7660BE8EC4C63D514A0A3DC2E5DEBE96C0723D36BB133DB22A6FBEA4E1823E04C2723C3C8C0DBE3DB4893DC8BD233CB009B3BE08C0483DB4F93C3C92D55ABE0D0FE9,
3E0A0B1C3D8F5FD4BE7DE8713DB735C23DBEECC0BE8603D53DF4306E3DB7A56EBE6F3C2E3DB735C23DBEECC0BE8603D53D8633053DC35697BE8F75323DA7C9DE3DD97CC4BE8390EB3D514A0A3DC2E5DEBE96C0723D5320DA3DD1140ABE8DE3DA3D8633053DC35697BE8F75323E13EF6B3BD55A3ABE942E993DA1BA803B7C71D6BE78F3673D9C85C23B7F865DBE9125FF,
3E04C2723C3C8C0DBE3DB4893DCF7DB73C9C25D0BE0327673DC8BD233CB009B3BE08C0483D98151A3C870974BE1E147B3D8372603B95BFF0BE17E5643D8849CB3C9FF0CCBE37A80D3E04C2723C3C8C0DBE3DB4893D98151A3C870974BE1E147B3D8849CB3C9FF0CCBE37A80D3D8372603B95BFF0BE17E5643D5E2BD03B9D7BA6BE02135E3D1F05EA3B5A1A93BE3B074A,
3D8633053DC35697BE8F75323DB735C23DBEECC0BE8603D53D9BEB183DB6E2EBBE91B6703D7EB1813DD46BADBE8B25B33D8633053DC35697BE8F75323D5320DA3DD1140ABE8DE3DA3D835AC93C8BC59CBE4E54713E04C2723C3C8C0DBE3DB4893D8849CB3C9FF0CCBE37A80D3D9A7FC33E1D651BBE81E0E73DA277C43E020104BE8039CE3D828B2A3E11F645BE84CA4F,
3D8633053DC35697BE8F75323D9BEB183DB6E2EBBE91B6703D514A0A3DC2E5DEBE96C0723E00125A3DD251C2BE636EF83DE2174C3E0BD167BE63482C3DF522213E0DA3C2BE61C0CA3C5423D93DCDF2EDBE8D91473C19F1AE3DEC7864BE89C38B3CDA61E13DCF7660BE8EC4C63D5320DA3DD1140ABE8DE3DA3D5D60633E068987BE86FD443D8C7FBB3DEA9931BE86C5F4,
3CDC87553DB54E2BBE9EE02A3CDA61E13DCF7660BE8EC4C63D36BB133DB22A6FBEA4E1823C19F1AE3DEC7864BE89C38BBC3567553E002F30BE8438093C1096BC3E17B891BE87B80B3DD39F343D92A305BE93F4CB3D9BEB183DB6E2EBBE91B6703DB735C23DBEECC0BE8603D53E089FC73D740703BE89F2FE3DD39F343D92A305BE93F4CB3DB735C23DBEECC0BE8603D5,
3D8454DE3B5C8755BE6F35A03D9C85C23B7F865DBE9125FF3DA1BA803B7C71D6BE78F3673DD836223DDFB8B2BE6B2D0A3DA277C43E020104BE8039CE3DC70B8D3E0BD9CBBE6DE69B3DF4306E3DB7A56EBE6F3C2E3DD836223DDFB8B2BE6B2D0A3E00125A3DD251C2BE636EF8BC3567553E002F30BE8438093C19F1AE3DEC7864BE89C38BBB9CC31A3DD08787BE892B80,
3DB735C23DBEECC0BE8603D53DA7C9DE3DD97CC4BE8390EB3DD836223DDFB8B2BE6B2D0A3DC70B8D3E0BD9CBBE6DE69B3DE420F73E1B95E6BE6A0E843DE2174C3E0BD167BE63482C3D514A0A3DC2E5DEBE96C0723CDA61E13DCF7660BE8EC4C63D5320DA3DD1140ABE8DE3DA3D8849CB3C9FF0CCBE37A80D3D8372603B95BFF0BE17E5643D62AE4B3BBF7F06BE3520D1,
3D99FBA43C4CD530BE64241C3D8454DE3B5C8755BE6F35A03DA1BA803B7C71D6BE78F3673DBDCC643B7440AFBE7395C43D99FBA43C4CD530BE64241C3DA1BA803B7C71D6BE78F3673C5423D93DCDF2EDBE8D91473C92684D3DBBA5E3BE972BAABB36848C3DB6CBDABE90FA9C3BA2C2373DA1B4BBBEA0025CBC7FE6D63DA20AB7BE943C19BB36848C3DB6CBDABE90FA9C,
3D835AC93C8BC59CBE4E54713D62AE4B3BBF7F06BE3520D13D516A8C3B86CEBCBE51E3653D2192213B491080BE603148BD5AE1CE3B436DA8BE6B46BB3D8454DE3B5C8755BE6F35A03E035E313D2EC8D6BE98C62E3DD39F343D92A305BE93F4CB3E0F08893D37C676BE91A6723D8054693BF672B9BE5C83A93D835AC93C8BC59CBE4E54713D516A8C3B86CEBCBE51E365,
3E04FB9800000000BE7C3B4F3DDAF4AE3B8F2171BE8115593E09BC343B8826ABBE81D9B23CDA61E13DCF7660BE8EC4C63C19F1AE3DEC7864BE89C38B3CE21B7E3E04A340BE89FBA43CDA61E13DCF7660BE8EC4C63CDC87553DB54E2BBE9EE02A3C92684D3DBBA5E3BE972BAA3D62AE4B3BBF7F06BE3520D13D1F05EA3B5A1A93BE3B074A3D516A8C3B86CEBCBE51E365,
3DDDFEB93B688590BE8508F63E13EF6B3BD55A3ABE942E993E09BC343B8826ABBE81D9B23DC70B8D3E0BD9CBBE6DE69B3DA277C43E020104BE8039CE3D9A7FC33E1D651BBE81E0E73D5320DA3DD1140ABE8DE3DA3D8C7FBB3DEA9931BE86C5F43D7EB1813DD46BADBE8B25B33D2192213B491080BE6031483D8054693BF672B9BE5C83A93D516A8C3B86CEBCBE51E365,
3E00125A3DD251C2BE636EF83DD836223DDFB8B2BE6B2D0A3DE2174C3E0BD167BE63482C3DA7C9DE3DD97CC4BE8390EB3D8C7FBB3DEA9931BE86C5F43DA277C43E020104BE8039CE3CDA61E13DCF7660BE8EC4C63C92684D3DBBA5E3BE972BAA3C5423D93DCDF2EDBE8D91473D8372603B95BFF0BE17E5643D1F05EA3B5A1A93BE3B074A3D62AE4B3BBF7F06BE3520D1,
3D7F401C3DB141A7BE9FE7C03D514A0A3DC2E5DEBE96C0723D9BEB183DB6E2EBBE91B6703D9CE39B3DA2A993BE9FB2EE3D7F401C3DB141A7BE9FE7C03D9BEB183DB6E2EBBE91B670BB36848C3DB6CBDABE90FA9C3C92684D3DBBA5E3BE972BAA3BA2C2373DA1B4BBBEA0025C3CDA61E13DCF7660BE8EC4C63CE21B7E3E04A340BE89FBA43D5320DA3DD1140ABE8DE3DA,
3DC70B8D3E0BD9CBBE6DE69B3DE2174C3E0BD167BE63482C3DD836223DDFB8B2BE6B2D0A3D8454DE3B5C8755BE6F35A03D99FBA43C4CD530BE64241C3D8054693BF672B9BE5C83A93DD212513B7B3312BE793FF23DA1BA803B7C71D6BE78F3673DDDFEB93B688590BE8508F63DDAF4AE3B8F2171BE8115593DD212513B7B3312BE793FF23DDDFEB93B688590BE8508F6,
3D5E2BD03B9D7BA6BE02135EBB0205FF3BBAE89FBE2694463D1F05EA3B5A1A93BE3B074A3D1F05EA3B5A1A93BE3B074ABB0205FF3BBAE89FBE2694463D2192213B491080BE6031483D9CE39B3DA2A993BE9FB2EE3D9BEB183DB6E2EBBE91B6703DD39F343D92A305BE93F4CB3DD836223DDFB8B2BE6B2D0A3DF4306E3DB7A56EBE6F3C2E3DB735C23DBEECC0BE8603D5,
BC952D233B1E6688BE9C48F13D9C85C23B7F865DBE9125FFBD5AE1CE3B436DA8BE6B46BB3D2192213B491080BE603148BB0205FF3BBAE89FBE269446BD5AE1CE3B436DA8BE6B46BB3E089FC73D740703BE89F2FE3DB735C23DBEECC0BE8603D53E0A0B1C3D8F5FD4BE7DE8713E0F08893D37C676BE91A6723DD39F343D92A305BE93F4CB3E089FC73D740703BE89F2FE,
3D7EB1813DD46BADBE8B25B33D8C7FBB3DEA9931BE86C5F43DA7C9DE3DD97CC4BE8390EB3D8054693BF672B9BE5C83A93D2192213B491080BE6031483D8454DE3B5C8755BE6F35A03DDAF4AE3B8F2171BE8115593DDDFEB93B688590BE8508F63E09BC343B8826ABBE81D9B23C1096BC3E17B891BE87B80BBC3567553E002F30BE843809BCBD0BFA3E16AE3ABE809481,
3DB2A0663BC05921BEA61E933D9C85C23B7F865DBE9125FFBC952D233B1E6688BE9C48F13CE21B7E3E04A340BE89FBA43C19F1AE3DEC7864BE89C38B3C1096BC3E17B891BE87B80B3D516A8C3B86CEBCBE51E3653D1F05EA3B5A1A93BE3B074A3D2192213B491080BE6031483D5320DA3DD1140ABE8DE3DA3CE21B7E3E04A340BE89FBA43D5D60633E068987BE86FD44,
3DA7C9DE3DD97CC4BE8390EB3DA277C43E020104BE8039CE3DD836223DDFB8B2BE6B2D0A3CE21B7E3E04A340BE89FBA43D3068123E1D5E4ABE88650E3D5D60633E068987BE86FD443D5D60633E068987BE86FD443D3068123E1D5E4ABE88650E3D828B2A3E11F645BE84CA4F3D3068123E1D5E4ABE88650E3CE21B7E3E04A340BE89FBA43CBD57793E1CB31CBE89146E,
3D98151A3C870974BE1E147B3D98FDE33BBBFD72BE0B078E3D8372603B95BFF0BE17E564BBFE60C43D1197A2BDEF8AD23D5E2BD03B9D7BA6BE02135E3BF6BE383D11E647BDCF27353DA277C43E020104BE8039CE3D8C7FBB3DEA9931BE86C5F43D828B2A3E11F645BE84CA4F3DB7E3D23E1CEA6CBE79D0EA3DC70B8D3E0BD9CBBE6DE69B3D9A7FC33E1D651BBE81E0E7,
3DE898703C9E6EEBBE00A2013DCF598A3BEDAA93BDF346133DCF7DB73C9C25D0BE0327673E04C2723C3C8C0DBE3DB4893DE898703C9E6EEBBE00A2013DCF7DB73C9C25D0BE0327673D140BBB3D0D8559BDABA5A03D6470223B98676ABDF64F123D8DB5953BABD5DCBDE30EC33D98FDE33BBBFD72BE0B078E3D5E2BD03B9D7BA6BE02135E3D8372603B95BFF0BE17E564,
BBFE60C43D1197A2BDEF8AD2BB0205FF3BBAE89FBE2694463D5E2BD03B9D7BA6BE02135E3DA9E4D63BB13598BDD029283DD0B4183B99F1AEBDD6A8333DC2C9083BF672B9BDBB63D43D9C65413D06EE31BD9188F43DA9E4D63BB13598BDD029283DC2C9083BF672B9BDBB63D43D8DB5953BABD5DCBDE30EC33D4F062D3D0C0160BD985A4F3D140BBB3D0D8559BDABA5A0,
3D2870973CA7D673BDE1FC093BF6BE383D11E647BDCF27353D5E2BD03B9D7BA6BE02135E3BF6BE383D11E647BDCF27353D2870973CA7D673BDE1FC093D140BBB3D0D8559BDABA5A03E0547173C6789E7BE011C6D3DCF598A3BEDAA93BDF346133DE898703C9E6EEBBE00A2013D9C65413D06EE31BD9188F43D4F062D3D0C0160BD985A4F3D8168303D0A72EBBD953AC5,
3D140BBB3D0D8559BDABA5A03D2870973CA7D673BDE1FC093D6470223B98676ABDF64F123D4F062D3D0C0160BD985A4F3BF6BE383D11E647BDCF27353D140BBB3D0D8559BDABA5A03DB4F93C3C92D55ABE0D0FE93DB3F1843B97C808BDFAD8E43D98FDE33BBBFD72BE0B078E3D98FDE33BBBFD72BE0B078E3D98151A3C870974BE1E147B3DA8A3F93CB6D43DBE187F45,
3E0C679D3BBA7B91BDE1A47B3DEFA6163C010E88BDB215773DD0B4183B99F1AEBDD6A8333D8168303D0A72EBBD953AC53DA9E4D63BB13598BDD029283D9C65413D06EE31BD9188F43DB4F93C3C92D55ABE0D0FE93D98FDE33BBBFD72BE0B078E3DA8A3F93CB6D43DBE187F453E04C2723C3C8C0DBE3DB4893DB4F93C3C92D55ABE0D0FE93DA8A3F93CB6D43DBE187F45,
3D2870973CA7D673BDE1FC093D5E2BD03B9D7BA6BE02135E3D6470223B98676ABDF64F123DC8BD233CB009B3BE08C0483DB3F1843B97C808BDFAD8E43DB4F93C3C92D55ABE0D0FE93E04C2723C3C8C0DBE3DB4893DC8BD233CB009B3BE08C0483DB4F93C3C92D55ABE0D0FE93D8168303D0A72EBBD953AC53D8DB5953BABD5DCBDE30EC33DA9E4D63BB13598BDD02928,
3DC2C9083BF672B9BDBB63D43DD0B4183B99F1AEBDD6A8333DEFA6163C010E88BDB215773DEB5C3A3D020E63BD84A16A3DC2C9083BF672B9BDBB63D43DEFA6163C010E88BDB215773D4F062D3D0C0160BD985A4F3D8DB5953BABD5DCBDE30EC33D8168303D0A72EBBD953AC53DB3F1843B97C808BDFAD8E43D8DB5953BABD5DCBDE30EC33D6470223B98676ABDF64F12,
3D9C65413D06EE31BD9188F43DC2C9083BF672B9BDBB63D43DEB5C3A3D020E63BD84A16A3DCF7DB73C9C25D0BE0327673DB3F1843B97C808BDFAD8E43DC8BD233CB009B3BE08C0483E04C2723C3C8C0DBE3DB4893DCF7DB73C9C25D0BE0327673DC8BD233CB009B3BE08C0483D8372603B95BFF0BE17E5643D5E2BD03B9D7BA6BE02135E3D1F05EA3B5A1A93BE3B074A,
3D9D9E413D10342BBBF7E3D23BF6A50D3D142C3D3C74A5593D4F062D3D0C0160BD985A4F3DB3F1843B97C808BDFAD8E43DCF7DB73C9C25D0BE0327673DCF598A3BEDAA93BDF346133DA9E4D63BB13598BDD029283D8DB5953BABD5DCBDE30EC33DB3F1843B97C808BDFAD8E43DB3F1843B97C808BDFAD8E43D6470223B98676ABDF64F123D5E2BD03B9D7BA6BE02135E,
3D98FDE33BBBFD72BE0B078E3DB3F1843B97C808BDFAD8E43D5E2BD03B9D7BA6BE02135EBD4D86663D134268BDA779A7BDBE186A3D18C198BDD0C0AD3BF6BE383D11E647BDCF2735BBFE60C43D1197A2BDEF8AD23BF6BE383D11E647BDCF2735BDBE186A3D18C198BDD0C0AD3E0BAE473C2A8A83BDFAA4763E0C679D3BBA7B91BDE1A47B3DCF598A3BEDAA93BDF34613,
3C9175083D1F33013DD4C3C23D9D9E413D10342BBBF7E3D23DA35A423D14E8FB3DA5D207BD80B7803D1AA2E4BCF51ACABD4D86663D134268BDA779A73BF6A50D3D142C3D3C74A5593DD0B4183B99F1AEBDD6A8333DA9E4D63BB13598BDD029283DB3F1843B97C808BDFAD8E43C9175083D1F33013DD4C3C23BF6A50D3D142C3D3C74A5593D9D9E413D10342BBBF7E3D2,
3DEB5C3A3D020E63BD84A16A3D9D9E413D10342BBBF7E3D23D9C65413D06EE31BD9188F4BD80B7803D1AA2E4BCF51ACA3BF6A50D3D142C3D3C74A559BD89E4503D2A5F853DD876193D5E2BD03B9D7BA6BE02135EBB0205FF3BBAE89FBE2694463D1F05EA3B5A1A93BE3B074A3D4F062D3D0C0160BD985A4F3BF6A50D3D142C3D3C74A5593BF6BE383D11E647BDCF2735,
3E0C679D3BBA7B91BDE1A47B3DD0B4183B99F1AEBDD6A8333DCF598A3BEDAA93BDF34613BD4D86663D134268BDA779A73BF6BE383D11E647BDCF27353BF6A50D3D142C3D3C74A5593E1C3E753D091C08BD49D1703D9D9E413D10342BBBF7E3D23DEB5C3A3D020E63BD84A16A3D9D9E413D10342BBBF7E3D23D4F062D3D0C0160BD985A4F3D9C65413D06EE31BD9188F4,
3E0547173C6789E7BE011C6D3E0BAE473C2A8A83BDFAA4763DCF598A3BEDAA93BDF346133E3A786C3D15F56A3D249F513DA35A423D14E8FB3DA5D2073E1C3E753D091C08BD49D1703DB3F1843B97C808BDFAD8E43DCF598A3BEDAA93BDF346133DD0B4183B99F1AEBDD6A8333E1C3E753D091C08BD49D1703DA35A423D14E8FB3DA5D2073D9D9E413D10342BBBF7E3D2,
3D26BD6F3C4ED0B33DF708AB3D4CAE643BF8E7DE3E06555C3D07EAE63C0BDA943E088C1E3DC922D93B9680E03E17ED853DBB75213BE621323E1029AE3DD771003BE5BC883E0E6DDF3C9175083D1F33013DD4C3C2BD48765C3D2C98E53E02CD3ABD89E4503D2A5F853DD876193DDB480A3C84C0593DDC1BDA3DD7457C3D029F173DBE425B3E0095293D1024703DC110A1,
3BC09C3D3C4FBB953E12CF103CB092043C8676A73E036DA83D07EAE63C0BDA943E088C1E3D8F94423BDBF0563E12E59B3DA4B6633C1A77E63E115FCC3DAE1B4C3BB07D0B3E1609573DC922D93B9680E03E17ED853DD771003BE5BC883E0E6DDF3E03B18E3BF7C2443E1507643D26BD6F3C4ED0B33DF708AB3D07EAE63C0BDA943E088C1E3CB092043C8676A73E036DA8,
3DA4B6633C1A77E63E115FCC3D8F94423BDBF0563E12E59B3D9ADAFD3C01DC0E3E09C8863CB092043C8676A73E036DA8BCFC7E6B3D0C59753E1CA6013CBE8DDA3D04A83B3DE9C4543CBE8DDA3D04A83B3DE9C4543D3F08893D01B0033DD058DE3D67A8503CA535443DDCAFB43D8F93BC3D0570823DBE7F2C3D67A8503CA535443DDCAFB43D3F08893D01B0033DD058DE,
BCFC7E6B3D0C59753E1CA601BCE20EE93D214AD33E1068123CBE8DDA3D04A83B3DE9C4543D26BD6F3C4ED0B33DF708AB3CBE8DDA3D04A83B3DE9C4543D67A8503CA535443DDCAFB43D4CAE643BF8E7DE3E06555C3D26BD6F3C4ED0B33DF708AB3D8AD57C3C3263953DEC91083DAE1B4C3BB07D0B3E1609573DBB75213BE621323E1029AE3DC922D93B9680E03E17ED85,
3E03B18E3BF7C2443E1507643DD771003BE5BC883E0E6DDF3E07EE0B3C24BDBA3E0394B83D26BD6F3C4ED0B33DF708AB3CB092043C8676A73E036DA83CBE8DDA3D04A83B3DE9C4543D9ADAFD3C01DC0E3E09C8863D8AD57C3C3263953DEC91083DB616F83BF8CEB33E03760C3DF067063C3728203DF0CC363DB616F83BF8CEB33E03760C3DB612403C4B35F43DE3DCCF,
BC0F79853C2EEE953E23D2953BC09C3D3C4FBB953E12CF103D07EAE63C0BDA943E088C1E3E0B56B83D1466F53D9BFCEB3E0095293D1024703DC110A13DD7457C3D029F173DBE425B3D8AD57C3C3263953DEC91083D8F93BC3D0570823DBE7F2C3DB612403C4B35F43DE3DCCF3D9ADAFD3C01DC0E3E09C8863D4CAE643BF8E7DE3E06555C3D8AD57C3C3263953DEC9108,
3DB616F83BF8CEB33E03760C3DBB75213BE621323E1029AE3D9ADAFD3C01DC0E3E09C8863D9D9E413D10342BBBF7E3D23BF6A50D3D142C3D3C74A5593D4F062D3D0C0160BD985A4FBD48765C3D2C98E53E02CD3A3C9175083D1F33013DD4C3C2BCE20EE93D214AD33E1068123D9ADAFD3C01DC0E3E09C8863D8F94423BDBF0563E12E59B3D4CAE643BF8E7DE3E06555C,
BCFC7E6B3D0C59753E1CA6013CB092043C8676A73E036DA83BC09C3D3C4FBB953E12CF103D8F93BC3D0570823DBE7F2C3D3F08893D01B0033DD058DE3D4FC2EC3D16616B3DBCA5BE3BF6A50D3D142C3D3C74A5593C9175083D1F33013DD4C3C2BD89E4503D2A5F853DD876193DBB75213BE621323E1029AE3DAE1B4C3BB07D0B3E1609573DA4B6633C1A77E63E115FCC,
3DDB480A3C84C0593DDC1BDA3DF067063C3728203DF0CC363DB612403C4B35F43DE3DCCF3DA35A423D14E8FB3DA5D2073D8F93BC3D0570823DBE7F2C3D4FC2EC3D16616B3DBCA5BE3D4CAE643BF8E7DE3E06555C3D8F94423BDBF0563E12E59B3D1FD9BA3BFC0D2C3E1449133D07EAE63C0BDA943E088C1E3D4CAE643BF8E7DE3E06555C3D1FD9BA3BFC0D2C3E144913,
3C9175083D1F33013DD4C3C23BF6A50D3D142C3D3C74A5593D9D9E413D10342BBBF7E3D2BCE20EE93D214AD33E1068123C9175083D1F33013DD4C3C23CBE8DDA3D04A83B3DE9C4543DD771003BE5BC883E0E6DDF3DBB75213BE621323E1029AE3DB616F83BF8CEB33E03760C3E07EE0B3C24BDBA3E0394B83DD771003BE5BC883E0E6DDF3DB616F83BF8CEB33E03760C,
3C9175083D1F33013DD4C3C23D9D9E413D10342BBBF7E3D23DA35A423D14E8FB3DA5D207BD80B7803D1AA2E4BCF51ACABD4D86663D134268BDA779A73BF6A50D3D142C3D3C74A5593D3F08893D01B0033DD058DE3CBE8DDA3D04A83B3DE9C4543D4FC2EC3D16616B3DBCA5BE3DB616F83BF8CEB33E03760C3D8AD57C3C3263953DEC91083DB612403C4B35F43DE3DCCF,
3C9175083D1F33013DD4C3C23D4FC2EC3D16616B3DBCA5BE3CBE8DDA3D04A83B3DE9C4543D8AD57C3C3263953DEC91083D26BD6F3C4ED0B33DF708AB3D67A8503CA535443DDCAFB43D4F062D3D0C0160BD985A4F3BF6A50D3D142C3D3C74A5593BF6BE383D11E647BDCF27353DA35A423D14E8FB3DA5D2073E3A786C3D15F56A3D249F513E0B56B83D1466F53D9BFCEB,
BD80B7803D1AA2E4BCF51ACA3BF6A50D3D142C3D3C74A559BD89E4503D2A5F853DD876193D07EAE63C0BDA943E088C1E3D00F9903BED6FDB3E216C1E3C5962073BF28C7A3E2A8694BC0F79853C2EEE953E23D2953D07EAE63C0BDA943E088C1E3C5962073BF28C7A3E2A86943D9ADAFD3C01DC0E3E09C8863DBB75213BE621323E1029AE3DA4B6633C1A77E63E115FCC,
3DA35A423D14E8FB3DA5D2073DCD9F903D1299953DB15F893D8F93BC3D0570823DBE7F2C3D67A8503CA535443DDCAFB43D8F93BC3D0570823DBE7F2C3D8AD57C3C3263953DEC9108BD4D86663D134268BDA779A73BF6BE383D11E647BDCF27353BF6A50D3D142C3D3C74A5593E0B56B83D1466F53D9BFCEB3DCD9F903D1299953DB15F893DA35A423D14E8FB3DA5D207,
3DF067063C3728203DF0CC363E07EE0B3C24BDBA3E0394B83DB616F83BF8CEB33E03760C3E1C3E753D091C08BD49D1703DA35A423D14E8FB3DA5D2073D9D9E413D10342BBBF7E3D23D00F9903BED6FDB3E216C1E3D07EAE63C0BDA943E088C1E3D1FD9BA3BFC0D2C3E1449133C9175083D1F33013DD4C3C23DA35A423D14E8FB3DA5D2073D4FC2EC3D16616B3DBCA5BE,
3DD7457C3D029F173DBE425B3DB612403C4B35F43DE3DCCF3D8F93BC3D0570823DBE7F2C3DCD9F903D1299953DB15F893DD7457C3D029F173DBE425B3D8F93BC3D0570823DBE7F2C3E0B56B83D1466F53D9BFCEB3DD7457C3D029F173DBE425B3DCD9F903D1299953DB15F893E3A786C3D15F56A3D249F513DA35A423D14E8FB3DA5D2073E1C3E753D091C08BD49D170,
3D6A60913C94812C3E7E64B23DBD095B3C78E3AC3E52F0E13D8CF6BE3CA0EA5B3E80B7A23E0542A23C8B34E73DE94F6A3DF067063C3728203DF0CC363DDB480A3C84C0593DDC1BDA3E0542A23C8B34E73DE94F6A3DDB480A3C84C0593DDC1BDA3E0095293D1024703DC110A13DDB480A3C84C0593DDC1BDA3DB612403C4B35F43DE3DCCF3DD7457C3D029F173DBE425B,
3D8F94423BDBF0563E12E59B3DBD095B3C78E3AC3E52F0E13D5CF13D3C6A35933E1D5454BCFC7E6B3D0C59753E1CA6013BC09C3D3C4FBB953E12CF10BD226C3C3C6DAA933E3292813CFFEB073C41A8AC3E8D20F33C3927D43CA9CFDD3E8E54F83D077CCC3C31465F3E871F153E0D6A163CAB38933E7438093DBD095B3C78E3AC3E52F0E13E218C5D3C2E9EE43E69B952,
3D6A60913C94812C3E7E64B23D8898703C10ABB43E87ADB03D3D84903C1EFD873E82584F3D077CCC3C31465F3E871F153D8898703C10ABB43E87ADB03CFFEB073C41A8AC3E8D20F33DC922D93B9680E03E17ED853DBB75213BE621323E1029AE3DD771003BE5BC883E0E6DDF3DBD095B3C78E3AC3E52F0E13DC922D93B9680E03E17ED853DF48CB53C1CA18C3E1F587D,
3DBD095B3C78E3AC3E52F0E13DD3D20F3CC42C803E85566D3DC31B583CA4D4CC3E86978D3D25CA2A3CA602C93E3338713D3DDFCA3C390A783E2744703D48919F3CB634DB3E28ABD63DBD095B3C78E3AC3E52F0E13D25CA2A3CA602C93E3338713D48919F3CB634DB3E28ABD63DF48CB53C1CA18C3E1F587D3DC922D93B9680E03E17ED853E03B18E3BF7C2443E150764,
3DBD095B3C78E3AC3E52F0E13E0D6A163CAB38933E7438093E01A3F43CAE642C3E80A84C3D6A60913C94812C3E7E64B23D8CF6BE3CA0EA5B3E80B7A23D8898703C10ABB43E87ADB03D3C19C13C4182ED3E9186983DC0EF133C2BB8803E9558A73D9999133C3D0E133E9ABF123DC31B583CA4D4CC3E86978D3DD3D20F3CC42C803E85566D3DC8B5463C5A1A933E8BEA2D,
3DBD095B3C78E3AC3E52F0E13D8F94423BDBF0563E12E59B3DAE1B4C3BB07D0B3E1609573DC922D93B9680E03E17ED853DD771003BE5BC883E0E6DDF3E03B18E3BF7C2443E1507643D077CCC3C31465F3E871F153B8E15013C4ECC813E7E920C3CCD31773C1274E23E6F88763DD3D20F3CC42C803E85566D3DE2B94E3C8EDA233E88A5483DC8B5463C5A1A933E8BEA2D,
3BC09C3D3C4FBB953E12CF103CB092043C8676A73E036DA83D07EAE63C0BDA943E088C1E3D2DFA443C8C43703E6DBA4D3CCD31773C1274E23E6F88763D1DEBD93CA42D063E6685123DBD095B3C78E3AC3E52F0E13D2DFA443C8C43703E6DBA4D3D1DEBD93CA42D063E6685123D8F94423BDBF0563E12E59B3DA4B6633C1A77E63E115FCC3DAE1B4C3BB07D0B3E160957,
3D3DDFCA3C390A783E2744703D5CF13D3C6A35933E1D54543D48919F3CB634DB3E28ABD63E159EE93C50678C3E3A90043DBD095B3C78E3AC3E52F0E13E063ED13C4A70D23E2A2F493D2DFA443C8C43703E6DBA4D3DBD095B3C78E3AC3E52F0E13D5E8E613CA3F8983E787AD13DC0EF133C2BB8803E9558A73D3C19C13C4182ED3E9186983D9892683C13FAF43E8EE30D,
3DBD095B3C78E3AC3E52F0E13DA95BFF3CA65CF63E8536D63D94AEC93C889A023E835FC43C9FC4C13BFCE7473E55332BBCBBFD723C1995683E58DCDB3C5962073BF28C7A3E2A86943D5CF13D3C6A35933E1D54543D1FD9BA3BFC0D2C3E1449133D8F94423BDBF0563E12E59B3D5CF13D3C6A35933E1D54543DBD095B3C78E3AC3E52F0E13D48919F3CB634DB3E28ABD6,
3CB092043C8676A73E036DA8BCFC7E6B3D0C59753E1CA6013CBE8DDA3D04A83B3DE9C4543DCE09FF3C31F2563E90F16F3DC0EF133C2BB8803E9558A73D9892683C13FAF43E8EE30D3E01A3F43CAE642C3E80A84C3DE2B94E3C8EDA233E88A5483DD3D20F3CC42C803E85566D3DBD095B3C78E3AC3E52F0E13E01A3F43CAE642C3E80A84C3DD3D20F3CC42C803E85566D,
3DBD095B3C78E3AC3E52F0E13DF48CB53C1CA18C3E1F587D3E063ED13C4A70D23E2A2F49BCBBFD723C1995683E58DCDB3C9FC4C13BFCE7473E55332B3CCD31773C1274E23E6F88763D14573A3C942F623E527D033DBD095B3C78E3AC3E52F0E13D0E34763CB16E373E5B69DB3CEE392E3C70739B3E60BAA63D14573A3C942F623E527D033D0E34763CB16E373E5B69DB,
3D25CA2A3CA602C93E3338713DBD095B3C78E3AC3E52F0E13D0E9F6B3C6AAF363E3BDA513D073CD53C2D4F593E2F023F3D25CA2A3CA602C93E3338713D0E9F6B3C6AAF363E3BDA51BC817DAF3C726F1E3E7C36973B8E15013C4ECC813E7E920CBAE64B233CA34EBA3E81F9053C7F00263C5035373E87292CBB1E55C13CD13B5C3E88AA223ABED7413C4C96463E828501,
3DBD095B3C78E3AC3E52F0E13DAE1B4C3BB07D0B3E1609573DC922D93B9680E03E17ED853DA4B6633C1A77E63E115FCC3D8F94423BDBF0563E12E59B3D9ADAFD3C01DC0E3E09C8863E218C5D3C2E9EE43E69B9523DBD095B3C78E3AC3E52F0E13E1B480A3C1C779A3E4DF04E3DA95BFF3CA65CF63E8536D63DBD095B3C78E3AC3E52F0E13DC31B583CA4D4CC3E86978D,
3D1DEBD93CA42D063E6685123CEE392E3C70739B3E60BAA63D0E34763CB16E373E5B69DB3DBD095B3C78E3AC3E52F0E13D1DEBD93CA42D063E6685123D0E34763CB16E373E5B69DB3E1B480A3C1C779A3E4DF04E3DBD095B3C78E3AC3E52F0E13E159EE93C50678C3E3A90043DAE1B4C3BB07D0B3E1609573DBB75213BE621323E1029AE3DC922D93B9680E03E17ED85,
3CD7C0B13C15FAA93E300A7C3C5962073BF28C7A3E2A86943D00F9903BED6FDB3E216C1EBCFC7E6B3D0C59753E1CA601BCE20EE93D214AD33E1068123CBE8DDA3D04A83B3DE9C4543D6A60913C94812C3E7E64B23D3D84903C1EFD873E82584F3D5E8E613CA3F8983E787AD13DBD095B3C78E3AC3E52F0E13D6A60913C94812C3E7E64B23D5E8E613CA3F8983E787AD1,
3D8CF6BE3CA0EA5B3E80B7A23DBD095B3C78E3AC3E52F0E13D94AEC93C889A023E835FC43D8898703C10ABB43E87ADB03D8CF6BE3CA0EA5B3E80B7A23D94AEC93C889A023E835FC43D0E9F6B3C6AAF363E3BDA513DBD095B3C78E3AC3E52F0E13D14573A3C942F623E527D033CF589F03C29003F3E4F27FE3D0E9F6B3C6AAF363E3BDA513D14573A3C942F623E527D03,
3E03B18E3BF7C2443E1507643DD771003BE5BC883E0E6DDF3E07EE0B3C24BDBA3E0394B83D8898703C10ABB43E87ADB03D3C19C13C4182ED3E9186983CFFEB073C41A8AC3E8D20F33D3DDFCA3C390A783E2744703D25CA2A3CA602C93E3338713D073CD53C2D4F593E2F023FBC817DAF3C726F1E3E7C3697BC6FA6163C560E953E754E2B3B8E15013C4ECC813E7E920C,
3ABED7413C4C96463E828501BB1E55C13CD13B5C3E88AA22BAE64B233CA34EBA3E81F9053B8E15013C4ECC813E7E920C3D077CCC3C31465F3E871F153C7F00263C5035373E87292C3ABED7413C4C96463E8285013B8E15013C4ECC813E7E920C3C7F00263C5035373E87292C3DCE09FF3C31F2563E90F16F3DE2B94E3C8EDA233E88A5483DFFF2E53C355EF23E8A90AC,
3D0E9F6B3C6AAF363E3BDA513CD7C0B13C15FAA93E300A7C3D073CD53C2D4F593E2F023F39DC33723D12C3873E9FFDE7BC83EC893D4CF3993E991BC5BC1B84553D1318763E907FED3C3927D43CA9CFDD3E8E54F839DC33723D12C3873E9FFDE7BC1B84553D1318763E907FED3ABED7413C4C96463E828501BAE64B233CA34EBA3E81F9053B8E15013C4ECC813E7E920C,
3D94AEC93C889A023E835FC43DA95BFF3CA65CF63E8536D63D8898703C10ABB43E87ADB03CF093103CB813013EA2048E3D3C19C13C4182ED3E9186983D5230BA3C76B5D43EA0B8283D5230BA3C76B5D43EA0B8283D3C19C13C4182ED3E9186983D9999133C3D0E133E9ABF123CD7C0B13C15FAA93E300A7C3D00F9903BED6FDB3E216C1E3D073CD53C2D4F593E2F023F,
BC0F79853C2EEE953E23D2953BC09C3D3C4FBB953E12CF103D07EAE63C0BDA943E088C1E3C3927D43CA9CFDD3E8E54F8BB1E55C13CD13B5C3E88AA223C7F00263C5035373E87292C3D077CCC3C31465F3E871F153C3927D43CA9CFDD3E8E54F83C7F00263C5035373E87292C3DFFF2E53C355EF23E8A90AC3E0144893C6A42293E992C8C3DCE09FF3C31F2563E90F16F,
3D1FD9BA3BFC0D2C3E1449133D5CF13D3C6A35933E1D54543D3DDFCA3C390A783E2744703D00F9903BED6FDB3E216C1E3D1FD9BA3BFC0D2C3E1449133D3DDFCA3C390A783E2744703C3927D43CA9CFDD3E8E54F8BC1B84553D1318763E907FEDBC9852723D2FCAC93E8D4739BC9852723D2FCAC93E8D4739BB1E55C13CD13B5C3E88AA223C3927D43CA9CFDD3E8E54F8,
3CF093103CB813013EA2048E3B8626F63D3530CF3EB4AC8E3C3927D43CA9CFDD3E8E54F83CF093103CB813013EA2048E3C3927D43CA9CFDD3E8E54F83CFFEB073C41A8AC3E8D20F33D3C19C13C4182ED3E9186983CF093103CB813013EA2048E3CFFEB073C41A8AC3E8D20F33D9ADAFD3C01DC0E3E09C8863D8F94423BDBF0563E12E59B3D4CAE643BF8E7DE3E06555C,
3CCD31773C1274E23E6F88763B8E15013C4ECC813E7E920CBC6FA6163C560E953E754E2BBCBBFD723C1995683E58DCDB3CCD31773C1274E23E6F8876BC851C9F3C59DFDB3E6EB4203DBB75213BE621323E1029AE3DAE1B4C3BB07D0B3E1609573DA4B6633C1A77E63E115FCC3B8626F63D3530CF3EB4AC8E39DC33723D12C3873E9FFDE73C3927D43CA9CFDD3E8E54F8,
3D4CAE643BF8E7DE3E06555C3D8F94423BDBF0563E12E59B3D1FD9BA3BFC0D2C3E1449133D07EAE63C0BDA943E088C1E3D4CAE643BF8E7DE3E06555C3D1FD9BA3BFC0D2C3E144913BD226C3C3C6DAA933E3292813BC09C3D3C4FBB953E12CF10BC0F79853C2EEE953E23D295BCFC7E6B3D0C59753E1CA6013CB092043C8676A73E036DA83BC09C3D3C4FBB953E12CF10,
3DE2B94E3C8EDA233E88A5483DCE09FF3C31F2563E90F16F3DC8B5463C5A1A933E8BEA2D3C5962073BF28C7A3E2A8694BD1839473C18BB4D3E3FBB95BC0F79853C2EEE953E23D2953DCE09FF3C31F2563E90F16F3D9892683C13FAF43E8EE30D3DC8B5463C5A1A933E8BEA2D3D00F9903BED6FDB3E216C1E3D3DDFCA3C390A783E2744703D073CD53C2D4F593E2F023F,
3D07EAE63C0BDA943E088C1E3D00F9903BED6FDB3E216C1E3C5962073BF28C7A3E2A8694BC0F79853C2EEE953E23D2953D07EAE63C0BDA943E088C1E3C5962073BF28C7A3E2A8694BC851C9F3C59DFDB3E6EB4203CCD31773C1274E23E6F8876BC6FA6163C560E953E754E2B3D8898703C10ABB43E87ADB03D077CCC3C31465F3E871F153D3D84903C1EFD873E82584F,
3D14573A3C942F623E527D033CEE392E3C70739B3E60BAA63CF589F03C29003F3E4F27FEBD1839473C18BB4D3E3FBB953C5962073BF28C7A3E2A8694BCBBFD723C1995683E58DCDB3DCE09FF3C31F2563E90F16F3E0144893C6A42293E992C8C3DC0EF133C2BB8803E9558A73D8898703C10ABB43E87ADB03D9892683C13FAF43E8EE30D3D3C19C13C4182ED3E918698,
3DA95BFF3CA65CF63E8536D63DC31B583CA4D4CC3E86978D3DC8B5463C5A1A933E8BEA2D3D9892683C13FAF43E8EE30D3DA95BFF3CA65CF63E8536D63DC8B5463C5A1A933E8BEA2D3D9892683C13FAF43E8EE30D3D8898703C10ABB43E87ADB03DA95BFF3CA65CF63E8536D63CEE392E3C70739B3E60BAA63C9FC4C13BFCE7473E55332B3CF589F03C29003F3E4F27FE,
3CD7C0B13C15FAA93E300A7C3C9FC4C13BFCE7473E55332B3C5962073BF28C7A3E2A86943D3D84903C1EFD873E82584F3D077CCC3C31465F3E871F153CCD31773C1274E23E6F88763D2DFA443C8C43703E6DBA4D3D3D84903C1EFD873E82584F3CCD31773C1274E23E6F88763D00F9903BED6FDB3E216C1E3D07EAE63C0BDA943E088C1E3D1FD9BA3BFC0D2C3E144913,
3D1DEBD93CA42D063E6685123CCD31773C1274E23E6F88763CEE392E3C70739B3E60BAA63CF589F03C29003F3E4F27FE3C9FC4C13BFCE7473E55332B3CD7C0B13C15FAA93E300A7C3D0E9F6B3C6AAF363E3BDA513CF589F03C29003F3E4F27FE3CD7C0B13C15FAA93E300A7C3CEE392E3C70739B3E60BAA63CCD31773C1274E23E6F88763C9FC4C13BFCE7473E55332B,
3D1EF4173D9E15CA3EE16C833D6DDDF43D3E28243ECAD6AA3D78F0413D89C66D3EDDECA23DC65E033D5D07423ED3E1003D6DDDF43D3E28243ECAD6AA3DA64ECF3CE8166A3EB9C68F3D1D52C13D2682B63EC21A0D3D6DDDF43D3E28243ECAD6AA3CF4D9C73D66A3383ECDBCA93D2DFA443C8C43703E6DBA4D3D5E8E613CA3F8983E787AD13D3D84903C1EFD873E82584F,
3DF307293D41ECD53ECAB8A63DC65E033D5D07423ED3E1003DA64ECF3CE8166A3EB9C68FBC7A5D293DA7F23D3EC60B0BBC29C12F3D7355CE3EB76AB63AF55DE63D627D033EBF4F943D3C19C13C4182ED3E9186983DC0EF133C2BB8803E9558A73D9999133C3D0E133E9ABF123B8626F63D3530CF3EB4AC8E3CBAA9B53D21F8E43EBA9CDC3AF55DE63D627D033EBF4F94,
3DC0EF133C2BB8803E9558A73D3C19C13C4182ED3E9186983D9892683C13FAF43E8EE30DBC7A5D293DA7F23D3EC60B0B3C5E00D23D9064673ECEB28EBC83F2D43DBD79073ED0BE513DB516983D8522643EDE4D7F3D78F0413D89C66D3EDDECA23D6DDDF43D3E28243ECAD6AABC49EA9A3D63443D3EAC100EBB8C1DB03D387F023EA8ED3E3B8626F63D3530CF3EB4AC8E,
3E0144893C6A42293E992C8C3E12D16C3CA385403E9C9BE93DB78EE33C8CC1443EAC7A9E3DA64ECF3CE8166A3EB9C68F3D6DDDF43D3E28243ECAD6AA3D1D52C13D2682B63EC21A0D3DF307293D41ECD53ECAB8A63DCA771D3CD199BB3EB5CA2A3E19578A3D43265B3EC3B7FA3DCE09FF3C31F2563E90F16F3DC0EF133C2BB8803E9558A73D9892683C13FAF43E8EE30D,
3D6DDDF43D3E28243ECAD6AA3D1EF4173D9E15CA3EE16C833CF4D9C73D66A3383ECDBCA9BC7A5D293DA7F23D3EC60B0B3AF55DE63D627D033EBF4F943C5E00D23D9064673ECEB28E3DF307293D41ECD53ECAB8A63DA64ECF3CE8166A3EB9C68F3DCA771D3CD199BB3EB5CA2A3E12D16C3CA385403E9C9BE93E1C9F733D0DE6DE3EB1F6883DB78EE33C8CC1443EAC7A9E,
3CF4D9C73D66A3383ECDBCA93C72A1733DB275EF3EDF6BC23C5E00D23D9064673ECEB28E3CF093103CB813013EA2048E3D5230BA3C76B5D43EA0B8283CBAA9B53D21F8E43EBA9CDC3B8626F63D3530CF3EB4AC8E3CF093103CB813013EA2048E3CBAA9B53D21F8E43EBA9CDC3DA64ECF3CE8166A3EB9C68F3DB78EE33C8CC1443EAC7A9E3DCA771D3CD199BB3EB5CA2A,
39DC33723D12C3873E9FFDE7BC83EC893D4CF3993E991BC5BC1B84553D1318763E907FED3C3927D43CA9CFDD3E8E54F839DC33723D12C3873E9FFDE7BC1B84553D1318763E907FED3CF4D9C73D66A3383ECDBCA93CBAA9B53D21F8E43EBA9CDC3D1D52C13D2682B63EC21A0DBBF976793DD9A9543EDF8445BAF388223DAD2ED83ED429393C72A1733DB275EF3EDF6BC2,
3DA64ECF3CE8166A3EB9C68F3D1D52C13D2682B63EC21A0D3D8FAE793C8AF3E43EA9BE903DB78EE33C8CC1443EAC7A9E3DA64ECF3CE8166A3EB9C68F3D8FAE793C8AF3E43EA9BE903DF307293D41ECD53ECAB8A63E073DE23D8986773EDD36B53DC65E033D5D07423ED3E1003D9999133C3D0E133E9ABF123DC0EF133C2BB8803E9558A73DB78EE33C8CC1443EAC7A9E,
3D5230BA3C76B5D43EA0B8283D3C19C13C4182ED3E9186983D9999133C3D0E133E9ABF123E19578A3D43265B3EC3B7FA3DCA771D3CD199BB3EB5CA2A3E1C9F733D0DE6DE3EB1F688BC83F2D43DBD79073ED0BE513C5E00D23D9064673ECEB28EBAF388223DAD2ED83ED429393DB78EE33C8CC1443EAC7A9E3D8FAE793C8AF3E43EA9BE903D9999133C3D0E133E9ABF12,
3D1EF4173D9E15CA3EE16C833C72A1733DB275EF3EDF6BC23CF4D9C73D66A3383ECDBCA93DFFF2E53C355EF23E8A90AC3E0144893C6A42293E992C8C3DCE09FF3C31F2563E90F16F3DC65E033D5D07423ED3E1003DB516983D8522643EDE4D7F3D6DDDF43D3E28243ECAD6AA3CF093103CB813013EA2048E3D3C19C13C4182ED3E9186983D5230BA3C76B5D43EA0B828,
3CF093103CB813013EA2048E3B8626F63D3530CF3EB4AC8E3C3927D43CA9CFDD3E8E54F83CF093103CB813013EA2048E3C3927D43CA9CFDD3E8E54F83CFFEB073C41A8AC3E8D20F33D3C19C13C4182ED3E9186983CF093103CB813013EA2048E3CFFEB073C41A8AC3E8D20F33B8626F63D3530CF3EB4AC8E3AF55DE63D627D033EBF4F94BC29C12F3D7355CE3EB76AB6,
3CBAA9B53D21F8E43EBA9CDC3CF4D9C73D66A3383ECDBCA93AF55DE63D627D033EBF4F943CBAA9B53D21F8E43EBA9CDC3D5230BA3C76B5D43EA0B8283D1D52C13D2682B63EC21A0D3E0144893C6A42293E992C8C3DB78EE33C8CC1443EAC7A9E3DC0EF133C2BB8803E9558A73B8626F63D3530CF3EB4AC8E39DC33723D12C3873E9FFDE73C3927D43CA9CFDD3E8E54F8,
3C5E00D23D9064673ECEB28E3C72A1733DB275EF3EDF6BC2BAF388223DAD2ED83ED429393DC65E033D5D07423ED3E1003E073DE23D8986773EDD36B53DB516983D8522643EDE4D7F3D5230BA3C76B5D43EA0B8283D8FAE793C8AF3E43EA9BE903D1D52C13D2682B63EC21A0D3CF4D9C73D66A3383ECDBCA93C5E00D23D9064673ECEB28E3AF55DE63D627D033EBF4F94,
BC49EA9A3D63443D3EAC100E3B8626F63D3530CF3EB4AC8EBC29C12F3D7355CE3EB76AB6BC83EC893D4CF3993E991BC539DC33723D12C3873E9FFDE7BB8C1DB03D387F023EA8ED3E3B8626F63D3530CF3EB4AC8EBB8C1DB03D387F023EA8ED3E39DC33723D12C3873E9FFDE73D5230BA3C76B5D43EA0B8283D9999133C3D0E133E9ABF123D8FAE793C8AF3E43EA9BE90,
3D1EF4173D9E15CA3EE16C833D6DDDF43D3E28243ECAD6AA3D78F0413D89C66D3EDDECA23DAB545C3E34723B3F04575C3D3B24643E2F3F963F0166063DB78D503E0924F23F0073793DCA771D3CD199BB3EB5CA2A3DB78EE33C8CC1443EAC7A9E3E1C9F733D0DE6DE3EB1F6883DCE09FF3C31F2563E90F16F3E0144893C6A42293E992C8C3DC0EF133C2BB8803E9558A7,
3DB516983D8522643EDE4D7F3D78F0413D89C66D3EDDECA23D6DDDF43D3E28243ECAD6AA3D1EF4173D9E15CA3EE16C833CE195463DB59B3D3EE558A73C72A1733DB275EF3EDF6BC23DAEED033DDA6A443EF79F883DEC7F353DCEC17F3EF45CDD3DD50B953DE868343EFABECF3DB78D503E0924F23F0073793D7E2A3D3DFD3E4F3EFC751D3DD50B953DE868343EFABECF,
3CAF68383DE0BFE43EEE98FE3D1E08293DD7C8083EF13E603D172FFD3DFEF1FE3EF86A2B3DEC7F353DCEC17F3EF45CDD3DAEED033DDA6A443EF79F883DD1E3223DA544783EE95D923D172FFD3DFEF1FE3EF86A2B3C484B5E3DFA39823EEF92083CAF68383DE0BFE43EEE98FE3E046A5D3DE772503EF95BDD3E07279A3E05E2CE3EFF06B33DD50B953DE868343EFABECF,
3D172FFD3DFEF1FE3EF86A2B3D3B24643E2F3F963F0166063CDDD0963E32F3C33EFE80BFBBF976793DD9A9543EDF84453C72A1733DB275EF3EDF6BC23CAF68383DE0BFE43EEE98FE3D6722183DDFE1973EF6742A3D172FFD3DFEF1FE3EF86A2B3D1E08293DD7C8083EF13E603D6DDDF43D3E28243ECAD6AA3D1EF4173D9E15CA3EE16C833CF4D9C73D66A3383ECDBCA9,
3D6722183DDFE1973EF6742A3D7E2A3D3DFD3E4F3EFC751D3D172FFD3DFEF1FE3EF86A2BBBF976793DD9A9543EDF8445BAF388223DAD2ED83ED429393C72A1733DB275EF3EDF6BC23DD1E3223DA544783EE95D923DB516983D8522643EDE4D7F3E073DE23D8986773EDD36B53CF4D9C73D66A3383ECDBCA93C72A1733DB275EF3EDF6BC23C5E00D23D9064673ECEB28E,
3C484B5E3DFA39823EEF92083BCAF70A3E1AF4AE3EF3B385BBD1E1093E1061843EECB48D3D1E08293DD7C8083EF13E603DA3A9F43DA714773EE912993D6722183DDFE1973EF6742A3DD50B953DE868343EFABECF3D7E2A3D3DFD3E4F3EFC751D3DAEED033DDA6A443EF79F883DAEED033DDA6A443EF79F883D7E2A3D3DFD3E4F3EFC751D3D6722183DDFE1973EF6742A,
BBD1E1093E1061843EECB48D3BCAF70A3E1AF4AE3EF3B385BA0398A63E2FDDEC3EF417EC3DC65E033D5D07423ED3E1003DB516983D8522643EDE4D7F3D6DDDF43D3E28243ECAD6AA3DF307293D41ECD53ECAB8A63E073DE23D8986773EDD36B53DC65E033D5D07423ED3E1003D1E08293DD7C8083EF13E603D1EF4173D9E15CA3EE16C833DA3A9F43DA714773EE91299,
3DF519BD3E3008203F038B483DAB545C3E34723B3F04575C3DB78D503E0924F23F0073793D1E08293DD7C8083EF13E603CAF68383DE0BFE43EEE98FE3CE195463DB59B3D3EE558A73D1EF4173D9E15CA3EE16C833D1E08293DD7C8083EF13E603CE195463DB59B3D3EE558A73D1EF4173D9E15CA3EE16C833C72A1733DB275EF3EDF6BC23CF4D9C73D66A3383ECDBCA9,
3DA3A9F43DA714773EE912993D78F0413D89C66D3EDDECA23DB516983D8522643EDE4D7F3BCAF70A3E1AF4AE3EF3B3853C484B5E3DFA39823EEF92083D172FFD3DFEF1FE3EF86A2B3CAF68383DE0BFE43EEE98FE3C72A1733DB275EF3EDF6BC23CE195463DB59B3D3EE558A73D6722183DDFE1973EF6742A3DA3A9F43DA714773EE912993DAEED033DDA6A443EF79F88,
3D1EF4173D9E15CA3EE16C833D78F0413D89C66D3EDDECA23DA3A9F43DA714773EE912993DD1E3223DA544783EE95D923DAEED033DDA6A443EF79F883DA3A9F43DA714773EE912993DC65E033D5D07423ED3E1003E073DE23D8986773EDD36B53DB516983D8522643EDE4D7F3D172FFD3DFEF1FE3EF86A2B3CDDD0963E32F3C33EFE80BF3BCAF70A3E1AF4AE3EF3B385,
3DD1E3223DA544783EE95D923E073DE23D8986773EDD36B53E1903213DA3BD5A3EE396293E0C50CE3DCE2F383EF2A4DB3DD1E3223DA544783EE95D923E1903213DA3BD5A3EE396293C5E00D23D9064673ECEB28E3C72A1733DB275EF3EDF6BC2BAF388223DAD2ED83ED429393DB516983D8522643EDE4D7F3DD1E3223DA544783EE95D923DA3A9F43DA714773EE91299,
3C484B5E3DFA39823EEF9208BBD1E1093E1061843EECB48DBBF976793DD9A9543EDF84453CAF68383DE0BFE43EEE98FE3C484B5E3DFA39823EEF9208BBF976793DD9A9543EDF84453DB78D503E0924F23F0073793D3B24643E2F3F963F0166063D7E2A3D3DFD3E4F3EFC751D3DD1E3223DA544783EE95D923E0C50CE3DCE2F383EF2A4DB3DEC7F353DCEC17F3EF45CDD,
3E07279A3E05E2CE3EFF06B33DF519BD3E3008203F038B483DB78D503E0924F23F0073793DD50B953DE868343EFABECF3E07279A3E05E2CE3EFF06B33DB78D503E0924F23F0073793D3B24643E2F3F963F0166063D172FFD3DFEF1FE3EF86A2B3D7E2A3D3DFD3E4F3EFC751D3DEC7F353DCEC17F3EF45CDD3E046A5D3DE772503EF95BDD3DD50B953DE868343EFABECF,
3D03211D3E8FE154BEDF70BD3CED7E893E8A4335BED9EC923C5EB95E3E94332FBEDD51503D9D83843E806F05BED674D13D8259E23E88DB6ABEDCD1A63DBFC9793E86AD4FBEDBB7743DB354C13E92CCF7BEE023643DF8B5033E92C0C6BEE0C32B3DD4EF463E8F2A5ABEDE3E6C3D7340D53E8E9835BEDFE0CE3D03211D3E8FE154BEDF70BD3D71EAFF3E9452A4BEE46717,
3DBFC9793E86AD4FBEDBB7743D8259E23E88DB6ABEDCD1A63DD4EF463E8F2A5ABEDE3E6C3DD4EF463E8F2A5ABEDE3E6C3D8259E23E88DB6ABEDCD1A63DB354C13E92CCF7BEE023643D03211D3E8FE154BEDF70BD3D33E6823E9D8E43BEE7C9DE3D71EAFF3E9452A4BEE467173C5EB95E3E94332FBEDD51503CED7E893E8A4335BED9EC923C6347633E875819BED11B61,
3D7340D53E8E9835BEDFE0CE3D520E1F3E844E72BED7F2803D03211D3E8FE154BEDF70BD3C6347633E875819BED11B613B4A92603E92847BBEDA14AD3C5EB95E3E94332FBEDD51503D33E6823E9D8E43BEE7C9DE3D03211D3E8FE154BEDF70BD3CAC9F303E988EBDBEE1A71A3D03211D3E8FE154BEDF70BD3C5EB95E3E94332FBEDD51503CAC9F303E988EBDBEE1A71A,
3E0FF5843E8E2196BEDA96923DF07AF23E85B0DEBEDA3B153DD4EF463E8F2A5ABEDE3E6C3DF8B5033E92C0C6BEE0C32B3E0FF5843E8E2196BEDA96923DD4EF463E8F2A5ABEDE3E6C3DBFC9793E86AD4FBEDBB7743DD4EF463E8F2A5ABEDE3E6C3DF07AF23E85B0DEBEDA3B153D7340D53E8E9835BEDFE0CE3D8259E23E88DB6ABEDCD1A63D520E1F3E844E72BED7F280,
3D8259E23E88DB6ABEDCD1A63D9D83843E806F05BED674D13D520E1F3E844E72BED7F2803DB354C13E92CCF7BEE023643D7340D53E8E9835BEDFE0CE3D71EAFF3E9452A4BEE467173D8259E23E88DB6ABEDCD1A63D7340D53E8E9835BEDFE0CE3DB354C13E92CCF7BEE023643D9D83843E806F05BED674D13DBFC9793E86AD4FBEDBB7743DE8405B3E7DE3B9BED59C06,
3C3A01EF3E799956BEC711303D07D0AF3E7F87ADBECDC9603D471E6D3E6C4BD3BEC9A9763D471E6D3E6C4BD3BEC9A9763D07D0AF3E7F87ADBECDC9603D6EDFE73E7764F1BECE09BB3DF07AF23E85B0DEBEDA3B153DE8405B3E7DE3B9BED59C063DBFC9793E86AD4FBEDBB7743D03211D3E8FE154BEDF70BD3D520E1F3E844E72BED7F2803CED7E893E8A4335BED9EC92,
3C6347633E875819BED11B613CA70B073E835BD5BECF59683C3A01EF3E799956BEC711303DD0BD013E49B025BEB848BF3DC7F4DC3E56F7E4BEBDD11C3DE558643E6958DABEC7D6303CBFDB4D3E4AF295BEAE47563C3C6A7F3E5E0D24BEB8EA9E3D1BAA153E500B03BEB7B0B43DA19A843E510518BEBDBA2C3DD0BD013E49B025BEB848BF3DA3A0843E4452C6BEB56A9C,
3DF9DCB53E2C2E34BE9021293DCAF2D83E2540CCBE87CDAB3DCAEAFB3E2D6627BE97F62B3D9D83843E806F05BED674D13D8259E23E88DB6ABEDCD1A63DBFC9793E86AD4FBEDBB7743C3C6A7F3E5E0D24BEB8EA9EBC3E76C93E7C1872BEBFAB753CA854473E68C3B1BEC354193CA70B073E835BD5BECF59683D520E1F3E844E72BED7F2803D07D0AF3E7F87ADBECDC960,
3D520E1F3E844E72BED7F2803D9D83843E806F05BED674D13D6EDFE73E7764F1BECE09BB3D07D0AF3E7F87ADBECDC9603D520E1F3E844E72BED7F2803D6EDFE73E7764F1BECE09BB3DC7F4DC3E56F7E4BEBDD11C3DD0BD013E49B025BEB848BF3DA19A843E510518BEBDBA2C3A37C3503E563886BEB1700D3C3C6A7F3E5E0D24BEB8EA9E3CBFDB4D3E4AF295BEAE4756,
3DDDD1A23E3A4DF4BEAB76B43DB0CC363E309247BE9CBFD33DBE4DE43E3DD4C7BEB0A00A3C6347633E875819BED11B61BB18C3B13E8940FFBED318DB3B4A92603E92847BBEDA14AD3D03211D3E8FE154BEDF70BD3CED7E893E8A4335BED9EC923C5EB95E3E94332FBEDD51503D520E1F3E844E72BED7F2803CA70B073E835BD5BECF59683CED7E893E8A4335BED9EC92,
3D6EDFE73E7764F1BECE09BB3D9D83843E806F05BED674D13DB942913E6BDA0EBEC9A5873DD0BD013E49B025BEB848BF3DBE4DE43E3DD4C7BEB0A00A3DA3A0843E4452C6BEB56A9C3DBE4DE43E3DD4C7BEB0A00A3DD0BD013E49B025BEB848BF3DDDD1A23E3A4DF4BEAB76B43DA282413E5F2778BEC48C2E3DE558643E6958DABEC7D6303DC7F4DC3E56F7E4BEBDD11C,
3CED7E893E8A4335BED9EC923CA70B073E835BD5BECF59683C6347633E875819BED11B613C5EB95E3E94332FBEDD51503CED7E893E8A4335BED9EC923C6347633E875819BED11B613D70A4E33E2EB0FBBE91E4933DCAEAFB3E2D6627BE97F62B3DA9A88B3E25C78ABE86DE553C8770373E362068BE8E92923D6C8A373E380560BEA1A9543D70A4E33E2EB0FBBE91E493,
BB05B1853E3D666BBE911FD6BB9E4D5E3E424F22BE9C8E8A3CAFE8253E37E49BBE9611993D1938153E3E9FF1BEA639D63D6C8A373E380560BEA1A9543C8770373E362068BE8E92923CAFE8253E37E49BBE9611993D1938153E3E9FF1BEA639D63C8770373E362068BE8E92923A37C3503E563886BEB1700DBCA7B2CC3E6BFC22BEB2CA58BBF837B53E724B34BEBB1338,
3D471E6D3E6C4BD3BEC9A9763DA19A843E510518BEBDBA2C3D1BAA153E500B03BEB7B0B43C3A01EF3E799956BEC711303CA854473E68C3B1BEC35419BC3E76C93E7C1872BEBFAB753DA282413E5F2778BEC48C2E3DA19A843E510518BEBDBA2C3D471E6D3E6C4BD3BEC9A976BB9E4D5E3E424F22BE9C8E8A3D1938153E3E9FF1BEA639D63CAFE8253E37E49BBE961199,
3DA282413E5F2778BEC48C2E3D471E6D3E6C4BD3BEC9A9763D6EDFE73E7764F1BECE09BB3D7CF4E83E43369CBEB323363D1BAA153E500B03BEB7B0B43DA19A843E510518BEBDBA2C3DDDD1A23E3A4DF4BEAB76B43E0EA2903E4CCC03BEB6FB093E1474543E461E4FBEAEBB343C3A01EF3E799956BEC711303D471E6D3E6C4BD3BEC9A9763CA854473E68C3B1BEC35419,
3CBFDB4D3E4AF295BEAE47563D7CF4E83E43369CBEB323363D1938153E3E9FF1BEA639D63C61E7103E45B5B7BEA404A73CBFDB4D3E4AF295BEAE47563D1938153E3E9FF1BEA639D63C6347633E875819BED11B613B4A92603E92847BBEDA14AD3C5EB95E3E94332FBEDD51503DDDD1A23E3A4DF4BEAB76B43DCAEAFB3E2D6627BE97F62B3DB0CC363E309247BE9CBFD3,
3A37C3503E563886BEB1700DBC3606B83E4D156ABEA6FFA0BCA7B2CC3E6BFC22BEB2CA583DBFC9793E86AD4FBEDBB7743DD4EF463E8F2A5ABEDE3E6C3DF07AF23E85B0DEBEDA3B153D7340D53E8E9835BEDFE0CE3D8259E23E88DB6ABEDCD1A63D520E1F3E844E72BED7F2803D7340D53E8E9835BEDFE0CE3D520E1F3E844E72BED7F2803D03211D3E8FE154BEDF70BD,
3E0FF5843E8E2196BEDA96923DF07AF23E85B0DEBEDA3B153DD4EF463E8F2A5ABEDE3E6C3DF8B5033E92C0C6BEE0C32B3E0FF5843E8E2196BEDA96923DD4EF463E8F2A5ABEDE3E6CBB05B1853E3D666BBE911FD63CAFE8253E37E49BBE9611993C8770373E362068BE8E92923A37C3503E563886BEB1700DBAFC2EBA3E4792D1BEA5C400BC3606B83E4D156ABEA6FFA0,
BC3E76C93E7C1872BEBFAB75BBDD3FE23E844BF5BECCDFF03C3A01EF3E799956BEC71130BBDD3FE23E844BF5BECCDFF0BB18C3B13E8940FFBED318DB3C6347633E875819BED11B613C3A01EF3E799956BEC71130BBDD3FE23E844BF5BECCDFF03C6347633E875819BED11B613C3A01EF3E799956BEC711303CA70B073E835BD5BECF59683D07D0AF3E7F87ADBECDC960,
3C3C6A7F3E5E0D24BEB8EA9EBBF837B53E724B34BEBB1338BC3E76C93E7C1872BEBFAB753D1938153E3E9FF1BEA639D6BB9E4D5E3E424F22BE9C8E8A3C61E7103E45B5B7BEA404A73DB942913E6BDA0EBEC9A5873DE8405B3E7DE3B9BED59C063DE558643E6958DABEC7D6303DB942913E6BDA0EBEC9A5873DA282413E5F2778BEC48C2E3D6EDFE73E7764F1BECE09BB,
3D9D83843E806F05BED674D13DBFC9793E86AD4FBEDBB7743DE8405B3E7DE3B9BED59C063DB942913E6BDA0EBEC9A5873D9D83843E806F05BED674D13DE8405B3E7DE3B9BED59C063D70A4E33E2EB0FBBE91E4933DBE4DE43E3DD4C7BEB0A00A3DB0CC363E309247BE9CBFD33A37C3503E563886BEB1700DBBF837B53E724B34BEBB13383C3C6A7F3E5E0D24BEB8EA9E,
3DC7F4DC3E56F7E4BEBDD11C3DA19A843E510518BEBDBA2C3DA282413E5F2778BEC48C2E3DA9A88B3E25C78ABE86DE553DCAEAFB3E2D6627BE97F62B3DCAF2D83E2540CCBE87CDAB3CBFDB4D3E4AF295BEAE47563D1BAA153E500B03BEB7B0B43D7CF4E83E43369CBEB323363DDDD1A23E3A4DF4BEAB76B43DD0BD013E49B025BEB848BF3E0018613E543201BEBEAF04,
3D1938153E3E9FF1BEA639D63D7CF4E83E43369CBEB323363D6C8A373E380560BEA1A9543D70A4E33E2EB0FBBE91E4933DB0CC363E309247BE9CBFD33DCAEAFB3E2D6627BE97F62B3DB942913E6BDA0EBEC9A5873DE558643E6958DABEC7D6303DA282413E5F2778BEC48C2E3D6C8A373E380560BEA1A9543DA3A0843E4452C6BEB56A9C3DBE4DE43E3DD4C7BEB0A00A,
3D8259E23E88DB6ABEDCD1A63D9D83843E806F05BED674D13D520E1F3E844E72BED7F2803CBFDB4D3E4AF295BEAE47563C61E7103E45B5B7BEA404A7BAFC2EBA3E4792D1BEA5C4003CBFDB4D3E4AF295BEAE4756BAFC2EBA3E4792D1BEA5C4003A37C3503E563886BEB1700D3D7CF4E83E43369CBEB323363DA3A0843E4452C6BEB56A9C3D6C8A373E380560BEA1A954,
3DD0BD013E49B025BEB848BF3DE558643E6958DABEC7D6303E0018613E543201BEBEAF043C61E7103E45B5B7BEA404A7BB9E4D5E3E424F22BE9C8E8ABAFC2EBA3E4792D1BEA5C4003D6C8A373E380560BEA1A9543DBE4DE43E3DD4C7BEB0A00A3D70A4E33E2EB0FBBE91E4933D471E6D3E6C4BD3BEC9A9763D1BAA153E500B03BEB7B0B43CA854473E68C3B1BEC35419,
3DCAEAFB3E2D6627BE97F62B3DDDD1A23E3A4DF4BEAB76B43DF9DCB53E2C2E34BE9021293D7CF4E83E43369CBEB323363DA19A843E510518BEBDBA2C3DA3A0843E4452C6BEB56A9C3C3C6A7F3E5E0D24BEB8EA9E3CA854473E68C3B1BEC354193D1BAA153E500B03BEB7B0B43B4A92603E92847BBEDA14ADBB18C3B13E8940FFBED318DBBBE842743E934331BED9FC2B,
3DF07AF23E85B0DEBEDA3B153DE8405B3E7DE3B9BED59C063DBFC9793E86AD4FBEDBB7743DDDD1A23E3A4DF4BEAB76B43E0018613E543201BEBEAF043E0EA2903E4CCC03BEB6FB093D03211D3E8FE154BEDF70BD3D520E1F3E844E72BED7F2803CED7E893E8A4335BED9EC923DDDD1A23E3A4DF4BEAB76B43E1474543E461E4FBEAEBB343DF9DCB53E2C2E34BE902129,
3DB7E3D23E1CEA6CBE79D0EA3DF9DCB53E2C2E34BE9021293DF8316A3E2545C8BE81E16D3DCAF2D83E2540CCBE87CDAB3DB7E3D23E1CEA6CBE79D0EA3DA9A88B3E25C78ABE86DE553CE21B7E3E04A340BE89FBA43C1096BC3E17B891BE87B80B3CBD57793E1CB31CBE89146E3D828B2A3E11F645BE84CA4F3D8C7FBB3DEA9931BE86C5F43D5D60633E068987BE86FD44,
3D3068123E1D5E4ABE88650E3D49B3073E2A9DA6BE8DDB773D7D102C3E1E8FF3BE868D973D3068123E1D5E4ABE88650E3D19DA9D3E27457CBE8AC3EB3D49B3073E2A9DA6BE8DDB773DC70B8D3E0BD9CBBE6DE69B3DB7E3D23E1CEA6CBE79D0EA3DE420F73E1B95E6BE6A0E843DF522213E0DA3C2BE61C0CA3DE2174C3E0BD167BE63482C3DE420F73E1B95E6BE6A0E84,
3DB7E3D23E1CEA6CBE79D0EA3DCAF2D83E2540CCBE87CDAB3DF9DCB53E2C2E34BE9021293D9A7FC33E1D651BBE81E0E73DA277C43E020104BE8039CE3D828B2A3E11F645BE84CA4F3DB7E3D23E1CEA6CBE79D0EA3DF8316A3E2545C8BE81E16D3DE420F73E1B95E6BE6A0E843DF9DCB53E2C2E34BE9021293DCAF2D83E2540CCBE87CDAB3DCAEAFB3E2D6627BE97F62B,
3DC70B8D3E0BD9CBBE6DE69B3DE420F73E1B95E6BE6A0E843DE2174C3E0BD167BE63482C3D70A4E33E2EB0FBBE91E4933DCAEAFB3E2D6627BE97F62B3DA9A88B3E25C78ABE86DE553C8770373E362068BE8E92923D6C8A373E380560BEA1A9543D70A4E33E2EB0FBBE91E4933C19F1AE3DEC7864BE89C38BBC3567553E002F30BE8438093C1096BC3E17B891BE87B80B,
BB05B1853E3D666BBE911FD63C8770373E362068BE8E9292BB6379B73E38E8A7BE8AB2C0BB05B1853E3D666BBE911FD6BB9E4D5E3E424F22BE9C8E8A3CAFE8253E37E49BBE9611993D1938153E3E9FF1BEA639D63D6C8A373E380560BEA1A9543C8770373E362068BE8E92923CAFE8253E37E49BBE9611993D1938153E3E9FF1BEA639D63C8770373E362068BE8E9292,
3D70A4E33E2EB0FBBE91E4933DBE4DE43E3DD4C7BEB0A00A3DB0CC363E309247BE9CBFD33C8770373E362068BE8E92923D19DA9D3E27457CBE8AC3EB3C886BDF3E2A19CABE89C79BBB05B1853E3D666BBE911FD63CAFE8253E37E49BBE9611993C8770373E362068BE8E92923DC70B8D3E0BD9CBBE6DE69B3DA277C43E020104BE8039CE3D9A7FC33E1D651BBE81E0E7,
3D7D102C3E1E8FF3BE868D973DA9A88B3E25C78ABE86DE553D9A7FC33E1D651BBE81E0E73D828B2A3E11F645BE84CA4F3D7D102C3E1E8FF3BE868D973D9A7FC33E1D651BBE81E0E73DA9A88B3E25C78ABE86DE553DCAEAFB3E2D6627BE97F62B3DCAF2D83E2540CCBE87CDAB3CBD57793E1CB31CBE89146E3C886BDF3E2A19CABE89C79B3D19DA9D3E27457CBE8AC3EB,
3D19DA9D3E27457CBE8AC3EB3D3068123E1D5E4ABE88650E3CBD57793E1CB31CBE89146E3D70A4E33E2EB0FBBE91E4933DB0CC363E309247BE9CBFD33DCAEAFB3E2D6627BE97F62B3DA9A88B3E25C78ABE86DE553D7D102C3E1E8FF3BE868D973D49B3073E2A9DA6BE8DDB773D70A4E33E2EB0FBBE91E4933DA9A88B3E25C78ABE86DE553D49B3073E2A9DA6BE8DDB77,
BCBD0BFA3E16AE3ABE809481BC3D09E13E397247BE8788983C886BDF3E2A19CABE89C79B3C1096BC3E17B891BE87B80BBC3567553E002F30BE843809BCBD0BFA3E16AE3ABE8094813C8770373E362068BE8E92923D70A4E33E2EB0FBBE91E4933D49B3073E2A9DA6BE8DDB773D19DA9D3E27457CBE8AC3EB3C8770373E362068BE8E92923D49B3073E2A9DA6BE8DDB77,
3CBD57793E1CB31CBE89146E3C1096BC3E17B891BE87B80B3C886BDF3E2A19CABE89C79B3C1096BC3E17B891BE87B80BBCBD0BFA3E16AE3ABE8094813C886BDF3E2A19CABE89C79B3D6C8A373E380560BEA1A9543DBE4DE43E3DD4C7BEB0A00A3D70A4E33E2EB0FBBE91E493BC3D09E13E397247BE878898BB6379B73E38E8A7BE8AB2C03C886BDF3E2A19CABE89C79B,
3DCAEAFB3E2D6627BE97F62B3DDDD1A23E3A4DF4BEAB76B43DF9DCB53E2C2E34BE9021293D3068123E1D5E4ABE88650E3CE21B7E3E04A340BE89FBA43CBD57793E1CB31CBE89146E3DA9A88B3E25C78ABE86DE553DB7E3D23E1CEA6CBE79D0EA3D9A7FC33E1D651BBE81E0E73CE21B7E3E04A340BE89FBA43C19F1AE3DEC7864BE89C38B3C1096BC3E17B891BE87B80B,
3D3068123E1D5E4ABE88650E3D7D102C3E1E8FF3BE868D973D828B2A3E11F645BE84CA4F3D5D60633E068987BE86FD443D3068123E1D5E4ABE88650E3D828B2A3E11F645BE84CA4FBB6379B73E38E8A7BE8AB2C03C8770373E362068BE8E92923C886BDF3E2A19CABE89C79B3DDDD1A23E3A4DF4BEAB76B43E1474543E461E4FBEAEBB343DF9DCB53E2C2E34BE902129,
BCA120E23E8E106B3ECBB70F380E9B393E87587D3ECE681BBB4FE1543E988AF03ED0DFBD3DA277C43E020104BE8039CE3D8C7FBB3DEA9931BE86C5F43D828B2A3E11F645BE84CA4F3DB7E3D23E1CEA6CBE79D0EA3DC70B8D3E0BD9CBBE6DE69B3D9A7FC33E1D651BBE81E0E73CE21B7E3E04A340BE89FBA43D3068123E1D5E4ABE88650E3D5D60633E068987BE86FD44,
BC44156E3E68622C3EC8CE2D380E9B393E87587D3ECE681BBD03393B3E82F5343EC90EEDBC270D203E50F3023EC7EB4A3A3C7B463E53D2523ECEC3FC3C21F4B23E6372603ECEA63B3BF156193E5D8C6D3ED37996BC6429E13E43DDDB3EDBB6463B5823423E5D373B3EDEEF5F3DAF7B183E8BACF73ED9E0613D8746CC3E8A96F63ED98B0D3D4B30B63E83EA703EDE7FB2,
3DA77BC03E88AF3E3EDE33CE3DD193F73E8AC92A3EDBA3233DAF7B183E8BACF73ED9E0613D0456713E84F67B3ED5CCEA3C7F151E3E7699C83ECFFC543D1B445F3E8143183ED8D328BD03393B3E82F5343EC90EED380E9B393E87587D3ECE681BBCA120E23E8E106B3ECBB70F3D38CDA73E89C5823ED7A15E3D494D513E858DDE3EDA9BD03D8746CC3E8A96F63ED98B0D,
3D1B445F3E8143183ED8D3283C21F4B23E6372603ECEA63B3BF156193E5D8C6D3ED379963D0456713E84F67B3ED5CCEA3D38CDA73E89C5823ED7A15E3CB966BE3E8FDB6E3ED40F883D4B30B63E83EA703EDE7FB23D8746CC3E8A96F63ED98B0D3D494D513E858DDE3EDA9BD03DD193F73E8AC92A3EDBA3233DEAC0833E8A21863EDB69123DF052933E8FA2273ED8010C,
3A3C7B463E53D2523ECEC3FCBC270D203E50F3023EC7EB4ABC1FA54C3E4646F13EC750C2380E9B393E87587D3ECE681B3CB966BE3E8FDB6E3ED40F88BB4FE1543E988AF03ED0DFBD3C21F4B23E6372603ECEA63B3D1B445F3E8143183ED8D3283C7F151E3E7699C83ECFFC54380E9B393E87587D3ECE681BBC44156E3E68622C3EC8CE2D3C7F151E3E7699C83ECFFC54,
3D850EFE3E932A493ED7AE9B3D8746CC3E8A96F63ED98B0D3DAF7B183E8BACF73ED9E0613CA3F67F3E72630F3EEB4FE83D1B445F3E8143183ED8D3283B5823423E5D373B3EDEEF5F3DAF7B183E8BACF73ED9E0613D4B30B63E83EA703EDE7FB23DA77BC03E88AF3E3EDE33CE3D8746CC3E8A96F63ED98B0D3D850EFE3E932A493ED7AE9B3D38CDA73E89C5823ED7A15E,
3DD193F73E8AC92A3EDBA3233DF052933E8FA2273ED8010C3DAF7B183E8BACF73ED9E0613C7F151E3E7699C83ECFFC54BC44156E3E68622C3EC8CE2D3C21F4B23E6372603ECEA63BBC83EC893E37DC7B3EC972473A3C7B463E53D2523ECEC3FCBC1FA54C3E4646F13EC750C2BC44156E3E68622C3EC8CE2DBC270D203E50F3023EC7EB4A3C21F4B23E6372603ECEA63B,
3D0456713E84F67B3ED5CCEA3CB966BE3E8FDB6E3ED40F883C7F151E3E7699C83ECFFC543D38CDA73E89C5823ED7A15E3D0456713E84F67B3ED5CCEA3D1B445F3E8143183ED8D3283D494D513E858DDE3EDA9BD03D38CDA73E89C5823ED7A15E3D1B445F3E8143183ED8D3283DF052933E8FA2273ED8010C3DC4F97F3E92C1B13ED836443DAF7B183E8BACF73ED9E061,
3D4B30B63E83EA703EDE7FB23D494D513E858DDE3EDA9BD03D1B445F3E8143183ED8D3283E13A0843E9CFEDF3ED666ED3DC4F97F3E92C1B13ED836443DF052933E8FA2273ED8010C3CB966BE3E8FDB6E3ED40F883D3919263EA30F6B3ED6DAEC3BD3CFF63E9C2FC73ED2C1B13CB966BE3E8FDB6E3ED40F88380E9B393E87587D3ECE681B3C7F151E3E7699C83ECFFC54,
3DC4F97F3E92C1B13ED836443D850EFE3E932A493ED7AE9B3DAF7B183E8BACF73ED9E061BC6429E13E43DDDB3EDBB6463BF156193E5D8C6D3ED379963A3C7B463E53D2523ECEC3FC3A3C7B463E53D2523ECEC3FCBC83EC893E37DC7B3EC97247BC6429E13E43DDDB3EDBB6463BF156193E5D8C6D3ED379963C21F4B23E6372603ECEA63B3A3C7B463E53D2523ECEC3FC,
3D4B30B63E83EA703EDE7FB23D1B445F3E8143183ED8D3283D16BFCB3E80C62E3EE67126BB4FE1543E988AF03ED0DFBD3CB966BE3E8FDB6E3ED40F883BD3CFF63E9C2FC73ED2C1B13D16BFCB3E80C62E3EE671263D1B445F3E8143183ED8D3283CA3F67F3E72630F3EEB4FE83B5823423E5D373B3EDEEF5F3D1B445F3E8143183ED8D3283BF156193E5D8C6D3ED37996,
3DAB545C3E34723B3F04575C3D3B24643E2F3F963F0166063DB78D503E0924F23F0073793D4C50053E7A01AC3EFED9383DA028E53E82B3683EFFCE533D87D0AF3E86D86F3EF51E113D850EFE3E932A493ED7AE9B3D3919263EA30F6B3ED6DAEC3CB966BE3E8FDB6E3ED40F883D38CDA73E89C5823ED7A15E3D850EFE3E932A493ED7AE9B3CB966BE3E8FDB6E3ED40F88,
3BF156193E5D8C6D3ED37996BC6429E13E43DDDB3EDBB6463B5823423E5D373B3EDEEF5F3DAF7B183E8BACF73ED9E0613D8746CC3E8A96F63ED98B0D3D4B30B63E83EA703EDE7FB23CF9EE033E7653873EF6EC9E3CB293D13E606E5D3EFB3DF33D00ECFA3E6D0B743EFCB0E23D87D0AF3E86D86F3EF51E113DA028E53E82B3683EFFCE533DAFE60C3E890A353EF53261,
3D4C50053E7A01AC3EFED9383D87D0AF3E86D86F3EF51E113D2AF89C3E809AED3EF520293C89CA193E3BCE853EFA708F3CDDD0963E32F3C33EFE80BF3CF42BB63E431D2E3F0014403DC954223E89EB643EDFDEF83DE9B2813E895EC03EE06C663DEAC0833E8A21863EDB69123D89A6F83E88635A3EEE4C0E3D16BFCB3E80C62E3EE671263D2AF89C3E809AED3EF52029,
3DD193F73E8AC92A3EDBA3233DEAC0833E8A21863EDB69123DF052933E8FA2273ED8010C3D172FFD3DFEF1FE3EF86A2B3D3B24643E2F3F963F0166063CDDD0963E32F3C33EFE80BF3CB293D13E606E5D3EFB3DF33CF9EE033E7653873EF6EC9EBAC5A8153E571C113EE7E9533DA77BC03E88AF3E3EDE33CE3DD193F73E8AC92A3EDBA3233DAF7B183E8BACF73ED9E061,
3D4C50053E7A01AC3EFED9383DA676A73E732DB23F030A813DA028E53E82B3683EFFCE533D4B30B63E83EA703EDE7FB23D8746CC3E8A96F63ED98B0D3D494D513E858DDE3EDA9BD03C89CA193E3BCE853EFA708F3AD3F1843E4C13343EF12F2BBB4814D73E3A85443EF31F8A3DA676A73E732DB23F030A813DF028A23E5A27F23F0474B83DE38D1E3E7386903F0357F7,
3DAB545C3E34723B3F04575C3DF028A23E5A27F23F0474B83DB24E163E5542E53F04CB8E3D1BED313E66DA883F001F643D5E02EB3E46088D3F032A5A3DA676A73E732DB23F030A813C89CA193E3BCE853EFA708F3C2201473E55A6833EF38C333AD3F1843E4C13343EF12F2B3C484B5E3DFA39823EEF92083BCAF70A3E1AF4AE3EF3B385BBD1E1093E1061843EECB48D,
3D3B24643E2F3F963F0166063DAB545C3E34723B3F04575C3D5E02EB3E46088D3F032A5ABAC5A8153E571C113EE7E9533AD3F1843E4C13343EF12F2B3C2201473E55A6833EF38C333DE38D1E3E7386903F0357F73DDB402D3E80D4353F015E4A3DA676A73E732DB23F030A81BBD1E1093E1061843EECB48D3BCAF70A3E1AF4AE3EF3B385BA0398A63E2FDDEC3EF417EC,
3DF519BD3E3008203F038B483DAB545C3E34723B3F04575C3DB78D503E0924F23F0073793DEDE6DE3E895A293EF5A1A93DA028E53E82B3683EFFCE533DF298033E857E023EFCB2963CF42BB63E431D2E3F0014403D3B24643E2F3F963F0166063D5E02EB3E46088D3F032A5ABAC5A8153E571C113EE7E953BC2FC8B03E37C2443EEEC3B93AD3F1843E4C13343EF12F2B,
BA0398A63E2FDDEC3EF417EC3C89CA193E3BCE853EFA708FBB4814D73E3A85443EF31F8A3D89A6F83E88635A3EEE4C0E3DAFE60C3E890A353EF532613DE018A43E8AF1ED3EEC29E13DC954223E89EB643EDFDEF83D89A6F83E88635A3EEE4C0E3DE018A43E8AF1ED3EEC29E13D87D0AF3E86D86F3EF51E113D89A6F83E88635A3EEE4C0E3D2AF89C3E809AED3EF52029,
3D2AF89C3E809AED3EF520293CA3F67F3E72630F3EEB4FE83CF9EE033E7653873EF6EC9E3D172FFD3DFEF1FE3EF86A2B3CDDD0963E32F3C33EFE80BF3BCAF70A3E1AF4AE3EF3B3853BCAF70A3E1AF4AE3EF3B3853C484B5E3DFA39823EEF92083D172FFD3DFEF1FE3EF86A2B3DD193F73E8AC92A3EDBA3233DC954223E89EB643EDFDEF83DEAC0833E8A21863EDB6912,
3CF42BB63E431D2E3F0014403D5E02EB3E46088D3F032A5A3D1BED313E66DA883F001F643DA676A73E732DB23F030A813DB24E163E5542E53F04CB8E3DF028A23E5A27F23F0474B83DC954223E89EB643EDFDEF83DA77BC03E88AF3E3EDE33CE3D89A6F83E88635A3EEE4C0E3DAFE60C3E890A353EF532613DA028E53E82B3683EFFCE533DEDE6DE3E895A293EF5A1A9,
3DDB402D3E80D4353F015E4A3E14C0593E759F6F3F007BAB3DF298033E857E023EFCB296BAC5A8153E571C113EE7E9533CF9EE033E7653873EF6EC9E3CA3F67F3E72630F3EEB4FE83CB293D13E606E5D3EFB3DF3BAC5A8153E571C113EE7E9533C2201473E55A6833EF38C333DAF7B183E8BACF73ED9E0613D4B30B63E83EA703EDE7FB23DA77BC03E88AF3E3EDE33CE,
3DB78D503E0924F23F0073793D3B24643E2F3F963F0166063D7E2A3D3DFD3E4F3EFC751D3DB24E163E5542E53F04CB8E3DA676A73E732DB23F030A813D5E02EB3E46088D3F032A5A3CA3F67F3E72630F3EEB4FE83D1B445F3E8143183ED8D3283B5823423E5D373B3EDEEF5FBAC5A8153E571C113EE7E9533CA3F67F3E72630F3EEB4FE83B5823423E5D373B3EDEEF5F,
3D1BED313E66DA883F001F643D4C50053E7A01AC3EFED9383D00ECFA3E6D0B743EFCB0E23DB24E163E5542E53F04CB8E3D5E02EB3E46088D3F032A5A3DAB545C3E34723B3F04575CBA0398A63E2FDDEC3EF417EC3BCAF70A3E1AF4AE3EF3B3853CDDD0963E32F3C33EFE80BF3C89CA193E3BCE853EFA708FBA0398A63E2FDDEC3EF417EC3CDDD0963E32F3C33EFE80BF,
3D87D0AF3E86D86F3EF51E113DAFE60C3E890A353EF532613D89A6F83E88635A3EEE4C0E3DF519BD3E3008203F038B483DF028A23E5A27F23F0474B83DAB545C3E34723B3F04575C3C2201473E55A6833EF38C333C89CA193E3BCE853EFA708F3CF42BB63E431D2E3F0014403DD193F73E8AC92A3EDBA3233DF052933E8FA2273ED8010C3DAF7B183E8BACF73ED9E061,
3D4B30B63E83EA703EDE7FB23D494D513E858DDE3EDA9BD03D1B445F3E8143183ED8D3283DAFE60C3E890A353EF532613DEDE6DE3E895A293EF5A1A93DE018A43E8AF1ED3EEC29E13CB293D13E606E5D3EFB3DF33C2201473E55A6833EF38C333CF42BB63E431D2E3F0014403CB293D13E606E5D3EFB3DF33D1BED313E66DA883F001F643D00ECFA3E6D0B743EFCB0E2,
3E0CF2063E8896783EE873BD3DE018A43E8AF1ED3EEC29E13DEDE6DE3E895A293EF5A1A93D3B24643E2F3F963F0166063D172FFD3DFEF1FE3EF86A2B3D7E2A3D3DFD3E4F3EFC751D3CF42BB63E431D2E3F0014403CDDD0963E32F3C33EFE80BF3D3B24643E2F3F963F0166063DD193F73E8AC92A3EDBA3233DA77BC03E88AF3E3EDE33CE3DC954223E89EB643EDFDEF8,
3A3C7B463E53D2523ECEC3FCBC83EC893E37DC7B3EC97247BC6429E13E43DDDB3EDBB6463D89A6F83E88635A3EEE4C0E3DA77BC03E88AF3E3EDE33CE3D4B30B63E83EA703EDE7FB23DE018A43E8AF1ED3EEC29E13E0CF2063E8896783EE873BD3DE9B2813E895EC03EE06C663DE018A43E8AF1ED3EEC29E13DE9B2813E895EC03EE06C663DC954223E89EB643EDFDEF8,
3E07279A3E05E2CE3EFF06B33DF519BD3E3008203F038B483DB78D503E0924F23F0073793DA676A73E732DB23F030A813D4C50053E7A01AC3EFED9383D1BED313E66DA883F001F64BC6429E13E43DDDB3EDBB6463BF156193E5D8C6D3ED379963A3C7B463E53D2523ECEC3FC3DDB402D3E80D4353F015E4A3DF298033E857E023EFCB2963DA028E53E82B3683EFFCE53,
3AD3F1843E4C13343EF12F2BBC2FC8B03E37C2443EEEC3B9BB4814D73E3A85443EF31F8A3D16BFCB3E80C62E3EE671263D1B445F3E8143183ED8D3283CA3F67F3E72630F3EEB4FE83B5823423E5D373B3EDEEF5F3D1B445F3E8143183ED8D3283BF156193E5D8C6D3ED379963D16BFCB3E80C62E3EE671263D89A6F83E88635A3EEE4C0E3D4B30B63E83EA703EDE7FB2,
3CF9EE033E7653873EF6EC9E3D00ECFA3E6D0B743EFCB0E23D4C50053E7A01AC3EFED9383D2AF89C3E809AED3EF520293CF9EE033E7653873EF6EC9E3D4C50053E7A01AC3EFED9383D4B30B63E83EA703EDE7FB23D1B445F3E8143183ED8D3283D16BFCB3E80C62E3EE67126BAC5A8153E571C113EE7E9533B5823423E5D373B3EDEEF5FBC6429E13E43DDDB3EDBB646,
3DE38D1E3E7386903F0357F73E14C0593E759F6F3F007BAB3DDB402D3E80D4353F015E4A3CB293D13E606E5D3EFB3DF33CF42BB63E431D2E3F0014403D1BED313E66DA883F001F643DA676A73E732DB23F030A813DDB402D3E80D4353F015E4A3DA028E53E82B3683EFFCE533CA3F67F3E72630F3EEB4FE83D2AF89C3E809AED3EF520293D16BFCB3E80C62E3EE67126,
3D891E213EB808A7BEF3677F3D9148FE3EAF2D3CBEEDD6393D34794F3EB55326BEF2CD3A3D7340D53E8E9835BEDFE0CE3D03211D3E8FE154BEDF70BD3D71EAFF3E9452A4BEE467173D9148FE3EAF2D3CBEEDD6393D55D91B3EAB8F7ABEEC6E2B3D34794F3EB55326BEF2CD3A3CAC9F303E988EBDBEE1A71A3C5EB95E3E94332FBEDD5150BADEB0FB3EA2C711BEDFC32F,
3D1769A93ECB4FC6BEEFA7013D019D243EBFF5E8BEF1669D3CC9F9483ECAE9EEBEEBF4CB3DB354C13E92CCF7BEE023643DF8B5033E92C0C6BEE0C32B3DD4EF463E8F2A5ABEDE3E6C3D0582563ED7BB95BEF135113CA369FD3ED2E968BEED0E783C21BE2B3EDA4A49BEEB313C3D891E213EB808A7BEF3677F3DB921043EB642C0BEF45BF23D9148FE3EAF2D3CBEEDD639,
3D55D91B3EAB8F7ABEEC6E2B3D0BC48F3EB02D5ABEEECD8E3D34794F3EB55326BEF2CD3A3DA3009B3E9F7DFABEEB7A813D71EAFF3E9452A4BEE467173D7C4D233EA01FDABEEB42033DDE81453ED363B2BEF7839D3DC2A8003EDC83A9BEF85AB43DFD68C73EE03C8EBEF826CC3E0B47413ED77CCCBEF699853DDE81453ED363B2BEF7839D3DFD68C73EE03C8EBEF826CC,
3E01DD1A3E9854EFBEE666233DC7AE143E9CD856BEEA5CE63DF691213EA07D4EBEEC727E3E015A4B3EAF2B67BEEE19333DDD859D3EB699E9BEF1B90F3DFC64BB3EB8E9D5BEF439153D71EAFF3E9452A4BEE467173D33E6823E9D8E43BEE7C9DE3D7C4D233EA01FDABEEB42033D03211D3E8FE154BEDF70BD3CED7E893E8A4335BED9EC923C5EB95E3E94332FBEDD5150,
3DFC64BB3EB8E9D5BEF439153DDB84DC3EC2480FBEF7D7E43E0AE1CE3EBD2807BEF622A33DEF5F4E3EC9055CBEF8B5EE3E0AE1CE3EBD2807BEF622A33DDB84DC3EC2480FBEF7D7E43DB921043EB642C0BEF45BF23D891E213EB808A7BEF3677F3DA81F543EBC48CFBEF6A2D33D0582563ED7BB95BEF135113D38D8233EDDAD32BEF29C783D3CD5733ED00581BEF06530,
3D03211D3E8FE154BEDF70BD3D33E6823E9D8E43BEE7C9DE3D71EAFF3E9452A4BEE467173C5EB95E3E94332FBEDD51503CED7E893E8A4335BED9EC923C6347633E875819BED11B613D573EAB3EBFA56EBEF4DCCA3D019D243EBFF5E8BEF1669D3D1769A93ECB4FC6BEEFA7013DC0C06A3EAFC009BEEF15623E015A4B3EAF2B67BEEE19333DD2CA583EA3FBBDBEEE39D6,
3DDB84DC3EC2480FBEF7D7E43DB921043EB642C0BEF45BF23DA81F543EBC48CFBEF6A2D33D03211D3E8FE154BEDF70BD3C5EB95E3E94332FBEDD51503CAC9F303E988EBDBEE1A71A3DEF5F4E3EC9055CBEF8B5EE3DDB84DC3EC2480FBEF7D7E43DBE42E13EC71D82BEF85FAF3DD4EF463E8F2A5ABEDE3E6C3D8259E23E88DB6ABEDCD1A63DB354C13E92CCF7BEE02364,
3C6347633E875819BED11B613B4A92603E92847BBEDA14AD3C5EB95E3E94332FBEDD51503D38D8233EDDAD32BEF29C783D84B3C43ED7D806BEF607E63D744C383ECCFD6DBEF3F91E3D33E6823E9D8E43BEE7C9DE3D03211D3E8FE154BEDF70BD3CAC9F303E988EBDBEE1A71A3D573EAB3EBFA56EBEF4DCCA3D34794F3EB55326BEF2CD3A3D019D243EBFF5E8BEF1669D,
3D9148FE3EAF2D3CBEEDD6393DB921043EB642C0BEF45BF23DC0C06A3EAFC009BEEF15623DC7AE143E9CD856BEEA5CE63DD2CA583EA3FBBDBEEE39D63DF691213EA07D4EBEEC727E3DBE42E13EC71D82BEF85FAF3D744C383ECCFD6DBEF3F91E3DDE81453ED363B2BEF7839D3D9270B03EE461D8BEF57A143DC2A8003EDC83A9BEF85AB43D84B3C43ED7D806BEF607E6,
3DC7AE143E9CD856BEEA5CE63DB354C13E92CCF7BEE023643DA3009B3E9F7DFABEEB7A813D891E213EB808A7BEF3677F3D34794F3EB55326BEF2CD3A3D573EAB3EBFA56EBEF4DCCA3CB5E7433EAE5A79BEEADE443D0BC48F3EB02D5ABEEECD8E3D55D91B3EAB8F7ABEEC6E2B3D2FC9BC3EA67BC4BEE8AE973CB5E7433EAE5A79BEEADE443D55D91B3EAB8F7ABEEC6E2B,
BC18B71C3EBD4EB1BEE7E1FC3C0EF34D3EBF4C2BBEEB0F49BBCF398F3EAD92FBBEE6E4193C0EF34D3EBF4C2BBEEB0F493D019D243EBFF5E8BEF1669D3CB3EBC03EB753C5BEEF0BAFBBCF398F3EAD92FBBEE6E4193C0EF34D3EBF4C2BBEEB0F493CB3EBC03EB753C5BEEF0BAF3DC0C06A3EAFC009BEEF15623DDD859D3EB699E9BEF1B90F3E015A4B3EAF2B67BEEE1933,
3BD97B313EC8E23BBEEAD05F3CC9F9483ECAE9EEBEEBF4CB3C0EF34D3EBF4C2BBEEB0F493D744C383ECCFD6DBEF3F91E3D573EAB3EBFA56EBEF4DCCA3D1769A93ECB4FC6BEEFA7013DF8B5033E92C0C6BEE0C32B3E0FF5843E8E2196BEDA96923DD4EF463E8F2A5ABEDE3E6CBC18B71C3EBD4EB1BEE7E1FCBC88B1143EC8665EBEE7EA813C0EF34D3EBF4C2BBEEB0F49,
3D0582563ED7BB95BEF135113D3CD5733ED00581BEF065303D1769A93ECB4FC6BEEFA7013CA369FD3ED2E968BEED0E783D0582563ED7BB95BEF135113D1769A93ECB4FC6BEEFA7013D38D8233EDDAD32BEF29C783D9270B03EE461D8BEF57A143D84B3C43ED7D806BEF607E63CC9F9483ECAE9EEBEEBF4CB3D019D243EBFF5E8BEF1669D3C0EF34D3EBF4C2BBEEB0F49,
3DA81F543EBC48CFBEF6A2D33D891E213EB808A7BEF3677F3D573EAB3EBFA56EBEF4DCCA3DDB84DC3EC2480FBEF7D7E43DFC64BB3EB8E9D5BEF439153DDD859D3EB699E9BEF1B90FBADEB0FB3EA2C711BEDFC32F3CBFA0943EA515F0BEE4549B3CAC9F303E988EBDBEE1A71A3DC7AE143E9CD856BEEA5CE63DF8B5033E92C0C6BEE0C32B3DB354C13E92CCF7BEE02364,
3CBFA0943EA515F0BEE4549B3CB5E7433EAE5A79BEEADE443D2FC9BC3EA67BC4BEE8AE973D33E6823E9D8E43BEE7C9DE3CBFA0943EA515F0BEE4549B3D2FC9BC3EA67BC4BEE8AE973DC0C06A3EAFC009BEEF15623DB921043EB642C0BEF45BF23DDD859D3EB699E9BEF1B90F3DBE42E13EC71D82BEF85FAF3DA81F543EBC48CFBEF6A2D33D573EAB3EBFA56EBEF4DCCA,
3DA3009B3E9F7DFABEEB7A813DB354C13E92CCF7BEE023643D71EAFF3E9452A4BEE467173D8259E23E88DB6ABEDCD1A63D7340D53E8E9835BEDFE0CE3DB354C13E92CCF7BEE023643CB3EBC03EB753C5BEEF0BAF3D0BC48F3EB02D5ABEEECD8E3CB5E7433EAE5A79BEEADE443D7C4D233EA01FDABEEB42033D55D91B3EAB8F7ABEEC6E2B3D9148FE3EAF2D3CBEEDD639,
BBE842743E934331BED9FC2BBADEB0FB3EA2C711BEDFC32F3C5EB95E3E94332FBEDD51503B4A92603E92847BBEDA14ADBBE842743E934331BED9FC2B3C5EB95E3E94332FBEDD51503CAC9F303E988EBDBEE1A71A3CBFA0943EA515F0BEE4549B3D33E6823E9D8E43BEE7C9DE3DB354C13E92CCF7BEE023643D7340D53E8E9835BEDFE0CE3D71EAFF3E9452A4BEE46717,
BBCF398F3EAD92FBBEE6E4193CB3EBC03EB753C5BEEF0BAF3CB5E7433EAE5A79BEEADE44BADEB0FB3EA2C711BEDFC32FBBCF398F3EAD92FBBEE6E4193CBFA0943EA515F0BEE4549B3CBFA0943EA515F0BEE4549BBBCF398F3EAD92FBBEE6E4193CB5E7433EAE5A79BEEADE443D34794F3EB55326BEF2CD3A3D0BC48F3EB02D5ABEEECD8E3CB3EBC03EB753C5BEEF0BAF,
3CA369FD3ED2E968BEED0E783D1769A93ECB4FC6BEEFA7013CC9F9483ECAE9EEBEEBF4CB3D744C383ECCFD6DBEF3F91E3D3CD5733ED00581BEF065303D38D8233EDDAD32BEF29C783C21BE2B3EDA4A49BEEB313CBC88B1143EC8665EBEE7EA81BC4B35F43EDACBC9BEE588C23DDB84DC3EC2480FBEF7D7E43DDD859D3EB699E9BEF1B90F3DB921043EB642C0BEF45BF2,
3DA3009B3E9F7DFABEEB7A813D7C4D233EA01FDABEEB42033DD2CA583EA3FBBDBEEE39D63DC7AE143E9CD856BEEA5CE63DA3009B3E9F7DFABEEB7A813DD2CA583EA3FBBDBEEE39D63C21BE2B3EDA4A49BEEB313C3CCD26FA3EE1372ABEED61B33D0582563ED7BB95BEF135113D0582563ED7BB95BEF135113CCD26FA3EE1372ABEED61B33D38D8233EDDAD32BEF29C78,
3D7C4D233EA01FDABEEB42033D33E6823E9D8E43BEE7C9DE3D2FC9BC3EA67BC4BEE8AE973D55D91B3EAB8F7ABEEC6E2B3D7C4D233EA01FDABEEB42033D2FC9BC3EA67BC4BEE8AE973D7C4D233EA01FDABEEB42033D9148FE3EAF2D3CBEEDD6393DC0C06A3EAFC009BEEF15623D7C4D233EA01FDABEEB42033DC0C06A3EAFC009BEEF15623DD2CA583EA3FBBDBEEE39D6,
3DD2CA583EA3FBBDBEEE39D63E015A4B3EAF2B67BEEE19333DF691213EA07D4EBEEC727E3D573EAB3EBFA56EBEF4DCCA3D744C383ECCFD6DBEF3F91E3DBE42E13EC71D82BEF85FAF3D744C383ECCFD6DBEF3F91E3D1769A93ECB4FC6BEEFA7013D3CD5733ED00581BEF065303CB3EBC03EB753C5BEEF0BAF3D019D243EBFF5E8BEF1669D3D34794F3EB55326BEF2CD3A,
3BD97B313EC8E23BBEEAD05F3C21BE2B3EDA4A49BEEB313C3CA369FD3ED2E968BEED0E783BD97B313EC8E23BBEEAD05F3CA369FD3ED2E968BEED0E783CC9F9483ECAE9EEBEEBF4CB3BD97B313EC8E23BBEEAD05F3C0EF34D3EBF4C2BBEEB0F49BC88B1143EC8665EBEE7EA81BC88B1143EC8665EBEE7EA813C21BE2B3EDA4A49BEEB313C3BD97B313EC8E23BBEEAD05F,
3DDE81453ED363B2BEF7839D3E0B47413ED77CCCBEF699853E1778143ECDBFF0BEF7B56C3DDE81453ED363B2BEF7839D3E1778143ECDBFF0BEF7B56C3DEF5F4E3EC9055CBEF8B5EE3D84B3C43ED7D806BEF607E63DC2A8003EDC83A9BEF85AB43DDE81453ED363B2BEF7839D3D744C383ECCFD6DBEF3F91E3D84B3C43ED7D806BEF607E63DDE81453ED363B2BEF7839D,
3D03211D3E8FE154BEDF70BD3CED7E893E8A4335BED9EC923C5EB95E3E94332FBEDD51503DBE42E13EC71D82BEF85FAF3DDE81453ED363B2BEF7839D3DEF5F4E3EC9055CBEF8B5EE3DBE42E13EC71D82BEF85FAF3DDB84DC3EC2480FBEF7D7E43DA81F543EBC48CFBEF6A2D33E01DD1A3E9854EFBEE666233DF8B5033E92C0C6BEE0C32B3DC7AE143E9CD856BEEA5CE6,
3DF8B5033E92C0C6BEE0C32B3E0FF5843E8E2196BEDA96923DD4EF463E8F2A5ABEDE3E6C3C6347633E875819BED11B613B4A92603E92847BBEDA14AD3C5EB95E3E94332FBEDD51503C5EB95E3E94332FBEDD51503CED7E893E8A4335BED9EC923C6347633E875819BED11B613C6347633E875819BED11B61BB18C3B13E8940FFBED318DB3B4A92603E92847BBEDA14AD,
BCA120E23E8E106B3ECBB70F380E9B393E87587D3ECE681BBB4FE1543E988AF03ED0DFBD3B4A92603E92847BBEDA14ADBB18C3B13E8940FFBED318DBBBE842743E934331BED9FC2BBBE842743E934331BED9FC2BBADEB0FB3EA2C711BEDFC32F3C5EB95E3E94332FBEDD51503B4A92603E92847BBEDA14ADBBE842743E934331BED9FC2B3C5EB95E3E94332FBEDD5150,
3E13A0843E9CFEDF3ED666ED3DE91F2E3ED256153ED15F033D6F049B3EC972EF3ED4FE37BC0F9F453EB535223ED03D573C26C5D23EB9E7323ED3074A3B041EDE3EC4EC423ED10EED3D545B6C3EB47A3A3ED5C24C3CAFD9773EAFD8F13ED25B753CC0A6B93EA6C4823ED43C193B041EDE3EC4EC423ED10EED3C877AB33EDA070C3ECCA7B5BCC918E33ED50B313EC5CF68,
3D850EFE3E932A493ED7AE9B3DA643CC3EA14D943ED7C30D3D3919263EA30F6B3ED6DAECBC0F9F453EB535223ED03D573B041EDE3EC4EC423ED10EEDBCAE12623EB9F4903ECD51B5BCC918E33ED50B313EC5CF683C877AB33EDA070C3ECCA7B53C89EBA73EE62E903EC9C92E3DE91F2E3ED256153ED15F033D6EAE9F3EDAE44B3ED0D79D3D6F049B3EC972EF3ED4FE37,
3D6F049B3EC972EF3ED4FE373D1AD1073EC3E2933ED49DE03D545B6C3EB47A3A3ED5C24C380E9B393E87587D3ECE681B3CB966BE3E8FDB6E3ED40F88BB4FE1543E988AF03ED0DFBD3E204A733ED888F83ECD05AF3E2AD2DD3EE7503C3EC56C513DE12CF13EF347843EC578813DA643CC3EA14D943ED7C30D3D545B6C3EB47A3A3ED5C24C3D3919263EA30F6B3ED6DAEC,
3D8746CC3E8A96F63ED98B0D3D850EFE3E932A493ED7AE9B3D38CDA73E89C5823ED7A15E3DA643CC3EA14D943ED7C30D3D850EFE3E932A493ED7AE9B3DC4F97F3E92C1B13ED836443D1F633D3EE5F9163ECB5F1C3C877AB33EDA070C3ECCA7B53D0C319C3ED6D3313ED041CC3DA643CC3EA14D943ED7C30D3E13A0843E9CFEDF3ED666ED3D6F049B3EC972EF3ED4FE37,
3DE91F2E3ED256153ED15F033E204A733ED888F83ECD05AF3DDD55E73EE425AF3ECC56933D850EFE3E932A493ED7AE9B3D8746CC3E8A96F63ED98B0D3DAF7B183E8BACF73ED9E0613B041EDE3EC4EC423ED10EEDBCC918E33ED50B313EC5CF68BC829AE53EC7EC9A3ECBE1223DDD55E73EE425AF3ECC56933E204A733ED888F83ECD05AF3DE12CF13EF347843EC57881,
3CB966BE3E8FDB6E3ED40F883D3919263EA30F6B3ED6DAEC3BD3CFF63E9C2FC73ED2C1B13BD3CFF63E9C2FC73ED2C1B13D3919263EA30F6B3ED6DAEC3CC0A6B93EA6C4823ED43C193DF052933E8FA2273ED8010C3DC4F97F3E92C1B13ED836443DAF7B183E8BACF73ED9E0613D0C319C3ED6D3313ED041CC3B041EDE3EC4EC423ED10EED3D1AD1073EC3E2933ED49DE0,
3D0C319C3ED6D3313ED041CC3D6EAE9F3EDAE44B3ED0D79D3D1F633D3EE5F9163ECB5F1C3DE91F2E3ED256153ED15F033DA752DB3EE0C47A3ECEA2D33D6EAE9F3EDAE44B3ED0D79D3E13A0843E9CFEDF3ED666ED3DC4F97F3E92C1B13ED836443DF052933E8FA2273ED8010C3C26C5D23EB9E7323ED3074A3D545B6C3EB47A3A3ED5C24C3D1AD1073EC3E2933ED49DE0,
3D0C319C3ED6D3313ED041CC3D1AD1073EC3E2933ED49DE03D6F049B3EC972EF3ED4FE373D0C319C3ED6D3313ED041CC3D6F049B3EC972EF3ED4FE373D6EAE9F3EDAE44B3ED0D79DBC829AE53EC7EC9A3ECBE122BCAE12623EB9F4903ECD51B53B041EDE3EC4EC423ED10EED3C877AB33EDA070C3ECCA7B53B041EDE3EC4EC423ED10EED3D0C319C3ED6D3313ED041CC,
BB4FE1543E988AF03ED0DFBD3CB966BE3E8FDB6E3ED40F883BD3CFF63E9C2FC73ED2C1B13DC4F97F3E92C1B13ED836443D850EFE3E932A493ED7AE9B3DAF7B183E8BACF73ED9E0613DC4F97F3E92C1B13ED836443E13A0843E9CFEDF3ED666ED3DA643CC3EA14D943ED7C30DBCC918E33ED50B313EC5CF683C89EBA73EE62E903EC9C92EBC90624E3EDE72113EC52913,
3DE91F2E3ED256153ED15F033DDD55E73EE425AF3ECC56933DA752DB3EE0C47A3ECEA2D33CC0A6B93EA6C4823ED43C193CAFD9773EAFD8F13ED25B75BC78012E3EA478C83ECD49B63BD3CFF63E9C2FC73ED2C1B13CC0A6B93EA6C4823ED43C19BC78012E3EA478C83ECD49B6BC78012E3EA478C83ECD49B6BB4FE1543E988AF03ED0DFBD3BD3CFF63E9C2FC73ED2C1B1,
3C26C5D23EB9E7323ED3074A3CAFD9773EAFD8F13ED25B753D545B6C3EB47A3A3ED5C24C3D1AD1073EC3E2933ED49DE03B041EDE3EC4EC423ED10EED3C26C5D23EB9E7323ED3074A3CAFD9773EAFD8F13ED25B75BC0F9F453EB535223ED03D57BC78012E3EA478C83ECD49B6BC0F9F453EB535223ED03D573CAFD9773EAFD8F13ED25B753C26C5D23EB9E7323ED3074A,
3D6F049B3EC972EF3ED4FE373D545B6C3EB47A3A3ED5C24C3DA643CC3EA14D943ED7C30D3D850EFE3E932A493ED7AE9B3D3919263EA30F6B3ED6DAEC3CB966BE3E8FDB6E3ED40F883D38CDA73E89C5823ED7A15E3D850EFE3E932A493ED7AE9B3CB966BE3E8FDB6E3ED40F883D545B6C3EB47A3A3ED5C24C3CC0A6B93EA6C4823ED43C193D3919263EA30F6B3ED6DAEC,
3D9AB7563F0B3797BEFE019B3D8E12E83F0644C8BEF343B73D50917D3F0B2A6BBEF86CA93E106D943F0A08D1BEFE6B613E056CD73F043EA7BEF0B7C33DDD6E053F081A26BEFCA7F83D69E1B13EF3BD5ABEEE76EA3D23BBC73EE8025CBEEDB1643D2BFDB53EF687F4BEEBA7113CFD028A3F0701A8BEE947283D26687F3F0437C5BEE89A023CFB56B83F03A094BEE4E63A,
3D2BFDB53EF687F4BEEBA7113D2F6A513F0137D2BEE8092D3D8453D23F0179C0BEEB267C3D69E1B13EF3BD5ABEEE76EA3D2BFDB53EF687F4BEEBA7113D8453D23F0179C0BEEB267CBC5167663EFFD32CBEDA15DB3AD1D8A53F03E48ABEDA72003C4308FF3F0312E4BEDFC6323D26687F3F0437C5BEE89A023D8453D23F0179C0BEEB267C3D2F6A513F0137D2BEE8092D,
3CCDAB193F0E8A61BEF0EF563B1880953F0ACE79BEE2491B3C02BA5A3F0F4396BEE9D29E3C45CDD53F16C6BDBEF33E573CCDAB193F0E8A61BEF0EF563B5045FE3F1404C9BEEEB9803DE1D6D03EEEFCDFBEF4F11B3E04916D3EF8F063BEEED3D83E1220FF3EEA602DBEF4213A3D0582563ED7BB95BEF135113CA369FD3ED2E968BEED0E783C21BE2B3EDA4A49BEEB313C,
3C21BE2B3EDA4A49BEEB313CBC4B35F43EDACBC9BEE588C23BD8127B3EEC9CD4BEE69EA13CCDAB193F0E8A61BEF0EF563D2642C03F0F5DABBEF8D7383D50917D3F0B2A6BBEF86CA93DDE81453ED363B2BEF7839D3DC2A8003EDC83A9BEF85AB43DFD68C73EE03C8EBEF826CC3E0B47413ED77CCCBEF699853DDE81453ED363B2BEF7839D3DFD68C73EE03C8EBEF826CC,
3C9E59F33EFB1DB4BEE57D393D2F6A513F0137D2BEE8092D3D2BFDB53EF687F4BEEBA711BC2964E93F0D39DABEDB2724BBF6A50D3F1093FBBEE186123B1880953F0ACE79BEE2491B3E0248D83EFEAE7DBEEDA1663DDA921D3EFEC52ABEEE2A803E05E6BC3F01AA1DBEED9EA53D2642C03F0F5DABBEF8D7383C45CDD53F16C6BDBEF33E573D9093103F0FC819BF009907,
3DAD26743F087C0FBEFACE253DDD6E053F081A26BEFCA7F83DCF74473F040A9EBEF1205C3CFB56B83F03A094BEE4E63A3C4308FF3F0312E4BEDFC6323C8B22083F067FF6BEE15F673D38D8233EDDAD32BEF29C783D69E1B13EF3BD5ABEEE76EA3D9270B03EE461D8BEF57A143CFD028A3F0701A8BEE947283B1880953F0ACE79BEE2491B3CCDAB193F0E8A61BEF0EF56,
3D9204B03F0401A3BEEE9C673DC3CB813F0195ABBEEDB7283D8453D23F0179C0BEEB267C3DDCC9643F0C15D3BF0139973DDD6E053F081A26BEFCA7F83D9AB7563F0B3797BEFE019B3B5045FE3F1404C9BEEEB9803C02BA5A3F0F4396BEE9D29EBC12E6213F15B7E1BEE9081C3DAD26743F087C0FBEFACE253D9AB7563F0B3797BEFE019B3DDD6E053F081A26BEFCA7F8,
3D50917D3F0B2A6BBEF86CA93D2C53B13F09694DBEF0D4133CCDAB193F0E8A61BEF0EF563DDA921D3EFEC52ABEEE2A803E0248D83EFEAE7DBEEDA1663E04916D3EF8F063BEEED3D83D0582563ED7BB95BEF135113D38D8233EDDAD32BEF29C783D3CD5733ED00581BEF065303C9E59F33EFB1DB4BEE57D393D2BFDB53EF687F4BEEBA7113C86CCA33EEE312FBEE92B5E,
3D9270B03EE461D8BEF57A143D69E1B13EF3BD5ABEEE76EA3DA3369C3EF17AABBEF2A21A3DE1D6D03EEEFCDFBEF4F11B3D9270B03EE461D8BEF57A143DA3369C3EF17AABBEF2A21ABBF6A50D3F1093FBBEE186123C02BA5A3F0F4396BEE9D29E3B1880953F0ACE79BEE2491B3CCDAB193F0E8A61BEF0EF563C45CDD53F16C6BDBEF33E573D2642C03F0F5DABBEF8D738,
3D8E12E83F0644C8BEF343B73D9AB7563F0B3797BEFE019B3DAD26743F087C0FBEFACE253B1880953F0ACE79BEE2491B3C8B22083F067FF6BEE15F673B7638003F05F8D3BED9D7FEBC5167663EFFD32CBEDA15DB3C4308FF3F0312E4BEDFC6323C28A3F93EFF50A0BEE0B7C3BBD7BE983EECF180BEE443D43C9E59F33EFB1DB4BEE57D393BD8127B3EEC9CD4BEE69EA1,
3D8453D23F0179C0BEEB267C3D26687F3F0437C5BEE89A023D9204B03F0401A3BEEE9C673DAA35933EFE9F8CBEECF69D3D69E1B13EF3BD5ABEEE76EA3D8453D23F0179C0BEEB267C3D9270B03EE461D8BEF57A143DC2A8003EDC83A9BEF85AB43D84B3C43ED7D806BEF607E63D38D8233EDDAD32BEF29C783D84B3C43ED7D806BEF607E63D744C383ECCFD6DBEF3F91E,
3DCF74473F040A9EBEF1205C3DDD6E053F081A26BEFCA7F83E056CD73F043EA7BEF0B7C33E05E6BC3F01AA1DBEED9EA53DCF74473F040A9EBEF1205C3E056CD73F043EA7BEF0B7C33DAA35933EFE9F8CBEECF69D3D8453D23F0179C0BEEB267C3DC3CB813F0195ABBEEDB7283C28A3F93EFF50A0BEE0B7C33C4308FF3F0312E4BEDFC6323CFB56B83F03A094BEE4E63A,
3D2642C03F0F5DABBEF8D7383D9093103F0FC819BF0099073D50917D3F0B2A6BBEF86CA93DA3369C3EF17AABBEF2A21A3DAA35933EFE9F8CBEECF69D3DDA921D3EFEC52ABEEE2A803DE1D6D03EEEFCDFBEF4F11B3DA3369C3EF17AABBEF2A21A3DDA921D3EFEC52ABEEE2A803E0797033F0BB203BF0108703E106D943F0A08D1BEFE6B613DDD6E053F081A26BEFCA7F8,
3D50917D3F0B2A6BBEF86CA93D8E12E83F0644C8BEF343B73D2C53B13F09694DBEF0D4133DE109D03F139DD4BF03979A3DDCC9643F0C15D3BF0139973DAD1C7E3F122878BF01AF6C3D38D8233EDDAD32BEF29C783D9270B03EE461D8BEF57A143D84B3C43ED7D806BEF607E63D26687F3F0437C5BEE89A023D2F6A513F0137D2BEE8092D3CFB56B83F03A094BEE4E63A,
3DAD26743F087C0FBEFACE253D9204B03F0401A3BEEE9C673D8E12E83F0644C8BEF343B73B1880953F0ACE79BEE2491B3B7638003F05F8D3BED9D7FEBC2964E93F0D39DABEDB27243DC2A8003EDC83A9BEF85AB43DE1D6D03EEEFCDFBEF4F11B3DFD68C73EE03C8EBEF826CC3D8E12E83F0644C8BEF343B73D26687F3F0437C5BEE89A023D2C53B13F09694DBEF0D413,
3AD1D8A53F03E48ABEDA72003C8B22083F067FF6BEE15F673C4308FF3F0312E4BEDFC6323C8B22083F067FF6BEE15F673AD1D8A53F03E48ABEDA72003B7638003F05F8D3BED9D7FE3DCF74473F040A9EBEF1205C3DC3CB813F0195ABBEEDB7283D9204B03F0401A3BEEE9C673DAD26743F087C0FBEFACE253DCF74473F040A9EBEF1205C3D9204B03F0401A3BEEE9C67,
3E155B8A3F16543FBF0464DC3E155DA23F10B392BF0301B83DE109D03F139DD4BF03979A3D8E12E83F0644C8BEF343B73D9204B03F0401A3BEEE9C673D26687F3F0437C5BEE89A023C8B22083F067FF6BEE15F673B1880953F0ACE79BEE2491B3CFD028A3F0701A8BEE94728BC12E6213F15B7E1BEE9081C3C02BA5A3F0F4396BEE9D29EBBF6A50D3F1093FBBEE18612,
3CFD028A3F0701A8BEE947283CFB56B83F03A094BEE4E63A3C8B22083F067FF6BEE15F67BBD7BE983EECF180BEE443D43BD8127B3EEC9CD4BEE69EA1BC5FA00E3EE4011DBEE50E133D23BBC73EE8025CBEEDB1643CCD26FA3EE1372ABEED61B33C86CCA33EEE312FBEE92B5E3D23BBC73EE8025CBEEDB1643C86CCA33EEE312FBEE92B5E3D2BFDB53EF687F4BEEBA711,
3D9270B03EE461D8BEF57A143DE1D6D03EEEFCDFBEF4F11B3DC2A8003EDC83A9BEF85AB43B5045FE3F1404C9BEEEB9803CCDAB193F0E8A61BEF0EF563C02BA5A3F0F4396BEE9D29E3CFB56B83F03A094BEE4E63A3C9E59F33EFB1DB4BEE57D393C28A3F93EFF50A0BEE0B7C33C9E59F33EFB1DB4BEE57D39BBD7BE983EECF180BEE443D43C28A3F93EFF50A0BEE0B7C3,
3E05E6BC3F01AA1DBEED9EA53DDA921D3EFEC52ABEEE2A803DC3CB813F0195ABBEEDB7283DCF74473F040A9EBEF1205C3E05E6BC3F01AA1DBEED9EA53DC3CB813F0195ABBEEDB7283DAA35933EFE9F8CBEECF69D3DA3369C3EF17AABBEF2A21A3D69E1B13EF3BD5ABEEE76EA3D69E1B13EF3BD5ABEEE76EA3D38D8233EDDAD32BEF29C783D23BBC73EE8025CBEEDB164,
3C86CCA33EEE312FBEE92B5E3C21BE2B3EDA4A49BEEB313C3BD8127B3EEC9CD4BEE69EA13C21BE2B3EDA4A49BEEB313CBC88B1143EC8665EBEE7EA81BC4B35F43EDACBC9BEE588C23D2C53B13F09694DBEF0D4133D26687F3F0437C5BEE89A023CFD028A3F0701A8BEE947283CCDAB193F0E8A61BEF0EF563D2C53B13F09694DBEF0D4133CFD028A3F0701A8BEE94728,
3E155DA23F10B392BF0301B83E0797033F0BB203BF0108703DDCC9643F0C15D3BF0139973DE109D03F139DD4BF03979A3E155DA23F10B392BF0301B83DDCC9643F0C15D3BF0139973D744C383ECCFD6DBEF3F91E3D3CD5733ED00581BEF065303D38D8233EDDAD32BEF29C783CCD26FA3EE1372ABEED61B33C21BE2B3EDA4A49BEEB313C3C86CCA33EEE312FBEE92B5E,
3C28A3F93EFF50A0BEE0B7C3BBD7BE983EECF180BEE443D4BC5167663EFFD32CBEDA15DB3C21BE2B3EDA4A49BEEB313C3CCD26FA3EE1372ABEED61B33D0582563ED7BB95BEF135113CCD26FA3EE1372ABEED61B33D23BBC73EE8025CBEEDB1643D38D8233EDDAD32BEF29C783D0582563ED7BB95BEF135113CCD26FA3EE1372ABEED61B33D38D8233EDDAD32BEF29C78,
3CFB56B83F03A094BEE4E63A3D2F6A513F0137D2BEE8092D3C9E59F33EFB1DB4BEE57D393C9E59F33EFB1DB4BEE57D393C86CCA33EEE312FBEE92B5E3BD8127B3EEC9CD4BEE69EA13C45CDD53F16C6BDBEF33E573D7C8E263F14D089BEFF27353D9093103F0FC819BF0099073D9AB7563F0B3797BEFE019B3D50917D3F0B2A6BBEF86CA93D9093103F0FC819BF009907,
3D9093103F0FC819BF0099073DAD1C7E3F122878BF01AF6C3DDCC9643F0C15D3BF0139973D9AB7563F0B3797BEFE019B3D9093103F0FC819BF0099073DDCC9643F0C15D3BF0139973DE1D6D03EEEFCDFBEF4F11B3DDA921D3EFEC52ABEEE2A803E04916D3EF8F063BEEED3D83DFD68C73EE03C8EBEF826CC3DE1D6D03EEEFCDFBEF4F11B3E1220FF3EEA602DBEF4213A,
3D9093103F0FC819BF0099073D7C8E263F14D089BEFF27353DAD1C7E3F122878BF01AF6C3DC3CB813F0195ABBEEDB7283DDA921D3EFEC52ABEEE2A803DAA35933EFE9F8CBEECF69DBC88B1143EC8665EBEE7EA813C21BE2B3EDA4A49BEEB313C3BD97B313EC8E23BBEEAD05FBC4B35F43EDACBC9BEE588C2BC5FA00E3EE4011DBEE50E133BD8127B3EEC9CD4BEE69EA1,
BC5167663EFFD32CBEDA15DB3AD1D8A53F03E48ABEDA72003C4308FF3F0312E4BEDFC6323E0797033F0BB203BF0108703DDD6E053F081A26BEFCA7F83DDCC9643F0C15D3BF0139973D84B3C43ED7D806BEF607E63DC2A8003EDC83A9BEF85AB43DDE81453ED363B2BEF7839D3BD97B313EC8E23BBEEAD05F3C21BE2B3EDA4A49BEEB313C3CA369FD3ED2E968BEED0E78,
3B7638003F05F8D3BED9D7FE3AD1D8A53F03E48ABEDA7200BB3912DC3F059770BED60EB6BBB399F63F07EF39BED578603B7638003F05F8D3BED9D7FEBB3912DC3F059770BED60EB6BC5167663EFFD32CBEDA15DBBB3912DC3F059770BED60EB63AD1D8A53F03E48ABEDA7200BC2964E93F0D39DABEDB2724BBF6A50D3F1093FBBEE186123B1880953F0ACE79BEE2491B,
3C8B22083F067FF6BEE15F673AD1D8A53F03E48ABEDA72003B7638003F05F8D3BED9D7FE3B1880953F0ACE79BEE2491B3B7638003F05F8D3BED9D7FEBC2964E93F0D39DABEDB27243B1880953F0ACE79BEE2491B3C8B22083F067FF6BEE15F673B7638003F05F8D3BED9D7FEBC5167663EFFD32CBEDA15DB3C4308FF3F0312E4BEDFC6323C28A3F93EFF50A0BEE0B7C3,
3B041EDE3EC4EC423ED10EED3C877AB33EDA070C3ECCA7B5BCC918E33ED50B313EC5CF683C28A3F93EFF50A0BEE0B7C3BBD7BE983EECF180BEE443D4BC5167663EFFD32CBEDA15DBBC2964E93F0D39DABEDB27243B7638003F05F8D3BED9D7FEBBB399F63F07EF39BED578603AD1D8A53F03E48ABEDA72003C8B22083F067FF6BEE15F673C4308FF3F0312E4BEDFC632,
3C89EBA73EE62E903EC9C92E3C877AB33EDA070C3ECCA7B53D1F633D3EE5F9163ECB5F1C3DE91F2E3ED256153ED15F033D6EAE9F3EDAE44B3ED0D79D3D6F049B3EC972EF3ED4FE373D2862F63F0B62303EAED5D03D965A9B3F0ED5F13EAA788E3CAC8C503F0D1BB53EAAAE293E0855113F0C28C33EADC3593D965A9B3F0ED5F13EAA788E3E00B7803F063F8A3EB68C8B,
3D2862F63F0B62303EAED5D03DB05A713F03587D3EBB6AE83D965A9B3F0ED5F13EAA788E3D1F633D3EE5F9163ECB5F1C3D373F313EF5BB173EC577533C89EBA73EE62E903EC9C92E3C82F72B3EF35FA23EC37ED43CFFE4BD3F005BF23EBD1C3BB97DC1613EF562E13EBC52C6BCC918E33ED50B313EC5CF683C877AB33EDA070C3ECCA7B53C89EBA73EE62E903EC9C92E,
3D4EF34D3F0327133EBB11623DA4B76F3EFA456F3EC35F5F3DB05A713F03587D3EBB6AE83E00B7803F063F8A3EB68C8B3DB05A713F03587D3EBB6AE83DA4B76F3EFA456F3EC35F5FBC49C0A93EEA491B3EC1FFB53C89EBA73EE62E903EC9C92E3C82F72B3EF35FA23EC37ED43CAC8C503F0D1BB53EAAAE293D965A9B3F0ED5F13EAA788E3D9108813F12BAF13EA324A7,
3CAC8C503F0D1BB53EAAAE293CB9E8C43F14895D3E9956C1BBC258D63F0EA1513EA12F6F3E204A733ED888F83ECD05AF3E2AD2DD3EE7503C3EC56C513DE12CF13EF347843EC578813D373F313EF5BB173EC577533CFFE4BD3F005BF23EBD1C3B3C82F72B3EF35FA23EC37ED4BCFE0EFA3EFAEC073EB3C5BD3CFFE4BD3F005BF23EBD1C3BBCB715403F04C9753EADFB0D,
BCFE0EFA3EFAEC073EB3C5BDB97DC1613EF562E13EBC52C63CFFE4BD3F005BF23EBD1C3B3D1F633D3EE5F9163ECB5F1C3C877AB33EDA070C3ECCA7B53D0C319C3ED6D3313ED041CC3DDD55E73EE425AF3ECC56933DE12CF13EF347843EC578813DA4B76F3EFA456F3EC35F5F3DA4B76F3EFA456F3EC35F5F3D4EF34D3F0327133EBB11623D373F313EF5BB173EC57753,
3D1F633D3EE5F9163ECB5F1C3D6EAE9F3EDAE44B3ED0D79D3DA752DB3EE0C47A3ECEA2D33D373F313EF5BB173EC577533C82F72B3EF35FA23EC37ED43C89EBA73EE62E903EC9C92E3CFFE4BD3F005BF23EBD1C3B3D4EF34D3F0327133EBB11623D2862F63F0B62303EAED5D03DA752DB3EE0C47A3ECEA2D33DA4B76F3EFA456F3EC35F5F3D373F313EF5BB173EC57753,
3D7CFC403F17DF6E3E972D1B3CB9E8C43F14895D3E9956C13CAC8C503F0D1BB53EAAAE293D9108813F12BAF13EA324A73D7CFC403F17DF6E3E972D1B3CAC8C503F0D1BB53EAAAE293DDD55E73EE425AF3ECC56933E204A733ED888F83ECD05AF3DE12CF13EF347843EC578813DE12CF13EF347843EC578813DFCF7013F001B003EBE8E823DA4B76F3EFA456F3EC35F5F,
BC49C0A93EEA491B3EC1FFB53C82F72B3EF35FA23EC37ED4B97DC1613EF562E13EBC52C63DE91F2E3ED256153ED15F033E204A733ED888F83ECD05AF3DDD55E73EE425AF3ECC5693BBC258D63F0EA1513EA12F6FBCB715403F04C9753EADFB0D3CAC8C503F0D1BB53EAAAE29BC4176573F1267D73E964B23BBC258D63F0EA1513EA12F6F3CB9E8C43F14895D3E9956C1,
3C877AB33EDA070C3ECCA7B53B041EDE3EC4EC423ED10EED3D0C319C3ED6D3313ED041CC3D0C319C3ED6D3313ED041CC3D6EAE9F3EDAE44B3ED0D79D3D1F633D3EE5F9163ECB5F1C3DE91F2E3ED256153ED15F033DA752DB3EE0C47A3ECEA2D33D6EAE9F3EDAE44B3ED0D79D3E21AA3F3EF8B1BC3EBFEBF23DFCF7013F001B003EBE8E823DE12CF13EF347843EC57881,
3E061A1E3F114F593EA4BF4D3D965A9B3F0ED5F13EAA788E3E0855113F0C28C33EADC3593D4EF34D3F0327133EBB11623DB05A713F03587D3EBB6AE83D2862F63F0B62303EAED5D03CFFE4BD3F005BF23EBD1C3B3D2862F63F0B62303EAED5D03CAC8C503F0D1BB53EAAAE29BCB715403F04C9753EADFB0D3CFFE4BD3F005BF23EBD1C3B3CAC8C503F0D1BB53EAAAE29,
BCC918E33ED50B313EC5CF683C89EBA73EE62E903EC9C92EBC90624E3EDE72113EC529133E00B7803F063F8A3EB68C8B3DA4B76F3EFA456F3EC35F5F3DFCF7013F001B003EBE8E823D0C319C3ED6D3313ED041CC3D6F049B3EC972EF3ED4FE373D6EAE9F3EDAE44B3ED0D79D3E061A1E3F114F593EA4BF4D3D9108813F12BAF13EA324A73D965A9B3F0ED5F13EAA788E,
3DE91F2E3ED256153ED15F033DDD55E73EE425AF3ECC56933DA752DB3EE0C47A3ECEA2D33E00B7803F063F8A3EB68C8B3D965A9B3F0ED5F13EAA788E3DB05A713F03587D3EBB6AE83E21AA3F3EF8B1BC3EBFEBF23DE12CF13EF347843EC578813E2AD2DD3EE7503C3EC56C513C89EBA73EE62E903EC9C92EBC49C0A93EEA491B3EC1FFB5BC90624E3EDE72113EC52913,
3C5BE7F33F2D4142BEE9702E3CB8023A3F2551C6BEF216613913D9663F215DE6BEEDEBB73DDD55E73EE425AF3ECC56933DA4B76F3EFA456F3EC35F5F3DA752DB3EE0C47A3ECEA2D33D4EF34D3F0327133EBB11623CFFE4BD3F005BF23EBD1C3B3D373F313EF5BB173EC577533D373F313EF5BB173EC577533D1F633D3EE5F9163ECB5F1C3DA752DB3EE0C47A3ECEA2D3,
3DE109D03F139DD4BF03979A3DF02CD43F17A4B5BF04142F3E155B8A3F16543FBF0464DC3D25AFF33F2A04D1BEF817123CB8023A3F2551C6BEF216613CE215333F2A9510BEF2C53B3DCE6C8F3F30942DBEF941C83D93165D3F332D2CBEF318983DAA2FCF3F3328A6BEF4DE3C3DEB83063F347D5FBEFAD2DD3DCE6C8F3F30942DBEF941C83DD2C0623F37B491BEF84DFD,
3DC578E63F211C3BBF02425B3DA620253F256FDBBF008E583DC4DB163F27939ABF00E0B93D93165D3F332D2CBEF318983DA5DAF03F397A89BEF21CAC3DAA2FCF3F3328A6BEF4DE3C3C45CDD53F16C6BDBEF33E573CCDAB193F0E8A61BEF0EF563B5045FE3F1404C9BEEEB9803C5BE7F33F2D4142BEE9702E3D15B78D3F30D6D4BEF00EAE3CE215333F2A9510BEF2C53B,
BC4CA2DB3F2576EEBEE394313913D9663F215DE6BEEDEBB7BCB148773F2157CDBEE0DDA53DAD1C7E3F122878BF01AF6C3D88B6523F19E7DABF00F14E3DE109D03F139DD4BF03979A3D2642C03F0F5DABBEF8D7383C45CDD53F16C6BDBEF33E573D9093103F0FC819BF0099073D141D8F3F232A06BEF5AC263D25AFF33F2A04D1BEF817123D6D1D043F246BADBEFCE2B0,
3DD2C0623F37B491BEF84DFD3DAA2FCF3F3328A6BEF4DE3C3DA5DAF03F397A89BEF21CAC3D062D413F3B5276BEE41B113CF9BFDF3F365FC8BEEB40F63C5C22AB3F343697BEE3E4EFBAA19C9D3F327DFEBEDD2FC23C9D2E0E3F3B12B2BEDF93793C5C22AB3F343697BEE3E4EF3B5045FE3F1404C9BEEEB9803C02BA5A3F0F4396BEE9D29EBC12E6213F15B7E1BEE9081C,
3C45CDD53F16C6BDBEF33E573C4896DD3F1E5A68BEF29F383D0623D13F1CC804BEF649F53B32C83F3F3CBE51BEDA3CC9BAA19C9D3F327DFEBEDD2FC2BC7572DE3F377E91BED7062D3CCDAB193F0E8A61BEF0EF563C45CDD53F16C6BDBEF33E573D2642C03F0F5DABBEF8D7383913D9663F215DE6BEEDEBB73CB8023A3F2551C6BEF216613C4896DD3F1E5A68BEF29F38,
3C5BE7F33F2D4142BEE9702E3CE215333F2A9510BEF2C53B3CB8023A3F2551C6BEF21661BAA19C9D3F327DFEBEDD2FC23C5C22AB3F343697BEE3E4EF3C5BE7F33F2D4142BEE9702E3D062D413F3B5276BEE41B113C5C22AB3F343697BEE3E4EF3C9D2E0E3F3B12B2BEDF93793913D9663F215DE6BEEDEBB7BC43F8123F1EA865BEE827FABCB148773F2157CDBEE0DDA5,
BBF26AEC3F17D9BABEEC0E9D3B5045FE3F1404C9BEEEB980BC12E6213F15B7E1BEE9081C3D7C8E263F14D089BEFF27353D88B6523F19E7DABF00F14E3DAD1C7E3F122878BF01AF6C3913D9663F215DE6BEEDEBB73C4896DD3F1E5A68BEF29F383C45CDD53F16C6BDBEF33E573D45CBBC3F1E80BFBEFBE8143D88B6523F19E7DABF00F14E3D7C8E263F14D089BEFF2735,
3DEA89FC3F2E09ABBEFBD0E13DAA44C83F2CAB3FBEFBA1F53DCE6C8F3F30942DBEF941C83D5CD2D43F330436BEF13E603D93165D3F332D2CBEF318983D5FB9393F2D511EBEF8B71C3D15B78D3F30D6D4BEF00EAE3CB6848C3F330835BEEAA8CA3CF9BFDF3F365FC8BEEB40F63CB8023A3F2551C6BEF216613D25AFF33F2A04D1BEF817123D141D8F3F232A06BEF5AC26,
BC8BB6ED3F2E9A5FBED789E73C5BE7F33F2D4142BEE9702EBC47E6B43F2A3455BEDD475A3DC4DB163F27939ABF00E0B93DA620253F256FDBBF008E583DAA44C83F2CAB3FBEFBA1F53E017DF23F296BBABF0090823DC4DB163F27939ABF00E0B93DEA89FC3F2E09ABBEFBD0E13DAA44C83F2CAB3FBEFBA1F53D93165D3F332D2CBEF318983DCE6C8F3F30942DBEF941C8,
3DD2C0623F37B491BEF84DFD3DCE6C8F3F30942DBEF941C83DAA2FCF3F3328A6BEF4DE3C3D93165D3F332D2CBEF318983D5CD2D43F330436BEF13E603D6CB9673F3B9219BEEA5E143DA5DAF03F397A89BEF21CAC3D93165D3F332D2CBEF318983D6CB9673F3B9219BEEA5E143CB6848C3F330835BEEAA8CA3C5C22AB3F343697BEE3E4EF3CF9BFDF3F365FC8BEEB40F6,
3DE109D03F139DD4BF03979A3DDCC9643F0C15D3BF0139973DAD1C7E3F122878BF01AF6C3D45CBBC3F1E80BFBEFBE8143DA620253F256FDBBF008E583D88B6523F19E7DABF00F14E3D45CBBC3F1E80BFBEFBE8143D6D1D043F246BADBEFCE2B03DA620253F256FDBBF008E583DC578E63F211C3BBF02425B3DC4DB163F27939ABF00E0B93E017DF23F296BBABF009082,
BC12E6213F15B7E1BEE9081C3C02BA5A3F0F4396BEE9D29EBBF6A50D3F1093FBBEE186123D7C8E263F14D089BEFF27353D0623D13F1CC804BEF649F53D45CBBC3F1E80BFBEFBE8143D141D8F3F232A06BEF5AC263D6D1D043F246BADBEFCE2B03D45CBBC3F1E80BFBEFBE8143DE565803F3868ECBEFD07423DEB83063F347D5FBEFAD2DD3DD2C0623F37B491BEF84DFD,
3D141D8F3F232A06BEF5AC263D0623D13F1CC804BEF649F53C4896DD3F1E5A68BEF29F383E155B8A3F16543FBF0464DC3E155DA23F10B392BF0301B83DE109D03F139DD4BF03979ABAA19C9D3F327DFEBEDD2FC23C5BE7F33F2D4142BEE9702EBC8BB6ED3F2E9A5FBED789E73913D9663F215DE6BEEDEBB7BBF26AEC3F17D9BABEEC0E9DBC43F8123F1EA865BEE827FA,
3B5045FE3F1404C9BEEEB9803CCDAB193F0E8A61BEF0EF563C02BA5A3F0F4396BEE9D29E3C45CDD53F16C6BDBEF33E573B5045FE3F1404C9BEEEB980BBF26AEC3F17D9BABEEC0E9DBBF26AEC3F17D9BABEEC0E9D3913D9663F215DE6BEEDEBB73C45CDD53F16C6BDBEF33E573C5BE7F33F2D4142BEE9702EBC4CA2DB3F2576EEBEE39431BC47E6B43F2A3455BEDD475A,
3CB6848C3F330835BEEAA8CA3C5BE7F33F2D4142BEE9702E3C5C22AB3F343697BEE3E4EF3DAA44C83F2CAB3FBEFBA1F53DA620253F256FDBBF008E583D5FB9393F2D511EBEF8B71C3C5BE7F33F2D4142BEE9702E3913D9663F215DE6BEEDEBB7BC4CA2DB3F2576EEBEE394313DF02CD43F17A4B5BF04142F3DC578E63F211C3BBF02425B3DFADFB53F1FF844BF0380FE,
3D45CBBC3F1E80BFBEFBE8143D0623D13F1CC804BEF649F53D141D8F3F232A06BEF5AC263D5FB9393F2D511EBEF8B71C3D25AFF33F2A04D1BEF817123D15B78D3F30D6D4BEF00EAE3D5CD2D43F330436BEF13E603D5FB9393F2D511EBEF8B71C3D15B78D3F30D6D4BEF00EAE3D15B78D3F30D6D4BEF00EAE3D25AFF33F2A04D1BEF817123CE215333F2A9510BEF2C53B,
3D6CB9673F3B9219BEEA5E143D5CD2D43F330436BEF13E603CF9BFDF3F365FC8BEEB40F63D5CD2D43F330436BEF13E603D15B78D3F30D6D4BEF00EAE3CF9BFDF3F365FC8BEEB40F63D15B78D3F30D6D4BEF00EAE3C5BE7F33F2D4142BEE9702E3CB6848C3F330835BEEAA8CA3D7C8E263F14D089BEFF27353C45CDD53F16C6BDBEF33E573D0623D13F1CC804BEF649F5,
3DEA89FC3F2E09ABBEFBD0E13DC4DB163F27939ABF00E0B93DAA44C83F2CAB3FBEFBA1F53D5FB9393F2D511EBEF8B71C3D93165D3F332D2CBEF318983DAA44C83F2CAB3FBEFBA1F53C9D2E0E3F3B12B2BEDF9379BAA19C9D3F327DFEBEDD2FC23B32C83F3F3CBE51BEDA3CC93DE109D03F139DD4BF03979A3E155DA23F10B392BF0301B83DDCC9643F0C15D3BF013997,
3D25AFF33F2A04D1BEF817123D5FB9393F2D511EBEF8B71C3DA620253F256FDBBF008E583D6D1D043F246BADBEFCE2B03D25AFF33F2A04D1BEF817123DA620253F256FDBBF008E583C45CDD53F16C6BDBEF33E573D7C8E263F14D089BEFF27353D9093103F0FC819BF0099073C4896DD3F1E5A68BEF29F383CB8023A3F2551C6BEF216613D141D8F3F232A06BEF5AC26,
3DE109D03F139DD4BF03979A3D88B6523F19E7DABF00F14E3DF02CD43F17A4B5BF04142F3DFADFB53F1FF844BF0380FE3DC578E63F211C3BBF02425B3E017DF23F296BBABF0090823DA620253F256FDBBF008E583DC578E63F211C3BBF02425B3D88B6523F19E7DABF00F14E3D9093103F0FC819BF0099073DAD1C7E3F122878BF01AF6C3DDCC9643F0C15D3BF013997,
3E05870E3F33967DBEFC419A3DEA89FC3F2E09ABBEFBD0E13DCE6C8F3F30942DBEF941C83DEB83063F347D5FBEFAD2DD3E05870E3F33967DBEFC419A3DCE6C8F3F30942DBEF941C83D9093103F0FC819BF0099073D7C8E263F14D089BEFF27353DAD1C7E3F122878BF01AF6C3D88B6523F19E7DABF00F14E3DC578E63F211C3BBF02425B3DF02CD43F17A4B5BF04142F,
3C9D2E0E3F3B12B2BEDF9379BAA19C9D3F327DFEBEDD2FC23B32C83F3F3CBE51BEDA3CC9BAA19C9D3F327DFEBEDD2FC23C5BE7F33F2D4142BEE9702EBC8BB6ED3F2E9A5FBED789E7BC8BB6ED3F2E9A5FBED789E73C5BE7F33F2D4142BEE9702EBC47E6B43F2A3455BEDD475A3B32C83F3F3CBE51BEDA3CC9BAA19C9D3F327DFEBEDD2FC2BC7572DE3F377E91BED7062D,
3D72ACFB3F23BEA9BE2D68403D3F13063F253709BE4136613D04B1AB3F238B59BE3793DE3C8DAE3E3F2349CFBE4157263D3F13063F253709BE4136613CC784233F251AA8BE4AB607BBA0A0F53F250FF9BE62AB693C68E1D63F27C8D2BE5807793B5163353F29A7C1BE61F70E3DDBF1633F21E00DBE1E67943DE216C63F227BD5BE2FADF33DAE27E13F2368BEBE27F5A5,
3B3C8C0D3F332FFDBE792F2BBC6F02823F2B1DF7BE74F7A93C93C03C3F308D8FBE660CBF3D9B55263F30BFC2BE5684CF3DA3C2123F38E7DEBE5D57BC3D39D4D83F3614F0BE5FFBCEBCA730C63F207864BE35A7093C8DAE3E3F2349CFBE415726BCE115593F206738BE45D3993D8B5AA73F24D5B7BE363B693D72ACFB3F23BEA9BE2D68403DBEF2843F24FBCABE37D0F2,
3DBEF2843F24FBCABE37D0F23DE216C63F227BD5BE2FADF33DEC74323F23963ABE37EC783C8DAE3E3F2349CFBE4157263AE10CF63F23D48DBE566DBDBBD573643F228C58BE50D77B3B5163353F29A7C1BE61F70E3C68E1D63F27C8D2BE5807793C93C03C3F308D8FBE660CBF3DDBF1633F21E00DBE1E67943E06E04C3F201398BE08DCDB3E0629D83F201B54BE2A3CA7,
3D04B1AB3F238B59BE3793DE3B944ED73F208FFCBE0D562A3D69A9113F229457BE1193B43AE10CF63F23D48DBE566DBDBC7A2AD43F2211DCBE65B963BBD573643F228C58BE50D77BBC7F327B3F2E84F1BE8403DE3B3C8C0D3F332FFDBE792F2BBCA4EDF63F348D3BBE87F3283D3F13063F253709BE4136613D8B5AA73F24D5B7BE363B693D9687B13F27A54CBE41D649,
BCE115593F206738BE45D3993C8DAE3E3F2349CFBE415726BBD573643F228C58BE50D77B3D9B55263F30BFC2BE5684CF3D1D4F9C3F2F661FBE5B966C3D31843C3F2B089ABE52EEC83D8B5AA73F24D5B7BE363B693DBEF2843F24FBCABE37D0F23D9687B13F27A54CBE41D6493DC8533B3F28D185BE43DD553DEC74323F23963ABE37EC783DDFC0903F2F8583BE53AD9F,
3E0629D83F201B54BE2A3CA73DE216C63F227BD5BE2FADF33DDBF1633F21E00DBE1E6794BBA0A0F53F250FF9BE62AB693B5163353F29A7C1BE61F70EBC6F02823F2B1DF7BE74F7A93DDFC0903F2F8583BE53AD9F3DC419A03F3311A5BE57F3CF3DB0880E3F2D22D9BE4F57713C93C03C3F308D8FBE660CBF3C68E1D63F27C8D2BE5807793D31843C3F2B089ABE52EEC8,
3DEC74323F23963ABE37EC783E04CD753F32F588BE5E8E613DDFC0903F2F8583BE53AD9F3DA3C2123F38E7DEBE5D57BC3D9B55263F30BFC2BE5684CF3DC419A03F3311A5BE57F3CF3D9B55263F30BFC2BE5684CF3DB0880E3F2D22D9BE4F57713DC419A03F3311A5BE57F3CF3DE216C63F227BD5BE2FADF33DBEF2843F24FBCABE37D0F23DAE27E13F2368BEBE27F5A5,
3D9B55263F30BFC2BE5684CF3D31843C3F2B089ABE52EEC83DB0880E3F2D22D9BE4F57713DBEF2843F24FBCABE37D0F23DEC74323F23963ABE37EC783DC8533B3F28D185BE43DD553DBEF2843F24FBCABE37D0F23DC8533B3F28D185BE43DD553D9687B13F27A54CBE41D649BCA730C63F207864BE35A7093B944ED73F208FFCBE0D562A3C8DAE3E3F2349CFBE415726,
3DE216C63F227BD5BE2FADF33E0629D83F201B54BE2A3CA73E0B499D3F20DDC6BE37CA643DDFC0903F2F8583BE53AD9F3DB0880E3F2D22D9BE4F57713DC8533B3F28D185BE43DD553DCDE54B3F21972DBE08EEF23E06E04C3F201398BE08DCDB3DDBF1633F21E00DBE1E67943D31843C3F2B089ABE52EEC83CC784233F251AA8BE4AB6073D3F13063F253709BE413661,
BC7F327B3F2E84F1BE8403DEBC6F02823F2B1DF7BE74F7A93B3C8C0D3F332FFDBE792F2B3AE10CF63F23D48DBE566DBDBBA0A0F53F250FF9BE62AB69BC7A2AD43F2211DCBE65B9633DAE27E13F2368BEBE27F5A53DCDE54B3F21972DBE08EEF23DDBF1633F21E00DBE1E67943D39D4D83F3614F0BE5FFBCE3D1D4F9C3F2F661FBE5B966C3D9B55263F30BFC2BE5684CF,
3C93C03C3F308D8FBE660CBF3D39D4D83F3614F0BE5FFBCE3CA53DA73F360A96BE6ABC0E3D1D4F9C3F2F661FBE5B966C3D39D4D83F3614F0BE5FFBCE3C93C03C3F308D8FBE660CBF3D31843C3F2B089ABE52EEC83D1D4F9C3F2F661FBE5B966C3C93C03C3F308D8FBE660CBF3D3F13063F253709BE4136613C8DAE3E3F2349CFBE4157263D04B1AB3F238B59BE3793DE,
3DF7CE533F3B7803BE68CA3E3DA3C2123F38E7DEBE5D57BC3E04CD753F32F588BE5E8E613C68E1D63F27C8D2BE580779BBA0A0F53F250FF9BE62AB693AE10CF63F23D48DBE566DBD3B3C8C0D3F332FFDBE792F2BBB2159813F394952BE8203E6BCA4EDF63F348D3BBE87F3283D9687B13F27A54CBE41D6493DB0880E3F2D22D9BE4F57713D3F13063F253709BE413661,
BB2159813F394952BE8203E63B3C8C0D3F332FFDBE792F2B3CA53DA73F360A96BE6ABC0E3AE10CF63F23D48DBE566DBD3CC784233F251AA8BE4AB6073C68E1D63F27C8D2BE5807793B3C8C0D3F332FFDBE792F2B3C93C03C3F308D8FBE660CBF3CA53DA73F360A96BE6ABC0E3DA3C2123F38E7DEBE5D57BC3DC419A03F3311A5BE57F3CF3E04CD753F32F588BE5E8E61,
3DE216C63F227BD5BE2FADF33E0B499D3F20DDC6BE37CA643DEC74323F23963ABE37EC783C93C03C3F308D8FBE660CBFBC6F02823F2B1DF7BE74F7A93B5163353F29A7C1BE61F70E3C8DAE3E3F2349CFBE4157263CC784233F251AA8BE4AB6073AE10CF63F23D48DBE566DBD3D72ACFB3F23BEA9BE2D68403D69A9113F229457BE1193B43DAE27E13F2368BEBE27F5A5,
3DDFC0903F2F8583BE53AD9F3E04CD753F32F588BE5E8E613DC419A03F3311A5BE57F3CF3D04B1AB3F238B59BE3793DE3D69A9113F229457BE1193B43D72ACFB3F23BEA9BE2D6840BC9695D93F1E24EEBE066CF43B944ED73F208FFCBE0D562ABCA730C63F207864BE35A7093DC8533B3F28D185BE43DD553DB0880E3F2D22D9BE4F57713D9687B13F27A54CBE41D649,
3DBEF2843F24FBCABE37D0F23D72ACFB3F23BEA9BE2D68403DAE27E13F2368BEBE27F5A53D04B1AB3F238B59BE3793DE3C8DAE3E3F2349CFBE4157263B944ED73F208FFCBE0D562A3CC784233F251AA8BE4AB6073D31843C3F2B089ABE52EEC83C68E1D63F27C8D2BE5807793D8B5AA73F24D5B7BE363B693D3F13063F253709BE4136613D72ACFB3F23BEA9BE2D6840,
3DDBF1633F21E00DBE1E67943E06E04C3F201398BE08DCDB3E0629D83F201B54BE2A3CA73DD5000D3F25130E3CF666233E08ACE23F24BC7B3D10EED03DFAD1073F21AA0DBC4921473D69A9113F229457BE1193B43DCDE54B3F21972DBE08EEF23DAE27E13F2368BEBE27F5A53D31843C3F2B089ABE52EEC83D3F13063F253709BE4136613DB0880E3F2D22D9BE4F5771,
3D04B1AB3F238B59BE3793DE3B944ED73F208FFCBE0D562A3D69A9113F229457BE1193B43D024A273F1F97FFBCC9949FB998915C3F1C4AC7BD2CC1CABB9A5EBB3F1E36B13B6F459E3DFE53223F1D3251BD8DF71F3DB723EE3F1E2670BD988A053DC5AE603F1EF805BD673D5C3E0EF8483F1E4420BD16B4423DFE53223F1D3251BD8DF71F3DC5AE603F1EF805BD673D5C,
BC9695D93F1E24EEBE066CF4BCE596C83F1A8FF3BDE945743BC4F7EC3F1E2468BDE71BCE3D4134483F1D9956BDADD3FE3DC5AE603F1EF805BD673D5C3DB723EE3F1E2670BD988A053C7127F63F1C42C8BD8043A23D024A273F1F97FFBCC9949F3D347F993F1E0D02BD6F93363DCDE54B3F21972DBE08EEF23D69A9113F229457BE1193B43D966D7A3F2129EDBDF41180,
3D4723AB3F21A9B9BBEC397A3D2038193F2454CE3D2850163DD5000D3F25130E3CF66623BCA730C63F207864BE35A7093B944ED73F208FFCBE0D562A3C8DAE3E3F2349CFBE4157263DBF1BEF3F1EA52FBDBA32B13D966D7A3F2129EDBDF411803D4134483F1D9956BDADD3FE3D024A273F1F97FFBCC9949FBB9A5EBB3F1E36B13B6F459E3CCE48623F224A9D3CAB7BAF,
3BC4F7EC3F1E2468BDE71BCE3B944ED73F208FFCBE0D562ABC9695D93F1E24EEBE066CF43D0298CC3F1D7929BDBB13163BC4F7EC3F1E2468BDE71BCEBC570E6F3F1A568ABDC280283D024A273F1F97FFBCC9949F3C7127F63F1C42C8BD8043A2B998915C3F1C4AC7BD2CC1CAB998915C3F1C4AC7BD2CC1CA3C7127F63F1C42C8BD8043A2BD0A771D3F18200CBD8DCCA7,
3D966D7A3F2129EDBDF411803D1D4C773F20A138BDF601793D0298CC3F1D7929BDBB13163DAE27E13F2368BEBE27F5A53DCDE54B3F21972DBE08EEF23DDBF1633F21E00DBE1E67943D0298CC3F1D7929BDBB13163D1D4C773F20A138BDF601793BC4F7EC3F1E2468BDE71BCE3DCDE54B3F21972DBE08EEF23E06E04C3F201398BE08DCDB3DDBF1633F21E00DBE1E6794,
BD0A771D3F18200CBD8DCCA73C7127F63F1C42C8BD8043A23D0298CC3F1D7929BDBB1316BD0A771D3F18200CBD8DCCA73D0298CC3F1D7929BDBB1316BC570E6F3F1A568ABDC280283D347F993F1E0D02BD6F93363D024A273F1F97FFBCC9949F3D4723AB3F21A9B9BBEC397A3D966D7A3F2129EDBDF411803D69A9113F229457BE1193B43D1D4C773F20A138BDF60179,
3D4723AB3F21A9B9BBEC397A3DC5AE603F1EF805BD673D5C3D347F993F1E0D02BD6F93363CCE48623F224A9D3CAB7BAF3D2038193F2454CE3D2850163D4723AB3F21A9B9BBEC397A3D4134483F1D9956BDADD3FE3C7127F63F1C42C8BD8043A23D347F993F1E0D02BD6F93363E0101B03F1F8B15BDF0EC313E06E04C3F201398BE08DCDB3DCDE54B3F21972DBE08EEF2,
3DC5AE603F1EF805BD673D5C3D4723AB3F21A9B9BBEC397A3DD5000D3F25130E3CF666233DFAD1073F21AA0DBC4921473DC5AE603F1EF805BD673D5C3DD5000D3F25130E3CF666233CCE48623F224A9D3CAB7BAF3D4723AB3F21A9B9BBEC397A3D024A273F1F97FFBCC9949F3E0EF8483F1E4420BD16B4423DC5AE603F1EF805BD673D5C3DFAD1073F21AA0DBC492147,
3DC5AE603F1EF805BD673D5C3D4134483F1D9956BDADD3FE3D347F993F1E0D02BD6F93363E0101B03F1F8B15BDF0EC313DD2F87B3F1FF488BDD9BDC73DBF1BEF3F1EA52FBDBA32B13E0101B03F1F8B15BDF0EC313DBF1BEF3F1EA52FBDBA32B13DFF5B603F1D9967BDB800A83DBF1BEF3F1EA52FBDBA32B13D4134483F1D9956BDADD3FE3DB723EE3F1E2670BD988A05,
3DD2F87B3F1FF488BDD9BDC73D966D7A3F2129EDBDF411803DBF1BEF3F1EA52FBDBA32B1BC9695D93F1E24EEBE066CF43B944ED73F208FFCBE0D562ABCA730C63F207864BE35A7093D0298CC3F1D7929BDBB13163C7127F63F1C42C8BD8043A23D4134483F1D9956BDADD3FE3D72ACFB3F23BEA9BE2D68403D69A9113F229457BE1193B43DAE27E13F2368BEBE27F5A5,
BC570E6F3F1A568ABDC280283BC4F7EC3F1E2468BDE71BCEBCE596C83F1A8FF3BDE945743D04B1AB3F238B59BE3793DE3D69A9113F229457BE1193B43D72ACFB3F23BEA9BE2D68403DFF5B603F1D9967BDB800A83DB723EE3F1E2670BD988A053DFE53223F1D3251BD8DF71F3DCDE54B3F21972DBE08EEF23D966D7A3F2129EDBDF411803DD2F87B3F1FF488BDD9BDC7,
3BC4F7EC3F1E2468BDE71BCE3D1D4C773F20A138BDF601793B944ED73F208FFCBE0D562A3D1D4C773F20A138BDF601793D69A9113F229457BE1193B43B944ED73F208FFCBE0D562A3DFF5B603F1D9967BDB800A83DBF1BEF3F1EA52FBDBA32B13DB723EE3F1E2670BD988A053DD2F87B3F1FF488BDD9BDC73E0101B03F1F8B15BDF0EC313DCDE54B3F21972DBE08EEF2,
BD04406C3F20228A3DB3E2D6BC550EBB3F220C073DE307F23BD25EDD3F248D2A3DCE392E3D69A9113F229457BE1193B43DCDE54B3F21972DBE08EEF23DAE27E13F2368BEBE27F5A53D966D7A3F2129EDBDF411803D0298CC3F1D7929BDBB13163D4134483F1D9956BDADD3FE3D04B1AB3F238B59BE3793DE3C8DAE3E3F2349CFBE4157263B944ED73F208FFCBE0D562A,
3D294CCB3F276C593DF491F33DADA4483F27599B3DAF850E3D80724B3F25B0253D5FCE313DD122B83F2818C63E27D1BB3DACEAAF3F2874003E0BDF4C3D6DA5553F27E21E3E1B5E963D024A273F1F97FFBCC9949FB998915C3F1C4AC7BD2CC1CABB9A5EBB3F1E36B13B6F459E3DD5000D3F25130E3CF666233E08ACE23F24BC7B3D10EED03DFAD1073F21AA0DBC492147,
BC550EBB3F220C073DE307F2BD002F303F2030903E19FB1E3C73D3A23F25E55C3DF44ED73C32E59B3F240AE13D8A51E33CFF21B43F258DCE3D99AC793D2038193F2454CE3D2850163C6D4E4D3F25A9113E1E368F3D6DA5553F27E21E3E1B5E963D294CCB3F276C593DF491F33E0CE5713F267E743D9E78E23E08ACE23F24BC7B3D10EED03DD5000D3F25130E3CF66623,
3D024A273F1F97FFBCC9949FBB9A5EBB3F1E36B13B6F459E3CCE48623F224A9D3CAB7BAF3CCE48623F224A9D3CAB7BAF3C32E59B3F240AE13D8A51E33D2038193F2454CE3D285016BC550EBB3F220C073DE307F23C73D3A23F25E55C3DF44ED73BD25EDD3F248D2A3DCE392EBC9975F33F1FA2273D16312F3CCE48623F224A9D3CAB7BAFBB9A5EBB3F1E36B13B6F459E,
3CFF21B43F258DCE3D99AC793D80724B3F25B0253D5FCE313D2038193F2454CE3D2850163BD25EDD3F248D2A3DCE392E3C73D3A23F25E55C3DF44ED73C32E59B3F240AE13D8A51E33D4723AB3F21A9B9BBEC397A3D2038193F2454CE3D2850163DD5000D3F25130E3CF666233D80724B3F25B0253D5FCE313DD5000D3F25130E3CF666233D2038193F2454CE3D285016,
3C73D3A23F25E55C3DF44ED73C6D4E4D3F25A9113E1E368F3D294CCB3F276C593DF491F33DADA4483F27599B3DAF850E3E0CE5713F267E743D9E78E23DD5000D3F25130E3CF66623BC9975F33F1FA2273D16312FBCE40E9D3F2090D63D88BE2F3C32E59B3F240AE13D8A51E33D80724B3F25B0253D5FCE313DADA4483F27599B3DAF850E3DD5000D3F25130E3CF66623,
3CCE48623F224A9D3CAB7BAF3D2038193F2454CE3D2850163D4723AB3F21A9B9BBEC397A3C32E59B3F240AE13D8A51E33C73D3A23F25E55C3DF44ED73CFF21B43F258DCE3D99AC79BCE40E9D3F2090D63D88BE2F3BD25EDD3F248D2A3DCE392E3C32E59B3F240AE13D8A51E33DADA4483F27599B3DAF850E3D294CCB3F276C593DF491F33DACEAAF3F2874003E0BDF4C,
3DEB28D83F2839373DFADD163E0CE5713F267E743D9E78E23DADA4483F27599B3DAF850E3DC5AE603F1EF805BD673D5C3D4723AB3F21A9B9BBEC397A3DD5000D3F25130E3CF666233DFAD1073F21AA0DBC4921473DC5AE603F1EF805BD673D5C3DD5000D3F25130E3CF666233CCE48623F224A9D3CAB7BAF3D4723AB3F21A9B9BBEC397A3D024A273F1F97FFBCC9949F,
3E0BB4913F2793253E1CB07D3DEB28D83F2839373DFADD163DD122B83F2818C63E27D1BB3C73D3A23F25E55C3DF44ED73D294CCB3F276C593DF491F33CFF21B43F258DCE3D99AC793D294CCB3F276C593DF491F33D80724B3F25B0253D5FCE313CFF21B43F258DCE3D99AC793CCE48623F224A9D3CAB7BAFBC9975F33F1FA2273D16312F3C32E59B3F240AE13D8A51E3,
BD04406C3F20228A3DB3E2D63BD25EDD3F248D2A3DCE392EBCE40E9D3F2090D63D88BE2F3DACEAAF3F2874003E0BDF4C3DEB28D83F2839373DFADD163DADA4483F27599B3DAF850E3D6DA5553F27E21E3E1B5E963DACEAAF3F2874003E0BDF4C3D294CCB3F276C593DF491F33DEB28D83F2839373DFADD163DACEAAF3F2874003E0BDF4C3DD122B83F2818C63E27D1BB,
BA8CA3E83F1E64F53E6724B73C3BFD723F1D321E3E7D7FD83CB4A01B3F22F71A3E5651F4BCC8BEB63F15578A3E883EEABC4176573F1267D73E964B233C3BFD723F1D321E3E7D7FD83CB4A01B3F22F71A3E5651F43CF7AB323F25F5063E3532613BF72B453F22EB2D3E4657FB3C73D3A23F25E55C3DF44ED7BD002F303F2030903E19FB1E3C6D4E4D3F25A9113E1E368F,
3DD122B83F2818C63E27D1BB3DACEAAF3F2874003E0BDF4C3D6DA5553F27E21E3E1B5E96BCAB6F1A3F1EC54C3E483A113BF72B453F22EB2D3E4657FBBCB2702A3F20A8D23E3005C43D6DA5553F27E21E3E1B5E963C6D4E4D3F25A9113E1E368F3CF7AB323F25F5063E3532613D80E5A33F2755CE3E2FFEF43D6DA5553F27E21E3E1B5E963CF7AB323F25F5063E353261,
BCB2702A3F20A8D23E3005C43C6D4E4D3F25A9113E1E368FBD002F303F2030903E19FB1EBC550EBB3F220C073DE307F2BD002F303F2030903E19FB1E3C73D3A23F25E55C3DF44ED73C6D4E4D3F25A9113E1E368F3D6DA5553F27E21E3E1B5E963D294CCB3F276C593DF491F33C6D4E4D3F25A9113E1E368FBCB2702A3F20A8D23E3005C43BF72B453F22EB2D3E4657FB,
3D48722A3F2036A83E77F4133D9DC8B83F2576EE3E505FF23D34FB553F24D4DC3E4EB8523D48722A3F2036A83E77F4133D34FB553F24D4DC3E4EB8523CB96D093F1EBFCB3E7A209B3DAC0BDD3F1CA18C3E8B5C5B3D48722A3F2036A83E77F4133D153DEA3F1B912E3E8994183D9DC8B83F2576EE3E505FF23DED6D3B3F2783CF3E312B1B3DD122B83F2818C63E27D1BB,
3D153DEA3F1B912E3E8994183CB96D093F1EBFCB3E7A209B3C3BFD723F1D321E3E7D7FD83DED6D3B3F2783CF3E312B1B3D9DC8B83F2576EE3E505FF23E05019F3F2653113E41B7E13C6D4E4D3F25A9113E1E368F3BF72B453F22EB2D3E4657FB3CF7AB323F25F5063E3532613CB9E8C43F14895D3E9956C13D7CFC403F17DF6E3E972D1B3D153DEA3F1B912E3E899418,
3D48722A3F2036A83E77F4133DAC0BDD3F1CA18C3E8B5C5B3DA65D7D3F21E40D3E701EEF3D9DC8B83F2576EE3E505FF23DD122B83F2818C63E27D1BB3D80E5A33F2755CE3E2FFEF43DA65D7D3F21E40D3E701EEF3D9DC8B83F2576EE3E505FF23D48722A3F2036A83E77F4133D153DEA3F1B912E3E8994183D48722A3F2036A83E77F4133CB96D093F1EBFCB3E7A209B,
3C3BFD723F1D321E3E7D7FD83CB96D093F1EBFCB3E7A209B3CB4A01B3F22F71A3E5651F43BF72B453F22EB2D3E4657FBBA8CA3E83F1E64F53E6724B73CB4A01B3F22F71A3E5651F4BC4176573F1267D73E964B233CB9E8C43F14895D3E9956C13C3BFD723F1D321E3E7D7FD83C73D3A23F25E55C3DF44ED73C6D4E4D3F25A9113E1E368F3D294CCB3F276C593DF491F3,
3E0BB4913F2793253E1CB07D3DEB28D83F2839373DFADD163DD122B83F2818C63E27D1BBBA8CA3E83F1E64F53E6724B73BF72B453F22EB2D3E4657FBBCAB6F1A3F1EC54C3E483A113DED6D3B3F2783CF3E312B1B3E0BB4913F2793253E1CB07D3DD122B83F2818C63E27D1BB3DAC0BDD3F1CA18C3E8B5C5B3DE949A53F20E4543E7868FD3DA65D7D3F21E40D3E701EEF,
3D80E5A33F2755CE3E2FFEF43DD122B83F2818C63E27D1BB3D6DA5553F27E21E3E1B5E963D7CFC403F17DF6E3E972D1B3DAC0BDD3F1CA18C3E8B5C5B3D153DEA3F1B912E3E8994183D6DA5553F27E21E3E1B5E963DACEAAF3F2874003E0BDF4C3D294CCB3F276C593DF491F33DEB28D83F2839373DFADD163DACEAAF3F2874003E0BDF4C3DD122B83F2818C63E27D1BB,
3E04F7EC3F22FC693E641D083D9DC8B83F2576EE3E505FF23DE949A53F20E4543E7868FD3C73D3A23F25E55C3DF44ED7BD002F303F2030903E19FB1E3C6D4E4D3F25A9113E1E368F3CB96D093F1EBFCB3E7A209B3D34FB553F24D4DC3E4EB8523CB4A01B3F22F71A3E5651F43D34FB553F24D4DC3E4EB8523D9DC8B83F2576EE3E505FF23D80E5A33F2755CE3E2FFEF4,
3D7CFC403F17DF6E3E972D1B3DD752113F17630B3E98FCB53DAC0BDD3F1CA18C3E8B5C5B3C3BFD723F1D321E3E7D7FD83CB9E8C43F14895D3E9956C13D153DEA3F1B912E3E8994183E05019F3F2653113E41B7E13D9DC8B83F2576EE3E505FF23E04F7EC3F22FC693E641D083D9DC8B83F2576EE3E505FF23DA65D7D3F21E40D3E701EEF3DE949A53F20E4543E7868FD,
3E0F33443F1C24E63E8B6F7E3DAC0BDD3F1CA18C3E8B5C5B3DD752113F17630B3E98FCB53C3BFD723F1D321E3E7D7FD8BA8CA3E83F1E64F53E6724B7BCC8BEB63F15578A3E883EEA3CB4A01B3F22F71A3E5651F43D34FB553F24D4DC3E4EB8523CF7AB323F25F5063E3532613D34FB553F24D4DC3E4EB8523D80E5A33F2755CE3E2FFEF43CF7AB323F25F5063E353261,
3CAC8C503F0D1BB53EAAAE293D965A9B3F0ED5F13EAA788E3D9108813F12BAF13EA324A7BCC8BEB63F15578A3E883EEABC4176573F1267D73E964B233C3BFD723F1D321E3E7D7FD83E0F33443F1C24E63E8B6F7E3DE949A53F20E4543E7868FD3DAC0BDD3F1CA18C3E8B5C5B3DD752113F17630B3E98FCB53E26655A3F13E6823E9DA46A3E0F33443F1C24E63E8B6F7E,
3D9108813F12BAF13EA324A73D7CFC403F17DF6E3E972D1B3CAC8C503F0D1BB53EAAAE293DD752113F17630B3E98FCB53D9108813F12BAF13EA324A73E061A1E3F114F593EA4BF4D3CB9E8C43F14895D3E9956C13D7CFC403F17DF6E3E972D1B3D153DEA3F1B912E3E8994183CAC8C503F0D1BB53EAAAE293CB9E8C43F14895D3E9956C1BBC258D63F0EA1513EA12F6F,
3DD752113F17630B3E98FCB53D7CFC403F17DF6E3E972D1B3D9108813F12BAF13EA324A73E26655A3F13E6823E9DA46A3DD752113F17630B3E98FCB53E061A1E3F114F593EA4BF4DBC4176573F1267D73E964B23BBC258D63F0EA1513EA12F6F3CB9E8C43F14895D3E9956C13D7CFC403F17DF6E3E972D1B3CB9E8C43F14895D3E9956C13CAC8C503F0D1BB53EAAAE29,
3D7CFC403F17DF6E3E972D1B3DAC0BDD3F1CA18C3E8B5C5B3D153DEA3F1B912E3E8994183E061A1E3F114F593EA4BF4D3D9108813F12BAF13EA324A73D965A9B3F0ED5F13EAA788E3E061A1E3F114F593EA4BF4D3D965A9B3F0ED5F13EAA788E3E0855113F0C28C33EADC359BC4176573F1267D73E964B233CB9E8C43F14895D3E9956C13C3BFD723F1D321E3E7D7FD8,
3DD752113F17630B3E98FCB53E26655A3F13E6823E9DA46A3E0F33443F1C24E63E8B6F7E3E0F33443F1C24E63E8B6F7E3DAC0BDD3F1CA18C3E8B5C5B3DD752113F17630B3E98FCB53D7CFC403F17DF6E3E972D1B3DD752113F17630B3E98FCB53DAC0BDD3F1CA18C3E8B5C5B3C3BFD723F1D321E3E7D7FD83CB9E8C43F14895D3E9956C13D153DEA3F1B912E3E899418,
3DEB83063F347D5FBEFAD2DD3DCE6C8F3F30942DBEF941C83DD2C0623F37B491BEF84DFD3D5462C33F3FBEECBEE822BC3CD6D3B73F43E4CDBEDF81E93D1E17E33F474F72BEE4FAF03DA854CE3F42EAEABEF84F4C3D9C7F783F407065BEF592323D741BFC3F44E337BEECCCEE3DC69A4E3F3C6DB5BEF75DBC3D6CB9673F3B9219BEEA5E143D9C7F783F407065BEF59232,
3D741BFC3F44E337BEECCCEE3D9C7F783F407065BEF592323D5462C33F3FBEECBEE822BC3DD662783F3F34F8BEFACD5B3DE565803F3868ECBEFD07423DC69A4E3F3C6DB5BEF75DBC3D93165D3F332D2CBEF318983DA5DAF03F397A89BEF21CAC3DAA2FCF3F3328A6BEF4DE3C3E03269E3F4081E4BEFE7DDD3DDC91D13F44F3CBBEFD759F3E05A89C3F449ACCBEFF1151,
3D1E17E33F474F72BEE4FAF03D95E9E23F4A2C02BEEC92793D884E833F47C4E3BEEDE7433D95E9E23F4A2C02BEEC92793DC35BD53F4D21DEBEE95B573DC135543F4A2BAEBEF439BD3B32C83F3F3CBE51BEDA3CC93C1689443F41188FBEDC26BB3CE7C4A03F3F96D1BEE267E83DFAE70C3F3B089ABEFFFBAD3DD662783F3F34F8BEFACD5B3E03269E3F4081E4BEFE7DDD,
3D062D413F3B5276BEE41B113CF9BFDF3F365FC8BEEB40F63C5C22AB3F343697BEE3E4EFBAA19C9D3F327DFEBEDD2FC23C9D2E0E3F3B12B2BEDF93793C5C22AB3F343697BEE3E4EF3CD6D3B73F43E4CDBEDF81E93D5462C33F3FBEECBEE822BC3CE7C4A03F3F96D1BEE267E83C9E7FB23F49F959BED753C53D30C0273F49B8EDBEE3A81E3C9F75103F478F15BEDACFD9,
3B32C83F3F3CBE51BEDA3CC9BAA19C9D3F327DFEBEDD2FC2BC7572DE3F377E91BED7062D3DF061C83F4FE35CBEDD40EE3DD6F1133F51906DBECBBC903E0A4CE83F510679BED3FD933DEAC53B3F481E15BEFC0A6C3DB9420B3F46ABEFBEF8F1D43DC135543F4A2BAEBEF439BD3DD2C0623F37B491BEF84DFD3DAA2FCF3F3328A6BEF4DE3C3DA5DAF03F397A89BEF21CAC,
3D062D413F3B5276BEE41B113C5C22AB3F343697BEE3E4EF3C9D2E0E3F3B12B2BEDF93793DC35BD53F4D21DEBEE95B573D95E9E23F4A2C02BEEC92793D840D913F4C0358BEE516DB3D062D413F3B5276BEE41B113CE7C4A03F3F96D1BEE267E83D5462C33F3FBEECBEE822BC3D95E9E23F4A2C02BEEC92793DC135543F4A2BAEBEF439BD3DB9420B3F46ABEFBEF8F1D4,
3DA854CE3F42EAEABEF84F4C3D741BFC3F44E337BEECCCEE3DB9420B3F46ABEFBEF8F1D43DC135543F4A2BAEBEF439BD3DF5F9163F4A0CE1BEF841683DEAC53B3F481E15BEFC0A6C3D840D913F4C0358BEE516DB3D7FFEF43F50405BBECBBF513DC35BD53F4D21DEBEE95B573D0D12023F4C3AC9BED7BE983D3B7A5F3F4E659DBED1D5A23D840D913F4C0358BEE516DB,
3DE565803F3868ECBEFD07423DD2C0623F37B491BEF84DFD3DC69A4E3F3C6DB5BEF75DBC3DF5F9163F4A0CE1BEF841683DC135543F4A2BAEBEF439BD3DED8D373F4CAD79BEEE44743D15B78D3F30D6D4BEF00EAE3CB6848C3F330835BEEAA8CA3CF9BFDF3F365FC8BEEB40F63D741BFC3F44E337BEECCCEE3D1E17E33F474F72BEE4FAF03D884E833F47C4E3BEEDE743,
3B32C83F3F3CBE51BEDA3CC93CE7C4A03F3F96D1BEE267E83C9D2E0E3F3B12B2BEDF93793D5462C33F3FBEECBEE822BC3D9C7F783F407065BEF592323D6CB9673F3B9219BEEA5E143DC69A4E3F3C6DB5BEF75DBC3DA5DAF03F397A89BEF21CAC3D6CB9673F3B9219BEEA5E143DA854CE3F42EAEABEF84F4C3DB9420B3F46ABEFBEF8F1D43DDC91D13F44F3CBBEFD759F,
3D93165D3F332D2CBEF318983D5CD2D43F330436BEF13E603D6CB9673F3B9219BEEA5E143DA5DAF03F397A89BEF21CAC3D93165D3F332D2CBEF318983D6CB9673F3B9219BEEA5E143CE7C4A03F3F96D1BEE267E83D062D413F3B5276BEE41B113C9D2E0E3F3B12B2BEDF93793CB6848C3F330835BEEAA8CA3C5C22AB3F343697BEE3E4EF3CF9BFDF3F365FC8BEEB40F6,
3CD6D3B73F43E4CDBEDF81E93C9F75103F478F15BEDACFD93D1E17E33F474F72BEE4FAF03DE565803F3868ECBEFD07423DEB83063F347D5FBEFAD2DD3DD2C0623F37B491BEF84DFD3D7FFEF43F50405BBECBBF513D840D913F4C0358BEE516DB3D3B7A5F3F4E659DBED1D5A23DD2C0623F37B491BEF84DFD3DCE6C8F3F30942DBEF941C83DAA2FCF3F3328A6BEF4DE3C,
3C9E7FB23F49F959BED753C53D0D12023F4C3AC9BED7BE983D30C0273F49B8EDBEE3A81E3D30C0273F49B8EDBEE3A81E3D1E17E33F474F72BEE4FAF03C9F75103F478F15BEDACFD93DB9420B3F46ABEFBEF8F1D43D741BFC3F44E337BEECCCEE3D884E833F47C4E3BEEDE7433D95E9E23F4A2C02BEEC92793DB9420B3F46ABEFBEF8F1D43D884E833F47C4E3BEEDE743,
3DE565803F3868ECBEFD07423DD662783F3F34F8BEFACD5B3DFAE70C3F3B089ABEFFFBAD3DC135543F4A2BAEBEF439BD3DC35BD53F4D21DEBEE95B573DED8D373F4CAD79BEEE44743DA854CE3F42EAEABEF84F4C3DDC91D13F44F3CBBEFD759F3DD662783F3F34F8BEFACD5B3D0D12023F4C3AC9BED7BE983D840D913F4C0358BEE516DB3D30C0273F49B8EDBEE3A81E,
3DC35BD53F4D21DEBEE95B573D7FFEF43F50405BBECBBF513DF061C83F4FE35CBEDD40EEBBBBB1F23F457BFABED1AAC53C9F75103F478F15BEDACFD93CD6D3B73F43E4CDBEDF81E93C1689443F41188FBEDC26BBBBBBB1F23F457BFABED1AAC53CD6D3B73F43E4CDBEDF81E93C1689443F41188FBEDC26BB3B32C83F3F3CBE51BEDA3CC9BBBBB1F23F457BFABED1AAC5,
3DC69A4E3F3C6DB5BEF75DBC3D9C7F783F407065BEF592323DD662783F3F34F8BEFACD5B3D7FFEF43F50405BBECBBF513DD6F1133F51906DBECBBC903DF061C83F4FE35CBEDD40EE3D6CB9673F3B9219BEEA5E143CF9BFDF3F365FC8BEEB40F63D062D413F3B5276BEE41B113DC35BD53F4D21DEBEE95B573DF061C83F4FE35CBEDD40EE3DED8D373F4CAD79BEEE4474,
3DB9420B3F46ABEFBEF8F1D43DEAC53B3F481E15BEFC0A6C3DDC91D13F44F3CBBEFD759F3DDC91D13F44F3CBBEFD759F3E03269E3F4081E4BEFE7DDD3DD662783F3F34F8BEFACD5B3D5462C33F3FBEECBEE822BC3D1E17E33F474F72BEE4FAF03D741BFC3F44E337BEECCCEE3D9C7F783F407065BEF592323DA854CE3F42EAEABEF84F4C3DD662783F3F34F8BEFACD5B,
3D840D913F4C0358BEE516DB3D95E9E23F4A2C02BEEC92793D30C0273F49B8EDBEE3A81E3D5462C33F3FBEECBEE822BC3D6CB9673F3B9219BEEA5E143D062D413F3B5276BEE41B113D6CB9673F3B9219BEEA5E143D5CD2D43F330436BEF13E603CF9BFDF3F365FC8BEEB40F63D5CD2D43F330436BEF13E603D15B78D3F30D6D4BEF00EAE3CF9BFDF3F365FC8BEEB40F6,
3C1689443F41188FBEDC26BB3CD6D3B73F43E4CDBEDF81E93CE7C4A03F3F96D1BEE267E83DEAC53B3F481E15BEFC0A6C3E05A89C3F449ACCBEFF11513DDC91D13F44F3CBBEFD759F3C9D2E0E3F3B12B2BEDF9379BAA19C9D3F327DFEBEDD2FC23B32C83F3F3CBE51BEDA3CC93D95E9E23F4A2C02BEEC92793D1E17E33F474F72BEE4FAF03D30C0273F49B8EDBEE3A81E,
3D0D12023F4C3AC9BED7BE983C9E7FB23F49F959BED753C53CA9A1BA3F4CC5FCBED18809BBF5CAF33F4A8284BE9F2EF13B798FA33F4A7E41BE9CC9A73BA2B9D43F4D628DBEA4B48D3B798FA33F4A7E41BE9CC9A73C45FBF83F4BAA8BBE98BB2C3CAFFB053F4E0F1BBEA1BCFD3DC69A4E3F3C6DB5BEF75DBC3DD2C0623F37B491BEF84DFD3DA5DAF03F397A89BEF21CAC,
3D0D12023F4C3AC9BED7BE983CA9A1BA3F4CC5FCBED188093D3B7A5F3F4E659DBED1D5A2BB9BA5E33F42018ABE91C3CE39C38F363F44D196BE91DAE0BCAA7BD53F407B9ABE987FEDBC30D5203F4959F7BECFBDF13BCFAEFF3F4C1DB0BED00C74BBBBB1F23F457BFABED1AAC53D89B7BF3F516A59BEBBDB1A3D9760393F5110E4BEA0E6083DDC04433F5230A9BEC245D4,
3D55B78D3F5102BCBEB6451C3D1399703F511644BEBC892B3CC788553F519168BEB694463D3ABFBA3F5210F1BE931C223D0574B43F576BA0BE89A2403D7679033F525892BE9196FB3D3B7A5F3F4E659DBED1D5A23CA9A1BA3F4CC5FCBED188093CC840E13F4FDA1FBEC71F9B3B798FA33F4A7E41BE9CC9A73CAFFB053F4E0F1BBEA1BCFD3BA2B9D43F4D628DBEA4B48D,
3C9E7FB23F49F959BED753C53D30C0273F49B8EDBEE3A81E3C9F75103F478F15BEDACFD93C3FC2223F4953ACBED617E33C9E7FB23F49F959BED753C53C9F75103F478F15BEDACFD93B32C83F3F3CBE51BEDA3CC93C1689443F41188FBEDC26BB3CE7C4A03F3F96D1BEE267E83DD6F1133F51906DBECBBC903D7FFEF43F50405BBECBBF513D89B7BF3F516A59BEBBDB1A,
3DD6F1133F51906DBECBBC903DDC04433F5230A9BEC245D43E13150E3F524F01BEBD7343BBBBB1F23F457BFABED1AAC53C3FC2223F4953ACBED617E33C9F75103F478F15BEDACFD93D01CA3A3F514930BE92F31B3D3ABFBA3F5210F1BE931C223D003CD13F4F4C5EBE9963FE3D15E7C93F4F9FFDBEA38F153D0226813F4FE111BEAB90433CAFFB053F4E0F1BBEA1BCFD,
3C33FA6E3F4F7EE5BEC9D5C33CA9A1BA3F4CC5FCBED188093BCFAEFF3F4C1DB0BED00C743CAFFB053F4E0F1BBEA1BCFD3D003CD13F4F4C5EBE9963FE3D15E7C93F4F9FFDBEA38F153D89B7BF3F516A59BEBBDB1A3D7FFEF43F50405BBECBBF513D1399703F511644BEBC892B3E13150E3F524F01BEBD73433E0A4CE83F510679BED3FD933DD6F1133F51906DBECBBC90,
3D0D12023F4C3AC9BED7BE983D3B7A5F3F4E659DBED1D5A23D840D913F4C0358BEE516DB3D5E94AB3F50CEF6BE9804753DA030C23F5179D1BE940F453D9760393F5110E4BEA0E6083B32C83F3F3CBE51BEDA3CC9BAA19C9D3F327DFEBEDD2FC2BC7572DE3F377E91BED7062D3DF061C83F4FE35CBEDD40EE3DD6F1133F51906DBECBBC903E0A4CE83F510679BED3FD93,
3D840D913F4C0358BEE516DB3D7FFEF43F50405BBECBBF513DC35BD53F4D21DEBEE95B573C46327F3F521B2ABEC0FC503C33FA6E3F4F7EE5BEC9D5C3BBFE718B3F51DF87BEC71A5D3CC7607C3F5205CDBE8F60E13C6EA63B3F4CDED3BE93E74B3C7CD24E3F4F3EBCBE8F2ECF3BA2B9D43F4D628DBEA4B48DBD2009F63F4D103DBEA042D9BBF5CAF33F4A8284BE9F2EF1,
3CC840E13F4FDA1FBEC71F9B3CA9A1BA3F4CC5FCBED188093C33FA6E3F4F7EE5BEC9D5C33D3ABFBA3F5210F1BE931C223D7679033F525892BE9196FB3D5E94AB3F50CEF6BE9804753D003CD13F4F4C5EBE9963FE3D3ABFBA3F5210F1BE931C223D413EC43F500032BE9C9342BC2CD9E83F545C68BEBF913FBA755DE63F53CBA3BEB85B183C46327F3F521B2ABEC0FC50,
3D003CD13F4F4C5EBE9963FE3C6EA63B3F4CDED3BE93E74B3D01CA3A3F514930BE92F31BBC5099E13F4FBF62BECAE4D2BBFE718B3F51DF87BEC71A5D3C33FA6E3F4F7EE5BEC9D5C33CC840E13F4FDA1FBEC71F9B3D7FFEF43F50405BBECBBF513D3B7A5F3F4E659DBED1D5A23CC840E13F4FDA1FBEC71F9B3C33FA6E3F4F7EE5BEC9D5C33C46327F3F521B2ABEC0FC50,
3D7FFEF43F50405BBECBBF513D840D913F4C0358BEE516DB3D3B7A5F3F4E659DBED1D5A23DA030C23F5179D1BE940F453D5E94AB3F50CEF6BE9804753D7679033F525892BE9196FB3B32C83F3F3CBE51BEDA3CC93CE7C4A03F3F96D1BEE267E83C9D2E0E3F3B12B2BEDF93793C6EA63B3F4CDED3BE93E74B3CC7607C3F5205CDBE8F60E13D01CA3A3F514930BE92F31B,
3CAFFB053F4E0F1BBEA1BCFD3C45FBF83F4BAA8BBE98BB2C3D003CD13F4F4C5EBE9963FE3DDC04433F5230A9BEC245D43DEBFA8F3F522681BEA616D73E13150E3F524F01BEBD73433C46327F3F521B2ABEC0FC503D1399703F511644BEBC892B3CC840E13F4FDA1FBEC71F9B3D1399703F511644BEBC892B3D7FFEF43F50405BBECBBF513CC840E13F4FDA1FBEC71F9B,
3C9E7FB23F49F959BED753C53D0D12023F4C3AC9BED7BE983D30C0273F49B8EDBEE3A81E3D30C0273F49B8EDBEE3A81E3D1E17E33F474F72BEE4FAF03C9F75103F478F15BEDACFD93CD6D3B73F43E4CDBEDF81E93C9F75103F478F15BEDACFD93D1E17E33F474F72BEE4FAF03C45FBF83F4BAA8BBE98BB2C3C6EA63B3F4CDED3BE93E74B3D003CD13F4F4C5EBE9963FE,
BBF5CAF33F4A8284BE9F2EF1BC2AC96D3F444370BE98B0293B798FA33F4A7E41BE9CC9A73DA030C23F5179D1BE940F453E2090713F51B707BE995FEE3DEBFA8F3F522681BEA616D73DDC04433F5230A9BEC245D43D9760393F5110E4BEA0E6083DEBFA8F3F522681BEA616D73D0D12023F4C3AC9BED7BE983D840D913F4C0358BEE516DB3D30C0273F49B8EDBEE3A81E,
3CC7607C3F5205CDBE8F60E13D0574B43F576BA0BE89A2403D01CA3A3F514930BE92F31BBC4925783F52B420BEAF0CFEBC2CABC53F4F3FA7BEA7ADF33C8DC9823F5003DEBEAD015C3CC788553F519168BEB69446BA755DE63F53CBA3BEB85B18BC4925783F52B420BEAF0CFE3DA8EDE53F51A283BE8D7F953DE270F43F50E69FBE8BE2503DA030C23F5179D1BE940F45,
3D413EC43F500032BE9C93423D15E7C93F4F9FFDBEA38F153D003CD13F4F4C5EBE9963FE3D413EC43F500032BE9C93423D3ABFBA3F5210F1BE931C223D5E94AB3F50CEF6BE9804753DA8EDE53F51A283BE8D7F953DA030C23F5179D1BE940F453D7679033F525892BE9196FB3D0574B43F576BA0BE89A2403D3ABFBA3F5210F1BE931C223D01CA3A3F514930BE92F31B,
3C1689443F41188FBEDC26BBBBBBB1F23F457BFABED1AAC53CD6D3B73F43E4CDBEDF81E93C1689443F41188FBEDC26BB3B32C83F3F3CBE51BEDA3CC9BBBBB1F23F457BFABED1AAC5BBBBB1F23F457BFABED1AAC53B32C83F3F3CBE51BEDA3CC9BC81387A3F4103EABECED99D3B32C83F3F3CBE51BEDA3CC9BC7572DE3F377E91BED7062DBC81387A3F4103EABECED99D,
3B79C1F83F4950A9BE8C3D8A3C7CD24E3F4F3EBCBE8F2ECF3C6EA63B3F4CDED3BE93E74B3BCFAEFF3F4C1DB0BED00C743C3FC2223F4953ACBED617E3BBBBB1F23F457BFABED1AAC53DC35BD53F4D21DEBEE95B573D7FFEF43F50405BBECBBF513DF061C83F4FE35CBEDD40EEBBBBB1F23F457BFABED1AAC53C9F75103F478F15BEDACFD93CD6D3B73F43E4CDBEDF81E9,
3C46327F3F521B2ABEC0FC503CC788553F519168BEB694463D1399703F511644BEBC892BBCAA7BD53F407B9ABE987FED39C38F363F44D196BE91DAE0BC2AC96D3F444370BE98B0293CA9A1BA3F4CC5FCBED188093C9E7FB23F49F959BED753C53C3FC2223F4953ACBED617E33BCFAEFF3F4C1DB0BED00C743CA9A1BA3F4CC5FCBED188093C3FC2223F4953ACBED617E3,
3D89B7BF3F516A59BEBBDB1A3DDC04433F5230A9BEC245D43DD6F1133F51906DBECBBC903D55B78D3F5102BCBEB6451C3D89B7BF3F516A59BEBBDB1A3D1399703F511644BEBC892B3D7FFEF43F50405BBECBBF513DD6F1133F51906DBECBBC903DF061C83F4FE35CBEDD40EE3C46327F3F521B2ABEC0FC50BA755DE63F53CBA3BEB85B183CC788553F519168BEB69446,
3CC788553F519168BEB694463C8DC9823F5003DEBEAD015C3D0226813F4FE111BEAB90433D55B78D3F5102BCBEB6451C3CC788553F519168BEB694463D0226813F4FE111BEAB90433C45FBF83F4BAA8BBE98BB2C39C38F363F44D196BE91DAE03B79C1F83F4950A9BE8C3D8A3C6EA63B3F4CDED3BE93E74B3C45FBF83F4BAA8BBE98BB2C3B79C1F83F4950A9BE8C3D8A,
3DEBFA8F3F522681BEA616D73D9760393F5110E4BEA0E6083DA030C23F5179D1BE940F453D15E7C93F4F9FFDBEA38F153D9760393F5110E4BEA0E6083D55B78D3F5102BCBEB6451C3D55B78D3F5102BCBEB6451C3D9760393F5110E4BEA0E6083D89B7BF3F516A59BEBBDB1A3C9D2E0E3F3B12B2BEDF9379BAA19C9D3F327DFEBEDD2FC23B32C83F3F3CBE51BEDA3CC9,
3D15E7C93F4F9FFDBEA38F153D55B78D3F5102BCBEB6451C3D0226813F4FE111BEAB90433C33FA6E3F4F7EE5BEC9D5C33BCFAEFF3F4C1DB0BED00C74BC5099E13F4FBF62BECAE4D2BC30D5203F4959F7BECFBDF1BC5099E13F4FBF62BECAE4D23BCFAEFF3F4C1DB0BED00C74BD2009F63F4D103DBEA042D93BA2B9D43F4D628DBEA4B48DBC2CABC53F4F3FA7BEA7ADF3,
3BA2B9D43F4D628DBEA4B48D3CAFFB053F4E0F1BBEA1BCFD3C8DC9823F5003DEBEAD015C3DE270F43F50E69FBE8BE2503E2090713F51B707BE995FEE3DA030C23F5179D1BE940F453D413EC43F500032BE9C93423D5E94AB3F50CEF6BE9804753D9760393F5110E4BEA0E6083D15E7C93F4F9FFDBEA38F153D413EC43F500032BE9C93423D9760393F5110E4BEA0E608,
3B798FA33F4A7E41BE9CC9A7BC2AC96D3F444370BE98B02939C38F363F44D196BE91DAE03C45FBF83F4BAA8BBE98BB2C3B798FA33F4A7E41BE9CC9A739C38F363F44D196BE91DAE03C46327F3F521B2ABEC0FC50BBFE718B3F51DF87BEC71A5DBC2CD9E83F545C68BEBF913F3CAFFB053F4E0F1BBEA1BCFD3D0226813F4FE111BEAB90433C8DC9823F5003DEBEAD015C,
3D7A072D3F4494C4BE4603D53D3008A73F427CE1BE3BDD763D4F398F3F41D2F2BE45A31A3CCB3A263F59E7B8BE201C503CAFC47E3F5805A3BE11F6CB3CEA9C563F57A2ADBE2280283C8DC9823F5003DEBEAD015C3CC788553F519168BEB69446BC4925783F52B420BEAF0CFE3C8DC9823F5003DEBEAD015CBC2CABC53F4F3FA7BEA7ADF33BA2B9D43F4D628DBEA4B48D,
3CBC536D3F59002EBE8520D13D0574B43F576BA0BE89A2403C9AEF703F55F80ABE884A943C3EC67A3F47C8F3BE0F266C3C8438093F43079EBE32D0A23CF0B6B73F46C56DBE1F78FF3CEA9C563F57A2ADBE2280283D2E147B3F54ECD9BE13A6CE3D1203A33F55858CBE266BA5BBA02B843F425B85BE5EC3DBBC8AB7133F482F51BE5CBAF939DFDEF83F41A8EFBE7DABE2,
3A44588A3F5A224FBE7B82C33B855DA23F53440BBE8473CDBC6BAADE3F55CED1BE7218593B855DA23F53440BBE8473CD3A44588A3F5A224FBE7B82C33C586A903F58A9ACBE83E1003D21DC943F5F8F04BE27DD013CCB3A263F59E7B8BE201C503D26A22B3F5593B4BE3045783E11E0833F44FDB1BE7285EC3E11DA383F494046BE7672323DDF0F5A3F45A965BE6B5B70,
BC0487BA3F3C727EBE90FA9C388205FF3F3D1FF7BE8465A5BB9BA5E33F42018ABE91C3CE3C9780BB3F3D6830BE60CF183D183B603F3D9579BE55818C3C392C063F405EA2BE47AD4B3D90CDC83F538DA4BE8893FB3DB0D0EE3F51A75DBE8553CE3DA8EDE53F51A283BE8D7F953D39D4D83F3614F0BE5FFBCE3D7CA9693F3B518BBE5E05473D0FCE743F38ABF7BE6260B3,
3C392C063F405EA2BE47AD4B3CD7A56E3F42AFBCBE346AA13C8438093F43079EBE32D0A23CEA9C563F57A2ADBE2280283CAFC47E3F5805A3BE11F6CB3D2E147B3F54ECD9BE13A6CE3D90CDC83F538DA4BE8893FB3DA8EDE53F51A283BE8D7F953D7679033F525892BE9196FBBB9BA5E33F42018ABE91C3CE39C38F363F44D196BE91DAE0BCAA7BD53F407B9ABE987FED,
3CBC536D3F59002EBE8520D13C586A903F58A9ACBE83E1003C3A7FC33F5D2D77BE78A3F93D0A4D2B3F5B69DBBE7FD4BF3CBC536D3F59002EBE8520D13C3A7FC33F5D2D77BE78A3F9BB2159813F394952BE8203E63CA53DA73F360A96BE6ABC0E3BF9096C3F3C6AF4BE7462803D9B55263F30BFC2BE5684CF3DA3C2123F38E7DEBE5D57BC3D39D4D83F3614F0BE5FFBCE,
3D2BFEC13F5F5116BE5C1A053D8FD75E3F563D4FBE6AAC113D970E6F3F549FC7BE7A704C3DC4EE7C3F4FB96BBE7E22E63DB0A6763F511362BE7784663DC346563F4BFB59BE6F8A8F3D7A072D3F4494C4BE4603D53D4F398F3F41D2F2BE45A31A3D8042963F3F29B3BE570004BAE219653F42FED6BE8B16C239C38F363F44D196BE91DAE0BB9BA5E33F42018ABE91C3CE,
3D0574B43F576BA0BE89A2403CC7607C3F5205CDBE8F60E13C9AEF703F55F80ABE884A943DBE5EAB3F3FAB11BE65F9163DF7CE533F3B7803BE68CA3E3E0191153F3E8B5DBE7154003D1203A33F55858CBE266BA53D2E147B3F54ECD9BE13A6CE3D4456713F52B9E5BE1A3FCD3D8FD75E3F563D4FBE6AAC113DA539753F51AA2EBE6A3BDE3DB0A6763F511362BE778466,
3D3ABFBA3F5210F1BE931C223D0574B43F576BA0BE89A2403D7679033F525892BE9196FB3CF0B6B73F46C56DBE1F78FF3C8438093F43079EBE32D0A23CD7A56E3F42AFBCBE346AA13D7A072D3F4494C4BE4603D53D849BA63F4D3598BE3ED6773D592C8C3F4CA266BE2D00713D7C96893F50E68EBE4480E93D67D1353F501E47BE3068DC3D849BA63F4D3598BE3ED677,
3DE270F43F50E69FBE8BE2503DB0D0EE3F51A75DBE8553CE3DE032553F4F12D3BE8149C73D95475A3F52ECE1BE55AFF33D77FCFC3F59E29BBE587B573D58EB893F5C5953BE4803043D5E4B453F57F90EBE3CE1823D95475A3F52ECE1BE55AFF33D58EB893F5C5953BE480304BCA77E5F3F49DE37BE0680173C392C063F405EA2BE47AD4BBAE38A7E3F4AAA08BDF1FC4C,
3E11E0833F44FDB1BE7285EC3DDF0F5A3F45A965BE6B5B703E0191153F3E8B5DBE715400BAE219653F42FED6BE8B16C2BB9BA5E33F42018ABE91C3CE388205FF3F3D1FF7BE8465A53D7679033F525892BE9196FB3D0574B43F576BA0BE89A2403D51A9763F598677BE7E06D93D970E6F3F549FC7BE7A704C3D8FD75E3F563D4FBE6AAC113DB0A6763F511362BE778466,
3D970E6F3F549FC7BE7A704C3D90CDC83F538DA4BE8893FB3D2BFEC13F5F5116BE5C1A053D183B603F3D9579BE55818C3D4F398F3F41D2F2BE45A31A3D3008A73F427CE1BE3BDD763DA339C13F4CD994BE568DFC3D95475A3F52ECE1BE55AFF33D849BA63F4D3598BE3ED6773D849BA63F4D3598BE3ED6773D95475A3F52ECE1BE55AFF33D7C96893F50E68EBE4480E9,
BC6BAADE3F55CED1BE7218593B855DA23F53440BBE8473CDBBA958533F4F214FBE8131663DBB352B3F452CAEBE6250F83DDF0F5A3F45A965BE6B5B703DDD75E23F48E454BE6EA705BBA02B843F425B85BE5EC3DB3BBE40423F3EF8F0BE6EEFA23C9780BB3F3D6830BE60CF183B3FC2223F4FF562BE86687F3B855DA23F53440BBE8473CD3C7CD24E3F4F3EBCBE8F2ECF,
3CA53DA73F360A96BE6ABC0E3D0FCE743F38ABF7BE6260B33C8F0A5F3F3B5A42BE68EAC03D0FCE743F38ABF7BE6260B33D7CA9693F3B518BBE5E05473D1C9A353F3B980FBE5CB4F23D1C9A353F3B980FBE5CB4F23D183B603F3D9579BE55818C3C9780BB3F3D6830BE60CF183C8F0A5F3F3B5A42BE68EAC03D1C9A353F3B980FBE5CB4F23C9780BB3F3D6830BE60CF18,
3DE7C5AC3F4B54D2BE756B443DE032553F4F12D3BE8149C73DC4EE7C3F4FB96BBE7E22E63D5E4B453F57F90EBE3CE1823D31AB083F5FEC25BE3242073D21DC943F5F8F04BE27DD013C3EC67A3F47C8F3BE0F266CBAE38A7E3F4AAA08BDF1FC4C3C392C063F405EA2BE47AD4B3D0FCE743F38ABF7BE6260B33D1C9A353F3B980FBE5CB4F23C8F0A5F3F3B5A42BE68EAC0,
3DA339C13F4CD994BE568DFC3D849BA63F4D3598BE3ED6773DA8BEB63F46974ABE59EB643D12A4123F429A2CBE38B6523D37707A3F466C2BBE2F4A123CF0B6B73F46C56DBE1F78FF3DA8BEB63F46974ABE59EB643DBB352B3F452CAEBE6250F83DB8548B3F49ADC9BE646D833D77FCFC3F59E29BBE587B573DA539753F51AA2EBE6A3BDE3D8FD75E3F563D4FBE6AAC11,
3B855DA23F53440BBE8473CD3C586A903F58A9ACBE83E1003C9AEF703F55F80ABE884A943DBE5EAB3F3FAB11BE65F9163DBB352B3F452CAEBE6250F83DA4F6E03F42AE3ABE5D1288388205FF3F3D1FF7BE8465A5BB2159813F394952BE8203E63BF9096C3F3C6AF4BE7462803D0574B43F576BA0BE89A2403CBC536D3F59002EBE8520D13D0A4D2B3F5B69DBBE7FD4BF,
3B855DA23F53440BBE8473CD3CC7607C3F5205CDBE8F60E13C7CD24E3F4F3EBCBE8F2ECF3D51A9763F598677BE7E06D93D0574B43F576BA0BE89A2403D0A4D2B3F5B69DBBE7FD4BF3D95475A3F52ECE1BE55AFF33DA539753F51AA2EBE6A3BDE3D77FCFC3F59E29BBE587B573C586A903F58A9ACBE83E1003CBC536D3F59002EBE8520D13C9AEF703F55F80ABE884A94,
3D1C9A353F3B980FBE5CB4F23D8042963F3F29B3BE5700043D183B603F3D9579BE55818C3DC346563F4BFB59BE6F8A8F3DDD75E23F48E454BE6EA7053DE7C5AC3F4B54D2BE756B443C392C063F405EA2BE47AD4B3D183B603F3D9579BE55818C3CD7A56E3F42AFBCBE346AA13CC7607C3F5205CDBE8F60E13C6EA63B3F4CDED3BE93E74B3C7CD24E3F4F3EBCBE8F2ECF,
3D3ABFBA3F5210F1BE931C223D7679033F525892BE9196FB3D5E94AB3F50CEF6BE9804753A44588A3F5A224FBE7B82C3BC6BAADE3F55CED1BE721859BCC373F33F5DC2F4BE5E5C0C3DA3C2123F38E7DEBE5D57BC3D9B55263F30BFC2BE5684CF3DC419A03F3311A5BE57F3CF3D8042963F3F29B3BE5700043D4F398F3F41D2F2BE45A31A3D183B603F3D9579BE55818C,
3DA8BEB63F46974ABE59EB643DA4F6E03F42AE3ABE5D12883DBB352B3F452CAEBE6250F83D67D1353F501E47BE3068DC3D7C96893F50E68EBE4480E93D631A4C3F5270A0BE4136A4BB460CBF3F46E115BE847779BBA958533F4F214FBE8131663B3FC2223F4FF562BE86687F3B79C1F83F4950A9BE8C3D8ABB460CBF3F46E115BE8477793B3FC2223F4FF562BE86687F,
3D5423D93F527D46BE26EE743D26A22B3F5593B4BE3045783D1203A33F55858CBE266BA53D95475A3F52ECE1BE55AFF33DA339C13F4CD994BE568DFC3DA539753F51AA2EBE6A3BDE3DA539753F51AA2EBE6A3BDE3DC346563F4BFB59BE6F8A8F3DB0A6763F511362BE7784663DA539753F51AA2EBE6A3BDE3DA339C13F4CD994BE568DFC3DB8548B3F49ADC9BE646D83,
BAE219653F42FED6BE8B16C2BB460CBF3F46E115BE8477793B79C1F83F4950A9BE8C3D8A3C6EA63B3F4CDED3BE93E74B3CC7607C3F5205CDBE8F60E13D01CA3A3F514930BE92F31B3CF0B6B73F46C56DBE1F78FF3CD7A56E3F42AFBCBE346AA13D12A4123F429A2CBE38B6523D0F6CF03F4A659DBE1A14053D39A06A3F5074B8BE18EC963CA218593F4D3511BDFB7176,
3D26A22B3F5593B4BE3045783D5423D93F527D46BE26EE743D497E993F52C3B9BE34067D388205FF3F3D1FF7BE8465A53BF9096C3F3C6AF4BE74628039DFDEF83F41A8EFBE7DABE2BAE219653F42FED6BE8B16C2388205FF3F3D1FF7BE8465A539DFDEF83F41A8EFBE7DABE2BAE219653F42FED6BE8B16C239DFDEF83F41A8EFBE7DABE2BB460CBF3F46E115BE847779,
3DA030C23F5179D1BE940F453D5E94AB3F50CEF6BE9804753D7679033F525892BE9196FB3D90CDC83F538DA4BE8893FB3D51A9763F598677BE7E06D93D2BFEC13F5F5116BE5C1A053D51A9763F598677BE7E06D93D90CDC83F538DA4BE8893FB3D7679033F525892BE9196FB3D5423D93F527D46BE26EE743D67D1353F501E47BE3068DC3D497E993F52C3B9BE34067D,
3DE270F43F50E69FBE8BE2503DE032553F4F12D3BE8149C73E0DA22F3F502E34BE88AC193C9AEF703F55F80ABE884A943CC7607C3F5205CDBE8F60E13B855DA23F53440BBE8473CD3DBE5EAB3F3FAB11BE65F9163DA4F6E03F42AE3ABE5D12883D99EF0F3F3DEFB7BE5F99C43DA3C2123F38E7DEBE5D57BC3DBE5EAB3F3FAB11BE65F9163D99EF0F3F3DEFB7BE5F99C4,
3D39D4D83F3614F0BE5FFBCE3D1D4F9C3F2F661FBE5B966C3D9B55263F30BFC2BE5684CF3D1600F33F554307BDFF327B3D1BFDF83F52B5F6BE07AC823D2E147B3F54ECD9BE13A6CE3CAFC47E3F5805A3BE11F6CB3D1600F33F554307BDFF327B3D2E147B3F54ECD9BE13A6CEBBA02B843F425B85BE5EC3DB3C9780BB3F3D6830BE60CF18BC8E8EA43F46A5D7BE25FD05,
3C7CD24E3F4F3EBCBE8F2ECF3B79C1F83F4950A9BE8C3D8A3B3FC2223F4FF562BE86687F3C605CCD3F5A2329BE0C26DD3CAFC47E3F5805A3BE11F6CB3CCB3A263F59E7B8BE201C503D631A4C3F5270A0BE4136A43D5E4B453F57F90EBE3CE1823D5008203F54F451BE3ACD183DA8BEB63F46974ABE59EB643DB8548B3F49ADC9BE646D833DA339C13F4CD994BE568DFC,
BC8AB7133F482F51BE5CBAF9BC10CD423F48E432BE7A087D39DFDEF83F41A8EFBE7DABE23DB0D0EE3F51A75DBE8553CE3D90CDC83F538DA4BE8893FB3D970E6F3F549FC7BE7A704C3BF9096C3F3C6AF4BE7462803BBE40423F3EF8F0BE6EEFA239DFDEF83F41A8EFBE7DABE23E0191153F3E8B5DBE7154003DDF0F5A3F45A965BE6B5B703DBE5EAB3F3FAB11BE65F916,
3D1203A33F55858CBE266BA53D4456713F52B9E5BE1A3FCD3D5423D93F527D46BE26EE743CD7A56E3F42AFBCBE346AA13D183B603F3D9579BE55818C3D12A4123F429A2CBE38B6523D3008A73F427CE1BE3BDD763D12A4123F429A2CBE38B6523D183B603F3D9579BE55818C3C8438093F43079EBE32D0A23C3EC67A3F47C8F3BE0F266C3C392C063F405EA2BE47AD4B,
3D0574B43F576BA0BE89A2403D3ABFBA3F5210F1BE931C223D01CA3A3F514930BE92F31B3CC7607C3F5205CDBE8F60E13D0574B43F576BA0BE89A2403D01CA3A3F514930BE92F31B3DA8EDE53F51A283BE8D7F953DE270F43F50E69FBE8BE2503DA030C23F5179D1BE940F453D4456713F52B9E5BE1A3FCD3D39A06A3F5074B8BE18EC963D5423D93F527D46BE26EE74,
3DA8EDE53F51A283BE8D7F953DA030C23F5179D1BE940F453D7679033F525892BE9196FB3CA218593F4D3511BDFB71763C06B9C33F4B5A64BDF154003D0F6CF03F4A659DBE1A14053B855DA23F53440BBE8473CD3B3FC2223F4FF562BE86687FBBA958533F4F214FBE8131663C392C063F405EA2BE47AD4BBC8E8EA43F46A5D7BE25FD053C9780BB3F3D6830BE60CF18,
3DC346563F4BFB59BE6F8A8F3DB8548B3F49ADC9BE646D833DDD75E23F48E454BE6EA7053B79C1F83F4950A9BE8C3D8A3C7CD24E3F4F3EBCBE8F2ECF3C6EA63B3F4CDED3BE93E74B3D37707A3F466C2BBE2F4A123D12A4123F429A2CBE38B6523D3008A73F427CE1BE3BDD763D7CA9693F3B518BBE5E05473DA3C2123F38E7DEBE5D57BC3D99EF0F3F3DEFB7BE5F99C4,
BCAA7BD53F407B9ABE987FED39C38F363F44D196BE91DAE0BC2AC96D3F444370BE98B0293C392C063F405EA2BE47AD4BBCA77E5F3F49DE37BE068017BC8E8EA43F46A5D7BE25FD053C3A7FC33F5D2D77BE78A3F93C586A903F58A9ACBE83E1003A44588A3F5A224FBE7B82C33DB8548B3F49ADC9BE646D833DBB352B3F452CAEBE6250F83DDD75E23F48E454BE6EA705,
3D5E4B453F57F90EBE3CE1823D631A4C3F5270A0BE4136A43D7C96893F50E68EBE4480E93D7CA9693F3B518BBE5E05473D99EF0F3F3DEFB7BE5F99C43D8042963F3F29B3BE5700043D67D1353F501E47BE3068DC3D592C8C3F4CA266BE2D00713D849BA63F4D3598BE3ED6773DA539753F51AA2EBE6A3BDE3DB8548B3F49ADC9BE646D833DC346563F4BFB59BE6F8A8F,
3C93C03C3F308D8FBE660CBF3D39D4D83F3614F0BE5FFBCE3CA53DA73F360A96BE6ABC0E3D1D4F9C3F2F661FBE5B966C3D39D4D83F3614F0BE5FFBCE3C93C03C3F308D8FBE660CBF3DBB352B3F452CAEBE6250F83DBE5EAB3F3FAB11BE65F9163DDF0F5A3F45A965BE6B5B703D0F6CF03F4A659DBE1A14053CF0B6B73F46C56DBE1F78FF3D37707A3F466C2BBE2F4A12,
3D26A22B3F5593B4BE3045783D5008203F54F451BE3ACD183D5E4B453F57F90EBE3CE1823B3C8C0D3F332FFDBE792F2BBB2159813F394952BE8203E6BCA4EDF63F348D3BBE87F3283E0DA22F3F502E34BE88AC193DE032553F4F12D3BE8149C73E07B99D3F4D4EB1BE7DFEB93D39D4D83F3614F0BE5FFBCE3D0FCE743F38ABF7BE6260B33CA53DA73F360A96BE6ABC0E,
3D970E6F3F549FC7BE7A704C3DB0A6763F511362BE7784663DB0D0EE3F51A75DBE8553CE3DE032553F4F12D3BE8149C73DB0D0EE3F51A75DBE8553CE3DC4EE7C3F4FB96BBE7E22E63C8F0A5F3F3B5A42BE68EAC03BBE40423F3EF8F0BE6EEFA23BF9096C3F3C6AF4BE7462803CA53DA73F360A96BE6ABC0E3C8F0A5F3F3B5A42BE68EAC03BF9096C3F3C6AF4BE746280,
3C3EC67A3F47C8F3BE0F266C3CF0B6B73F46C56DBE1F78FF3C06B9C33F4B5A64BDF154003D21DC943F5F8F04BE27DD013D26A22B3F5593B4BE3045783D5E4B453F57F90EBE3CE1823B79C1F83F4950A9BE8C3D8A39C38F363F44D196BE91DAE0BAE219653F42FED6BE8B16C23DB0A6763F511362BE7784663DC4EE7C3F4FB96BBE7E22E63DB0D0EE3F51A75DBE8553CE,
3DE7C5AC3F4B54D2BE756B443DDD75E23F48E454BE6EA7053E11DA383F494046BE7672323D8FD75E3F563D4FBE6AAC113D2BFEC13F5F5116BE5C1A053D77FCFC3F59E29BBE587B57BBA02B843F425B85BE5EC3DB39DFDEF83F41A8EFBE7DABE23BBE40423F3EF8F0BE6EEFA23CF0B6B73F46C56DBE1F78FF3D0F6CF03F4A659DBE1A14053C06B9C33F4B5A64BDF15400,
3D497E993F52C3B9BE34067D3D67D1353F501E47BE3068DC3D631A4C3F5270A0BE4136A43D5008203F54F451BE3ACD183D497E993F52C3B9BE34067D3D631A4C3F5270A0BE4136A43D8042963F3F29B3BE5700043D1C9A353F3B980FBE5CB4F23D7CA9693F3B518BBE5E05473DDD75E23F48E454BE6EA7053DDF0F5A3F45A965BE6B5B703E11DA383F494046BE767232,
3C45FBF83F4BAA8BBE98BB2C39C38F363F44D196BE91DAE03B79C1F83F4950A9BE8C3D8A3C6EA63B3F4CDED3BE93E74B3C45FBF83F4BAA8BBE98BB2C3B79C1F83F4950A9BE8C3D8A3D8042963F3F29B3BE5700043D99EF0F3F3DEFB7BE5F99C43DA4F6E03F42AE3ABE5D12883C8F0A5F3F3B5A42BE68EAC03C9780BB3F3D6830BE60CF183BBE40423F3EF8F0BE6EEFA2,
3DF7CE533F3B7803BE68CA3E3DA3C2123F38E7DEBE5D57BC3E04CD753F32F588BE5E8E613D5E4B453F57F90EBE3CE1823D58EB893F5C5953BE4803043D31AB083F5FEC25BE3242073D37707A3F466C2BBE2F4A123D3008A73F427CE1BE3BDD763D7A072D3F4494C4BE4603D53D592C8C3F4CA266BE2D00713D37707A3F466C2BBE2F4A123D7A072D3F4494C4BE4603D5,
BB2159813F394952BE8203E63B3C8C0D3F332FFDBE792F2B3CA53DA73F360A96BE6ABC0E3B3C8C0D3F332FFDBE792F2B3C93C03C3F308D8FBE660CBF3CA53DA73F360A96BE6ABC0E3DA3C2123F38E7DEBE5D57BC3DC419A03F3311A5BE57F3CF3E04CD753F32F588BE5E8E613DBE5EAB3F3FAB11BE65F9163DA3C2123F38E7DEBE5D57BC3DF7CE533F3B7803BE68CA3E,
39DFDEF83F41A8EFBE7DABE2BC10CD423F48E432BE7A087DBB460CBF3F46E115BE8477793D7A072D3F4494C4BE4603D53D8042963F3F29B3BE5700043DA4F6E03F42AE3ABE5D12883DA8BEB63F46974ABE59EB643D7A072D3F4494C4BE4603D53DA4F6E03F42AE3ABE5D12883D1BFDF83F52B5F6BE07AC823CA218593F4D3511BDFB71763D39A06A3F5074B8BE18EC96,
3D39A06A3F5074B8BE18EC963D0F6CF03F4A659DBE1A14053D592C8C3F4CA266BE2D00713D39A06A3F5074B8BE18EC963D592C8C3F4CA266BE2D00713D67D1353F501E47BE3068DC3D5423D93F527D46BE26EE743D39A06A3F5074B8BE18EC963D67D1353F501E47BE3068DC3D0F6CF03F4A659DBE1A14053D37707A3F466C2BBE2F4A123D592C8C3F4CA266BE2D0071,
3D26A22B3F5593B4BE3045783CCB3A263F59E7B8BE201C503CEA9C563F57A2ADBE2280283D1203A33F55858CBE266BA53D26A22B3F5593B4BE3045783CEA9C563F57A2ADBE2280283D39D4D83F3614F0BE5FFBCE3DA3C2123F38E7DEBE5D57BC3D7CA9693F3B518BBE5E05473D497E993F52C3B9BE34067D3D5008203F54F451BE3ACD183D26A22B3F5593B4BE304578,
3E07B99D3F4D4EB1BE7DFEB93DE032553F4F12D3BE8149C73DE7C5AC3F4B54D2BE756B443DB0D0EE3F51A75DBE8553CE3DE270F43F50E69FBE8BE2503DA8EDE53F51A283BE8D7F953D849BA63F4D3598BE3ED6773D7A072D3F4494C4BE4603D53DA8BEB63F46974ABE59EB643D5E4B453F57F90EBE3CE1823D7C96893F50E68EBE4480E93D95475A3F52ECE1BE55AFF3,
3B798FA33F4A7E41BE9CC9A7BC2AC96D3F444370BE98B02939C38F363F44D196BE91DAE03C45FBF83F4BAA8BBE98BB2C3B798FA33F4A7E41BE9CC9A739C38F363F44D196BE91DAE03DC346563F4BFB59BE6F8A8F3DE7C5AC3F4B54D2BE756B443DC4EE7C3F4FB96BBE7E22E63DE270F43F50E69FBE8BE2503E2090713F51B707BE995FEE3DA030C23F5179D1BE940F45,
3CCB3A263F59E7B8BE201C503CAFC47E3F5805A3BE11F6CB3CEA9C563F57A2ADBE228028388205FF3F3D1FF7BE8465A5BC0487BA3F3C727EBE90FA9CBB2159813F394952BE8203E63D1BFDF83F52B5F6BE07AC823D39A06A3F5074B8BE18EC963D4456713F52B9E5BE1A3FCD3D2E147B3F54ECD9BE13A6CE3D1BFDF83F52B5F6BE07AC823D4456713F52B9E5BE1A3FCD,
BAE38A7E3F4AAA08BDF1FC4C3C06B9C33F4B5A64BDF154003BDE43EE3F4EBB02BDCF062D3CAFC47E3F5805A3BE11F6CB3C605CCD3F5A2329BE0C26DD3D1600F33F554307BDFF327B3CEA9C563F57A2ADBE2280283CAFC47E3F5805A3BE11F6CB3D2E147B3F54ECD9BE13A6CE3C3EC67A3F47C8F3BE0F266C3C8438093F43079EBE32D0A23CF0B6B73F46C56DBE1F78FF,
BA9BF9C63F5A6330BDC041893CE4E69F3F579E28BDEABC513C605CCD3F5A2329BE0C26DD3C3EC67A3F47C8F3BE0F266C3C06B9C33F4B5A64BDF15400BAE38A7E3F4AAA08BDF1FC4CBCA77E5F3F49DE37BE0680173C392C063F405EA2BE47AD4BBAE38A7E3F4AAA08BDF1FC4C3CA218593F4D3511BDFB71763CB126E93F5548EDBDBEDC7F3BDE43EE3F4EBB02BDCF062D,
3CB126E93F5548EDBDBEDC7F3CE4E69F3F579E28BDEABC513C61B8ED3F57D103BD993DD9BAE38A7E3F4AAA08BDF1FC4C3BDE43EE3F4EBB02BDCF062DBB3F09963F4FE5B8BDAC20D53C3EC67A3F47C8F3BE0F266CBAE38A7E3F4AAA08BDF1FC4C3C392C063F405EA2BE47AD4B3BD120193F54D90EBD8BFB9CBC72C3013F52B5C4BD59DDC2BB3F09963F4FE5B8BDAC20D5,
3C61B8ED3F57D103BD993DD9BA9BF9C63F5A6330BDC04189BC5BA9093F5CB88DBDB1C64C3CA218593F4D3511BDFB71763BDE43EE3F4EBB02BDCF062D3C06B9C33F4B5A64BDF154003D1600F33F554307BDFF327B3C605CCD3F5A2329BE0C26DD3CE4E69F3F579E28BDEABC513CE4E69F3F579E28BDEABC51BA9BF9C63F5A6330BDC041893C61B8ED3F57D103BD993DD9,
BC0B3B323F5A41F6BD3E08AFBB924F223F58024BBD2E4192360637BD3F5A29FABD89E3433CB126E93F5548EDBDBEDC7F3C61B8ED3F57D103BD993DD93BD120193F54D90EBD8BFB9C3D0F6CF03F4A659DBE1A14053D39A06A3F5074B8BE18EC963CA218593F4D3511BDFB7176360637BD3F5A29FABD89E3433C61B8ED3F57D103BD993DD9BC5BA9093F5CB88DBDB1C64C,
3D1BFDF83F52B5F6BE07AC823D1600F33F554307BDFF327B3CA218593F4D3511BDFB71763C605CCD3F5A2329BE0C26DD3CAFC47E3F5805A3BE11F6CB3CCB3A263F59E7B8BE201C503D1600F33F554307BDFF327B3D1BFDF83F52B5F6BE07AC823D2E147B3F54ECD9BE13A6CE3CAFC47E3F5805A3BE11F6CB3D1600F33F554307BDFF327B3D2E147B3F54ECD9BE13A6CE,
BC72C3013F52B5C4BD59DDC23BD120193F54D90EBD8BFB9CBC6C2CE43F5529FEBD23AF323C392C063F405EA2BE47AD4BBCA77E5F3F49DE37BE068017BC8E8EA43F46A5D7BE25FD053CA218593F4D3511BDFB71763C06B9C33F4B5A64BDF154003D0F6CF03F4A659DBE1A14053C8438093F43079EBE32D0A23C3EC67A3F47C8F3BE0F266C3C392C063F405EA2BE47AD4B,
3BD120193F54D90EBD8BFB9C3C61B8ED3F57D103BD993DD9BB924F223F58024BBD2E41923CB126E93F5548EDBDBEDC7F3CA218593F4D3511BDFB71763D1600F33F554307BDFF327B3D1600F33F554307BDFF327B3CE4E69F3F579E28BDEABC513CB126E93F5548EDBDBEDC7F3BD120193F54D90EBD8BFB9CBB924F223F58024BBD2E4192BC6C2CE43F5529FEBD23AF32,
3BD120193F54D90EBD8BFB9CBB3F09963F4FE5B8BDAC20D53BDE43EE3F4EBB02BDCF062D3CF0B6B73F46C56DBE1F78FF3D0F6CF03F4A659DBE1A14053C06B9C33F4B5A64BDF154003C3EC67A3F47C8F3BE0F266C3CF0B6B73F46C56DBE1F78FF3C06B9C33F4B5A64BDF154003C61B8ED3F57D103BD993DD9360637BD3F5A29FABD89E343BB924F223F58024BBD2E4192,
3D1BFDF83F52B5F6BE07AC823D39A06A3F5074B8BE18EC963D4456713F52B9E5BE1A3FCD3D2E147B3F54ECD9BE13A6CE3D1BFDF83F52B5F6BE07AC823D4456713F52B9E5BE1A3FCD3D1BFDF83F52B5F6BE07AC823CA218593F4D3511BDFB71763D39A06A3F5074B8BE18EC963BDE43EE3F4EBB02BDCF062D3CB126E93F5548EDBDBEDC7F3BD120193F54D90EBD8BFB9C,
3D21DC943F5F8F04BE27DD013CCB3A263F59E7B8BE201C503D26A22B3F5593B4BE3045783CC7DE513F6658D6BE415F893D10C5EB3F646B8BBE38B3F63D2BFEC13F5F5116BE5C1A053BF2D7F93F615B25BE6651F43CF924AF3F61209FBE5F4D383D0A4D2B3F5B69DBBE7FD4BF3CCB3A263F59E7B8BE201C503CAFC47E3F5805A3BE11F6CB3CEA9C563F57A2ADBE228028,
3D0A4D2B3F5B69DBBE7FD4BF3CBC536D3F59002EBE8520D13C3A7FC33F5D2D77BE78A3F93C4768E03F666D8BBE4D9CAEBB5056C53F65AB8FBE553DEABCA376923F6AE48FBE3B417D3A44588A3F5A224FBE7B82C33B855DA23F53440BBE8473CDBC6BAADE3F55CED1BE7218593B855DA23F53440BBE8473CD3A44588A3F5A224FBE7B82C33C586A903F58A9ACBE83E100,
3D083FD53F63DE1EBE1E31513CD4F9C23F67DB2BBE173FB83CC07CC83F6587C6BE0F19503CE933A03F6095E1BE194D513D083FD53F63DE1EBE1E31513CC07CC83F6587C6BE0F19503D2BFEC13F5F5116BE5C1A053D8FD75E3F563D4FBE6AAC113D970E6F3F549FC7BE7A704C3CBC536D3F59002EBE8520D13C586A903F58A9ACBE83E1003C3A7FC33F5D2D77BE78A3F9,
3D5E4B453F57F90EBE3CE1823D95475A3F52ECE1BE55AFF33D58EB893F5C5953BE4803043C4768E03F666D8BBE4D9CAEBCA376923F6AE48FBE3B417DBC1D1F603F6D7679BE2A176EBC8288053F629197BE5B68063BF2D7F93F615B25BE6651F43A1635613F5E0DDCBE7109073C7A58F73F5CD339BE168B1ABBF69CAA3F603A43BDFB688C3B8815E43F5C76D1BE05E7C9,
BCA27AEA3F6F5504BDC090B43C7A58F73F5CD339BE168B1A3C0DD1E53F6683B2BE01C0443D7679033F525892BE9196FB3D0574B43F576BA0BE89A2403D51A9763F598677BE7E06D93D083FD53F63DE1EBE1E31513D10C5EB3F646B8BBE38B3F63CD4F9C23F67DB2BBE173FB83D95475A3F52ECE1BE55AFF33D77FCFC3F59E29BBE587B573D58EB893F5C5953BE480304,
BC8288053F629197BE5B68063A1635613F5E0DDCBE7109073A44588A3F5A224FBE7B82C33CE933A03F6095E1BE194D513C0DD1E53F6683B2BE01C0443C7A58F73F5CD339BE168B1A3C605CCD3F5A2329BE0C26DD3C7A58F73F5CD339BE168B1A3B8815E43F5C76D1BE05E7C93D970E6F3F549FC7BE7A704C3D90CDC83F538DA4BE8893FB3D2BFEC13F5F5116BE5C1A05,
3BF2D7F93F615B25BE6651F43C4768E03F666D8BBE4D9CAE3CF924AF3F61209FBE5F4D383D77FCFC3F59E29BBE587B573DA539753F51AA2EBE6A3BDE3D8FD75E3F563D4FBE6AAC113D5E4B453F57F90EBE3CE1823D31AB083F5FEC25BE3242073D21DC943F5F8F04BE27DD013D0A4D2B3F5B69DBBE7FD4BF3C3A7FC33F5D2D77BE78A3F93BF2D7F93F615B25BE6651F4,
3D21DC943F5F8F04BE27DD013D31AB083F5FEC25BE3242073D10C5EB3F646B8BBE38B3F63D95475A3F52ECE1BE55AFF33DA539753F51AA2EBE6A3BDE3D77FCFC3F59E29BBE587B573D0574B43F576BA0BE89A2403CBC536D3F59002EBE8520D13D0A4D2B3F5B69DBBE7FD4BF3CAA5C5F3F69565CBE2589F03CC7DE513F6658D6BE415F893B9B52003F6EE72EBE08DEF4,
3D10C5EB3F646B8BBE38B3F63D083FD53F63DE1EBE1E31513D21DC943F5F8F04BE27DD013D0A4D2B3F5B69DBBE7FD4BF3CF924AF3F61209FBE5F4D383D51A9763F598677BE7E06D93A44588A3F5A224FBE7B82C3BC6BAADE3F55CED1BE721859BCC373F33F5DC2F4BE5E5C0C3D51A9763F598677BE7E06D93D0574B43F576BA0BE89A2403D0A4D2B3F5B69DBBE7FD4BF,
3CCB3A263F59E7B8BE201C503D21DC943F5F8F04BE27DD013CE933A03F6095E1BE194D513C3A7FC33F5D2D77BE78A3F93A44588A3F5A224FBE7B82C33A1635613F5E0DDCBE7109073BF2D7F93F615B25BE6651F43C3A7FC33F5D2D77BE78A3F93A1635613F5E0DDCBE7109073D083FD53F63DE1EBE1E31513CE933A03F6095E1BE194D513D21DC943F5F8F04BE27DD01,
3CC7DE513F6658D6BE415F89BC1D1F603F6D7679BE2A176E3B9B52003F6EE72EBE08DEF43D10C5EB3F646B8BBE38B3F63D58EB893F5C5953BE4803043D77FCFC3F59E29BBE587B573C4768E03F666D8BBE4D9CAEBC1D1F603F6D7679BE2A176E3CC7DE513F6658D6BE415F893C7A58F73F5CD339BE168B1ABCA27AEA3F6F5504BDC090B4BCC0E38A3F677681BDD7A9A0,
3C7A58F73F5CD339BE168B1A3C605CCD3F5A2329BE0C26DD3CCB3A263F59E7B8BE201C503D90CDC83F538DA4BE8893FB3D51A9763F598677BE7E06D93D2BFEC13F5F5116BE5C1A053D51A9763F598677BE7E06D93D90CDC83F538DA4BE8893FB3D7679033F525892BE9196FB3C4768E03F666D8BBE4D9CAE3BF2D7F93F615B25BE6651F4BB5056C53F65AB8FBE553DEA,
3D10C5EB3F646B8BBE38B3F63CC7DE513F6658D6BE415F893CAA5C5F3F69565CBE2589F03CD4F9C23F67DB2BBE173FB83D10C5EB3F646B8BBE38B3F63CAA5C5F3F69565CBE2589F03CF924AF3F61209FBE5F4D383D2BFEC13F5F5116BE5C1A053D51A9763F598677BE7E06D93C605CCD3F5A2329BE0C26DD3CAFC47E3F5805A3BE11F6CB3CCB3A263F59E7B8BE201C50,
3D10C5EB3F646B8BBE38B3F63D77FCFC3F59E29BBE587B573D2BFEC13F5F5116BE5C1A05BCC65A573F73FB7ABE01986C3B9B52003F6EE72EBE08DEF4BC1D1F603F6D7679BE2A176E3CF924AF3F61209FBE5F4D383C4768E03F666D8BBE4D9CAE3CC7DE513F6658D6BE415F893D2BFEC13F5F5116BE5C1A053CF924AF3F61209FBE5F4D383CC7DE513F6658D6BE415F89,
BC98DCDB3F64113CBDE60A20BBF69CAA3F603A43BDFB688C3C7A58F73F5CD339BE168B1ABCC0E38A3F677681BDD7A9A0BC98DCDB3F64113CBDE60A203C7A58F73F5CD339BE168B1ABC8288053F629197BE5B6806BB5056C53F65AB8FBE553DEA3BF2D7F93F615B25BE6651F43C3A7FC33F5D2D77BE78A3F93C586A903F58A9ACBE83E1003A44588A3F5A224FBE7B82C3,
3D21DC943F5F8F04BE27DD013D26A22B3F5593B4BE3045783D5E4B453F57F90EBE3CE182BCC373F33F5DC2F4BE5E5C0CBC8288053F629197BE5B68063A44588A3F5A224FBE7B82C33CAA5C5F3F69565CBE2589F03B9B52003F6EE72EBE08DEF43C8096FF3F6BA3BABE0E15CA3CD4F9C23F67DB2BBE173FB83CAA5C5F3F69565CBE2589F03C8096FF3F6BA3BABE0E15CA,
3D5E4B453F57F90EBE3CE1823D58EB893F5C5953BE4803043D31AB083F5FEC25BE3242073D8FD75E3F563D4FBE6AAC113D2BFEC13F5F5116BE5C1A053D77FCFC3F59E29BBE587B573CCB3A263F59E7B8BE201C503CE933A03F6095E1BE194D513C7A58F73F5CD339BE168B1A3CE933A03F6095E1BE194D513CC07CC83F6587C6BE0F19503C0DD1E53F6683B2BE01C044,
3D26A22B3F5593B4BE3045783CCB3A263F59E7B8BE201C503CEA9C563F57A2ADBE2280283CD4F9C23F67DB2BBE173FB83C8096FF3F6BA3BABE0E15CA3C5A94363F6BB83DBE017FC73CC07CC83F6587C6BE0F19503CD4F9C23F67DB2BBE173FB83C5A94363F6BB83DBE017FC73D58EB893F5C5953BE4803043D10C5EB3F646B8BBE38B3F63D31AB083F5FEC25BE324207,
3CAFC47E3F5805A3BE11F6CB3C605CCD3F5A2329BE0C26DD3D1600F33F554307BDFF327B3C0DD1E53F6683B2BE01C0443CC07CC83F6587C6BE0F19503C5A94363F6BB83DBE017FC7BBEC636B3F709FC7BDD112773B0EBCC73F6D0D17BDE95BFFBA0FEAC43F70C0DFBDE8D0893CCB3A263F59E7B8BE201C503CAFC47E3F5805A3BE11F6CB3CEA9C563F57A2ADBE228028,
3C7A58F73F5CD339BE168B1ABBF69CAA3F603A43BDFB688C3B8815E43F5C76D1BE05E7C93D083FD53F63DE1EBE1E31513CD4F9C23F67DB2BBE173FB83CC07CC83F6587C6BE0F19503CE933A03F6095E1BE194D513D083FD53F63DE1EBE1E31513CC07CC83F6587C6BE0F19503C0DD1E53F6683B2BE01C0443C5A94363F6BB83DBE017FC73B0EBCC73F6D0D17BDE95BFF,
3C605CCD3F5A2329BE0C26DD3C7A58F73F5CD339BE168B1A3B8815E43F5C76D1BE05E7C9BA9BF9C63F5A6330BDC041893CE4E69F3F579E28BDEABC513C605CCD3F5A2329BE0C26DDBB97D06C3F5CAD25BDE5F8D3BA9BF9C63F5A6330BDC041893C605CCD3F5A2329BE0C26DDBCA27AEA3F6F5504BDC090B43C7A58F73F5CD339BE168B1A3C0DD1E53F6683B2BE01C044,
BA0FEAC43F70C0DFBDE8D0893B0EBCC73F6D0D17BDE95BFF3C5A94363F6BB83DBE017FC7BCC65A573F73FB7ABE01986CBCAF1AA03F760B3DBDD6B3BC3B9B52003F6EE72EBE08DEF4BBEC636B3F709FC7BDD11277BCA27AEA3F6F5504BDC090B43B0EBCC73F6D0D17BDE95BFF3CE933A03F6095E1BE194D513C0DD1E53F6683B2BE01C0443C7A58F73F5CD339BE168B1A,
3D1600F33F554307BDFF327B3C605CCD3F5A2329BE0C26DD3CE4E69F3F579E28BDEABC513B0EBCC73F6D0D17BDE95BFFBCA27AEA3F6F5504BDC090B43C0DD1E53F6683B2BE01C0443CE4E69F3F579E28BDEABC51BA9BF9C63F5A6330BDC041893C61B8ED3F57D103BD993DD93CAA5C5F3F69565CBE2589F03CC7DE513F6658D6BE415F893B9B52003F6EE72EBE08DEF4,
3C7A58F73F5CD339BE168B1ABCA27AEA3F6F5504BDC090B4BCC0E38A3F677681BDD7A9A0360637BD3F5A29FABD89E3433C61B8ED3F57D103BD993DD9BC5BA9093F5CB88DBDB1C64C3B9B52003F6EE72EBE08DEF4BA0FEAC43F70C0DFBDE8D0893C5A94363F6BB83DBE017FC73C61B8ED3F57D103BD993DD9BA9BF9C63F5A6330BDC04189BC5BA9093F5CB88DBDB1C64C,
BC0B3B323F5A41F6BD3E08AFBB924F223F58024BBD2E4192360637BD3F5A29FABD89E343BCEA81133F5CD877BD313F07BC0B3B323F5A41F6BD3E08AF360637BD3F5A29FABD89E343360637BD3F5A29FABD89E343BC5BA9093F5CB88DBDB1C64CBCEA81133F5CD877BD313F073CC7DE513F6658D6BE415F89BC1D1F603F6D7679BE2A176E3B9B52003F6EE72EBE08DEF4,
3B9B52003F6EE72EBE08DEF4BCAF1AA03F760B3DBDD6B3BCBA0FEAC43F70C0DFBDE8D0893C605CCD3F5A2329BE0C26DD3CAFC47E3F5805A3BE11F6CB3CCB3A263F59E7B8BE201C503C7A58F73F5CD339BE168B1A3C605CCD3F5A2329BE0C26DD3CCB3A263F59E7B8BE201C503C8096FF3F6BA3BABE0E15CA3B9B52003F6EE72EBE08DEF43C5A94363F6BB83DBE017FC7,
BCC0E38A3F677681BDD7A9A0BC98DCDB3F64113CBDE60A203C7A58F73F5CD339BE168B1ABB97D06C3F5CAD25BDE5F8D33C605CCD3F5A2329BE0C26DD3B8815E43F5C76D1BE05E7C9BBF69CAA3F603A43BDFB688CBB97D06C3F5CAD25BDE5F8D33B8815E43F5C76D1BE05E7C9BCC65A573F73FB7ABE01986C3B9B52003F6EE72EBE08DEF4BC1D1F603F6D7679BE2A176E,
3C61B8ED3F57D103BD993DD9360637BD3F5A29FABD89E343BB924F223F58024BBD2E41923CAA5C5F3F69565CBE2589F03B9B52003F6EE72EBE08DEF43C8096FF3F6BA3BABE0E15CA3CD4F9C23F67DB2BBE173FB83CAA5C5F3F69565CBE2589F03C8096FF3F6BA3BABE0E15CABC98DCDB3F64113CBDE60A20BBF69CAA3F603A43BDFB688C3C7A58F73F5CD339BE168B1A,
3E6B1B373DA79CC7BE9D8B823E5DE6583D99945BBE9ECCE63E4AE6433DA26BB5BE9605683CD4F9C23F67DB2BBE173FB83C8096FF3F6BA3BABE0E15CA3C5A94363F6BB83DBE017FC73CC07CC83F6587C6BE0F19503CD4F9C23F67DB2BBE173FB83C5A94363F6BB83DBE017FC73CE933A03F6095E1BE194D513CC07CC83F6587C6BE0F19503C0DD1E53F6683B2BE01C044,
3E1426BB3CE6AFCDBE981EEF3E2568623C72BECFBEA0ED1C3E1E29B73C36D43DBE9BED743E4AE6433DA26BB5BE9605683E5DE6583D99945BBE9ECCE63E41BD1F3D7670A0BE9EF8F03E4949A53DC87875BE8244C83E37008A3D8D3283BE9417013E3069E83DBB41C0BE7DAB193E622DD83C93F078BEAB3F853E76A6A03C568C69BEA789833E63E9EA3C1B6B2BBEA32E38,
3E1426BB3CE6AFCDBE981EEF3E2C51983D1C432DBE9926C83E2568623C72BECFBEA0ED1C3D9C85C23B7F865DBE9125FF3DB2A0663BC05921BEA61E933E0A06213C05AD54BE993FD13E4158753CCC5DA7BEA63BAC3E5309423CDB078EBEA94A2C3E4F49CF3C8142F6BEA826243E28A86D3D4A44C8BE97F8CB3E39EA573D215875BE9E8AB53E2C51983D1C432DBE9926C8,
3E37008A3D8D3283BE9417013E41BD1F3D7670A0BE9EF8F03E28A86D3D4A44C8BE97F8CB3E1EAC433D72D6EDBE8D66273E37008A3D8D3283BE9417013E28A86D3D4A44C8BE97F8CB3E554FBE3C4F398FBEA70C133E5309423CDB078EBEA94A2C3E622DD83C93F078BEAB3F853E2C51983D1C432DBE9926C83E3350093D0460EEBEA317AD3E3075F73C7383F1BEA32E38,
3E1426BB3CE6AFCDBE981EEF3E0F08893D37C676BE91A6723E1650613D149625BE91BAA13E12D3843C6BB774BE9C64DC3E1426BB3CE6AFCDBE981EEF3E1E29B73C36D43DBE9BED743DA1BA803B7C71D6BE78F3673E13EF6B3BD55A3ABE942E993DDDFEB93B688590BE8508F63E622DD83C93F078BEAB3F853E79C94F3D176577BEA98A443E8791603CB3A68BBEA83537,
3E66F04A3D46E9FFBEA5015C3E5E14383D02363BBEAA174C3E543F1C3D3BE985BEA5E3543E13EF6B3BD55A3ABE942E993DA1BA803B7C71D6BE78F3673D9C85C23B7F865DBE9125FF3E0A06213C05AD54BE993FD13E13EF6B3BD55A3ABE942E993D9C85C23B7F865DBE9125FF3E4158753CCC5DA7BEA63BAC3E4A493D3C3B98C8BEA4CA0C3E3ACD183C6AAF36BEA36523,
3E4C70003D12D880BEA7483D3E4158753CCC5DA7BEA63BAC3E3350093D0460EEBEA317AD3E2C51983D1C432DBE9926C83E39EA573D215875BE9E8AB53E3350093D0460EEBEA317AD3E3D53CE3D4AA865BEA0A00A3E28A86D3D4A44C8BE97F8CB3E41BD1F3D7670A0BE9EF8F03E57F9513C09B0EEBE96B3DD3E63E9EA3C1B6B2BBEA32E383E8E392E3C3FF045BE9F3322,
3E0A06213C05AD54BE993FD13E12D3843C6BB774BE9C64DC3E1E29B73C36D43DBE9BED743E2568623C72BECFBEA0ED1C3E2C51983D1C432DBE9926C83E3075F73C7383F1BEA32E383E1650613D149625BE91BAA13E28A86D3D4A44C8BE97F8CB3E2C51983D1C432DBE9926C83E3075F73C7383F1BEA32E383E364DC23C103212BE9DA1883E2568623C72BECFBEA0ED1C,
3E3E2B063C013016BE777EE53E57F9513C09B0EEBE96B3DD3E5A83F53C2493C9BE434BD73E3E54713D28EF78BEA14DF93E543F1C3D3BE985BEA5E3543E4C70003D12D880BEA7483D3E3350093D0460EEBEA317AD3E3E54713D28EF78BEA14DF93E4C70003D12D880BEA7483D3E1650613D149625BE91BAA13E2C51983D1C432DBE9926C83E1426BB3CE6AFCDBE981EEF,
3E3ACD183C6AAF36BEA365233E364DC23C103212BE9DA1883E3075F73C7383F1BEA32E383E3350093D0460EEBEA317AD3E4158753CCC5DA7BEA63BAC3E3075F73C7383F1BEA32E383E5309423CDB078EBEA94A2C3E5E14383D02363BBEAA174C3E622DD83C93F078BEAB3F853E543F1C3D3BE985BEA5E3543E5E14383D02363BBEAA174C3E4C70003D12D880BEA7483D,
3E52B6F23D55AAF8BEA4FBFC3E3E54713D28EF78BEA14DF93E3D53CE3D4AA865BEA0A00A3E089FC73D740703BE89F2FE3DD39F343D92A305BE93F4CB3DB735C23DBEECC0BE8603D53E058EA83C962F16BE9FC5AC3E1426BB3CE6AFCDBE981EEF3E12D3843C6BB774BE9C64DC3E0A06213C05AD54BE993FD13E058EA83C962F16BE9FC5AC3E12D3843C6BB774BE9C64DC,
3E3E2B063C013016BE777EE53E2384773BAAB8A6BE816E7A3E57F9513C09B0EEBE96B3DD3E37008A3D8D3283BE9417013E1EAC433D72D6EDBE8D66273E3069E83DBB41C0BE7DAB193E4A493D3C3B98C8BEA4CA0C3E4158753CCC5DA7BEA63BAC3E4F49CF3C8142F6BEA826243E63E9EA3C1B6B2BBEA32E383E4A493D3C3B98C8BEA4CA0C3E554FBE3C4F398FBEA70C13,
3E622DD83C93F078BEAB3F853E5E14383D02363BBEAA174C3E6E9C023CF6F4BFBEAA54C53E035E313D2EC8D6BE98C62E3DD39F343D92A305BE93F4CB3E0F08893D37C676BE91A6723E5E14383D02363BBEAA174C3E66F04A3D46E9FFBEA5015C3E6E9C023CF6F4BFBEAA54C53E71D7133D894CCBBEA3C2333E5DE6583D99945BBE9ECCE63E6B1B373DA79CC7BE9D8B82,
3E28A86D3D4A44C8BE97F8CB3E1650613D149625BE91BAA13E1A8C583D3A7222BE91EC703E364DC23C103212BE9DA1883E3ACD183C6AAF36BEA365233E4A493D3C3B98C8BEA4CA0C3E41BD1F3D7670A0BE9EF8F03E52B6F23D55AAF8BEA4FBFC3E3D53CE3D4AA865BEA0A00A3E916E593C266DBDBE95F4C33E57F9513C09B0EEBE96B3DD3E8E392E3C3FF045BE9F3322,
3E28A86D3D4A44C8BE97F8CB3E1A8C583D3A7222BE91EC703E1EAC433D72D6EDBE8D66273E6C193B3DCCA70DBE8AEF4E3E6B1B373DA79CC7BE9D8B823E58C5003DC5F17CBE8955B43E5309423CDB078EBEA94A2C3E4158753CCC5DA7BEA63BAC3E4C70003D12D880BEA7483D3E5E14383D02363BBEAA174C3E5309423CDB078EBEA94A2C3E4C70003D12D880BEA7483D,
3E1E29B73C36D43DBE9BED743E364DC23C103212BE9DA1883E13EF6B3BD55A3ABE942E993E3075F73C7383F1BEA32E383E4158753CCC5DA7BEA63BAC3E3ACD183C6AAF36BEA365233E39EA573D215875BE9E8AB53E3D53CE3D4AA865BEA0A00A3E3E54713D28EF78BEA14DF93E3350093D0460EEBEA317AD3E39EA573D215875BE9E8AB53E3E54713D28EF78BEA14DF9,
3E09BC343B8826ABBE81D9B23E13EF6B3BD55A3ABE942E993E2384773BAAB8A6BE816E7A3E37008A3D8D3283BE9417013E4949A53DC87875BE8244C83E4AE6433DA26BB5BE9605683E41BD1F3D7670A0BE9EF8F03E37008A3D8D3283BE9417013E4AE6433DA26BB5BE9605683E364DC23C103212BE9DA1883E57F9513C09B0EEBE96B3DD3E13EF6B3BD55A3ABE942E99,
3E3E54713D28EF78BEA14DF93E52B6F23D55AAF8BEA4FBFC3E543F1C3D3BE985BEA5E3543E58C5003DC5F17CBE8955B43E6B1B373DA79CC7BE9D8B823E4AE6433DA26BB5BE9605683E58C5003DC5F17CBE8955B43E4AE6433DA26BB5BE9605683E4949A53DC87875BE8244C83DDDFEB93B688590BE8508F63E13EF6B3BD55A3ABE942E993E09BC343B8826ABBE81D9B2,
3E554FBE3C4F398FBEA70C133E4A493D3C3B98C8BEA4CA0C3E4F49CF3C8142F6BEA826243E5309423CDB078EBEA94A2C3E554FBE3C4F398FBEA70C133E4F49CF3C8142F6BEA826243E622DD83C93F078BEAB3F853E8791603CB3A68BBEA835373E76A6A03C568C69BEA789833E9A21EA3C26B50BBE8A630F3E5A83F53C2493C9BE434BD73E57F9513C09B0EEBE96B3DD,
3E1426BB3CE6AFCDBE981EEF3E058EA83C962F16BE9FC5AC3E035E313D2EC8D6BE98C62E3E0F08893D37C676BE91A6723E1426BB3CE6AFCDBE981EEF3E035E313D2EC8D6BE98C62E3E6E9C023CF6F4BFBEAA54C53E79C94F3D176577BEA98A443E622DD83C93F078BEAB3F853E39EA573D215875BE9E8AB53E28A86D3D4A44C8BE97F8CB3E3D53CE3D4AA865BEA0A00A,
3DFBF1633D03F812BE9FB2033E058EA83C962F16BE9FC5AC3DDED95A3CF79852BEA9C5823DDF2C303C92428DBEAA7FC33DDED95A3CF79852BEA9C5823E058EA83C962F16BE9FC5AC3E0F08893D37C676BE91A6723DD39F343D92A305BE93F4CB3E089FC73D740703BE89F2FE3DDE4D5E3C317482BEA70F393E058EA83C962F16BE9FC5AC3E0A06213C05AD54BE993FD1,
3E41BD1F3D7670A0BE9EF8F03E5DE6583D99945BBE9ECCE63E52B6F23D55AAF8BEA4FBFC3DC8ECD93D5E3327BEA62E6F3DFBF1633D03F812BE9FB2033DDED95A3CF79852BEA9C5823E1E29B73C36D43DBE9BED743E2568623C72BECFBEA0ED1C3E364DC23C103212BE9DA1883E035E313D2EC8D6BE98C62E3DFBF1633D03F812BE9FB2033DD892683D710881BE9E3C53,
3E63E9EA3C1B6B2BBEA32E383E57F9513C09B0EEBE96B3DD3E4A493D3C3B98C8BEA4CA0C3E57F9513C09B0EEBE96B3DD3E916E593C266DBDBE95F4C33E9A21EA3C26B50BBE8A630F3E57F9513C09B0EEBE96B3DD3E2384773BAAB8A6BE816E7A3E13EF6B3BD55A3ABE942E993E66F04A3D46E9FFBEA5015C3E543F1C3D3BE985BEA5E3543E52B6F23D55AAF8BEA4FBFC,
3DD892683D710881BE9E3C533DFBF1633D03F812BE9FB2033DC8ECD93D5E3327BEA62E6F3E0A06213C05AD54BE993FD13DB2A0663BC05921BEA61E933DDE4D5E3C317482BEA70F393DD39F343D92A305BE93F4CB3E035E313D2EC8D6BE98C62E3DD892683D710881BE9E3C533E57F9513C09B0EEBE96B3DD3E364DC23C103212BE9DA1883E4A493D3C3B98C8BEA4CA0C,
3E058EA83C962F16BE9FC5AC3DDE4D5E3C317482BEA70F393DDF2C303C92428DBEAA7FC33E622DD83C93F078BEAB3F853E63E9EA3C1B6B2BBEA32E383E554FBE3C4F398FBEA70C133E1E29B73C36D43DBE9BED743E13EF6B3BD55A3ABE942E993E0A06213C05AD54BE993FD13E035E313D2EC8D6BE98C62E3E058EA83C962F16BE9FC5AC3DFBF1633D03F812BE9FB203,
3E1FD04A3DDD6388BE6E032E3E240A6C3DB9BC34BE7590C13E0B65233DD4690EBE655D1C3E30D7BF3C853198BE1225743E1D61703C6C1C1DBE029BAE3E04C2723C3C8C0DBE3DB4893E66F04A3D46E9FFBEA5015C3E52B6F23D55AAF8BEA4FBFC3E5DE6583D99945BBE9ECCE63E71D7133D894CCBBEA3C2333E66F04A3D46E9FFBEA5015C3E5DE6583D99945BBE9ECCE6,
3E30D7BF3C853198BE1225743E04C2723C3C8C0DBE3DB4893E424BFD3B94898FBE2ACE683E3E2B063C013016BE777EE53E5A83F53C2493C9BE434BD73E4845993BB71327BE43775C3E04C2723C3C8C0DBE3DB4893D99FBA43C4CD530BE64241C3DBDCC643B7440AFBE7395C43E4949A53DC87875BE8244C83E37008A3D8D3283BE9417013E3069E83DBB41C0BE7DAB19,
3E43B0813C0127B3BE125C813E3284E03C82B1F7BE0B61BB3E30D7BF3C853198BE1225743E04C2723C3C8C0DBE3DB4893DE898703C9E6EEBBE00A2013DCF7DB73C9C25D0BE0327673E33FC443B8CBD12BE701CD63E3E2B063C013016BE777EE53E3E86C63BDA7F3DBE6C9EED3E04C2723C3C8C0DBE3DB4893E33FC443B8CBD12BE701CD63E3E86C63BDA7F3DBE6C9EED,
3E43B0813C0127B3BE125C813E30D7BF3C853198BE1225743E424BFD3B94898FBE2ACE683D9C85C23B7F865DBE9125FF3DB2A0663BC05921BEA61E933E0A06213C05AD54BE993FD13E1243DD3D624031BE8B8B483E1A8C583D3A7222BE91EC703E0F08893D37C676BE91A6723E240A6C3DB9BC34BE7590C13E15436C3DA7A312BE7416BE3E0B65233DD4690EBE655D1C,
3E1A8C583D3A7222BE91EC703E1650613D149625BE91BAA13E0F08893D37C676BE91A6723E6C07253DDB9E06BE7B97FF3E58C5003DC5F17CBE8955B43E51450F3DDBC1ADBE7B65673E2384773BAAB8A6BE816E7A3E3E2B063C013016BE777EE53E2003EF3B585597BE754B8C3E04C2723C3C8C0DBE3DB4893E0547173C6789E7BE011C6D3DE898703C9E6EEBBE00A201,
3E04C2723C3C8C0DBE3DB4893D835AC93C8BC59CBE4E54713D9361DD3C9F6CADBE5882AE3E6C07253DDB9E06BE7B97FF3E51450F3DDBC1ADBE7B65673E5B88CA3DF31F47BE7127B33E1EAC433D72D6EDBE8D66273E37008A3D8D3283BE9417013E28A86D3D4A44C8BE97F8CB3D98151A3C870974BE1E147B3E04C2723C3C8C0DBE3DB4893DA8A3F93CB6D43DBE187F45,
3E04C2723C3C8C0DBE3DB4893E1D61703C6C1C1DBE029BAE3E0DFBD73C8E7BC4BE03E4693E04FB9800000000BE7C3B4F3E04C2723C3C8C0DBE3DB4893DD212513B7B3312BE793FF23DDAF4AE3B8F2171BE8115593E04FB9800000000BE7C3B4F3DD212513B7B3312BE793FF23E04C2723C3C8C0DBE3DB4893DB4F93C3C92D55ABE0D0FE93DA8A3F93CB6D43DBE187F45,
3DA1BA803B7C71D6BE78F3673E13EF6B3BD55A3ABE942E993DDDFEB93B688590BE8508F63DC70B8D3E0BD9CBBE6DE69B3DB7E3D23E1CEA6CBE79D0EA3DE420F73E1B95E6BE6A0E843DF522213E0DA3C2BE61C0CA3DE2174C3E0BD167BE63482C3DE420F73E1B95E6BE6A0E843E1FD04A3DDD6388BE6E032E3E0B65233DD4690EBE655D1C3E1AC0C63E06F3F5BE6A5C5F,
3D99FBA43C4CD530BE64241C3E04C2723C3C8C0DBE3DB4893D9361DD3C9F6CADBE5882AE3E16A93F3D8FB5D0BE80BA623E1243DD3D624031BE8B8B483E0A0B1C3D8F5FD4BE7DE8713E063D3E3DB0E886BE6CC4F03E15436C3DA7A312BE7416BE3E0A0B1C3D8F5FD4BE7DE8713E424BFD3B94898FBE2ACE683E503BC53C0D0892BE2832FD3E43B0813C0127B3BE125C81,
3E04C2723C3C8C0DBE3DB4893E4845993BB71327BE43775C3E45E41D3BA2E3C5BE38522F3E04C2723C3C8C0DBE3DB4893E0DFBD73C8E7BC4BE03E4693E0547173C6789E7BE011C6D3E1426BB3CE6AFCDBE981EEF3E0F08893D37C676BE91A6723E1650613D149625BE91BAA13E04C2723C3C8C0DBE3DB4893DC8BD233CB009B3BE08C0483DB4F93C3C92D55ABE0D0FE9,
3E04C2723C3C8C0DBE3DB4893E3E86C63BDA7F3DBE6C9EED3E4845993BB71327BE43775C3DD212513B7B3312BE793FF23E04C2723C3C8C0DBE3DB4893DBDCC643B7440AFBE7395C43E33FC443B8CBD12BE701CD63E04C2723C3C8C0DBE3DB4893E2003EF3B585597BE754B8C3E3E2B063C013016BE777EE53E33FC443B8CBD12BE701CD63E2003EF3B585597BE754B8C,
3E2384773BAAB8A6BE816E7A3E2003EF3B585597BE754B8C3E1489093BBEB5B3BE7C054F3E13EF6B3BD55A3ABE942E993DA1BA803B7C71D6BE78F3673D9C85C23B7F865DBE9125FF3E0A06213C05AD54BE993FD13E13EF6B3BD55A3ABE942E993D9C85C23B7F865DBE9125FF3E3E86C63BDA7F3DBE6C9EED3E3E2B063C013016BE777EE53E4845993BB71327BE43775C,
3E3225FA3DFB2032BE7130593E1FD04A3DDD6388BE6E032E3E1AC0C63E06F3F5BE6A5C5F3E04C2723C3C8C0DBE3DB4893DCF7DB73C9C25D0BE0327673DC8BD233CB009B3BE08C0483E04C2723C3C8C0DBE3DB4893D98151A3C870974BE1E147B3D8849CB3C9FF0CCBE37A80D3E0A0B1C3D8F5FD4BE7DE8713DB735C23DBEECC0BE8603D53DF4306E3DB7A56EBE6F3C2E,
3E1489093BBEB5B3BE7C054F3E2003EF3B585597BE754B8C3E04FB9800000000BE7C3B4F3E1650613D149625BE91BAA13E28A86D3D4A44C8BE97F8CB3E2C51983D1C432DBE9926C83D835AC93C8BC59CBE4E54713E04C2723C3C8C0DBE3DB4893D8849CB3C9FF0CCBE37A80D3E04C2723C3C8C0DBE3DB4893E45E41D3BA2E3C5BE38522F3E3FCFC43BC0053EBE3100E7,
3E76655A3E1BE447BE5CB3E53E6A0F0A3E02D98CBE6826AB3E5F97243E253FC0BE6993D53E3FCFC43BC0053EBE3100E73E503BC53C0D0892BE2832FD3E424BFD3B94898FBE2ACE683E04C2723C3C8C0DBE3DB4893E3FCFC43BC0053EBE3100E73E424BFD3B94898FBE2ACE683E2003EF3B585597BE754B8C3E04C2723C3C8C0DBE3DB4893E04FB9800000000BE7C3B4F,
3E1AC0C63E06F3F5BE6A5C5F3E0B65233DD4690EBE655D1C3DF522213E0DA3C2BE61C0CA3E3E2B063C013016BE777EE53E57F9513C09B0EEBE96B3DD3E5A83F53C2493C9BE434BD73E1650613D149625BE91BAA13E2C51983D1C432DBE9926C83E1426BB3CE6AFCDBE981EEF3E4949A53DC87875BE8244C83E3069E83DBB41C0BE7DAB193E36338B3DCA8C15BE792DDC,
3E2144CC3E15F0B3BE6D9F4D3E1AC0C63E06F3F5BE6A5C5F3E0AC7DA3E124CC7BE67B9173E16A93F3D8FB5D0BE80BA623E0A0B1C3D8F5FD4BE7DE8713E15436C3DA7A312BE7416BE3E5A83F53C2493C9BE434BD73E9A21EA3C26B50BBE8A630F3E9C07463C3662FEBE67BBF93E00125A3DD251C2BE636EF83DE2174C3E0BD167BE63482C3DF522213E0DA3C2BE61C0CA,
3E6C07253DDB9E06BE7B97FF3E6C193B3DCCA70DBE8AEF4E3E58C5003DC5F17CBE8955B43DF4306E3DB7A56EBE6F3C2E3DD836223DDFB8B2BE6B2D0A3E00125A3DD251C2BE636EF83E16A93F3D8FB5D0BE80BA623E3069E83DBB41C0BE7DAB193E1EAC433D72D6EDBE8D66273E089FC73D740703BE89F2FE3DD39F343D92A305BE93F4CB3DB735C23DBEECC0BE8603D5,
3DC70B8D3E0BD9CBBE6DE69B3DE420F73E1B95E6BE6A0E843DE2174C3E0BD167BE63482C3E3E2B063C013016BE777EE53E2384773BAAB8A6BE816E7A3E57F9513C09B0EEBE96B3DD3E37008A3D8D3283BE9417013E1EAC433D72D6EDBE8D66273E3069E83DBB41C0BE7DAB193E3225FA3DFB2032BE7130593E42046C3DF653CABE72C27A3E36338B3DCA8C15BE792DDC,
3E43B0813C0127B3BE125C813E4148FE3BFF0026BDFB291C3E2F95D53BF0C77EBDFFC6DA3E3284E03C82B1F7BE0B61BB3E43B0813C0127B3BE125C813E2F95D53BF0C77EBDFFC6DA3E035E313D2EC8D6BE98C62E3DD39F343D92A305BE93F4CB3E0F08893D37C676BE91A6723E503BC53C0D0892BE2832FD3E6AC6473C1E518FBE05A4AD3E43B0813C0127B3BE125C81,
3E1EAC433D72D6EDBE8D66273E1243DD3D624031BE8B8B483E16A93F3D8FB5D0BE80BA623E240A6C3DB9BC34BE7590C13E16A93F3D8FB5D0BE80BA623E15436C3DA7A312BE7416BE3E4845993BB71327BE43775C3E5A83F53C2493C9BE434BD73E45E41D3BA2E3C5BE38522F3E5A83F53C2493C9BE434BD73E8E3DE63C2C14C6BE431D2E3E6AEC4A3C247A9EBE28D003,
3E28A86D3D4A44C8BE97F8CB3E1A8C583D3A7222BE91EC703E1EAC433D72D6EDBE8D66273E6C193B3DCCA70DBE8AEF4E3E6B1B373DA79CC7BE9D8B823E58C5003DC5F17CBE8955B43E0B65233DD4690EBE655D1C3E063D3E3DB0E886BE6CC4F03E00125A3DD251C2BE636EF83E28A86D3D4A44C8BE97F8CB3E1650613D149625BE91BAA13E1A8C583D3A7222BE91EC70,
3E37008A3D8D3283BE9417013E4949A53DC87875BE8244C83E4AE6433DA26BB5BE9605683E5A83F53C2493C9BE434BD73E9C07463C3662FEBE67BBF93E8E3DE63C2C14C6BE431D2E3E90A6B93C3ED30FBE286F483E6AC6473C1E518FBE05A4AD3E503BC53C0D0892BE2832FD3E04FB9800000000BE7C3B4F3DDAF4AE3B8F2171BE8115593E09BC343B8826ABBE81D9B2,
3E51450F3DDBC1ADBE7B65673E58C5003DC5F17CBE8955B43E4949A53DC87875BE8244C83DDDFEB93B688590BE8508F63E13EF6B3BD55A3ABE942E993E09BC343B8826ABBE81D9B23E09BC343B8826ABBE81D9B23E13EF6B3BD55A3ABE942E993E2384773BAAB8A6BE816E7A3E38F7553E1CAEEABE70DD833E4C8F323E172431BE6EB67C3E42046C3DF653CABE72C27A,
3E089FC73D740703BE89F2FE3E0A0B1C3D8F5FD4BE7DE8713E1243DD3D624031BE8B8B483E58C5003DC5F17CBE8955B43E6B1B373DA79CC7BE9D8B823E4AE6433DA26BB5BE9605683DE420F73E1B95E6BE6A0E843E0AC7DA3E124CC7BE67B9173DF522213E0DA3C2BE61C0CA3E58C5003DC5F17CBE8955B43E4AE6433DA26BB5BE9605683E4949A53DC87875BE8244C8,
3E00125A3DD251C2BE636EF83DD836223DDFB8B2BE6B2D0A3DE2174C3E0BD167BE63482C3E9A21EA3C26B50BBE8A630F3E5A83F53C2493C9BE434BD73E57F9513C09B0EEBE96B3DD3E0A0B1C3D8F5FD4BE7DE8713DF4306E3DB7A56EBE6F3C2E3E063D3E3DB0E886BE6CC4F03E0F08893D37C676BE91A6723E089FC73D740703BE89F2FE3E1243DD3D624031BE8B8B48,
3E36338B3DCA8C15BE792DDC3E51450F3DDBC1ADBE7B65673E4949A53DC87875BE8244C83E503BC53C0D0892BE2832FD3E3FCFC43BC0053EBE3100E73E45E41D3BA2E3C5BE38522F3E1A8C583D3A7222BE91EC703E1243DD3D624031BE8B8B483E1EAC433D72D6EDBE8D66273DD836223DDFB8B2BE6B2D0A3DF4306E3DB7A56EBE6F3C2E3DB735C23DBEECC0BE8603D5,
3E0F08893D37C676BE91A6723DD39F343D92A305BE93F4CB3E089FC73D740703BE89F2FE3E240A6C3DB9BC34BE7590C13E36338B3DCA8C15BE792DDC3E3069E83DBB41C0BE7DAB193E16A93F3D8FB5D0BE80BA623E240A6C3DB9BC34BE7590C13E3069E83DBB41C0BE7DAB193E0F08893D37C676BE91A6723E1426BB3CE6AFCDBE981EEF3E035E313D2EC8D6BE98C62E,
3E42046C3DF653CABE72C27A3E51450F3DDBC1ADBE7B65673E36338B3DCA8C15BE792DDC3E71A9B93DEDE6DEBE6B84993E6C07253DDB9E06BE7B97FF3E5B88CA3DF31F47BE7127B33E6A0F0A3E02D98CBE6826AB3E71A9B93DEDE6DEBE6B84993E5B88CA3DF31F47BE7127B33E089FC73D740703BE89F2FE3DB735C23DBEECC0BE8603D53E0A0B1C3D8F5FD4BE7DE871,
3E04FB9800000000BE7C3B4F3E09BC343B8826ABBE81D9B23E1489093BBEB5B3BE7C054F3DF522213E0DA3C2BE61C0CA3E0B65233DD4690EBE655D1C3E00125A3DD251C2BE636EF83E1FD04A3DDD6388BE6E032E3E3225FA3DFB2032BE7130593E36338B3DCA8C15BE792DDC3E240A6C3DB9BC34BE7590C13E1FD04A3DDD6388BE6E032E3E36338B3DCA8C15BE792DDC,
3E51450F3DDBC1ADBE7B65673E42046C3DF653CABE72C27A3E5B88CA3DF31F47BE7127B33E063D3E3DB0E886BE6CC4F03DF4306E3DB7A56EBE6F3C2E3E00125A3DD251C2BE636EF83DDAF4AE3B8F2171BE8115593DDDFEB93B688590BE8508F63E09BC343B8826ABBE81D9B23E09BC343B8826ABBE81D9B23E2384773BAAB8A6BE816E7A3E1489093BBEB5B3BE7C054F,
3E90A6B93C3ED30FBE286F483E503BC53C0D0892BE2832FD3E6AEC4A3C247A9EBE28D0033E6A0F0A3E02D98CBE6826AB3E5B88CA3DF31F47BE7127B33E4C8F323E172431BE6EB67C3E57F9513C09B0EEBE96B3DD3E916E593C266DBDBE95F4C33E9A21EA3C26B50BBE8A630F3E57F9513C09B0EEBE96B3DD3E2384773BAAB8A6BE816E7A3E13EF6B3BD55A3ABE942E99,
3E45E41D3BA2E3C5BE38522F3E5A83F53C2493C9BE434BD73E503BC53C0D0892BE2832FD3E063D3E3DB0E886BE6CC4F03E0B65233DD4690EBE655D1C3E15436C3DA7A312BE7416BE3E43B0813C0127B3BE125C813E6AC6473C1E518FBE05A4AD3E4148FE3BFF0026BDFB291C3E503BC53C0D0892BE2832FD3E5A83F53C2493C9BE434BD73E6AEC4A3C247A9EBE28D003,
3E38F7553E1CAEEABE70DD833E42046C3DF653CABE72C27A3E3225FA3DFB2032BE7130593E5B88CA3DF31F47BE7127B33E42046C3DF653CABE72C27A3E4C8F323E172431BE6EB67C3E0AC7DA3E124CC7BE67B9173E1AC0C63E06F3F5BE6A5C5F3DF522213E0DA3C2BE61C0CA3E1AC0C63E06F3F5BE6A5C5F3E2144CC3E15F0B3BE6D9F4D3E3225FA3DFB2032BE713059,
3E033A8A3C806291BDA5F30E3E1DCA8E3C38023ABDBD13513E1730833D025AEEBD9FA4403E11E14C3BFCDEE3BDC912123E26045C3BE6A769BDD6B4C83E1DCA8E3C38023ABDBD13513E3225FA3DFB2032BE7130593E2144CC3E15F0B3BE6D9F4D3E38F7553E1CAEEABE70DD833E4C8F323E172431BE6EB67C3E5F97243E253FC0BE6993D53E6A0F0A3E02D98CBE6826AB,
3E30D7BF3C853198BE1225743E04C2723C3C8C0DBE3DB4893E424BFD3B94898FBE2ACE683E26045C3BE6A769BDD6B4C83E4148FE3BFF0026BDFB291C3E3DBA4D3C2B96F2BDD9A8CE3E1D61703C6C1C1DBE029BAE3E2F95D53BF0C77EBDFFC6DA3E1C36543BE6D9BEBDEE0F3D3E30D7BF3C853198BE1225743E1D61703C6C1C1DBE029BAE3E04C2723C3C8C0DBE3DB489,
3E3284E03C82B1F7BE0B61BB3E1D61703C6C1C1DBE029BAE3E30D7BF3C853198BE1225743E43B0813C0127B3BE125C813E3284E03C82B1F7BE0B61BB3E30D7BF3C853198BE1225743DE898703C9E6EEBBE00A2013DCF598A3BEDAA93BDF346133DCF7DB73C9C25D0BE0327673E04C2723C3C8C0DBE3DB4893DE898703C9E6EEBBE00A2013DCF7DB73C9C25D0BE032767,
3E0547173C6789E7BE011C6D3DCF598A3BEDAA93BDF346133DE898703C9E6EEBBE00A2013E04C2723C3C8C0DBE3DB4893E0547173C6789E7BE011C6D3DE898703C9E6EEBBE00A2013E52C8823D07C84BBDABC6223E4E10063CFB7E91BDBD8D7A3E6609573D0E10CFBDBFAE363E43B0813C0127B3BE125C813E30D7BF3C853198BE1225743E424BFD3B94898FBE2ACE68,
3E033A8A3C806291BDA5F30E3DEB5C3A3D020E63BD84A16A3DEFA6163C010E88BDB215773E04C2723C3C8C0DBE3DB4893DB4F93C3C92D55ABE0D0FE93DA8A3F93CB6D43DBE187F453E88A5273D2EAB7A3CBB75213E3A786C3D15F56A3D249F513E1C3E753D091C08BD49D1703E1730833D025AEEBD9FA4403E1DCA8E3C38023ABDBD13513E2C37A43CA94BBEBDB579AF,
3E04C2723C3C8C0DBE3DB4893DC8BD233CB009B3BE08C0483DB4F93C3C92D55ABE0D0FE93E1D61703C6C1C1DBE029BAE3E0BAE473C2A8A83BDFAA4763E0DFBD73C8E7BC4BE03E4693E04C2723C3C8C0DBE3DB4893E1D61703C6C1C1DBE029BAE3E0DFBD73C8E7BC4BE03E4693E0C679D3BBA7B91BDE1A47B3DEFA6163C010E88BDB215773DD0B4183B99F1AEBDD6A833,
3E3DBA4D3C2B96F2BDD9A8CE3E2C37A43CA94BBEBDB579AF3E1DCA8E3C38023ABDBD13513E26045C3BE6A769BDD6B4C83E3DBA4D3C2B96F2BDD9A8CE3E1DCA8E3C38023ABDBD13513E0DFBD73C8E7BC4BE03E4693E0BAE473C2A8A83BDFAA4763E0547173C6789E7BE011C6D3E04C2723C3C8C0DBE3DB4893E0DFBD73C8E7BC4BE03E4693E0547173C6789E7BE011C6D,
3E04C2723C3C8C0DBE3DB4893DCF7DB73C9C25D0BE0327673DC8BD233CB009B3BE08C0483E1DCA8E3C38023ABDBD13513E033A8A3C806291BDA5F30E3E11E14C3BFCDEE3BDC912123DC2C9083BF672B9BDBB63D43DD0B4183B99F1AEBDD6A8333DEFA6163C010E88BDB215773DEB5C3A3D020E63BD84A16A3DC2C9083BF672B9BDBB63D43DEFA6163C010E88BDB21577,
3E6DD1E53D19DBA9BD97D73D3E8C31593D2E6B83BAE581CF3E1C3E753D091C08BD49D1703E66705D3C403793BDF7ABB93E66FEF83C8C9321BDE65D7D3E3DBA4D3C2B96F2BDD9A8CE3DEB5C3A3D020E63BD84A16A3E033A8A3C806291BDA5F30E3E1730833D025AEEBD9FA4403E1218DF3CFDE2EFBD87F4DC3E1730833D025AEEBD9FA4403E24D7F13D003CD1BD9BC98A,
3E1730833D025AEEBD9FA4403E1218DF3CFDE2EFBD87F4DC3DEB5C3A3D020E63BD84A16A3D9C65413D06EE31BD9188F43DC2C9083BF672B9BDBB63D43DEB5C3A3D020E63BD84A16A3E66FEF83C8C9321BDE65D7D3E4E10063CFB7E91BDBD8D7A3E24D7F13D003CD1BD9BC98A3E1D61703C6C1C1DBE029BAE3E3284E03C82B1F7BE0B61BB3E2F95D53BF0C77EBDFFC6DA,
3E52C8823D07C84BBDABC6223E1218DF3CFDE2EFBD87F4DC3E24D7F13D003CD1BD9BC98A3E4E10063CFB7E91BDBD8D7A3E52C8823D07C84BBDABC6223E24D7F13D003CD1BD9BC98A3E6DD1E53D19DBA9BD97D73D3E1C3E753D091C08BD49D1703E52C8823D07C84BBDABC6223E1730833D025AEEBD9FA4403E2C37A43CA94BBEBDB579AF3E24D7F13D003CD1BD9BC98A,
3E66FEF83C8C9321BDE65D7D3E24D7F13D003CD1BD9BC98A3E2C37A43CA94BBEBDB579AF3E3DBA4D3C2B96F2BDD9A8CE3E66FEF83C8C9321BDE65D7D3E2C37A43CA94BBEBDB579AF3E503BC53C0D0892BE2832FD3E6AC6473C1E518FBE05A4AD3E43B0813C0127B3BE125C813DEFA6163C010E88BDB215773E0C679D3BBA7B91BDE1A47B3E11E14C3BFCDEE3BDC91212,
3E3284E03C82B1F7BE0B61BB3E43B0813C0127B3BE125C813E2F95D53BF0C77EBDFFC6DA3E4E10063CFB7E91BDBD8D7A3E66FEF83C8C9321BDE65D7D3E6A86D73CEA704CBDD51F823E6609573D0E10CFBDBFAE363E4E10063CFB7E91BDBD8D7A3E6A86D73CEA704CBDD51F823E11E14C3BFCDEE3BDC912123E033A8A3C806291BDA5F30E3DEFA6163C010E88BDB21577,
3E0BAE473C2A8A83BDFAA4763E0C679D3BBA7B91BDE1A47B3DCF598A3BEDAA93BDF346133E6DD1E53D19DBA9BD97D73D3E52C8823D07C84BBDABC6223E74DBE03D11A976BDAD6A9C3E66705D3C403793BDF7ABB93E4148FE3BFF0026BDFB291C3E6AC6473C1E518FBE05A4AD3E43B0813C0127B3BE125C813E4148FE3BFF0026BDFB291C3E2F95D53BF0C77EBDFFC6DA,
3E66705D3C403793BDF7ABB93E3DBA4D3C2B96F2BDD9A8CE3E4148FE3BFF0026BDFB291C3E26045C3BE6A769BDD6B4C83E11E14C3BFCDEE3BDC912123E0C679D3BBA7B91BDE1A47B3DEB5C3A3D020E63BD84A16A3E1218DF3CFDE2EFBD87F4DC3E1C3E753D091C08BD49D1703E90A6B93C3ED30FBE286F483E6AC6473C1E518FBE05A4AD3E503BC53C0D0892BE2832FD,
3DEB5C3A3D020E63BD84A16A3D9D9E413D10342BBBF7E3D23D9C65413D06EE31BD9188F43E26045C3BE6A769BDD6B4C83E1C36543BE6D9BEBDEE0F3D3E2F95D53BF0C77EBDFFC6DA3E4148FE3BFF0026BDFB291C3E26045C3BE6A769BDD6B4C83E2F95D53BF0C77EBDFFC6DA3E26045C3BE6A769BDD6B4C83E0C679D3BBA7B91BDE1A47B3E1C36543BE6D9BEBDEE0F3D,
3E0C679D3BBA7B91BDE1A47B3DD0B4183B99F1AEBDD6A8333DCF598A3BEDAA93BDF346133E1C3E753D091C08BD49D1703D9D9E413D10342BBBF7E3D23DEB5C3A3D020E63BD84A16A3E1218DF3CFDE2EFBD87F4DC3E52C8823D07C84BBDABC6223E1C3E753D091C08BD49D1703E74DBE03D11A976BDAD6A9C3E52C8823D07C84BBDABC6223E6609573D0E10CFBDBFAE36,
3E1D61703C6C1C1DBE029BAE3E1C36543BE6D9BEBDEE0F3D3E0BAE473C2A8A83BDFAA4763E0547173C6789E7BE011C6D3E0BAE473C2A8A83BDFAA4763DCF598A3BEDAA93BDF346133E3A786C3D15F56A3D249F513DA35A423D14E8FB3DA5D2073E1C3E753D091C08BD49D1703E1C3E753D091C08BD49D1703DA35A423D14E8FB3DA5D2073D9D9E413D10342BBBF7E3D2,
3DDB480A3C84C0593DDC1BDA3DD7457C3D029F173DBE425B3E0095293D1024703DC110A13E1C36543BE6D9BEBDEE0F3D3E0C679D3BBA7B91BDE1A47B3E0BAE473C2A8A83BDFAA4763E43B0813C0127B3BE125C813E6AC6473C1E518FBE05A4AD3E4148FE3BFF0026BDFB291C3E88A5273D2EAB7A3CBB75213E1C3E753D091C08BD49D1703E8C31593D2E6B83BAE581CF,
3E88A5273D2EAB7A3CBB75213E3A786C3D15F56A3D249F513E1C3E753D091C08BD49D1703E4AB0C93D2830A13E11908E3E77518B3D325B313E0B4AA93E6D92323D3166E03E16B3FF3DC922D93B9680E03E17ED853DD771003BE5BC883E0E6DDF3E03B18E3BF7C2443E1507643E2D712A3CBB645A3E0FBBD83E3028A23D18548B3DFECB323E496FEB3C5FD6953E3FE32A,
3DF067063C3728203DF0CC363E0542A23C8B34E73DE94F6A3E07EE0B3C24BDBA3E0394B83DF067063C3728203DF0CC363DB616F83BF8CEB33E03760C3DB612403C4B35F43DE3DCCF3E1D44133C25CA2A3E2F99803E07EE0B3C24BDBA3E0394B83E29A4163C47EF173E1DC0553E0095293D1024703DC110A13E10346E3D04F3BA3DD6FEB53E0542A23C8B34E73DE94F6A,
3E21D7133D0FA8B53DEAC6CE3E3028A23D18548B3DFECB323E2D712A3CBB645A3E0FBBD83E81E1F43D2CC9213D948DC13E7C90823D2D46F63DC70A813E3A786C3D15F56A3D249F513E0B56B83D1466F53D9BFCEB3E3A786C3D15F56A3D249F513E1FE3F33D18BA413DD9D4523E03B18E3BF7C2443E1507643DD771003BE5BC883E0E6DDF3E07EE0B3C24BDBA3E0394B8,
3E0B56B83D1466F53D9BFCEB3E1FE3F33D18BA413DD9D4523E0095293D1024703DC110A13E03B18E3BF7C2443E1507643E07EE0B3C24BDBA3E0394B83E1D44133C25CA2A3E2F99803E0B56B83D1466F53D9BFCEB3E0095293D1024703DC110A13DD7457C3D029F173DBE425B3E2F748A3D1C193B3DD72DE43E4AB0C93D2830A13E11908E3E3028A23D18548B3DFECB32,
3E07EE0B3C24BDBA3E0394B83DD771003BE5BC883E0E6DDF3DB616F83BF8CEB33E03760C3DDB480A3C84C0593DDC1BDA3DF067063C3728203DF0CC363DB612403C4B35F43DE3DCCF3E6D92323D3166E03E16B3FF3E6F94423D2E72DA3E1D9A523E4AB0C93D2830A13E11908E3E2F748A3D1C193B3DD72DE43E3A786C3D15F56A3D249F513E7C90823D2D46F63DC70A81,
3E1A6D263C998D043E00E62A3E07EE0B3C24BDBA3E0394B83E0542A23C8B34E73DE94F6A3E10346E3D04F3BA3DD6FEB53E1A6D263C998D043E00E62A3E0542A23C8B34E73DE94F6A3E21D7133D0FA8B53DEAC6CE3E1A6D263C998D043E00E62A3E10346E3D04F3BA3DD6FEB53E496FEB3C5FD6953E3FE32A3E3028A23D18548B3DFECB323E54B2743D27E8473E240D4E,
3E752C5A3D2EF4E03DFA3CA73E77518B3D325B313E0B4AA93E4AB0C93D2830A13E11908E3E21D7133D0FA8B53DEAC6CE3E2F748A3D1C193B3DD72DE43E3028A23D18548B3DFECB323E1FE3F33D18BA413DD9D4523E2F748A3D1C193B3DD72DE43E21D7133D0FA8B53DEAC6CE3DA35A423D14E8FB3DA5D2073E3A786C3D15F56A3D249F513E0B56B83D1466F53D9BFCEB,
3E4AB0C93D2830A13E11908E3E6F94423D2E72DA3E1D9A523E54B2743D27E8473E240D4E3E0B56B83D1466F53D9BFCEB3DCD9F903D1299953DB15F893DA35A423D14E8FB3DA5D2073E1FE3F33D18BA413DD9D4523E3A786C3D15F56A3D249F513E2F748A3D1C193B3DD72DE43E2F748A3D1C193B3DD72DE43E752C5A3D2EF4E03DFA3CA73E4AB0C93D2830A13E11908E,
3E496FEB3C5FD6953E3FE32A3E29A4163C47EF173E1DC0553E2D712A3CBB645A3E0FBBD83E3028A23D18548B3DFECB323E4AB0C93D2830A13E11908E3E54B2743D27E8473E240D4E3DF067063C3728203DF0CC363E07EE0B3C24BDBA3E0394B83DB616F83BF8CEB33E03760C3E1C3E753D091C08BD49D1703DA35A423D14E8FB3DA5D2073D9D9E413D10342BBBF7E3D2,
3E0B56B83D1466F53D9BFCEB3DD7457C3D029F173DBE425B3DCD9F903D1299953DB15F893E88A5273D2EAB7A3CBB75213E1C3E753D091C08BD49D1703E8C31593D2E6B83BAE581CF3E3A786C3D15F56A3D249F513DA35A423D14E8FB3DA5D2073E1C3E753D091C08BD49D1703E7C90823D2D46F63DC70A813E752C5A3D2EF4E03DFA3CA73E2F748A3D1C193B3DD72DE4,
3E0542A23C8B34E73DE94F6A3DF067063C3728203DF0CC363DDB480A3C84C0593DDC1BDA3E0542A23C8B34E73DE94F6A3DDB480A3C84C0593DDC1BDA3E0095293D1024703DC110A13E21D7133D0FA8B53DEAC6CE3E2D712A3CBB645A3E0FBBD83E1A6D263C998D043E00E62A3E81E1F43D2CC9213D948DC13E3A786C3D15F56A3D249F513E88A5273D2EAB7A3CBB7521,
3E1A6D263C998D043E00E62A3E2D712A3CBB645A3E0FBBD83E29A4163C47EF173E1DC0553E07EE0B3C24BDBA3E0394B83E1A6D263C998D043E00E62A3E29A4163C47EF173E1DC0553E10346E3D04F3BA3DD6FEB53E1FE3F33D18BA413DD9D4523E21D7133D0FA8B53DEAC6CE3E0095293D1024703DC110A13E1FE3F33D18BA413DD9D4523E10346E3D04F3BA3DD6FEB5,
3E70F4D83D032CA53E301C0D3E5D23923D0F21713E31450F3E6780783D24CD753E275E633E545E4E3D09331A3E8E1A823E5E59293D5918A03E97A69C3E4B302F3D11AB8F3E93B29A3DBD095B3C78E3AC3E52F0E13DC922D93B9680E03E17ED853DF48CB53C1CA18C3E1F587D3E0D6A163CAB38933E7438093DBD095B3C78E3AC3E52F0E13E218C5D3C2E9EE43E69B952,
3E0D6A163CAB38933E7438093E218C5D3C2E9EE43E69B9523E01A3F43CAE642C3E80A84C3DBD095B3C78E3AC3E52F0E13E0D6A163CAB38933E7438093E01A3F43CAE642C3E80A84C3E5119053C8F75533E3E5DE13E61D7DC3C7A09463E445AE63E52CF103C44D65E3E4E48A63DF48CB53C1CA18C3E1F587D3DC922D93B9680E03E17ED853E03B18E3BF7C2443E150764,
3DC922D93B9680E03E17ED853DD771003BE5BC883E0E6DDF3E03B18E3BF7C2443E1507643E6F94423D2E72DA3E1D9A523E6780783D24CD753E275E633E54B2743D27E8473E240D4E3E2D712A3CBB645A3E0FBBD83E3028A23D18548B3DFECB323E496FEB3C5FD6953E3FE32A3DD3D20F3CC42C803E85566D3DE2B94E3C8EDA233E88A5483DC8B5463C5A1A933E8BEA2D,
3E159EE93C50678C3E3A90043E1D44133C25CA2A3E2F99803E27A3123C2EBC413E4B28523E1F340D3C8716093E8FE60C3E12D16C3CA385403E9C9BE93E0144893C6A42293E992C8C3E218C5D3C2E9EE43E69B9523E27A3123C2EBC413E4B28523E52CF103C44D65E3E4E48A63E4AB0C93D2830A13E11908E3E77518B3D325B313E0B4AA93E6D92323D3166E03E16B3FF,
3E6194C03CC400753E3B15B53E70F4D83D032CA53E301C0D3E6F09963CB441BC3E36BB133E47B1C03C76837F3E804EE83E545E4E3D09331A3E8E1A823E478A6E3CF1044F3E8CECEA3E159EE93C50678C3E3A90043DBD095B3C78E3AC3E52F0E13E063ED13C4A70D23E2A2F493E1D44133C25CA2A3E2F99803E159EE93C50678C3E3A90043E063ED13C4A70D23E2A2F49,
3DF48CB53C1CA18C3E1F587D3E1D44133C25CA2A3E2F99803E063ED13C4A70D23E2A2F493DBD095B3C78E3AC3E52F0E13DF48CB53C1CA18C3E1F587D3E063ED13C4A70D23E2A2F493E01A3F43CAE642C3E80A84C3DE2B94E3C8EDA233E88A5483DD3D20F3CC42C803E85566D3DBD095B3C78E3AC3E52F0E13E01A3F43CAE642C3E80A84C3DD3D20F3CC42C803E85566D,
3E218C5D3C2E9EE43E69B9523DBD095B3C78E3AC3E52F0E13E1B480A3C1C779A3E4DF04E3E27A3123C2EBC413E4B28523E218C5D3C2E9EE43E69B9523E1B480A3C1C779A3E4DF04E3E2F71EB3C76D7623E87B8B23E218C5D3C2E9EE43E69B9523E47B1C03C76837F3E804EE83E496FEB3C5FD6953E3FE32A3E5D23923D0F21713E31450F3E5119053C8F75533E3E5DE1,
3E545E4E3D09331A3E8E1A823E47B1C03C76837F3E804EE83E762AA23CEFB0923E8554FC3E1B480A3C1C779A3E4DF04E3DBD095B3C78E3AC3E52F0E13E159EE93C50678C3E3A90043E27A3123C2EBC413E4B28523E1B480A3C1C779A3E4DF04E3E159EE93C50678C3E3A90043E1D44133C25CA2A3E2F99803E07EE0B3C24BDBA3E0394B83E29A4163C47EF173E1DC055,
3E496FEB3C5FD6953E3FE32A3E5119053C8F75533E3E5DE13E52CF103C44D65E3E4E48A63E6A8D653C408B763E510BA63E52CF103C44D65E3E4E48A63E61D7DC3C7A09463E445AE63E70F4D83D032CA53E301C0D3E6194C03CC400753E3B15B53E5D23923D0F21713E31450F3E762AA23CEFB0923E8554FC3E47B1C03C76837F3E804EE83E8675583CA637373E788A48,
3E8675583CA637373E788A483E47B1C03C76837F3E804EE83E89059F3C6D02CD3E6939223DCE09FF3C31F2563E90F16F3DE2B94E3C8EDA233E88A5483DFFF2E53C355EF23E8A90AC3E03B18E3BF7C2443E1507643DD771003BE5BC883E0E6DDF3E07EE0B3C24BDBA3E0394B83E01A3F43CAE642C3E80A84C3E218C5D3C2E9EE43E69B9523E048E8A3C9FADB03E831EC1,
3DFFF2E53C355EF23E8A90AC3E0144893C6A42293E992C8C3DCE09FF3C31F2563E90F16F3E048E8A3C9FADB03E831EC13E218C5D3C2E9EE43E69B9523E12B94E3C3ECEDD3E822B7C3DFFF2E53C355EF23E8A90AC3E048E8A3C9FADB03E831EC13E12B94E3C3ECEDD3E822B7C3E5D23923D0F21713E31450F3E496FEB3C5FD6953E3FE32A3E54B2743D27E8473E240D4E,
3E762AA23CEFB0923E8554FC3E741F213D3009B33E8D2BD43E545E4E3D09331A3E8E1A823E1F340D3C8716093E8FE60C3E0144893C6A42293E992C8C3DFFF2E53C355EF23E8A90AC3E03B18E3BF7C2443E1507643E07EE0B3C24BDBA3E0394B83E1D44133C25CA2A3E2F99803DF48CB53C1CA18C3E1F587D3E03B18E3BF7C2443E1507643E1D44133C25CA2A3E2F9980,
3E6D92323D3166E03E16B3FF3E6F94423D2E72DA3E1D9A523E4AB0C93D2830A13E11908E3E61D7DC3C7A09463E445AE63E5119053C8F75533E3E5DE13E6194C03CC400753E3B15B53DFFF2E53C355EF23E8A90AC3E12B94E3C3ECEDD3E822B7C3E2F71EB3C76D7623E87B8B23E61D7DC3C7A09463E445AE63E6F09963CB441BC3E36BB133E76CDAF3C6646F13E3A3B58,
3E6F09963CB441BC3E36BB133E61D7DC3C7A09463E445AE63E6194C03CC400753E3B15B53E496FEB3C5FD6953E3FE32A3E3028A23D18548B3DFECB323E54B2743D27E8473E240D4E3E47B1C03C76837F3E804EE83E218C5D3C2E9EE43E69B9523E6A8D653C408B763E510BA63E2F71EB3C76D7623E87B8B23E12B94E3C3ECEDD3E822B7C3E218C5D3C2E9EE43E69B952,
3E12D16C3CA385403E9C9BE93E1F340D3C8716093E8FE60C3E35AC473D04A5163E9B27033E545E4E3D09331A3E8E1A823E4B302F3D11AB8F3E93B29A3E478A6E3CF1044F3E8CECEA3DE2B94E3C8EDA233E88A5483E01A3F43CAE642C3E80A84C3E048E8A3C9FADB03E831EC13DFFF2E53C355EF23E8A90AC3DE2B94E3C8EDA233E88A5483E048E8A3C9FADB03E831EC1,
3E47B1C03C76837F3E804EE83E80CF9E3C47C9583E61CF353E89059F3C6D02CD3E6939223DE2B94E3C8EDA233E88A5483DCE09FF3C31F2563E90F16F3DC8B5463C5A1A933E8BEA2D3E27A3123C2EBC413E4B28523E39CD813C3D9CAE3E37D06C3E496FEB3C5FD6953E3FE32A3E52CF103C44D65E3E4E48A63E27A3123C2EBC413E4B28523E496FEB3C5FD6953E3FE32A,
3E6780783D24CD753E275E633E5D23923D0F21713E31450F3E54B2743D27E8473E240D4E3E218C5D3C2E9EE43E69B9523E52CF103C44D65E3E4E48A63E6A8D653C408B763E510BA63E2F71EB3C76D7623E87B8B23E47B1C03C76837F3E804EE83E478A6E3CF1044F3E8CECEA3E6A8D653C408B763E510BA63E80CF9E3C47C9583E61CF353E47B1C03C76837F3E804EE8,
3E741F213D3009B33E8D2BD43E7D02CD3D8217D33E92FC263E5E59293D5918A03E97A69C3E741F213D3009B33E8D2BD43E5E59293D5918A03E97A69C3E545E4E3D09331A3E8E1A823DCE09FF3C31F2563E90F16F3E0144893C6A42293E992C8C3DC0EF133C2BB8803E9558A73E76CDAF3C6646F13E3A3B583E6A8D653C408B763E510BA63E61D7DC3C7A09463E445AE6,
3E35AC473D04A5163E9B27033E1F340D3C8716093E8FE60C3E478A6E3CF1044F3E8CECEA3E4B302F3D11AB8F3E93B29A3E35AC473D04A5163E9B27033E478A6E3CF1044F3E8CECEA3E478A6E3CF1044F3E8CECEA3E1F340D3C8716093E8FE60C3E2F71EB3C76D7623E87B8B23E6194C03CC400753E3B15B53E5119053C8F75533E3E5DE13E5D23923D0F21713E31450F,
3DFFF2E53C355EF23E8A90AC3E2F71EB3C76D7623E87B8B23E1F340D3C8716093E8FE60C3E496FEB3C5FD6953E3FE32A3E29A4163C47EF173E1DC0553E2D712A3CBB645A3E0FBBD83E3028A23D18548B3DFECB323E4AB0C93D2830A13E11908E3E54B2743D27E8473E240D4E3E4AB0C93D2830A13E11908E3E6F94423D2E72DA3E1D9A523E54B2743D27E8473E240D4E,
3E07EE0B3C24BDBA3E0394B83E1A6D263C998D043E00E62A3E29A4163C47EF173E1DC0553E39CD813C3D9CAE3E37D06C3E1D44133C25CA2A3E2F99803E29A4163C47EF173E1DC0553E496FEB3C5FD6953E3FE32A3E39CD813C3D9CAE3E37D06C3E29A4163C47EF173E1DC0553E27A3123C2EBC413E4B28523E1D44133C25CA2A3E2F99803E39CD813C3D9CAE3E37D06C,
3E073DE23D8986773EDD36B53E19578A3D43265B3EC3B7FA3E2B94103D7C74FB3ECB74BC3E4B302F3D11AB8F3E93B29A3E5E59293D5918A03E97A69C3E41A2623D3BAFD93EA393AB3E545E4E3D09331A3E8E1A823E5E59293D5918A03E97A69C3E4B302F3D11AB8F3E93B29A3E1A6D263C998D043E00E62A3E2D712A3CBB645A3E0FBBD83E29A4163C47EF173E1DC055,
3E1F340D3C8716093E8FE60C3E12D16C3CA385403E9C9BE93E0144893C6A42293E992C8C3E5B3E9A3D9FC19C3EA3C18B3E5E59293D5918A03E97A69C3E66106B3D97FD823E9DE3973E41A2623D3BAFD93EA393AB3E5E59293D5918A03E97A69C3E4B04253D6D83C73EA650C63DF307293D41ECD53ECAB8A63DC65E033D5D07423ED3E1003DA64ECF3CE8166A3EB9C68F,
3E671B043E0083993EAFBAED3E7028E53E2F251C3EB79E7C3E61A36E3E21E03F3EBA68903E5024703D8FFEB03EBF0C353E334E333D57D6B63EBF5C293E4301A83D5A2C673EB1D9D33E3674083D9E8F6D3ED613903E3FE79F3DC96B333EDFB6DD3E28B3F63DB6EE743EE4794F3E5FE0053E1E8E613EDE79463E630FD03E01BD1F3ED735C23E6636F43E1D6C723ED779EA,
3E45E1C13DF52C9D3EE5F4C33E59B0EE3DDF23463ED6C2CE3E54790C3E0D4E903EE3A6263DF307293D41ECD53ECAB8A63DCA771D3CD199BB3EB5CA2A3E19578A3D43265B3EC3B7FA3E54790C3E0D4E903EE3A6263E630FD03E01BD1F3ED735C23E5FE0053E1E8E613EDE79463E073DE23D8986773EDD36B53E28C9FB3D8D85593ED482E03E1903213DA3BD5A3EE39629,
3DF307293D41ECD53ECAB8A63DA64ECF3CE8166A3EB9C68F3DCA771D3CD199BB3EB5CA2A3E073DE23D8986773EDD36B53E2B94103D7C74FB3ECB74BC3E28C9FB3D8D85593ED482E03E12D16C3CA385403E9C9BE93E1C9F733D0DE6DE3EB1F6883DB78EE33C8CC1443EAC7A9E3E0144893C6A42293E992C8C3E12D16C3CA385403E9C9BE93DB78EE33C8CC1443EAC7A9E,
3E63471F3E2100A43EC5D4203E6929ED3DF5C7473EC562BF3E5FC1593E1E5FFA3EBCFE9B3E6442853DCADF723EC8114D3E5E4B453DAF78793EBCAA763E663FDD3DD3860A3EC0C2613E19578A3D43265B3EC3B7FA3E1C9F733D0DE6DE3EB1F6883E334E333D57D6B63EBF5C293E5A2E3C3DB84E403EC9D14E3E474FF83DB206423ED326E13E4544353D8D39543EC5592E,
3E19578A3D43265B3EC3B7FA3DCA771D3CD199BB3EB5CA2A3E1C9F733D0DE6DE3EB1F6883E4544353D8D39543EC5592E3E2B94103D7C74FB3ECB74BC3E334E333D57D6B63EBF5C293E073DE23D8986773EDD36B53DF307293D41ECD53ECAB8A63E19578A3D43265B3EC3B7FA3DF307293D41ECD53ECAB8A63E073DE23D8986773EDD36B53DC65E033D5D07423ED3E100,
3DFFF2E53C355EF23E8A90AC3E0144893C6A42293E992C8C3DCE09FF3C31F2563E90F16F3E5A2E3C3DB84E403EC9D14E3E6442853DCADF723EC8114D3E59B0EE3DDF23463ED6C2CE3E474FF83DB206423ED326E13E5A2E3C3DB84E403EC9D14E3E59B0EE3DDF23463ED6C2CE3E474FF83DB206423ED326E13E59B0EE3DDF23463ED6C2CE3E3FE79F3DC96B333EDFB6DD,
3E1F340D3C8716093E8FE60C3E0144893C6A42293E992C8C3DFFF2E53C355EF23E8A90AC3E54790C3E0D4E903EE3A6263E59B0EE3DDF23463ED6C2CE3E630FD03E01BD1F3ED735C23E3674083D9E8F6D3ED613903E28B3F63DB6EE743EE4794F3E28C9FB3D8D85593ED482E03E5024703D8FFEB03EBF0C353E4EB4EA3D85A89C3EB4C35D3E5E4B453DAF78793EBCAA76,
3E5FC1593E1E5FFA3EBCFE9B3E61CC533DEEC4A43EB0E90C3E671B043E0083993EAFBAED3E4544353D8D39543EC5592E3E5024703D8FFEB03EBF0C353E5A2E3C3DB84E403EC9D14E3E0144893C6A42293E992C8C3DB78EE33C8CC1443EAC7A9E3DC0EF133C2BB8803E9558A73E5FC1593E1E5FFA3EBCFE9B3E6929ED3DF5C7473EC562BF3E624BFD3DE3B9AE3EB55736,
3DC65E033D5D07423ED3E1003E073DE23D8986773EDD36B53DB516983D8522643EDE4D7F3E2B94103D7C74FB3ECB74BC3E3674083D9E8F6D3ED613903E28C9FB3D8D85593ED482E03E7D02CD3D8217D33E92FC263E66106B3D97FD823E9DE3973E5E59293D5918A03E97A69C3E630FD03E01BD1F3ED735C23E59B0EE3DDF23463ED6C2CE3E6442853DCADF723EC8114D,
3E41A2623D3BAFD93EA393AB3E4B04253D6D83C73EA650C63E4301A83D5A2C673EB1D9D33E334E333D57D6B63EBF5C293E2B94103D7C74FB3ECB74BC3E19578A3D43265B3EC3B7FA3E4301A83D5A2C673EB1D9D33E2D909F3D093FAF3EA576043E41A2623D3BAFD93EA393AB3E66106B3D97FD823E9DE3973E6E27183DE558643EA79B993E5B3E9A3D9FC19C3EA3C18B,
3E12D16C3CA385403E9C9BE93E1F340D3C8716093E8FE60C3E35AC473D04A5163E9B27033E6E27183DE558643EA79B993E671B043E0083993EAFBAED3E58448D3DAB98853EAA44E93E545E4E3D09331A3E8E1A823E4B302F3D11AB8F3E93B29A3E478A6E3CF1044F3E8CECEA3E474FF83DB206423ED326E13E2B94103D7C74FB3ECB74BC3E4544353D8D39543EC5592E,
3E61A36E3E21E03F3EBA68903E5FC1593E1E5FFA3EBCFE9B3E671B043E0083993EAFBAED3E4EB4EA3D85A89C3EB4C35D3E58448D3DAB98853EAA44E93E5E4B453DAF78793EBCAA763E28C9FB3D8D85593ED482E03E28B3F63DB6EE743EE4794F3E1903213DA3BD5A3EE396293E58448D3DAB98853EAA44E93E671B043E0083993EAFBAED3E61CC533DEEC4A43EB0E90C,
3DCE09FF3C31F2563E90F16F3E0144893C6A42293E992C8C3DC0EF133C2BB8803E9558A73E58448D3DAB98853EAA44E93E61CC533DEEC4A43EB0E90C3E624BFD3DE3B9AE3EB557363E59B0EE3DDF23463ED6C2CE3E45E1C13DF52C9D3EE5F4C33E3FE79F3DC96B333EDFB6DD3E61CC533DEEC4A43EB0E90C3E5FC1593E1E5FFA3EBCFE9B3E624BFD3DE3B9AE3EB55736,
3E4301A83D5A2C673EB1D9D33E4EB4EA3D85A89C3EB4C35D3E5024703D8FFEB03EBF0C353E2D909F3D093FAF3EA576043E4301A83D5A2C673EB1D9D33E334E333D57D6B63EBF5C293E334E333D57D6B63EBF5C293E1C9F733D0DE6DE3EB1F6883E2D909F3D093FAF3EA576043E2D909F3D093FAF3EA576043E1C9F733D0DE6DE3EB1F6883E12D16C3CA385403E9C9BE9,
3E741F213D3009B33E8D2BD43E7D02CD3D8217D33E92FC263E5E59293D5918A03E97A69C3E741F213D3009B33E8D2BD43E5E59293D5918A03E97A69C3E545E4E3D09331A3E8E1A823DCA771D3CD199BB3EB5CA2A3DB78EE33C8CC1443EAC7A9E3E1C9F733D0DE6DE3EB1F6883E474FF83DB206423ED326E13E3674083D9E8F6D3ED613903E2B94103D7C74FB3ECB74BC,
3E4544353D8D39543EC5592E3E334E333D57D6B63EBF5C293E5024703D8FFEB03EBF0C353E58448D3DAB98853EAA44E93E5B3E9A3D9FC19C3EA3C18B3E6E27183DE558643EA79B993E6442853DCADF723EC8114D3E5A2E3C3DB84E403EC9D14E3E5024703D8FFEB03EBF0C353E5E4B453DAF78793EBCAA763E6442853DCADF723EC8114D3E5024703D8FFEB03EBF0C35,
3E5E59293D5918A03E97A69C3E5B3E9A3D9FC19C3EA3C18B3E4B04253D6D83C73EA650C63E41A2623D3BAFD93EA393AB3E35AC473D04A5163E9B27033E4B302F3D11AB8F3E93B29A3E35AC473D04A5163E9B27033E1F340D3C8716093E8FE60C3E478A6E3CF1044F3E8CECEA3E4B302F3D11AB8F3E93B29A3E35AC473D04A5163E9B27033E478A6E3CF1044F3E8CECEA,
3E4EB4EA3D85A89C3EB4C35D3E4B04253D6D83C73EA650C63E58448D3DAB98853EAA44E93E41A2623D3BAFD93EA393AB3E2D909F3D093FAF3EA576043E35AC473D04A5163E9B27033E2D909F3D093FAF3EA576043E12D16C3CA385403E9C9BE93E35AC473D04A5163E9B27033E3FE79F3DC96B333EDFB6DD3E3674083D9E8F6D3ED613903E474FF83DB206423ED326E1,
3E663FDD3DD3860A3EC0C2613E624BFD3DE3B9AE3EB557363E6929ED3DF5C7473EC562BF3E663FDD3DD3860A3EC0C2613E5E4B453DAF78793EBCAA763E624BFD3DE3B9AE3EB557363E4EB4EA3D85A89C3EB4C35D3E4301A83D5A2C673EB1D9D33E4B04253D6D83C73EA650C63E624BFD3DE3B9AE3EB557363E5E4B453DAF78793EBCAA763E58448D3DAB98853EAA44E9,
3E073DE23D8986773EDD36B53E19578A3D43265B3EC3B7FA3E2B94103D7C74FB3ECB74BC3E0C50CE3DCE2F383EF2A4DB3E277D953DCF27BB3EEB38F83E15A7093DEA4C1F3EF77CCC3E1FA4403E1CA3A53EFFB1C03E12F6E83E24113C3F0183A53E20346E3E060E523EFAE05D3E5B3E9A3D9FC19C3EA3C18B3E58448D3DAB98853EAA44E93E4B04253D6D83C73EA650C6,
3E046A5D3DE772503EF95BDD3E07279A3E05E2CE3EFF06B33DD50B953DE868343EFABECF3E3674083D9E8F6D3ED613903E3FE79F3DC96B333EDFB6DD3E28B3F63DB6EE743EE4794F3E5FE0053E1E8E613EDE79463E630FD03E01BD1F3ED735C23E6636F43E1D6C723ED779EA3DAEED033DDA6A443EF79F883DEC7F353DCEC17F3EF45CDD3DD50B953DE868343EFABECF,
3E073DE23D8986773EDD36B53E2B94103D7C74FB3ECB74BC3E28C9FB3D8D85593ED482E03E45E1C13DF52C9D3EE5F4C33E59B0EE3DDF23463ED6C2CE3E54790C3E0D4E903EE3A6263E54790C3E0D4E903EE3A6263E630FD03E01BD1F3ED735C23E5FE0053E1E8E613EDE79463E073DE23D8986773EDD36B53E28C9FB3D8D85593ED482E03E1903213DA3BD5A3EE39629,
3DF519BD3E3008203F038B483E07279A3E05E2CE3EFF06B33E12F6E83E24113C3F0183A53E07279A3E05E2CE3EFF06B33E046A5D3DE772503EF95BDD3E20346E3E060E523EFAE05D3E424D903E0DA76E3EF047B23E4CC5763E218EFC3EEFF4DC3E30BF1A3E14CE3E3EF8B7A23DEC7F353DCEC17F3EF45CDD3DAEED033DDA6A443EF79F883DD1E3223DA544783EE95D92,
3E073DE23D8986773EDD36B53DF307293D41ECD53ECAB8A63E19578A3D43265B3EC3B7FA3DF307293D41ECD53ECAB8A63E073DE23D8986773EDD36B53DC65E033D5D07423ED3E1003E07279A3E05E2CE3EFF06B33E20346E3E060E523EFAE05D3E12F6E83E24113C3F0183A53DD1E3223DA544783EE95D923DB516983D8522643EDE4D7F3E073DE23D8986773EDD36B5,
3E54790C3E0D4E903EE3A6263E59B0EE3DDF23463ED6C2CE3E630FD03E01BD1F3ED735C23E3674083D9E8F6D3ED613903E28B3F63DB6EE743EE4794F3E28C9FB3D8D85593ED482E03E277D953DCF27BB3EEB38F83E20346E3E060E523EFAE05D3E15A7093DEA4C1F3EF77CCC3E474FF83DB206423ED326E13E59B0EE3DDF23463ED6C2CE3E3FE79F3DC96B333EDFB6DD,
3DC65E033D5D07423ED3E1003E073DE23D8986773EDD36B53DB516983D8522643EDE4D7F3E28B3F63DB6EE743EE4794F3E277D953DCF27BB3EEB38F83E1903213DA3BD5A3EE396293DF519BD3E3008203F038B483DAB545C3E34723B3F04575C3DB78D503E0924F23F0073793E1FA4403E1CA3A53EFFB1C03E20346E3E060E523EFAE05D3E30BF1A3E14CE3E3EF8B7A2,
3DD1E3223DA544783EE95D923E0C50CE3DCE2F383EF2A4DB3DEC7F353DCEC17F3EF45CDD3DD1E3223DA544783EE95D923E073DE23D8986773EDD36B53E1903213DA3BD5A3EE396293E0C50CE3DCE2F383EF2A4DB3DD1E3223DA544783EE95D923E1903213DA3BD5A3EE396293E0C50CE3DCE2F383EF2A4DB3E1903213DA3BD5A3EE396293E277D953DCF27BB3EEB38F8,
3E424D903E0DA76E3EF047B23E30BF1A3E14CE3E3EF8B7A23E20346E3E060E523EFAE05D3E277D953DCF27BB3EEB38F83E424D903E0DA76E3EF047B23E20346E3E060E523EFAE05D3E54790C3E0D4E903EE3A6263E5FE0053E1E8E613EDE79463E4CC5763E218EFC3EEFF4DC3E0C50CE3DCE2F383EF2A4DB3E046A5D3DE772503EF95BDD3DEC7F353DCEC17F3EF45CDD,
3E0C50CE3DCE2F383EF2A4DB3E15A7093DEA4C1F3EF77CCC3E046A5D3DE772503EF95BDD3E28B3F63DB6EE743EE4794F3E3FE79F3DC96B333EDFB6DD3E277D953DCF27BB3EEB38F83E3FE79F3DC96B333EDFB6DD3E45E1C13DF52C9D3EE5F4C33E277D953DCF27BB3EEB38F83E45E1C13DF52C9D3EE5F4C33E424D903E0DA76E3EF047B23E277D953DCF27BB3EEB38F8,
3DEC7F353DCEC17F3EF45CDD3E046A5D3DE772503EF95BDD3DD50B953DE868343EFABECF3E15A7093DEA4C1F3EF77CCC3E20346E3E060E523EFAE05D3E046A5D3DE772503EF95BDD3E59B0EE3DDF23463ED6C2CE3E45E1C13DF52C9D3EE5F4C33E3FE79F3DC96B333EDFB6DD3E28C9FB3D8D85593ED482E03E28B3F63DB6EE743EE4794F3E1903213DA3BD5A3EE39629,
3DD50B953DE868343EFABECF3E07279A3E05E2CE3EFF06B33DB78D503E0924F23F0073793E54790C3E0D4E903EE3A6263E4CC5763E218EFC3EEFF4DC3E424D903E0DA76E3EF047B23E45E1C13DF52C9D3EE5F4C33E54790C3E0D4E903EE3A6263E424D903E0DA76E3EF047B23E3FE79F3DC96B333EDFB6DD3E3674083D9E8F6D3ED613903E474FF83DB206423ED326E1,
3DBFC9793E86AD4FBEDBB7743DD4EF463E8F2A5ABEDE3E6C3DF07AF23E85B0DEBEDA3B153E0FF5843E8E2196BEDA96923E24CB5C3E947219BEDD8E653E21815A3E843761BED1D7BA3DB354C13E92CCF7BEE023643DF8B5033E92C0C6BEE0C32B3DD4EF463E8F2A5ABEDE3E6C3E07279A3E05E2CE3EFF06B33DF519BD3E3008203F038B483DB78D503E0924F23F007379,
3E31F7513E897DAFBED3CEC83E24CB5C3E947219BEDD8E653E4317F03E916BFDBED5668C3D9D83843E806F05BED674D13DBFC9793E86AD4FBEDBB7743DE8405B3E7DE3B9BED59C063E0FF5843E8E2196BEDA96923DF07AF23E85B0DEBEDA3B153DD4EF463E8F2A5ABEDE3E6C3DF8B5033E92C0C6BEE0C32B3E0FF5843E8E2196BEDA96923DD4EF463E8F2A5ABEDE3E6C,
3E0018613E543201BEBEAF043E27C0F43E64EA07BEBC60AA3E0EA2903E4CCC03BEB6FB093E24CB5C3E947219BEDD8E653E0FF5843E8E2196BEDA96923DF8B5033E92C0C6BEE0C32B3DF07AF23E85B0DEBEDA3B153DE8405B3E7DE3B9BED59C063DBFC9793E86AD4FBEDBB7743E31F7513E897DAFBED3CEC83E21815A3E843761BED1D7BA3E24CB5C3E947219BEDD8E65,
3DF9DCB53E2C2E34BE9021293DCAF2D83E2540CCBE87CDAB3DCAEAFB3E2D6627BE97F62B3DD0BD013E49B025BEB848BF3DC7F4DC3E56F7E4BEBDD11C3DE558643E6958DABEC7D6303E4535873E5DADB8BEAD3C363E27C0F43E64EA07BEBC60AA3E387CA63E78EB89BEC6CC3E3DE558643E6958DABEC7D6303DE8405B3E7DE3B9BED59C063E387CA63E78EB89BEC6CC3E,
3E06F08D3E83688CBED6DC5D3E387CA63E78EB89BEC6CC3E3DE8405B3E7DE3B9BED59C063DF07AF23E85B0DEBEDA3B153E0FF5843E8E2196BEDA96923E06F08D3E83688CBED6DC5D3E0FF5843E8E2196BEDA96923E24CB5C3E947219BEDD8E653E21815A3E843761BED1D7BA3E17B13A3E3E9D52BEA2921D3E1474543E461E4FBEAEBB343E29C5E73E49DD7FBEA7E825,
3E387CA63E78EB89BEC6CC3E3E27C0F43E64EA07BEBC60AA3E0FEAC43E6BB2FFBEC56B013E0018613E543201BEBEAF043DE558643E6958DABEC7D6303E0FEAC43E6BB2FFBEC56B013DA282413E5F2778BEC48C2E3DE558643E6958DABEC7D6303DC7F4DC3E56F7E4BEBDD11C3E6314013E591EA8BE95BB173E51D68C3E4BE22EBE8DC0333E29C5E73E49DD7FBEA7E825,
3E0FF5843E8E2196BEDA96923E21815A3E843761BED1D7BA3E06F08D3E83688CBED6DC5D3DDDD1A23E3A4DF4BEAB76B43E0EA2903E4CCC03BEB6FB093E1474543E461E4FBEAEBB343E1474543E461E4FBEAEBB343E17B13A3E3E9D52BEA2921D3DF9DCB53E2C2E34BE9021293E29C5E73E49DD7FBEA7E8253E1474543E461E4FBEAEBB343E4535873E5DADB8BEAD3C36,
3DBFC9793E86AD4FBEDBB7743DD4EF463E8F2A5ABEDE3E6C3DF07AF23E85B0DEBEDA3B153E5FFF373E63DD98BEA63CDA3E7885D33E6D71B0BE9C97D93E6314013E591EA8BE95BB173E764D7F3E820EA6BEB48B873E5A6EB93E784BA1BEBAA0A93E69899C3E89A7E3BEC481F53E7885D33E6D71B0BE9C97D93E5FFF373E63DD98BEA63CDA3E764D7F3E820EA6BEB48B87,
3E0FF5843E8E2196BEDA96923DF07AF23E85B0DEBEDA3B153DD4EF463E8F2A5ABEDE3E6C3DF8B5033E92C0C6BEE0C32B3E0FF5843E8E2196BEDA96923DD4EF463E8F2A5ABEDE3E6C3E4D63883E876E3FBECC84303E31F7513E897DAFBED3CEC83E4317F03E916BFDBED5668C3E31F7513E897DAFBED3CEC83E387CA63E78EB89BEC6CC3E3E21815A3E843761BED1D7BA,
3D9D83843E806F05BED674D13DBFC9793E86AD4FBEDBB7743DE8405B3E7DE3B9BED59C063DB942913E6BDA0EBEC9A5873D9D83843E806F05BED674D13DE8405B3E7DE3B9BED59C063DB942913E6BDA0EBEC9A5873DE8405B3E7DE3B9BED59C063DE558643E6958DABEC7D6303E4D63883E876E3FBECC84303E5AEBC43E93CB3EBED045563E69899C3E89A7E3BEC481F5,
3DF9DCB53E2C2E34BE9021293E17B13A3E3E9D52BEA2921D3E17FF583E3352A8BE8C61953E5FFF373E63DD98BEA63CDA3E4535873E5DADB8BEAD3C363E5A6EB93E784BA1BEBAA0A93E5FFF373E63DD98BEA63CDA3E29C5E73E49DD7FBEA7E8253E4535873E5DADB8BEAD3C363DDDD1A23E3A4DF4BEAB76B43DD0BD013E49B025BEB848BF3E0018613E543201BEBEAF04,
3DB942913E6BDA0EBEC9A5873DE558643E6958DABEC7D6303DA282413E5F2778BEC48C2E3E387CA63E78EB89BEC6CC3E3E0FEAC43E6BB2FFBEC56B013DE558643E6958DABEC7D6303E31F7513E897DAFBED3CEC83E24CB5C3E947219BEDD8E653E4317F03E916BFDBED5668C3E5A6EB93E784BA1BEBAA0A93E764D7F3E820EA6BEB48B873E5FFF373E63DD98BEA63CDA,
3DD0BD013E49B025BEB848BF3DE558643E6958DABEC7D6303E0018613E543201BEBEAF043E06F08D3E83688CBED6DC5D3DE8405B3E7DE3B9BED59C063DF07AF23E85B0DEBEDA3B153E387CA63E78EB89BEC6CC3E3E5A6EB93E784BA1BEBAA0A93E4535873E5DADB8BEAD3C363E29C5E73E49DD7FBEA7E8253E5FFF373E63DD98BEA63CDA3E6314013E591EA8BE95BB17,
3DDDD1A23E3A4DF4BEAB76B43E0018613E543201BEBEAF043E0EA2903E4CCC03BEB6FB093E31F7513E897DAFBED3CEC83E21815A3E843761BED1D7BA3E24CB5C3E947219BEDD8E653DDDD1A23E3A4DF4BEAB76B43E1474543E461E4FBEAEBB343DF9DCB53E2C2E34BE9021293DCAEAFB3E2D6627BE97F62B3DDDD1A23E3A4DF4BEAB76B43DF9DCB53E2C2E34BE902129,
3E6F31F43E589C5EBE85AB193E51D68C3E4BE22EBE8DC0333E6314013E591EA8BE95BB173E4D63883E876E3FBECC84303E387CA63E78EB89BEC6CC3E3E31F7513E897DAFBED3CEC83DF07AF23E85B0DEBEDA3B153DE8405B3E7DE3B9BED59C063DBFC9793E86AD4FBEDBB7743E5AEBC43E93CB3EBED045563E4D63883E876E3FBECC84303E4317F03E916BFDBED5668C,
3E17B13A3E3E9D52BEA2921D3E29C5E73E49DD7FBEA7E8253E2AB92C3E3A048EBE8B46DC3E06F08D3E83688CBED6DC5D3E21815A3E843761BED1D7BA3E387CA63E78EB89BEC6CC3E3E27C0F43E64EA07BEBC60AA3E0018613E543201BEBEAF043E0FEAC43E6BB2FFBEC56B013E69899C3E89A7E3BEC481F53E5AEBC43E93CB3EBED045563E6C4E723E98C954BECD9946,
3E51D68C3E4BE22EBE8DC0333E415EC03E401190BE8281BA3E29C5E73E49DD7FBEA7E8253E24CB5C3E947219BEDD8E653E0FF5843E8E2196BEDA96923DF8B5033E92C0C6BEE0C32B3E17FF583E3352A8BE8C61953E17B13A3E3E9D52BEA2921D3E2AB92C3E3A048EBE8B46DC3E29C5E73E49DD7FBEA7E8253E415EC03E401190BE8281BA3E2AB92C3E3A048EBE8B46DC,
3E4535873E5DADB8BEAD3C363E1474543E461E4FBEAEBB343E0EA2903E4CCC03BEB6FB093E5A6EB93E784BA1BEBAA0A93E387CA63E78EB89BEC6CC3E3E4D63883E876E3FBECC84303E0EA2903E4CCC03BEB6FB093E27C0F43E64EA07BEBC60AA3E4535873E5DADB8BEAD3C363E4D63883E876E3FBECC84303E69899C3E89A7E3BEC481F53E5A6EB93E784BA1BEBAA0A9,
3E09F5173E1DAD75BE6FDFC23E0AC7DA3E124CC7BE67B9173DE420F73E1B95E6BE6A0E843E13E20D3E27CA21BE8059643E1E275B3E31F03DBE8B3CE63E240F243E342C80BE85753A3DF9DCB53E2C2E34BE9021293E08537E3E2CB9AABE8A36A03DF8316A3E2545C8BE81E16D3E4C8F323E172431BE6EB67C3E38F7553E1CAEEABE70DD833E40B0AF3E348BEBBE753198,
3DF522213E0DA3C2BE61C0CA3DE2174C3E0BD167BE63482C3DE420F73E1B95E6BE6A0E843E1E275B3E31F03DBE8B3CE63E2AB92C3E3A048EBE8B46DC3E240F243E342C80BE85753A3DB7E3D23E1CEA6CBE79D0EA3DF9DCB53E2C2E34BE9021293DF8316A3E2545C8BE81E16D3E5F97243E253FC0BE6993D53E4C8F323E172431BE6EB67C3E40B0AF3E348BEBBE753198,
3DF9DCB53E2C2E34BE9021293DCAF2D83E2540CCBE87CDAB3DCAEAFB3E2D6627BE97F62B3E1A37EF3E210300BE708AF03E0AC7DA3E124CC7BE67B9173E09F5173E1DAD75BE6FDFC23E66655A3E4789A4BE6BDBA13E50EED03E3E8D97BE738D613E77AA263E5A643DBE724A6B3DC70B8D3E0BD9CBBE6DE69B3DB7E3D23E1CEA6CBE79D0EA3DE420F73E1B95E6BE6A0E84,
3E415EC03E401190BE8281BA3E240F243E342C80BE85753A3E2AB92C3E3A048EBE8B46DC3DF8316A3E2545C8BE81E16D3E08537E3E2CB9AABE8A36A03E13E20D3E27CA21BE8059643DF8316A3E2545C8BE81E16D3E09F5173E1DAD75BE6FDFC23DE420F73E1B95E6BE6A0E843DB7E3D23E1CEA6CBE79D0EA3DF8316A3E2545C8BE81E16D3DE420F73E1B95E6BE6A0E84,
3E240F243E342C80BE85753A3E415EC03E401190BE8281BA3E343AEB3E336C16BE773B863E1A37EF3E210300BE708AF03E240F243E342C80BE85753A3E343AEB3E336C16BE773B863DB7E3D23E1CEA6CBE79D0EA3DCAF2D83E2540CCBE87CDAB3DF9DCB53E2C2E34BE9021293E76655A3E1BE447BE5CB3E53E6A0F0A3E02D98CBE6826AB3E5F97243E253FC0BE6993D5,
3E2144CC3E15F0B3BE6D9F4D3E1AC0C63E06F3F5BE6A5C5F3E0AC7DA3E124CC7BE67B9173E1A37EF3E210300BE708AF03E09F5173E1DAD75BE6FDFC23E13E20D3E27CA21BE8059643E6A2A4E3E339192BE64F82F3E5F97243E253FC0BE6993D53E50EED03E3E8D97BE738D613E1A37EF3E210300BE708AF03E38F7553E1CAEEABE70DD833E2144CC3E15F0B3BE6D9F4D,
3E1474543E461E4FBEAEBB343E17B13A3E3E9D52BEA2921D3DF9DCB53E2C2E34BE9021293E13E20D3E27CA21BE8059643E240F243E342C80BE85753A3E1A37EF3E210300BE708AF03E58F4733E48BB90BE7BB59E3E77AA263E5A643DBE724A6B3E50EED03E3E8D97BE738D613E6314013E591EA8BE95BB173E51D68C3E4BE22EBE8DC0333E29C5E73E49DD7FBEA7E825,
3E5F97243E253FC0BE6993D53E40B0AF3E348BEBBE7531983E50EED03E3E8D97BE738D613E0AC7DA3E124CC7BE67B9173E1A37EF3E210300BE708AF03E2144CC3E15F0B3BE6D9F4D3E38F7553E1CAEEABE70DD833E1A37EF3E210300BE708AF03E343AEB3E336C16BE773B863DC70B8D3E0BD9CBBE6DE69B3DE420F73E1B95E6BE6A0E843DE2174C3E0BD167BE63482C,
3E38F7553E1CAEEABE70DD833E4C8F323E172431BE6EB67C3E42046C3DF653CABE72C27A3E415EC03E401190BE8281BA3E58F4733E48BB90BE7BB59E3E4632C23E3EA52FBE7B3F213E40B0AF3E348BEBBE7531983E415EC03E401190BE8281BA3E4632C23E3EA52FBE7B3F213E13E20D3E27CA21BE8059643E17FF583E3352A8BE8C61953E1E275B3E31F03DBE8B3CE6,
3DE420F73E1B95E6BE6A0E843E0AC7DA3E124CC7BE67B9173DF522213E0DA3C2BE61C0CA3E58F4733E48BB90BE7BB59E3E415EC03E401190BE8281BA3E51D68C3E4BE22EBE8DC0333E51D68C3E4BE22EBE8DC0333E6F31F43E589C5EBE85AB193E58F4733E48BB90BE7BB59E3E343AEB3E336C16BE773B863E415EC03E401190BE8281BA3E40B0AF3E348BEBBE753198,
3E38F7553E1CAEEABE70DD833E343AEB3E336C16BE773B863E40B0AF3E348BEBBE7531983E1E275B3E31F03DBE8B3CE63E17FF583E3352A8BE8C61953E2AB92C3E3A048EBE8B46DC3E08537E3E2CB9AABE8A36A03DF9DCB53E2C2E34BE9021293E17FF583E3352A8BE8C61953E13E20D3E27CA21BE8059643E08537E3E2CB9AABE8A36A03E17FF583E3352A8BE8C6195,
3E4632C23E3EA52FBE7B3F213E50EED03E3E8D97BE738D613E40B0AF3E348BEBBE7531983E4632C23E3EA52FBE7B3F213E58F4733E48BB90BE7BB59E3E50EED03E3E8D97BE738D613DF9DCB53E2C2E34BE9021293E17B13A3E3E9D52BEA2921D3E17FF583E3352A8BE8C61953E09F5173E1DAD75BE6FDFC23DF8316A3E2545C8BE81E16D3E13E20D3E27CA21BE805964,
3DDDD1A23E3A4DF4BEAB76B43E1474543E461E4FBEAEBB343DF9DCB53E2C2E34BE9021293DCAEAFB3E2D6627BE97F62B3DDDD1A23E3A4DF4BEAB76B43DF9DCB53E2C2E34BE9021293E6F31F43E589C5EBE85AB193E77AA263E5A643DBE724A6B3E58F4733E48BB90BE7BB59E3E6A0F0A3E02D98CBE6826AB3E5B88CA3DF31F47BE7127B33E4C8F323E172431BE6EB67C,
3E6F31F43E589C5EBE85AB193E51D68C3E4BE22EBE8DC0333E6314013E591EA8BE95BB173E66655A3E4789A4BE6BDBA13E6A2A4E3E339192BE64F82F3E50EED03E3E8D97BE738D613E0AC7DA3E124CC7BE67B9173E1AC0C63E06F3F5BE6A5C5F3DF522213E0DA3C2BE61C0CA3E1AC0C63E06F3F5BE6A5C5F3E2144CC3E15F0B3BE6D9F4D3E3225FA3DFB2032BE713059,
3E29C5E73E49DD7FBEA7E8253E415EC03E401190BE8281BA3E2AB92C3E3A048EBE8B46DC3E17B13A3E3E9D52BEA2921D3E29C5E73E49DD7FBEA7E8253E2AB92C3E3A048EBE8B46DC3E5B88CA3DF31F47BE7127B33E42046C3DF653CABE72C27A3E4C8F323E172431BE6EB67C3E6A2A4E3E339192BE64F82F3E76655A3E1BE447BE5CB3E53E5F97243E253FC0BE6993D5,
3E4C8F323E172431BE6EB67C3E5F97243E253FC0BE6993D53E6A0F0A3E02D98CBE6826AB3E38F7553E1CAEEABE70DD833E42046C3DF653CABE72C27A3E3225FA3DFB2032BE7130593E51D68C3E4BE22EBE8DC0333E415EC03E401190BE8281BA3E29C5E73E49DD7FBEA7E8253E17FF583E3352A8BE8C61953E17B13A3E3E9D52BEA2921D3E2AB92C3E3A048EBE8B46DC,
3E3552E33E7052933ED26C5D3E2C62E53E80F4733ED18A653E2237043E7EA8973ED81B653E3F04DE3E638C973ED187A53E4065F93E67F8443ECCADBC3E3552E33E7052933ED26C5D3E3552E33E7052933ED26C5D3E35C67E3E7289553ED904B43E3F04DE3E638C973ED187A53E3225FA3DFB2032BE7130593E2144CC3E15F0B3BE6D9F4D3E38F7553E1CAEEABE70DD83,
3E1B1EE23E82F9873ED582343E0A743A3E8B7B293ED702A33E099D453E852D023EDB2D4D3E63471F3E2100A43EC5D4203E5FC1593E1E5FFA3EBCFE9B3E51DDA03E4477FF3EC6F34D3E4065F93E67F8443ECCADBC3E3F04DE3E638C973ED187A53E45E6BC3E57D6F93ECD08923E40B2853E90D8233ECDC2F43E1B0FAE3E88B5033ED45ED53E3DF6123E7B413A3ECD2221,
3E6841EE3E53760C3EC0ADEF3E70F3883E69014B3EBF776C3E542A243E4F71653EC436763E54790C3E0D4E903EE3A6263E630FD03E01BD1F3ED735C23E5FE0053E1E8E613EDE79463E671B043E0083993EAFBAED3E7028E53E2F251C3EB79E7C3E61A36E3E21E03F3EBA68903E5FE0053E1E8E613EDE79463E630FD03E01BD1F3ED735C23E6636F43E1D6C723ED779EA,
3E3552E33E7052933ED26C5D3E4065F93E67F8443ECCADBC3E3DF6123E7B413A3ECD22213E2ECBB83E7E87903EE3F76A3E35C67E3E7289553ED904B43E2237043E7EA8973ED81B653E3DF6123E7B413A3ECD22213E1B0FAE3E88B5033ED45ED53E2C62E53E80F4733ED18A653E099D453E852D023EDB2D4D3E0A743A3E8B7B293ED702A33DEAC0833E8A21863EDB6912,
3E1B1EE23E82F9873ED582343E2C62E53E80F4733ED18A653E1B0FAE3E88B5033ED45ED53E63471F3E2100A43EC5D4203E5AD7D83E3E31943ED0101F3E63E35C3E2FEDE93ED76DFC3DD193F73E8AC92A3EDBA3233DEAC0833E8A21863EDB69123DF052933E8FA2273ED8010C3E5AD7D83E3E31943ED0101F3E63471F3E2100A43EC5D4203E51DDA03E4477FF3EC6F34D,
3E35C67E3E7289553ED904B43E2ECBB83E7E87903EE3F76A3E448E473E67C6B93EDE49B23E5FE0053E1E8E613EDE79463E6636F43E1D6C723ED779EA3E63E35C3E2FEDE93ED76DFC3E63471F3E2100A43EC5D4203E6929ED3DF5C7473EC562BF3E5FC1593E1E5FFA3EBCFE9B3E5FC1593E1E5FFA3EBCFE9B3E5DAA503E3F41AF3EC005C43E51DDA03E4477FF3EC6F34D,
3E2237043E7EA8973ED81B653E35C67E3E7289553ED904B43E3552E33E7052933ED26C5D3DF052933E8FA2273ED8010C3E0A743A3E8B7B293ED702A33E13A0843E9CFEDF3ED666ED3E5FC1593E1E5FFA3EBCFE9B3E61CC533DEEC4A43EB0E90C3E671B043E0083993EAFBAED3E5FC1593E1E5FFA3EBCFE9B3E6929ED3DF5C7473EC562BF3E624BFD3DE3B9AE3EB55736,
3E542A243E4F71653EC436763E5FD9FD3E87485E3EC5147F3E4DE2263E6DF5CF3EC761AA3E4DE2263E6DF5CF3EC761AA3E4065F93E67F8443ECCADBC3E542A243E4F71653EC436763E3DF6123E7B413A3ECD22213E4065F93E67F8443ECCADBC3E4DE2263E6DF5CF3EC761AA3E61A36E3E21E03F3EBA68903E5DAA503E3F41AF3EC005C43E5FC1593E1E5FFA3EBCFE9B,
3E542A243E4F71653EC436763E70F3883E69014B3EBF776C3E5FD9FD3E87485E3EC5147F3E5EEE0F3E3C1B973ED82B843E53C8E23E5134053EE0FD1A3E5869403E4253113EE52F3C3E5AD7D83E3E31943ED0101F3E51DDA03E4477FF3EC6F34D3E5129453E44BA523EC9E2DF3E51DDA03E4477FF3EC6F34D3E542A243E4F71653EC436763E5129453E44BA523EC9E2DF,
3E5EEE0F3E3C1B973ED82B843E63E35C3E2FEDE93ED76DFC3E5AD7D83E3E31943ED0101F3E099D453E852D023EDB2D4D3E1FA8F83E83CC293EE4D9403E2237043E7EA8973ED81B653E1B1EE23E82F9873ED582343E099D453E852D023EDB2D4D3E2237043E7EA8973ED81B653E2237043E7EA8973ED81B653E1FA8F83E83CC293EE4D9403E2ECBB83E7E87903EE3F76A,
3E1B1EE23E82F9873ED582343E1B0FAE3E88B5033ED45ED53E0A743A3E8B7B293ED702A33E5FD9FD3E87485E3EC5147F3E75E8D53E8C9DBF3EBD3E4F3E74EBDD3EA4F2063EBFFBAD3E61593E3EA4A6013EC5BB5A3E5FD9FD3E87485E3EC5147F3E74EBDD3EA4F2063EBFFBAD3E448E473E67C6B93EDE49B23E5AD7D83E3E31943ED0101F3E45E6BC3E57D6F93ECD0892,
3E61A36E3E21E03F3EBA68903E5FC1593E1E5FFA3EBCFE9B3E671B043E0083993EAFBAED3E5DAA503E3F41AF3EC005C43E542A243E4F71653EC436763E51DDA03E4477FF3EC6F34D3E5129453E44BA523EC9E2DF3E542A243E4F71653EC436763E45E6BC3E57D6F93ECD08923E3DF6123E7B413A3ECD22213E2C62E53E80F4733ED18A653E3552E33E7052933ED26C5D,
3E5FD9FD3E87485E3EC5147F3E40B2853E90D8233ECDC2F43E3DF6123E7B413A3ECD22213DF052933E8FA2273ED8010C3DC4F97F3E92C1B13ED836443DAF7B183E8BACF73ED9E0613DD193F73E8AC92A3EDBA3233DF052933E8FA2273ED8010C3DAF7B183E8BACF73ED9E0613E61CC533DEEC4A43EB0E90C3E5FC1593E1E5FFA3EBCFE9B3E624BFD3DE3B9AE3EB55736,
3E45E6BC3E57D6F93ECD08923E5AD7D83E3E31943ED0101F3E5129453E44BA523EC9E2DF3E2237043E7EA8973ED81B653E2C62E53E80F4733ED18A653E1B1EE23E82F9873ED582343E5DAA503E3F41AF3EC005C43E6841EE3E53760C3EC0ADEF3E542A243E4F71653EC436763E4DE2263E6DF5CF3EC761AA3E5FD9FD3E87485E3EC5147F3E3DF6123E7B413A3ECD2221,
3E13A0843E9CFEDF3ED666ED3DC4F97F3E92C1B13ED836443DF052933E8FA2273ED8010C3DEAC0833E8A21863EDB69123E0A743A3E8B7B293ED702A33DF052933E8FA2273ED8010C3E35C67E3E7289553ED904B43E448E473E67C6B93EDE49B23E3F04DE3E638C973ED187A53E3F04DE3E638C973ED187A53E448E473E67C6B93EDE49B23E45E6BC3E57D6F93ECD0892,
3E29335D3E9D05293ED3382E3E1B0FAE3E88B5033ED45ED53E40B2853E90D8233ECDC2F43E7F1AA03E3719F83EB572153E6841EE3E53760C3EC0ADEF3E5DAA503E3F41AF3EC005C43E7028E53E2F251C3EB79E7C3E7F1AA03E3719F83EB572153E5DAA503E3F41AF3EC005C43E61A36E3E21E03F3EBA68903E7028E53E2F251C3EB79E7C3E5DAA503E3F41AF3EC005C4,
3E5EEE0F3E3C1B973ED82B843E5AD7D83E3E31943ED0101F3E448E473E67C6B93EDE49B23E13A0843E9CFEDF3ED666ED3E0A743A3E8B7B293ED702A33E1B0FAE3E88B5033ED45ED53E45E6BC3E57D6F93ECD08923E542A243E4F71653EC436763E4065F93E67F8443ECCADBC3E13A0843E9CFEDF3ED666ED3E1B0FAE3E88B5033ED45ED53E29335D3E9D05293ED3382E,
3E5FE0053E1E8E613EDE79463E63E35C3E2FEDE93ED76DFC3E5DBD733E3007DD3EE0622C3E5FD9FD3E87485E3EC5147F3E61593E3EA4A6013EC5BB5A3E4B42893E99D27C3ECA80D03E5FD9FD3E87485E3EC5147F3E70F3883E69014B3EBF776C3E75E8D53E8C9DBF3EBD3E4F3E53C8E23E5134053EE0FD1A3E5EEE0F3E3C1B973ED82B843E448E473E67C6B93EDE49B2,
3E1FA4403E1CA3A53EFFB1C03E12F6E83E24113C3F0183A53E20346E3E060E523EFAE05D3E4B42893E99D27C3ECA80D03E40B2853E90D8233ECDC2F43E5FD9FD3E87485E3EC5147F3E5869403E4253113EE52F3C3E5DBD733E3007DD3EE0622C3E63E35C3E2FEDE93ED76DFC3E5869403E4253113EE52F3C3E63E35C3E2FEDE93ED76DFC3E5EEE0F3E3C1B973ED82B84,
3E1B1EE23E82F9873ED582343E0A743A3E8B7B293ED702A33E099D453E852D023EDB2D4D3E3D73003E61EFFA3EF59BE53E37D0293E4EDF613EFBFDD63E4CF1C33E48D64D3EF01DC13E3D73003E61EFFA3EF59BE53E34FC613E7502693EF1743F3E2D2C7C3E7555823EF79C203E10114D3E674D163F027FC33E14C0593E759F6F3F007BAB3DE38D1E3E7386903F0357F7,
3DE9B2813E895EC03EE06C663E099D453E852D023EDB2D4D3DEAC0833E8A21863EDB69123E54790C3E0D4E903EE3A6263E630FD03E01BD1F3ED735C23E5FE0053E1E8E613EDE79463DC954223E89EB643EDFDEF83DE9B2813E895EC03EE06C663DEAC0833E8A21863EDB69123E5FE0053E1E8E613EDE79463E630FD03E01BD1F3ED735C23E6636F43E1D6C723ED779EA,
3DF519BD3E3008203F038B483E07279A3E05E2CE3EFF06B33E12F6E83E24113C3F0183A53E424D903E0DA76E3EF047B23E4CC5763E218EFC3EEFF4DC3E30BF1A3E14CE3E3EF8B7A23E34FC613E7502693EF1743F3E2ECBB83E7E87903EE3F76A3E2548243E825ACD3EEE9CAA3E099D453E852D023EDB2D4D3E0A743A3E8B7B293ED702A33DEAC0833E8A21863EDB6912,
3E07279A3E05E2CE3EFF06B33E20346E3E060E523EFAE05D3E12F6E83E24113C3F0183A53DA676A73E732DB23F030A813DF028A23E5A27F23F0474B83DE38D1E3E7386903F0357F73DD193F73E8AC92A3EDBA3233DEAC0833E8A21863EDB69123DF052933E8FA2273ED8010C3E2ECBB83E7E87903EE3F76A3E35C67E3E7289553ED904B43E2237043E7EA8973ED81B65,
3E5FE0053E1E8E613EDE79463E6636F43E1D6C723ED779EA3E63E35C3E2FEDE93ED76DFC3E448E473E67C6B93EDE49B23E40E0653E6B0D523EEA7D463E53C8E23E5134053EE0FD1A3E2ECBB83E7E87903EE3F76A3E40E0653E6B0D523EEA7D463E448E473E67C6B93EDE49B23E5869403E4253113EE52F3C3E50FFDA3E331FCD3EEE52373E5DBD733E3007DD3EE0622C,
3DE38D1E3E7386903F0357F73DDB402D3E80D4353F015E4A3DA676A73E732DB23F030A813DAB545C3E34723B3F04575C3DF028A23E5A27F23F0474B83DB24E163E5542E53F04CB8E3E35C67E3E7289553ED904B43E2ECBB83E7E87903EE3F76A3E448E473E67C6B93EDE49B23E4149843E407D0B3EF7B2463E50FFDA3E331FCD3EEE52373E4CF1C33E48D64D3EF01DC1,
3E1FA4403E1CA3A53EFFB1C03E30BF1A3E14CE3E3EF8B7A23E1EB0B83E34F7EC3F0170823E37D0293E4EDF613EFBFDD63E25D4633E5A261C3F00A1383E1EB0B83E34F7EC3F0170823E1FA4403E1CA3A53EFFB1C03E20346E3E060E523EFAE05D3E30BF1A3E14CE3E3EF8B7A23E4CF1C33E48D64D3EF01DC13E50FFDA3E331FCD3EEE52373E5869403E4253113EE52F3C,
3DF519BD3E3008203F038B483DAB545C3E34723B3F04575C3DB78D503E0924F23F0073793DF028A23E5A27F23F0474B83E0DFB0D3E5938DE3F0337003E10114D3E674D163F027FC33DE38D1E3E7386903F0357F73DF028A23E5A27F23F0474B83E10114D3E674D163F027FC33DEDE6DE3E895A293EF5A1A93DA028E53E82B3683EFFCE533DF298033E857E023EFCB296,
3E40E0653E6B0D523EEA7D463E34FC613E7502693EF1743F3E3D73003E61EFFA3EF59BE53E4B91B43E5714343EEBC83B3E4CF1C33E48D64D3EF01DC13E5869403E4253113EE52F3C3E53C8E23E5134053EE0FD1A3E4B91B43E5714343EEBC83B3E5869403E4253113EE52F3C3E1EB0B83E34F7EC3F0170823E0DFB0D3E5938DE3F0337003DF519BD3E3008203F038B48,
3E4CF1C33E48D64D3EF01DC13E37D0293E4EDF613EFBFDD63E4149843E407D0B3EF7B2463E5EEE0F3E3C1B973ED82B843E53C8E23E5134053EE0FD1A3E5869403E4253113EE52F3C3DF298033E857E023EFCB2963E14C0593E759F6F3F007BAB3E14A9CE3E812C283EFB356E3DD193F73E8AC92A3EDBA3233DC954223E89EB643EDFDEF83DEAC0833E8A21863EDB6912,
3E2548243E825ACD3EEE9CAA3E2ECBB83E7E87903EE3F76A3E1FA8F83E83CC293EE4D9403DA676A73E732DB23F030A813DB24E163E5542E53F04CB8E3DF028A23E5A27F23F0474B83DAFE60C3E890A353EF532613DA028E53E82B3683EFFCE533DEDE6DE3E895A293EF5A1A93E2D2C7C3E7555823EF79C203E128C7A3E8652DF3EF43FC43E14A9CE3E812C283EFB356E,
3E099D453E852D023EDB2D4D3E1FA8F83E83CC293EE4D9403E2237043E7EA8973ED81B653E1B1EE23E82F9873ED582343E099D453E852D023EDB2D4D3E2237043E7EA8973ED81B653E2237043E7EA8973ED81B653E1FA8F83E83CC293EE4D9403E2ECBB83E7E87903EE3F76A3E4CC5763E218EFC3EEFF4DC3E5FE0053E1E8E613EDE79463E5DBD733E3007DD3EE0622C,
3E4149843E407D0B3EF7B2463E30BF1A3E14CE3E3EF8B7A23E4CC5763E218EFC3EEFF4DC3E448E473E67C6B93EDE49B23E5AD7D83E3E31943ED0101F3E45E6BC3E57D6F93ECD08923E0CF2063E8896783EE873BD3E128C7A3E8652DF3EF43FC43E2548243E825ACD3EEE9CAA3DDB402D3E80D4353F015E4A3E14C0593E759F6F3F007BAB3DF298033E857E023EFCB296,
3E3D73003E61EFFA3EF59BE53E4CF1C33E48D64D3EF01DC13E4B91B43E5714343EEBC83B3E40E0653E6B0D523EEA7D463E3D73003E61EFFA3EF59BE53E4B91B43E5714343EEBC83B3E40E0653E6B0D523EEA7D463E2ECBB83E7E87903EE3F76A3E34FC613E7502693EF1743F3E54790C3E0D4E903EE3A6263E5FE0053E1E8E613EDE79463E4CC5763E218EFC3EEFF4DC,
3E2548243E825ACD3EEE9CAA3E2D2C7C3E7555823EF79C203E34FC613E7502693EF1743F3DF298033E857E023EFCB2963E128C7A3E8652DF3EF43FC43DEDE6DE3E895A293EF5A1A93E4149843E407D0B3EF7B2463E4CC5763E218EFC3EEFF4DC3E50FFDA3E331FCD3EEE52373E424D903E0DA76E3EF047B23E30BF1A3E14CE3E3EF8B7A23E20346E3E060E523EFAE05D,
3E0CF2063E8896783EE873BD3E1FA8F83E83CC293EE4D9403E099D453E852D023EDB2D4D3DE9B2813E895EC03EE06C663E0CF2063E8896783EE873BD3E099D453E852D023EDB2D4D3DD193F73E8AC92A3EDBA3233DF052933E8FA2273ED8010C3DAF7B183E8BACF73ED9E0613E14A9CE3E812C283EFB356E3E14C0593E759F6F3F007BAB3E2D2C7C3E7555823EF79C20,
3E35C67E3E7289553ED904B43E448E473E67C6B93EDE49B23E3F04DE3E638C973ED187A53E3F04DE3E638C973ED187A53E448E473E67C6B93EDE49B23E45E6BC3E57D6F93ECD08923E1FA4403E1CA3A53EFFB1C03E1EB0B83E34F7EC3F0170823E12F6E83E24113C3F0183A53DF519BD3E3008203F038B483DF028A23E5A27F23F0474B83DAB545C3E34723B3F04575C,
3E40E0653E6B0D523EEA7D463E4B91B43E5714343EEBC83B3E53C8E23E5134053EE0FD1A3E54790C3E0D4E903EE3A6263E4CC5763E218EFC3EEFF4DC3E424D903E0DA76E3EF047B23DAFE60C3E890A353EF532613DEDE6DE3E895A293EF5A1A93DE018A43E8AF1ED3EEC29E13DEAC0833E8A21863EDB69123E0A743A3E8B7B293ED702A33DF052933E8FA2273ED8010C,
3DE018A43E8AF1ED3EEC29E13DE9B2813E895EC03EE06C663DC954223E89EB643EDFDEF83E2548243E825ACD3EEE9CAA3E128C7A3E8652DF3EF43FC43E2D2C7C3E7555823EF79C203E0CF2063E8896783EE873BD3DE018A43E8AF1ED3EEC29E13DEDE6DE3E895A293EF5A1A93E0CF2063E8896783EE873BD3DEDE6DE3E895A293EF5A1A93E128C7A3E8652DF3EF43FC4,
3E53C8E23E5134053EE0FD1A3E5EEE0F3E3C1B973ED82B843E448E473E67C6B93EDE49B23E5EEE0F3E3C1B973ED82B843E5AD7D83E3E31943ED0101F3E448E473E67C6B93EDE49B23E0CF2063E8896783EE873BD3E2548243E825ACD3EEE9CAA3E1FA8F83E83CC293EE4D9403DE018A43E8AF1ED3EEC29E13E0CF2063E8896783EE873BD3DE9B2813E895EC03EE06C66,
3E25D4633E5A261C3F00A1383E14C0593E759F6F3F007BAB3E10114D3E674D163F027FC33E0DFB0D3E5938DE3F0337003E25D4633E5A261C3F00A1383E10114D3E674D163F027FC33E07279A3E05E2CE3EFF06B33DF519BD3E3008203F038B483DB78D503E0924F23F0073793DDB402D3E80D4353F015E4A3DF298033E857E023EFCB2963DA028E53E82B3683EFFCE53,
3E12F6E83E24113C3F0183A53E1EB0B83E34F7EC3F0170823DF519BD3E3008203F038B483E5869403E4253113EE52F3C3E5DBD733E3007DD3EE0622C3E63E35C3E2FEDE93ED76DFC3E5869403E4253113EE52F3C3E63E35C3E2FEDE93ED76DFC3E5EEE0F3E3C1B973ED82B843E5FE0053E1E8E613EDE79463E63E35C3E2FEDE93ED76DFC3E5DBD733E3007DD3EE0622C,
3E37D0293E4EDF613EFBFDD63E1EB0B83E34F7EC3F0170823E4149843E407D0B3EF7B2463E4149843E407D0B3EF7B2463E1EB0B83E34F7EC3F0170823E30BF1A3E14CE3E3EF8B7A23E25D4633E5A261C3F00A1383E2D2C7C3E7555823EF79C203E14C0593E759F6F3F007BAB3E25D4633E5A261C3F00A1383E0DFB0D3E5938DE3F0337003E1EB0B83E34F7EC3F017082,
3E3D73003E61EFFA3EF59BE53E2D2C7C3E7555823EF79C203E25D4633E5A261C3F00A1383E37D0293E4EDF613EFBFDD63E3D73003E61EFFA3EF59BE53E25D4633E5A261C3F00A1383DF519BD3E3008203F038B483E0DFB0D3E5938DE3F0337003DF028A23E5A27F23F0474B83E128C7A3E8652DF3EF43FC43DF298033E857E023EFCB2963E14A9CE3E812C283EFB356E,
3E2A7DAA3EC8BEF9BEF3E78E3E3D11BE3EBFD1DDBEED39DA3E23D4AE3EBFFEF4BEF3B4F63E5642C03ED2C83FBEE66FD63E6DF82B3EC7B741BEDB55263E54ECEA3EBFC2CABEE4868C3DE38D1E3E7386903F0357F73E14C0593E759F6F3F007BAB3DDB402D3E80D4353F015E4A3E4CC5763E218EFC3EEFF4DC3E5DBD733E3007DD3EE0622C3E50FFDA3E331FCD3EEE5237,
3DDE81453ED363B2BEF7839D3DC2A8003EDC83A9BEF85AB43DFD68C73EE03C8EBEF826CC3E0B47413ED77CCCBEF699853DDE81453ED363B2BEF7839D3DFD68C73EE03C8EBEF826CC3DB354C13E92CCF7BEE023643DF8B5033E92C0C6BEE0C32B3DD4EF463E8F2A5ABEDE3E6C3E3EE1BD3ECA1A50BEEE98353E2A7DAA3EC8BEF9BEF3E78E3E27503C3EDA2878BEF44999,
3E4079E63ED9FBE7BEEDA3C23E4CA7503EE55C53BEE6DD8B3E5642C03ED2C83FBEE66FD63DEF5F4E3EC9055CBEF8B5EE3E1778143ECDBFF0BEF7B56C3E0AE1CE3EBD2807BEF622A33E0FF5843E8E2196BEDA96923E24CB5C3E947219BEDD8E653E21815A3E843761BED1D7BA3E015A4B3EAF2B67BEEE19333E0AE1CE3EBD2807BEF622A33E2864453EB2CA58BEED0FC7,
3E4317F03E916BFDBED5668C3E24CB5C3E947219BEDD8E653E30D0AB3E99B739BEDEFAC63E01DD1A3E9854EFBEE666233DC7AE143E9CD856BEEA5CE63DF691213EA07D4EBEEC727E3E015A4B3EAF2B67BEEE19333DDD859D3EB699E9BEF1B90F3DFC64BB3EB8E9D5BEF439153E2A7DAA3EC8BEF9BEF3E78E3E23D4AE3EBFFEF4BEF3B4F63E1778143ECDBFF0BEF7B56C,
3DEF5F4E3EC9055CBEF8B5EE3E0AE1CE3EBD2807BEF622A33DDB84DC3EC2480FBEF7D7E43E1AD96A3EABC819BEEAD6243E015A4B3EAF2B67BEEE19333E2864453EB2CA58BEED0FC73E1778143ECDBFF0BEF7B56C3E23D4AE3EBFFEF4BEF3B4F63E0AE1CE3EBD2807BEF622A33E73BF723EA549B6BED48BCA3E5B484D3E9E0829BEDA567A3E5B4BF93EA7F23DBEDF5793,
3DFC64BB3EB8E9D5BEF439153E0AE1CE3EBD2807BEF622A33E015A4B3EAF2B67BEEE19333DF8B5033E92C0C6BEE0C32B3E01DD1A3E9854EFBEE666233E24CB5C3E947219BEDD8E653DC0C06A3EAFC009BEEF15623E015A4B3EAF2B67BEEE19333DD2CA583EA3FBBDBEEE39D63DFC64BB3EB8E9D5BEF439153DDB84DC3EC2480FBEF7D7E43E0AE1CE3EBD2807BEF622A3,
3E4317F03E916BFDBED5668C3E30D0AB3E99B739BEDEFAC63E4B5A213E9E9079BEDF8E7E3E13B9F13EA17D8DBEE96BBA3E24CB5C3E947219BEDD8E653E01DD1A3E9854EFBEE666233E1AD96A3EABC819BEEAD6243DF691213EA07D4EBEEC727E3E015A4B3EAF2B67BEEE19333E30EA9E3EADF506BEE7CEB83E4296B33EB5B50FBEE7D6303E3E9E1B3EA51B0DBEE5388B,
3DC7AE143E9CD856BEEA5CE63DD2CA583EA3FBBDBEEE39D63DF691213EA07D4EBEEC727E3E4079E63ED9FBE7BEEDA3C23E3EE1BD3ECA1A50BEEE98353E27503C3EDA2878BEF449993E2864453EB2CA58BEED0FC73E0AE1CE3EBD2807BEF622A33E23D4AE3EBFFEF4BEF3B4F63DEF5F4E3EC9055CBEF8B5EE3DDB84DC3EC2480FBEF7D7E43DBE42E13EC71D82BEF85FAF,
3E30D0AB3E99B739BEDEFAC63E24CB5C3E947219BEDD8E653E25A8DF3EA381F9BEE53B8E3DC0C06A3EAFC009BEEF15623DDD859D3EB699E9BEF1B90F3E015A4B3EAF2B67BEEE19333E25A8DF3EA381F9BEE53B8E3E30EA9E3EADF506BEE7CEB83E3E9E1B3EA51B0DBEE5388B3E30D0AB3E99B739BEDEFAC63E25A8DF3EA381F9BEE53B8E3E3E9E1B3EA51B0DBEE5388B,
3E1AD96A3EABC819BEEAD6243E2864453EB2CA58BEED0FC73E30EA9E3EADF506BEE7CEB83E25A8DF3EA381F9BEE53B8E3E1AD96A3EABC819BEEAD6243E30EA9E3EADF506BEE7CEB83E4CA7503EE55C53BEE6DD8B3E55019F3EFD8B1EBEDA469D3E721FB03ED91C08BED986DB3DF8B5033E92C0C6BEE0C32B3E0FF5843E8E2196BEDA96923DD4EF463E8F2A5ABEDE3E6C,
3DC7AE143E9CD856BEEA5CE63DF8B5033E92C0C6BEE0C32B3DB354C13E92CCF7BEE023643E721FB03ED91C08BED986DB3E6DF82B3EC7B741BEDB55263E5642C03ED2C83FBEE66FD63E4296B33EB5B50FBEE7D6303E30EA9E3EADF506BEE7CEB83E2864453EB2CA58BEED0FC73E59A49C3EB12381BEE1FCB13E3E9E1B3EA51B0DBEE5388B3E4296B33EB5B50FBEE7D630,
3DDB84DC3EC2480FBEF7D7E43DFC64BB3EB8E9D5BEF439153DDD859D3EB699E9BEF1B90F3E27503C3EDA2878BEF449993E1778143ECDBFF0BEF7B56C3E0B47413ED77CCCBEF699853E27503C3EDA2878BEF449993E0B47413ED77CCCBEF699853DFD68C73EE03C8EBEF826CC3E4079E63ED9FBE7BEEDA3C23E5642C03ED2C83FBEE66FD63E3EE1BD3ECA1A50BEEE9835,
3E59A49C3EB12381BEE1FCB13E6DF82B3EC7B741BEDB55263E7EE3D63EB36135BED4D0DD3E5B4BF93EA7F23DBEDF57933E59A49C3EB12381BEE1FCB13E7EE3D63EB36135BED4D0DD3E31F7513E897DAFBED3CEC83E24CB5C3E947219BEDD8E653E4317F03E916BFDBED5668C3E23D4AE3EBFFEF4BEF3B4F63E4296B33EB5B50FBEE7D6303E2864453EB2CA58BEED0FC7,
3E13B9F13EA17D8DBEE96BBA3DF691213EA07D4EBEEC727E3E1AD96A3EABC819BEEAD6243E4317F03E916BFDBED5668C3E4B5A213E9E9079BEDF8E7E3E5B484D3E9E0829BEDA567A3E54ECEA3EBFC2CABEE4868C3E3EE1BD3ECA1A50BEEE98353E5642C03ED2C83FBEE66FD63E59A49C3EB12381BEE1FCB13E54ECEA3EBFC2CABEE4868C3E6DF82B3EC7B741BEDB5526,
3E7EE3D63EB36135BED4D0DD3E73BF723EA549B6BED48BCA3E5B4BF93EA7F23DBEDF57933E5B4BF93EA7F23DBEDF57933E5B484D3E9E0829BEDA567A3E4B5A213E9E9079BEDF8E7E3E3EE1BD3ECA1A50BEEE98353E3D11BE3EBFD1DDBEED39DA3E2A7DAA3EC8BEF9BEF3E78E3E30D0AB3E99B739BEDEFAC63E3E9E1B3EA51B0DBEE5388B3E4B5A213E9E9079BEDF8E7E,
3E01DD1A3E9854EFBEE666233DF691213EA07D4EBEEC727E3E13B9F13EA17D8DBEE96BBA3E4296B33EB5B50FBEE7D6303E23D4AE3EBFFEF4BEF3B4F63E3D11BE3EBFD1DDBEED39DA3E31F7513E897DAFBED3CEC83E21815A3E843761BED1D7BA3E24CB5C3E947219BEDD8E653E13B9F13EA17D8DBEE96BBA3E1AD96A3EABC819BEEAD6243E25A8DF3EA381F9BEE53B8E,
3E54ECEA3EBFC2CABEE4868C3E59A49C3EB12381BEE1FCB13E4296B33EB5B50FBEE7D6303E54ECEA3EBFC2CABEE4868C3E4296B33EB5B50FBEE7D6303E3D11BE3EBFD1DDBEED39DA3E3EE1BD3ECA1A50BEEE98353E54ECEA3EBFC2CABEE4868C3E3D11BE3EBFD1DDBEED39DA3E3E9E1B3EA51B0DBEE5388B3E59A49C3EB12381BEE1FCB13E5B4BF93EA7F23DBEDF5793,
3DDE81453ED363B2BEF7839D3E1778143ECDBFF0BEF7B56C3DEF5F4E3EC9055CBEF8B5EE3E4B5A213E9E9079BEDF8E7E3E3E9E1B3EA51B0DBEE5388B3E5B4BF93EA7F23DBEDF57933E24CB5C3E947219BEDD8E653E0FF5843E8E2196BEDA96923DF8B5033E92C0C6BEE0C32B3DD2CA583EA3FBBDBEEE39D63E015A4B3EAF2B67BEEE19333DF691213EA07D4EBEEC727E,
3E2A7DAA3EC8BEF9BEF3E78E3E1778143ECDBFF0BEF7B56C3E27503C3EDA2878BEF449993E01DD1A3E9854EFBEE666233DF8B5033E92C0C6BEE0C32B3DC7AE143E9CD856BEEA5CE63E5642C03ED2C83FBEE66FD63E4CA7503EE55C53BEE6DD8B3E721FB03ED91C08BED986DB3DDE81453ED363B2BEF7839D3E0B47413ED77CCCBEF699853E1778143ECDBFF0BEF7B56C,
3E4317F03E916BFDBED5668C3E24CB5C3E947219BEDD8E653E30D0AB3E99B739BEDEFAC63E0FF5843E8E2196BEDA96923E24CB5C3E947219BEDD8E653E21815A3E843761BED1D7BA3E25A8DF3EA381F9BEE53B8E3E24CB5C3E947219BEDD8E653E13B9F13EA17D8DBEE96BBA3DBE42E13EC71D82BEF85FAF3DDE81453ED363B2BEF7839D3DEF5F4E3EC9055CBEF8B5EE,
3E4D63883E876E3FBECC84303E31F7513E897DAFBED3CEC83E4317F03E916BFDBED5668C3E4317F03E916BFDBED5668C3E5B484D3E9E0829BEDA567A3E5AEBC43E93CB3EBED045563E4317F03E916BFDBED5668C3E30D0AB3E99B739BEDEFAC63E4B5A213E9E9079BEDF8E7E3E73BF723EA549B6BED48BCA3E5B484D3E9E0829BEDA567A3E5B4BF93EA7F23DBEDF5793,
3E721FB03ED91C08BED986DB3E6DF82B3EC7B741BEDB55263E5642C03ED2C83FBEE66FD63E4D63883E876E3FBECC84303E5AEBC43E93CB3EBED045563E69899C3E89A7E3BEC481F53E4CA7503EE55C53BEE6DD8B3E55019F3EFD8B1EBEDA469D3E721FB03ED91C08BED986DB3DF8B5033E92C0C6BEE0C32B3E0FF5843E8E2196BEDA96923DD4EF463E8F2A5ABEDE3E6C,
3E5B4BF93EA7F23DBEDF57933E59A49C3EB12381BEE1FCB13E7EE3D63EB36135BED4D0DD3E5AEBC43E93CB3EBED045563E5B484D3E9E0829BEDA567A3E6C4E723E98C954BECD99463E31F7513E897DAFBED3CEC83E24CB5C3E947219BEDD8E653E4317F03E916BFDBED5668C3E73BF723EA549B6BED48BCA3E6C4E723E98C954BECD99463E5B484D3E9E0829BEDA567A,
3E7EE3D63EB36135BED4D0DD3E73BF723EA549B6BED48BCA3E5B4BF93EA7F23DBEDF57933E5B4BF93EA7F23DBEDF57933E5B484D3E9E0829BEDA567A3E4B5A213E9E9079BEDF8E7E3E4317F03E916BFDBED5668C3E4B5A213E9E9079BEDF8E7E3E5B484D3E9E0829BEDA567A3E59A49C3EB12381BEE1FCB13E6DF82B3EC7B741BEDB55263E7EE3D63EB36135BED4D0DD,
3E24CB5C3E947219BEDD8E653E0FF5843E8E2196BEDA96923DF8B5033E92C0C6BEE0C32B3E69899C3E89A7E3BEC481F53E5AEBC43E93CB3EBED045563E6C4E723E98C954BECD99463E5AEBC43E93CB3EBED045563E4D63883E876E3FBECC84303E4317F03E916BFDBED5668C3E31F7513E897DAFBED3CEC83E21815A3E843761BED1D7BA3E24CB5C3E947219BEDD8E65,
3E40B2853E90D8233ECDC2F43E1B0FAE3E88B5033ED45ED53E3DF6123E7B413A3ECD22213E1A6EFC3EB88F003ED34F1E3E13A0843E9CFEDF3ED666ED3E2ADABA3EB2F1023ED1F44D3E5642C03ED2C83FBEE66FD63E4CA7503EE55C53BEE6DD8B3E721FB03ED91C08BED986DB3E55019F3EFD8B1EBEDA469D3E7837723EF4DEA0BECBFD933E721FB03ED91C08BED986DB,
3E13A0843E9CFEDF3ED666ED3DE91F2E3ED256153ED15F033D6F049B3EC972EF3ED4FE373E5D2A203EC1198B3EC420923E25568F3ECE95743ECF2CF93E4568623EB200C13ECD3D863E25568F3ECE95743ECF2CF93E5D2A203EC1198B3EC420923E34827B3ED32D0A3ECBD61F3E646C763EB34B513EC4DC873E61593E3EA4A6013EC5BB5A3E74EBDD3EA4F2063EBFFBAD,
3DE91F2E3ED256153ED15F033E1A6EFC3EB88F003ED34F1E3E25568F3ECE95743ECF2CF93E204A733ED888F83ECD05AF3DE91F2E3ED256153ED15F033E25568F3ECE95743ECF2CF93E25568F3ECE95743ECF2CF93E1A6EFC3EB88F003ED34F1E3E2ADABA3EB2F1023ED1F44D3DE91F2E3ED256153ED15F033D6EAE9F3EDAE44B3ED0D79D3D6F049B3EC972EF3ED4FE37,
3E2ADABA3EB2F1023ED1F44D3E13A0843E9CFEDF3ED666ED3E29335D3E9D05293ED3382E3E69F1AE3ED17F413EBE5CF63E34827B3ED32D0A3ECBD61F3E5D2A203EC1198B3EC420923E69F1AE3ED17F413EBE5CF63E724DD33EDA3F8A3EB6BB993E59C94F3EEB506E3EB88F433E646C763EB34B513EC4DC873E5151613EB3F8FD3EC9578A3E61593E3EA4A6013EC5BB5A,
3E7882AE3EBD16FD3EBCC31A3E5D2A203EC1198B3EC420923E646C763EB34B513EC4DC873E204A733ED888F83ECD05AF3E25568F3ECE95743ECF2CF93E34827B3ED32D0A3ECBD61F3E204A733ED888F83ECD05AF3E2AD2DD3EE7503C3EC56C513DE12CF13EF347843EC578813E4568623EB200C13ECD3D863E4B42893E99D27C3ECA80D03E61593E3EA4A6013EC5BB5A,
3E25568F3ECE95743ECF2CF93E2ADABA3EB2F1023ED1F44D3E4568623EB200C13ECD3D863E40B2853E90D8233ECDC2F43E4B42893E99D27C3ECA80D03E4568623EB200C13ECD3D863E29335D3E9D05293ED3382E3E40B2853E90D8233ECDC2F43E4568623EB200C13ECD3D863E7882AE3EBD16FD3EBCC31A3E7D844D3EC7049B3EBA9E2C3E5D2A203EC1198B3EC42092,
3E5D2A203EC1198B3EC420923E4568623EB200C13ECD3D863E5151613EB3F8FD3EC9578A3DDD55E73EE425AF3ECC56933E204A733ED888F83ECD05AF3DE12CF13EF347843EC578813DF052933E8FA2273ED8010C3E0A743A3E8B7B293ED702A33E13A0843E9CFEDF3ED666ED3DA643CC3EA14D943ED7C30D3E13A0843E9CFEDF3ED666ED3D6F049B3EC972EF3ED4FE37,
3E5151613EB3F8FD3EC9578A3E4568623EB200C13ECD3D863E61593E3EA4A6013EC5BB5A3DE91F2E3ED256153ED15F033E204A733ED888F83ECD05AF3DDD55E73EE425AF3ECC56933E5FD9FD3E87485E3EC5147F3E75E8D53E8C9DBF3EBD3E4F3E74EBDD3EA4F2063EBFFBAD3E61593E3EA4A6013EC5BB5A3E5FD9FD3E87485E3EC5147F3E74EBDD3EA4F2063EBFFBAD,
3E5FD9FD3E87485E3EC5147F3E40B2853E90D8233ECDC2F43E3DF6123E7B413A3ECD22213DF052933E8FA2273ED8010C3DC4F97F3E92C1B13ED836443DAF7B183E8BACF73ED9E0613E4AE5793EE401A33EBFED633E34827B3ED32D0A3ECBD61F3E69F1AE3ED17F413EBE5CF63E5151613EB3F8FD3EC9578A3E646C763EB34B513EC4DC873E5D2A203EC1198B3EC42092,
3E29335D3E9D05293ED3382E3E1B0FAE3E88B5033ED45ED53E40B2853E90D8233ECDC2F43DE91F2E3ED256153ED15F033DA752DB3EE0C47A3ECEA2D33D6EAE9F3EDAE44B3ED0D79D3E13A0843E9CFEDF3ED666ED3DC4F97F3E92C1B13ED836443DF052933E8FA2273ED8010C3E34827B3ED32D0A3ECBD61F3E2AD2DD3EE7503C3EC56C513E204A733ED888F83ECD05AF,
3E2AD2DD3EE7503C3EC56C513E34827B3ED32D0A3ECBD61F3E4AE5793EE401A33EBFED633DC4F97F3E92C1B13ED836443E13A0843E9CFEDF3ED666ED3DA643CC3EA14D943ED7C30D3E13A0843E9CFEDF3ED666ED3E0A743A3E8B7B293ED702A33E1B0FAE3E88B5033ED45ED53E13A0843E9CFEDF3ED666ED3E1B0FAE3E88B5033ED45ED53E29335D3E9D05293ED3382E,
3E4B42893E99D27C3ECA80D03E40B2853E90D8233ECDC2F43E5FD9FD3E87485E3EC5147F3E69F1AE3ED17F413EBE5CF63E59C94F3EEB506E3EB88F433E4AE5793EE401A33EBFED633E5D2A203EC1198B3EC420923E7D844D3EC7049B3EBA9E2C3E69F1AE3ED17F413EBE5CF63E5FD9FD3E87485E3EC5147F3E61593E3EA4A6013EC5BB5A3E4B42893E99D27C3ECA80D0,
3E3EE1BD3ECA1A50BEEE98353E2A7DAA3EC8BEF9BEF3E78E3E27503C3EDA2878BEF449993E2ADABA3EB2F1023ED1F44D3E29335D3E9D05293ED3382E3E4568623EB200C13ECD3D863E1A6EFC3EB88F003ED34F1E3DE91F2E3ED256153ED15F033E13A0843E9CFEDF3ED666ED3DE91F2E3ED256153ED15F033DDD55E73EE425AF3ECC56933DA752DB3EE0C47A3ECEA2D3,
3E0B47413ED77CCCBEF699853DDE81453ED363B2BEF7839D3DFD68C73EE03C8EBEF826CC3E30AC7E3EF93DB8BEE7316E3E04916D3EF8F063BEEED3D83E35FAA93EFEABBDBEE4E78A3DE1D6D03EEEFCDFBEF4F11B3E04916D3EF8F063BEEED3D83E1220FF3EEA602DBEF4213A3E106D943F0A08D1BEFE6B613E056CD73F043EA7BEF0B7C33DDD6E053F081A26BEFCA7F8,
3E55757D3F149279BF00A0C33E497E993F10535DBEFDE13B3E4CD3173F16F7A1BF0134483E0248D83EFEAE7DBEEDA1663DDA921D3EFEC52ABEEE2A803E05E6BC3F01AA1DBEED9EA53E27C3503F06B607BEEF11513E106D943F0A08D1BEFE6B613E23EEE53F0D3C04BF0054153DDE81453ED363B2BEF7839D3DC2A8003EDC83A9BEF85AB43DFD68C73EE03C8EBEF826CC,
3E55019F3EFD8B1EBEDA469D3E4CA7503EE55C53BEE6DD8B3E40A3513EF68D76BEE4CA4F3E4121AB3F0485B2BEE5F15A3E4C6D1E3F09E636BEF1F5173E54AE433F075E85BEEB3EBC3E497E993F10535DBEFDE13B3E55757D3F149279BF00A0C33E64F54D3F0ED730BF0024923E4079E63ED9FBE7BEEDA3C23E4CA7503EE55C53BEE6DD8B3E5642C03ED2C83FBEE66FD6,
3E717E783F0792C0BEF49D173E65FAEC3F04E68EBEE3E63F3E54AE433F075E85BEEB3EBC3E705BC03F09B003BEFA38973E717E783F0792C0BEF49D173E4C6D1E3F09E636BEF1F5173E719FC33F02D8B2BEDA5A043E65AEA33F018F2EBED775FB3E53DB7F3F042BE9BEDF223A3DDA921D3EFEC52ABEEE2A803E0248D83EFEAE7DBEEDA1663E04916D3EF8F063BEEED3D8,
3E55019F3EFD8B1EBEDA469D3E35FAA93EFEABBDBEE4E78A3E4C219F3F019E41BEDD8DDE3E65AEA33F018F2EBED775FB3E55019F3EFD8B1EBEDA469D3E4C219F3F019E41BEDD8DDE3E4CA7503EE55C53BEE6DD8B3E4079E63ED9FBE7BEEDA3C23E30203E3EEAAAC1BEEE69493E23EEE53F0D3C04BF0054153E2FC0D33F10D691BF01E0933E4083123F0C852BBEF9B691,
3E106D943F0A08D1BEFE6B613E0797033F0BB203BF0108703E23EEE53F0D3C04BF0054153E4C6D1E3F09E636BEF1F5173E4EEF1C3F0D30BEBEFA6C7F3E705BC03F09B003BEFA38973E4121AB3F0485B2BEE5F15A3E05E6BC3F01AA1DBEED9EA53E056CD73F043EA7BEF0B7C33E55019F3EFD8B1EBEDA469D3E40A3513EF68D76BEE4CA4F3E35FAA93EFEABBDBEE4E78A,
3E4079E63ED9FBE7BEEDA3C23E3EE1BD3ECA1A50BEEE98353E27503C3EDA2878BEF449993E30AC7E3EF93DB8BEE7316E3E40A3513EF68D76BEE4CA4F3E30203E3EEAAAC1BEEE69493E155B8A3F16543FBF0464DC3E2F023F3F175E0FBF041D3B3E155DA23F10B392BF0301B83E155DA23F10B392BF0301B83E2F023F3F175E0FBF041D3B3E2FC0D33F10D691BF01E093,
3E53DB7F3F042BE9BEDF223A3E65FAEC3F04E68EBEE3E63F3E719FC33F02D8B2BEDA5A043E0797033F0BB203BF0108703E106D943F0A08D1BEFE6B613DDD6E053F081A26BEFCA7F83DCF74473F040A9EBEF1205C3DDD6E053F081A26BEFCA7F83E056CD73F043EA7BEF0B7C33E05E6BC3F01AA1DBEED9EA53DCF74473F040A9EBEF1205C3E056CD73F043EA7BEF0B7C3,
3E4CA7503EE55C53BEE6DD8B3E55019F3EFD8B1EBEDA469D3E721FB03ED91C08BED986DB3E23EEE53F0D3C04BF0054153E155DA23F10B392BF0301B83E2FC0D33F10D691BF01E0933DFD68C73EE03C8EBEF826CC3E1220FF3EEA602DBEF4213A3E27503C3EDA2878BEF449993E4C6D1E3F09E636BEF1F5173E27C3503F06B607BEEF11513E4083123F0C852BBEF9B691,
3E64F54D3F0ED730BF0024923E4EEF1C3F0D30BEBEFA6C7F3E497E993F10535DBEFDE13B3DC2A8003EDC83A9BEF85AB43DE1D6D03EEEFCDFBEF4F11B3DFD68C73EE03C8EBEF826CC3E106D943F0A08D1BEFE6B613E27C3503F06B607BEEF11513E056CD73F043EA7BEF0B7C33E4EEF1C3F0D30BEBEFA6C7F3E64F54D3F0ED730BF0024923E705BC03F09B003BEFA3897,
3E27C3503F06B607BEEF11513E4C6D1E3F09E636BEF1F5173E4121AB3F0485B2BEE5F15A3E4079E63ED9FBE7BEEDA3C23E5642C03ED2C83FBEE66FD63E3EE1BD3ECA1A50BEEE98353E30AC7E3EF93DB8BEE7316E3E30203E3EEAAAC1BEEE69493E1220FF3EEA602DBEF4213A3E04916D3EF8F063BEEED3D83E30AC7E3EF93DB8BEE7316E3E1220FF3EEA602DBEF4213A,
3E27503C3EDA2878BEF449993E1778143ECDBFF0BEF7B56C3E0B47413ED77CCCBEF699853E27503C3EDA2878BEF449993E0B47413ED77CCCBEF699853DFD68C73EE03C8EBEF826CC3E23EEE53F0D3C04BF0054153E0797033F0BB203BF0108703E155DA23F10B392BF0301B83E155B8A3F16543FBF0464DC3E155DA23F10B392BF0301B83DE109D03F139DD4BF03979A,
3E4C219F3F019E41BEDD8DDE3E35FAA93EFEABBDBEE4E78A3E3435F03F01A73BBEE5A9653E4121AB3F0485B2BEE5F15A3E4C219F3F019E41BEDD8DDE3E3435F03F01A73BBEE5A9653E4C6D1E3F09E636BEF1F5173E717E783F0792C0BEF49D173E54AE433F075E85BEEB3EBC3E4CD3173F16F7A1BF0134483E497E993F10535DBEFDE13B3E2FC0D33F10D691BF01E093,
3E4079E63ED9FBE7BEEDA3C23E27503C3EDA2878BEF449993E30203E3EEAAAC1BEEE69493E4C219F3F019E41BEDD8DDE3E4121AB3F0485B2BEE5F15A3E53DB7F3F042BE9BEDF223A3E05E6BC3F01AA1DBEED9EA53DDA921D3EFEC52ABEEE2A803DC3CB813F0195ABBEEDB7283DCF74473F040A9EBEF1205C3E05E6BC3F01AA1DBEED9EA53DC3CB813F0195ABBEEDB728,
3E155DA23F10B392BF0301B83E0797033F0BB203BF0108703DDCC9643F0C15D3BF0139973DE109D03F139DD4BF03979A3E155DA23F10B392BF0301B83DDCC9643F0C15D3BF0139973E30203E3EEAAAC1BEEE69493E40A3513EF68D76BEE4CA4F3E4CA7503EE55C53BEE6DD8B3E54AE433F075E85BEEB3EBC3E65FAEC3F04E68EBEE3E63F3E53DB7F3F042BE9BEDF223A,
3E35FAA93EFEABBDBEE4E78A3E05E6BC3F01AA1DBEED9EA53E3435F03F01A73BBEE5A9653E4121AB3F0485B2BEE5F15A3E54AE433F075E85BEEB3EBC3E53DB7F3F042BE9BEDF223A3E65AEA33F018F2EBED775FB3E4C219F3F019E41BEDD8DDE3E53DB7F3F042BE9BEDF223A3E4083123F0C852BBEF9B6913E4EEF1C3F0D30BEBEFA6C7F3E4C6D1E3F09E636BEF1F517,
3E4083123F0C852BBEF9B6913E2FC0D33F10D691BF01E0933E497E993F10535DBEFDE13B3E0248D83EFEAE7DBEEDA1663E05E6BC3F01AA1DBEED9EA53E35FAA93EFEABBDBEE4E78A3E04916D3EF8F063BEEED3D83E0248D83EFEAE7DBEEDA1663E35FAA93EFEABBDBEE4E78A3E05E6BC3F01AA1DBEED9EA53E4121AB3F0485B2BEE5F15A3E3435F03F01A73BBEE5A965,
3DFD68C73EE03C8EBEF826CC3DE1D6D03EEEFCDFBEF4F11B3E1220FF3EEA602DBEF4213A3E056CD73F043EA7BEF0B7C33E27C3503F06B607BEEF11513E4121AB3F0485B2BEE5F15A3E4083123F0C852BBEF9B6913E497E993F10535DBEFDE13B3E4EEF1C3F0D30BEBEFA6C7F3E4083123F0C852BBEF9B6913E27C3503F06B607BEEF11513E23EEE53F0D3C04BF005415,
3E40A3513EF68D76BEE4CA4F3E30AC7E3EF93DB8BEE7316E3E35FAA93EFEABBDBEE4E78A3E64F54D3F0ED730BF0024923E55757D3F149279BF00A0C33E7458043F11DCB5BF01C11E3E27503C3EDA2878BEF449993E1220FF3EEA602DBEF4213A3E30203E3EEAAAC1BEEE69493DE1D6D03EEEFCDFBEF4F11B3DDA921D3EFEC52ABEEE2A803E04916D3EF8F063BEEED3D8,
3E55019F3EFD8B1EBEDA469D3E4CA7503EE55C53BEE6DD8B3E40A3513EF68D76BEE4CA4F3E2A7DAA3EC8BEF9BEF3E78E3E1778143ECDBFF0BEF7B56C3E27503C3EDA2878BEF449993E0797033F0BB203BF0108703DDD6E053F081A26BEFCA7F83DDCC9643F0C15D3BF0139973E5642C03ED2C83FBEE66FD63E4CA7503EE55C53BEE6DD8B3E721FB03ED91C08BED986DB,
3E55019F3EFD8B1EBEDA469D3E40A3513EF68D76BEE4CA4F3E35FAA93EFEABBDBEE4E78A3E55019F3EFD8B1EBEDA469D3E35FAA93EFEABBDBEE4E78A3E4C219F3F019E41BEDD8DDE3E65AEA33F018F2EBED775FB3E55019F3EFD8B1EBEDA469D3E4C219F3F019E41BEDD8DDE3E719FC33F02D8B2BEDA5A043E65AEA33F018F2EBED775FB3E53DB7F3F042BE9BEDF223A,
3E4CA7503EE55C53BEE6DD8B3E55019F3EFD8B1EBEDA469D3E721FB03ED91C08BED986DB3E53DB7F3F042BE9BEDF223A3E65FAEC3F04E68EBEE3E63F3E719FC33F02D8B2BEDA5A043E55019F3EFD8B1EBEDA469D3E65AEA33F018F2EBED775FB3E6758E23EFDD1E5BED39A9E3E55019F3EFD8B1EBEDA469D3E6758E23EFDD1E5BED39A9E3E7837723EF4DEA0BECBFD93,
3E5B2D4D3F1298EEBE23860A3E76B8B73F0A0232BE1902153E71244A3F0C1A26BE2897203E5642C03ED2C83FBEE66FD63E4CA7503EE55C53BEE6DD8B3E721FB03ED91C08BED986DB3E55019F3EFD8B1EBEDA469D3E7837723EF4DEA0BECBFD933E721FB03ED91C08BED986DB3E65AEA33F018F2EBED775FB3E4C219F3F019E41BEDD8DDE3E53DB7F3F042BE9BEDF223A,
3E75CC423F0F3BC9BE79A4DF3E5DC2F43F12642CBE59131F3E6AEFB33F0EA36ABE6741D13E75CC423F0F3BC9BE79A4DF3E66CCE63F15C800BE5E69F03E5DC2F43F12642CBE59131F3E71244A3F0C1A26BE2897203E7B68CF3F086AF4BE4CB07D3E5B2D4D3F1298EEBE23860A3E64095F3F0E8D43BE4DBB9D3E5B2D4D3F1298EEBE23860A3E7B68CF3F086AF4BE4CB07D,
3E5DC2F43F12642CBE59131F3E64095F3F0E8D43BE4DBB9D3E6565803F0E9BAEBE587AD13E5E51D23F11B164BE17A2CF3E6958973F0C5261BE05989E3E76B8B73F0A0232BE1902153E5B2D4D3F1298EEBE23860A3E64095F3F0E8D43BE4DBB9D3E45B35B3F158DCEBE44E0983E45B35B3F158DCEBE44E0983E64095F3F0E8D43BE4DBB9D3E57631B3F1278E2BE5419A0,
3E6958973F0C5261BE05989E3E5E51D23F11B164BE17A2CF3E61EEEE3F0FF67FBDDBDF093E5DC2F43F12642CBE59131F3E6565803F0E9BAEBE587AD13E6AEFB33F0EA36ABE6741D13E76B8B73F0A0232BE1902153E5B2D4D3F1298EEBE23860A3E5E51D23F11B164BE17A2CF3E64095F3F0E8D43BE4DBB9D3E5DC2F43F12642CBE59131F3E57631B3F1278E2BE5419A0,
3E70724B3F0BF983BDC28ED63E6958973F0C5261BE05989E3E61EEEE3F0FF67FBDDBDF093E61B79E3F12BBEDBD56A26E3E7024703F0C9DD0BD73A57F3E6409A23F0FB667BD8FCE743E61EEEE3F0FF67FBDDBDF093E56E7603F121CEFBDAF14553E70724B3F0BF983BDC28ED63E5E51D23F11B164BE17A2CF3E4E0DAA3F1713BEBE10192A3E61EEEE3F0FF67FBDDBDF09,
3E61B79E3F12BBEDBD56A26E3E6409A23F0FB667BD8FCE743E56E7603F121CEFBDAF14553E512A0F3F1385C6BDC949A53E56E7603F121CEFBDAF14553E61EEEE3F0FF67FBDDBDF093E4E0DAA3F1713BEBE10192A3E512A0F3F1385C6BDC949A53E61EEEE3F0FF67FBDDBDF093E5E51D23F11B164BE17A2CF3E6958973F0C5261BE05989E3E76B8B73F0A0232BE190215,
3E5E51D23F11B164BE17A2CF3E4E0DAA3F1713BEBE10192A3E61EEEE3F0FF67FBDDBDF093E6958973F0C5261BE05989E3E5E51D23F11B164BE17A2CF3E61EEEE3F0FF67FBDDBDF093E70724B3F0BF983BDC28ED63E56E7603F121CEFBDAF14553E6409A23F0FB667BD8FCE743E7024703F0C9DD0BD73A57F3E61B79E3F12BBEDBD56A26E3E71040C3F10DB6ABD245804,
3E5E264E3F102CA13E909C3D3E73DC053F0BE6C53E8AFE823E653BD13F1497533E8462E53E5E264E3F102CA13E909C3D3E6B677F3F09D4633E999AA63E73DC053F0BE6C53E8AFE823E653BD13F1497533E8462E53E5529BB3F17C5CE3E84FC613E5E264E3F102CA13E909C3D3E4698783F14215C3E9305963E5E264E3F102CA13E909C3D3E5529BB3F17C5CE3E84FC61,
3E3656AC3F1779853E90C5873E31D6493F123F573E9F296F3E4342243F0FB1AF3E9FBEDB3E4698783F14215C3E9305963E3656AC3F1779853E90C5873E4342243F0FB1AF3E9FBEDB3E5E264E3F102CA13E909C3D3E4698783F14215C3E9305963E5A03C53F0E61073E98BB0A3E6B677F3F09D4633E999AA63E5E264E3F102CA13E909C3D3E5A03C53F0E61073E98BB0A,
3DE91F2E3ED256153ED15F033D6EAE9F3EDAE44B3ED0D79D3D6F049B3EC972EF3ED4FE373E4698783F14215C3E9305963E5E264E3F102CA13E909C3D3E5529BB3F17C5CE3E84FC613E0855113F0C28C33EADC3593D965A9B3F0ED5F13EAA788E3E00B7803F063F8A3EB68C8B3E21AA3F3EF8B1BC3EBFEBF23E367CF23EF79AD03EBDE99F3E2450AD3F02F5BA3EB852B5,
3E00B7803F063F8A3EB68C8B3DB05A713F03587D3EBB6AE83DA4B76F3EFA456F3EC35F5F3E724DD33EDA3F8A3EB6BB993E749E883EE69EA13EB15A6C3E59C94F3EEB506E3EB88F433E69F1AE3ED17F413EBE5CF63E724DD33EDA3F8A3EB6BB993E59C94F3EEB506E3EB88F433E2AD2DD3EE7503C3EC56C513E367CF23EF79AD03EBDE99F3E21AA3F3EF8B1BC3EBFEBF2,
3E204A733ED888F83ECD05AF3E2AD2DD3EE7503C3EC56C513DE12CF13EF347843EC578813E43AD193F049A133EB0D34A3E2B7AA23F0B8BF03EAC723B3E2450AD3F02F5BA3EB852B53E2B7AA23F0B8BF03EAC723B3E31D6493F123F573E9F296F3E26655A3F13E6823E9DA46A3E2AD2DD3EE7503C3EC56C513E47B17D3EF3A7113EBBBAFE3E367CF23EF79AD03EBDE99F,
3E43AD193F049A133EB0D34A3E5F86A13F088E043EA1EF313E4342243F0FB1AF3E9FBEDB3E061A1E3F114F593EA4BF4D3E2B7AA23F0B8BF03EAC723B3E26655A3F13E6823E9DA46A3E749E883EE69EA13EB15A6C3E7B3B753EF50C5F3EA55B8A3E47B17D3EF3A7113EBBBAFE3E0855113F0C28C33EADC3593E2450AD3F02F5BA3EB852B53E2B7AA23F0B8BF03EAC723B,
3DDD55E73EE425AF3ECC56933E204A733ED888F83ECD05AF3DE12CF13EF347843EC578813DE12CF13EF347843EC578813DFCF7013F001B003EBE8E823DA4B76F3EFA456F3EC35F5F3E7B3B753EF50C5F3EA55B8A3E7515CF3F02772D3E9FF1523E47B17D3EF3A7113EBBBAFE3E5E264E3F102CA13E909C3D3E6B677F3F09D4633E999AA63E73DC053F0BE6C53E8AFE82,
3E5F86A13F088E043EA1EF313E43AD193F049A133EB0D34A3E7515CF3F02772D3E9FF1523E5A03C53F0E61073E98BB0A3E5F86A13F088E043EA1EF313E6B677F3F09D4633E999AA63E4AE5793EE401A33EBFED633E34827B3ED32D0A3ECBD61F3E69F1AE3ED17F413EBE5CF63DE91F2E3ED256153ED15F033E204A733ED888F83ECD05AF3DDD55E73EE425AF3ECC5693,
3DE91F2E3ED256153ED15F033DA752DB3EE0C47A3ECEA2D33D6EAE9F3EDAE44B3ED0D79D3E34827B3ED32D0A3ECBD61F3E2AD2DD3EE7503C3EC56C513E204A733ED888F83ECD05AF3E21AA3F3EF8B1BC3EBFEBF23DFCF7013F001B003EBE8E823DE12CF13EF347843EC578813E2450AD3F02F5BA3EB852B53E367CF23EF79AD03EBDE99F3E43AD193F049A133EB0D34A,
3E4AE5793EE401A33EBFED633E47B17D3EF3A7113EBBBAFE3E2AD2DD3EE7503C3EC56C513E061A1E3F114F593EA4BF4D3D9108813F12BAF13EA324A73D965A9B3F0ED5F13EAA788E3E061A1E3F114F593EA4BF4D3D965A9B3F0ED5F13EAA788E3E0855113F0C28C33EADC3593E2B7AA23F0B8BF03EAC723B3E061A1E3F114F593EA4BF4D3E0855113F0C28C33EADC359,
3E00B7803F063F8A3EB68C8B3DA4B76F3EFA456F3EC35F5F3DFCF7013F001B003EBE8E823E47B17D3EF3A7113EBBBAFE3E7515CF3F02772D3E9FF1523E43AD193F049A133EB0D34A3E4AE5793EE401A33EBFED633E59C94F3EEB506E3EB88F433E47B17D3EF3A7113EBBBAFE3E6B677F3F09D4633E999AA63E5E264E3F102CA13E909C3D3E5A03C53F0E61073E98BB0A,
3E7515CF3F02772D3E9FF1523E6B677F3F09D4633E999AA63E5F86A13F088E043EA1EF313E21AA3F3EF8B1BC3EBFEBF23DE12CF13EF347843EC578813E2AD2DD3EE7503C3EC56C513E2AD2DD3EE7503C3EC56C513E34827B3ED32D0A3ECBD61F3E4AE5793EE401A33EBFED633DFCF7013F001B003EBE8E823E2450AD3F02F5BA3EB852B53E00B7803F063F8A3EB68C8B,
3E4342243F0FB1AF3E9FBEDB3E2B7AA23F0B8BF03EAC723B3E43AD193F049A133EB0D34A3E59C94F3EEB506E3EB88F433E749E883EE69EA13EB15A6C3E47B17D3EF3A7113EBBBAFE3E69F1AE3ED17F413EBE5CF63E59C94F3EEB506E3EB88F433E4AE5793EE401A33EBFED633E2450AD3F02F5BA3EB852B53E0855113F0C28C33EADC3593E00B7803F063F8A3EB68C8B,
3E5E264E3F102CA13E909C3D3E4698783F14215C3E9305963E5A03C53F0E61073E98BB0A3E2B7AA23F0B8BF03EAC723B3E4342243F0FB1AF3E9FBEDB3E31D6493F123F573E9F296F3DE91F2E3ED256153ED15F033DDD55E73EE425AF3ECC56933DA752DB3EE0C47A3ECEA2D33E00B7803F063F8A3EB68C8B3D965A9B3F0ED5F13EAA788E3DB05A713F03587D3EBB6AE8,
3E4698783F14215C3E9305963E3656AC3F1779853E90C5873E4342243F0FB1AF3E9FBEDB3E43AD193F049A133EB0D34A3E367CF23EF79AD03EBDE99F3E47B17D3EF3A7113EBBBAFE3E5A03C53F0E61073E98BB0A3E4342243F0FB1AF3E9FBEDB3E5F86A13F088E043EA1EF313E4698783F14215C3E9305963E4342243F0FB1AF3E9FBEDB3E5A03C53F0E61073E98BB0A,
3DEB83063F347D5FBEFAD2DD3DCE6C8F3F30942DBEF941C83DD2C0623F37B491BEF84DFD3DFADFB53F1FF844BF0380FE3E0FB8F53F1B1AC1BF04D4893DF02CD43F17A4B5BF04142F3DFCF7013F001B003EBE8E823E21AA3F3EF8B1BC3EBFEBF23E2450AD3F02F5BA3EB852B53E3656AC3F1779853E90C5873E31D6493F123F573E9F296F3E4342243F0FB1AF3E9FBEDB,
3DE109D03F139DD4BF03979A3DF02CD43F17A4B5BF04142F3E155B8A3F16543FBF0464DC3DFADFB53F1FF844BF0380FE3E017DF23F296BBABF0090823E0F1FDE3F27BCE4BF01E8603E58AEB83F1CABB4BF00FE153E4CD3173F16F7A1BF0134483E5027523F200725BF0147173E17A3553F352C7CBEFC2A883E111E003F2DCFDDBEFC25293E05870E3F33967DBEFC419A,
3E55757D3F149279BF00A0C33E497E993F10535DBEFDE13B3E4CD3173F16F7A1BF0134483DFADFB53F1FF844BF0380FE3E0F1FDE3F27BCE4BF01E8603E23048A3F2024E6BF03F5943E6FA7A83F29F634BEF95A293E543E533F2D934FBEF7CF813E6C54373F3281CBBEF8A47F3E5888723F3A6EA8BEF852F83E6C54373F3281CBBEF8A47F3E55BC453F373D9FBEF80C74,
3E292DDC3F30C250BEF909073E2BB3C83F36D656BEF953BD3E369DF93F35A0CFBEF8A9DF3DEB83063F347D5FBEFAD2DD3DE565803F3868ECBEFD07423E05870E3F33967DBEFC419A3E497E993F10535DBEFDE13B3E55757D3F149279BF00A0C33E64F54D3F0ED730BF0024923E6578A33F17924BBF0162073E7458043F11DCB5BF01C11E3E55757D3F149279BF00A0C3,
3E30D8CB3F27A3CABF00D76B3E543E533F2D934FBEF7CF813E413B9F3F249E88BF0117613E23EEE53F0D3C04BF0054153E2FC0D33F10D691BF01E0933E4083123F0C852BBEF9B6913E111E003F2DCFDDBEFC25293E2A5D6C3F2E4B55BEF9E7103E30D8CB3F27A3CABF00D76B3E2A5D6C3F2E4B55BEF9E7103E111E003F2DCFDDBEFC25293E292DDC3F30C250BEF90907,
3E2F023F3F175E0FBF041D3B3E4CD3173F16F7A1BF0134483E2FC0D33F10D691BF01E0933E155DA23F10B392BF0301B83E2F023F3F175E0FBF041D3B3E2FC0D33F10D691BF01E0933E5DEBD93F2753F8BEFCDAD33E6FA7A83F29F634BEF95A293E66262D3F2261E1BEFFA4E83E4CD3173F16F7A1BF0134483E6578A33F17924BBF0162073E55757D3F149279BF00A0C3,
3DEA89FC3F2E09ABBEFBD0E13DAA44C83F2CAB3FBEFBA1F53DCE6C8F3F30942DBEF941C83E292DDC3F30C250BEF909073E3AC3EB3F31DA16BEF5B4463E2A5D6C3F2E4B55BEF9E7103E2F023F3F175E0FBF041D3B3E155B8A3F16543FBF0464DC3E0FB8F53F1B1AC1BF04D4893E23048A3F2024E6BF03F5943E2F023F3F175E0FBF041D3B3E0FB8F53F1B1AC1BF04D489,
3E413B9F3F249E88BF0117613E66262D3F2261E1BEFFA4E83E5027523F200725BF0147173E05870E3F33967DBEFC419A3DE565803F3868ECBEFD07423DFAE70C3F3B089ABEFFFBAD3E155B8A3F16543FBF0464DC3E2F023F3F175E0FBF041D3B3E155DA23F10B392BF0301B83E017DF23F296BBABF0090823DC4DB163F27939ABF00E0B93DEA89FC3F2E09ABBEFBD0E1,
3E23048A3F2024E6BF03F5943E0F1FDE3F27BCE4BF01E8603E30D8CB3F27A3CABF00D76B3E23EEE53F0D3C04BF0054153E155DA23F10B392BF0301B83E2FC0D33F10D691BF01E0933E369DF93F35A0CFBEF8A9DF3E40AAA83F3A9E6FBEFCFE583E4C3A003F3335A0BEF628ED3E292DDC3F30C250BEF909073E111E003F2DCFDDBEFC25293E17A3553F352C7CBEFC2A88,
3E05870E3F33967DBEFC419A3DFAE70C3F3B089ABEFFFBAD3E16073E3F3860AABEFE6D593E4805603F2FAA69BEF5FB0D3E543E533F2D934FBEF7CF813E2A5D6C3F2E4B55BEF9E7103E3AC3EB3F31DA16BEF5B4463E4805603F2FAA69BEF5FB0D3E2A5D6C3F2E4B55BEF9E7103DC578E63F211C3BBF02425B3DC4DB163F27939ABF00E0B93E017DF23F296BBABF009082,
3E155B8A3F16543FBF0464DC3E155DA23F10B392BF0301B83DE109D03F139DD4BF03979A3E292DDC3F30C250BEF909073E369DF93F35A0CFBEF8A9DF3E3AC3EB3F31DA16BEF5B4463E737E2C3F36E771BEF7AE143E6C54373F3281CBBEF8A47F3E5888723F3A6EA8BEF852F83DE565803F3868ECBEFD07423DEB83063F347D5FBEFAD2DD3DD2C0623F37B491BEF84DFD,
3E6C54373F3281CBBEF8A47F3E543E533F2D934FBEF7CF813E4805603F2FAA69BEF5FB0D3E4C3A003F3335A0BEF628ED3E6C54373F3281CBBEF8A47F3E4805603F2FAA69BEF5FB0D3E4CD3173F16F7A1BF0134483E497E993F10535DBEFDE13B3E2FC0D33F10D691BF01E0933E5027523F200725BF0147173E4CD3173F16F7A1BF0134483E2F023F3F175E0FBF041D3B,
3E111E003F2DCFDDBEFC25293E0F1FDE3F27BCE4BF01E8603E017DF23F296BBABF0090823E2BB3C83F36D656BEF953BD3E292DDC3F30C250BEF909073E17A3553F352C7CBEFC2A883DF02CD43F17A4B5BF04142F3DC578E63F211C3BBF02425B3DFADFB53F1FF844BF0380FE3E58AEB83F1CABB4BF00FE153E6578A33F17924BBF0162073E4CD3173F16F7A1BF013448,
3DEA89FC3F2E09ABBEFBD0E13E05870E3F33967DBEFC419A3E111E003F2DCFDDBEFC25293E017DF23F296BBABF0090823DEA89FC3F2E09ABBEFBD0E13E111E003F2DCFDDBEFC25293E05870E3F33967DBEFC419A3E16073E3F3860AABEFE6D593E17A3553F352C7CBEFC2A883E40AAA83F3A9E6FBEFCFE583E55BC453F373D9FBEF80C743E4C3A003F3335A0BEF628ED,
3DEA89FC3F2E09ABBEFBD0E13DC4DB163F27939ABF00E0B93DAA44C83F2CAB3FBEFBA1F53E30D8CB3F27A3CABF00D76B3E2A5D6C3F2E4B55BEF9E7103E543E533F2D934FBEF7CF813E111E003F2DCFDDBEFC25293E30D8CB3F27A3CABF00D76B3E0F1FDE3F27BCE4BF01E8603DE109D03F139DD4BF03979A3E155DA23F10B392BF0301B83DDCC9643F0C15D3BF013997,
3E5DEBD93F2753F8BEFCDAD33E543E533F2D934FBEF7CF813E6FA7A83F29F634BEF95A293E3AC3EB3F31DA16BEF5B4463E369DF93F35A0CFBEF8A9DF3E4C3A003F3335A0BEF628ED3E4805603F2FAA69BEF5FB0D3E3AC3EB3F31DA16BEF5B4463E4C3A003F3335A0BEF628ED3E4083123F0C852BBEF9B6913E2FC0D33F10D691BF01E0933E497E993F10535DBEFDE13B,
3E66262D3F2261E1BEFFA4E83E6578A33F17924BBF0162073E58AEB83F1CABB4BF00FE153E5027523F200725BF0147173E66262D3F2261E1BEFFA4E83E58AEB83F1CABB4BF00FE153E5DEBD93F2753F8BEFCDAD33E66262D3F2261E1BEFFA4E83E413B9F3F249E88BF0117613E543E533F2D934FBEF7CF813E5DEBD93F2753F8BEFCDAD33E413B9F3F249E88BF011761,
3E6C54373F3281CBBEF8A47F3E4C3A003F3335A0BEF628ED3E55BC453F373D9FBEF80C743DFADFB53F1FF844BF0380FE3DC578E63F211C3BBF02425B3E017DF23F296BBABF0090823E413B9F3F249E88BF0117613E5027523F200725BF0147173E23048A3F2024E6BF03F5943E30D8CB3F27A3CABF00D76B3E413B9F3F249E88BF0117613E23048A3F2024E6BF03F594,
3E23048A3F2024E6BF03F5943E5027523F200725BF0147173E2F023F3F175E0FBF041D3B3E64F54D3F0ED730BF0024923E55757D3F149279BF00A0C33E7458043F11DCB5BF01C11E3D88B6523F19E7DABF00F14E3DC578E63F211C3BBF02425B3DF02CD43F17A4B5BF04142F3DE109D03F139DD4BF03979A3D88B6523F19E7DABF00F14E3DF02CD43F17A4B5BF04142F,
3E0FB8F53F1B1AC1BF04D4893E155B8A3F16543FBF0464DC3DF02CD43F17A4B5BF04142F3E23048A3F2024E6BF03F5943E0FB8F53F1B1AC1BF04D4893DFADFB53F1FF844BF0380FE3E05870E3F33967DBEFC419A3DEA89FC3F2E09ABBEFBD0E13DCE6C8F3F30942DBEF941C83DEB83063F347D5FBEFAD2DD3E05870E3F33967DBEFC419A3DCE6C8F3F30942DBEF941C8,
3E6ADC903F24FF43BE6BF76A3E5AEC073F2823EABE64B9CB3E5238973F2365EDBE58726D3E5B2D4D3F1298EEBE23860A3E76B8B73F0A0232BE1902153E71244A3F0C1A26BE2897203E328ED63F34B76FBE728F5C3E1A415F3F305650BE5F21B43E4704BC3F3257C9BE759DDC3E3F84CB3F3CE161BE7C9FF93E328ED63F34B76FBE728F5C3E4704BC3F3257C9BE759DDC,
3E64095F3F0E8D43BE4DBB9D3E5B2D4D3F1298EEBE23860A3E7B68CF3F086AF4BE4CB07D3E1A415F3F305650BE5F21B43E328ED63F34B76FBE728F5C3E19EBA73F39D1E5BE72E83A3DDBF1633F21E00DBE1E67943E06E04C3F201398BE08DCDB3E0629D83F201B54BE2A3CA73E50C0AD3F15E2BDBE5595FF3E36E6543F1D6788BE472A7C3E4092473F1775FBBE47179C,
3E50F8C63F1C28A2BE523AB03E36E6543F1D6788BE472A7C3E50C0AD3F15E2BDBE5595FF3E328ED63F34B76FBE728F5C3E1C35CE3F401A69BE76AC643E19EBA73F39D1E5BE72E83A3E4E0DAA3F1713BEBE10192A3E5E51D23F11B164BE17A2CF3E5B2D4D3F1298EEBE23860A3E71244A3F0C1A26BE2897203E7B68CF3F086AF4BE4CB07D3E5B2D4D3F1298EEBE23860A,
3DC8533B3F28D185BE43DD553DEC74323F23963ABE37EC783DDFC0903F2F8583BE53AD9F3E4E0DAA3F1713BEBE10192A3E5B2D4D3F1298EEBE23860A3E42567A3F19479DBE17D49D3E2340923F1BF8ECBE34F4C73E1BBB1F3F1E312FBE1902583E3E87903F17910CBE3331E43DBEF2843F24FBCABE37D0F23DE216C63F227BD5BE2FADF33DEC74323F23963ABE37EC78,
3E75CC423F0F3BC9BE79A4DF3E66CCE63F15C800BE5E69F03E5DC2F43F12642CBE59131F3E2B91713F1D49B6BE406D503E16045C3F1DE83EBE3801F73E2340923F1BF8ECBE34F4C73E17952D3F2AC509BE4E820E3DEC74323F23963ABE37EC783E138C973F250D9DBE407D4E3DEC74323F23963ABE37EC783E17952D3F2AC509BE4E820E3E04CD753F32F588BE5E8E61,
3E75CC423F0F3BC9BE79A4DF3E5DC2F43F12642CBE59131F3E6AEFB33F0EA36ABE6741D13E50C0AD3F15E2BDBE5595FF3E66CCE63F15C800BE5E69F03E67B2CC3F1BAB75BE621EA33E3F84CB3F3CE161BE7C9FF93E4704BC3F3257C9BE759DDC3E504B7F3F390AEEBE814CEC3E5AEC073F2823EABE64B9CB3E3AFB3B3F2CBD12BE5F51263E4359BC3F257785BE5385C6,
3E0629D83F201B54BE2A3CA73DE216C63F227BD5BE2FADF33DDBF1633F21E00DBE1E67943E5AEC073F2823EABE64B9CB3E4359BC3F257785BE5385C63E5238973F2365EDBE58726D3E5238973F2365EDBE58726D3E4359BC3F257785BE5385C63E36E6543F1D6788BE472A7C3E5238973F2365EDBE58726D3E36E6543F1D6788BE472A7C3E50F8C63F1C28A2BE523AB0,
3E3E87903F17910CBE3331E43E5B2D4D3F1298EEBE23860A3E45B35B3F158DCEBE44E0983E50C0AD3F15E2BDBE5595FF3E57631B3F1278E2BE5419A03E5DC2F43F12642CBE59131F3E45B35B3F158DCEBE44E0983E64095F3F0E8D43BE4DBB9D3E57631B3F1278E2BE5419A03E12BCF93F1FAF53BE3BFF8B3E0B499D3F20DDC6BE37CA643E0629D83F201B54BE2A3CA7,
3E328ED63F34B76FBE728F5C3E3F84CB3F3CE161BE7C9FF93E1C35CE3F401A69BE76AC643DEC74323F23963ABE37EC783E04CD753F32F588BE5E8E613DDFC0903F2F8583BE53AD9F3E42567A3F19479DBE17D49D3E252EB63F1D2C8CBE0CD6C33E3B99913F1962E1BDF6F32C3E5F6C273F33DB3CBE8489D23E5CE5713F384A94BE86F9983E504B7F3F390AEEBE814CEC,
3DBEF2843F24FBCABE37D0F23DEC74323F23963ABE37EC783DC8533B3F28D185BE43DD553E2A8C9C3F211B93BE45CEE13E2B91713F1D49B6BE406D503E36E6543F1D6788BE472A7C3E6121683F1EFE0DBE5CAEA73E50F8C63F1C28A2BE523AB03E67B2CC3F1BAB75BE621EA33E5B2D4D3F1298EEBE23860A3E64095F3F0E8D43BE4DBB9D3E45B35B3F158DCEBE44E098,
3E5E51D23F11B164BE17A2CF3E6958973F0C5261BE05989E3E76B8B73F0A0232BE1902153E138C973F250D9DBE407D4E3E0B499D3F20DDC6BE37CA643E12BCF93F1FAF53BE3BFF8B3E2A8C9C3F211B93BE45CEE13E138C973F250D9DBE407D4E3E12BCF93F1FAF53BE3BFF8B3E67B2CC3F1BAB75BE621EA33E50F8C63F1C28A2BE523AB03E50C0AD3F15E2BDBE5595FF,
3E42567A3F19479DBE17D49D3E3E87903F17910CBE3331E43E1BBB1F3F1E312FBE1902583DCDE54B3F21972DBE08EEF23E06E04C3F201398BE08DCDB3DDBF1633F21E00DBE1E67943E1BBB1F3F1E312FBE1902583E2340923F1BF8ECBE34F4C73E0629D83F201B54BE2A3CA73E5DC2F43F12642CBE59131F3E64095F3F0E8D43BE4DBB9D3E6565803F0E9BAEBE587AD1,
3E1A415F3F305650BE5F21B43E19EBA73F39D1E5BE72E83A3E04CD753F32F588BE5E8E613E5F6C273F33DB3CBE8489D23E685BE23F325786BE8919263E6E321A3F380DC3BE9088D73E19EBA73F39D1E5BE72E83A3DF7CE533F3B7803BE68CA3E3E04CD753F32F588BE5E8E613DE216C63F227BD5BE2FADF33E0629D83F201B54BE2A3CA73E0B499D3F20DDC6BE37CA64,
3E3AFB3B3F2CBD12BE5F51263E1A415F3F305650BE5F21B43E17952D3F2AC509BE4E820E3E138C973F250D9DBE407D4E3E3AFB3B3F2CBD12BE5F51263E17952D3F2AC509BE4E820E3E42567A3F19479DBE17D49D3E5B2D4D3F1298EEBE23860A3E3E87903F17910CBE3331E43E3B99913F1962E1BDF6F32C3E4E0DAA3F1713BEBE10192A3E42567A3F19479DBE17D49D,
3E2A8C9C3F211B93BE45CEE13E16045C3F1DE83EBE3801F73E2B91713F1D49B6BE406D503E16045C3F1DE83EBE3801F73E12BCF93F1FAF53BE3BFF8B3E0629D83F201B54BE2A3CA73E53EEA23F2FCA64BE7564B63E6B79533F2D43AFBE8194C03E685BE23F325786BE8919263E5F6C273F33DB3CBE8489D23E4704BC3F3257C9BE759DDC3E53EEA23F2FCA64BE7564B6,
3E6ADC903F24FF43BE6BF76A3E6121683F1EFE0DBE5CAEA73E6EAC433F20850ABE692C493E45B35B3F158DCEBE44E0983E57631B3F1278E2BE5419A03E50C0AD3F15E2BDBE5595FF3E4092473F1775FBBE47179C3E45B35B3F158DCEBE44E0983E50C0AD3F15E2BDBE5595FF3E64095F3F0E8D43BE4DBB9D3E5DC2F43F12642CBE59131F3E57631B3F1278E2BE5419A0,
3E66CCE63F15C800BE5E69F03E50C0AD3F15E2BDBE5595FF3E5DC2F43F12642CBE59131F3E04CD753F32F588BE5E8E613E17952D3F2AC509BE4E820E3E1A415F3F305650BE5F21B43E1BBB1F3F1E312FBE1902583E06E04C3F201398BE08DCDB3E252EB63F1D2C8CBE0CD6C33E1BBB1F3F1E312FBE1902583E0629D83F201B54BE2A3CA73E06E04C3F201398BE08DCDB,
3E76B8B73F0A0232BE1902153E5B2D4D3F1298EEBE23860A3E5E51D23F11B164BE17A2CF3E3AFB3B3F2CBD12BE5F51263E4704BC3F3257C9BE759DDC3E1A415F3F305650BE5F21B43E2A8C9C3F211B93BE45CEE13E4359BC3F257785BE5385C63E138C973F250D9DBE407D4E3E138C973F250D9DBE407D4E3E4359BC3F257785BE5385C63E3AFB3B3F2CBD12BE5F5126,
3E0629D83F201B54BE2A3CA73E2340923F1BF8ECBE34F4C73E16045C3F1DE83EBE3801F73E53EEA23F2FCA64BE7564B63E3AFB3B3F2CBD12BE5F51263E5AEC073F2823EABE64B9CB3E2340923F1BF8ECBE34F4C73E3E87903F17910CBE3331E43E4092473F1775FBBE47179C3E4092473F1775FBBE47179C3E3E87903F17910CBE3331E43E45B35B3F158DCEBE44E098,
3E2B91713F1D49B6BE406D503E2340923F1BF8ECBE34F4C73E4092473F1775FBBE47179C3E36E6543F1D6788BE472A7C3E2B91713F1D49B6BE406D503E4092473F1775FBBE47179C3DEC74323F23963ABE37EC783E0B499D3F20DDC6BE37CA643E138C973F250D9DBE407D4E3E5DC2F43F12642CBE59131F3E6565803F0E9BAEBE587AD13E6AEFB33F0EA36ABE6741D1,
3E3AFB3B3F2CBD12BE5F51263E53EEA23F2FCA64BE7564B63E4704BC3F3257C9BE759DDC3E6B79533F2D43AFBE8194C03E53EEA23F2FCA64BE7564B63E5AEC073F2823EABE64B9CB3E6ADC903F24FF43BE6BF76A3E6B79533F2D43AFBE8194C03E5AEC073F2823EABE64B9CB3E42567A3F19479DBE17D49D3E1BBB1F3F1E312FBE1902583E252EB63F1D2C8CBE0CD6C3,
3E5F6C273F33DB3CBE8489D23E504B7F3F390AEEBE814CEC3E4704BC3F3257C9BE759DDC3E685BE23F325786BE8919263E5F6C273F33DB3CBE8489D23E53EEA23F2FCA64BE7564B63E5238973F2365EDBE58726D3E50F8C63F1C28A2BE523AB03E6121683F1EFE0DBE5CAEA73E5238973F2365EDBE58726D3E6121683F1EFE0DBE5CAEA73E6ADC903F24FF43BE6BF76A,
3DE216C63F227BD5BE2FADF33E0B499D3F20DDC6BE37CA643DEC74323F23963ABE37EC783E2A8C9C3F211B93BE45CEE13E12BCF93F1FAF53BE3BFF8B3E16045C3F1DE83EBE3801F73DA3C2123F38E7DEBE5D57BC3DC419A03F3311A5BE57F3CF3E04CD753F32F588BE5E8E613DF7CE533F3B7803BE68CA3E3DA3C2123F38E7DEBE5D57BC3E04CD753F32F588BE5E8E61,
3E5E51D23F11B164BE17A2CF3E4E0DAA3F1713BEBE10192A3E61EEEE3F0FF67FBDDBDF093E6958973F0C5261BE05989E3E5E51D23F11B164BE17A2CF3E61EEEE3F0FF67FBDDBDF093E4359BC3F257785BE5385C63E2A8C9C3F211B93BE45CEE13E36E6543F1D6788BE472A7C3E5F6C273F33DB3CBE8489D23E6E321A3F380DC3BE9088D73E5CE5713F384A94BE86F998,
3E61EEEE3F0FF67FBDDBDF093E56E7603F121CEFBDAF14553E70724B3F0BF983BDC28ED63E51B4BB3F19E9F2BC1795B33E6279143F1AE46D3CA539753E6C55863F169B073AF16F443E67B2CC3F1BAB75BE621EA33E6EAC433F20850ABE692C493E6121683F1EFE0DBE5CAEA73DDFC0903F2F8583BE53AD9F3E04CD753F32F588BE5E8E613DC419A03F3311A5BE57F3CF,
3E6103003F1676A7BCBA365D3E61B79E3F12BBEDBD56A26E3E4C42633F14ADBCBD8FCA433E3EC17F3F18533BBD4D70613E6103003F1676A7BCBA365D3E4C42633F14ADBCBD8FCA433E61B79E3F12BBEDBD56A26E3E7024703F0C9DD0BD73A57F3E6409A23F0FB667BD8FCE743E28754F3F1F1444BC0DB4893E0EF8483F1E4420BD16B4423DFAD1073F21AA0DBC492147,
3E0EF8483F1E4420BD16B4423DFE53223F1D3251BD8DF71F3DC5AE603F1EF805BD673D5C3DDBF1633F21E00DBE1E67943E06E04C3F201398BE08DCDB3E0629D83F201B54BE2A3CA73DD5000D3F25130E3CF666233E08ACE23F24BC7B3D10EED03DFAD1073F21AA0DBC4921473E4BE7B03F1ED05F3CE8BE2F3E28754F3F1F1444BC0DB4893E2BAF533F2252593CDE3758,
3E3EC17F3F18533BBD4D70613E51B4BB3F19E9F2BC1795B33E6103003F1676A7BCBA365D3E4E0DAA3F1713BEBE10192A3E5E51D23F11B164BE17A2CF3E5B2D4D3F1298EEBE23860A3E512A0F3F1385C6BDC949A53E4C42633F14ADBCBD8FCA433E56E7603F121CEFBDAF14553DFE53223F1D3251BD8DF71F3DB723EE3F1E2670BD988A053DC5AE603F1EF805BD673D5C,
3E351A433F17DAD7BDC6644E3E11F4B23F1C5BC0BDBEB4203E23C7D63F18B4AFBDA261393E4E0DAA3F1713BEBE10192A3E5B2D4D3F1298EEBE23860A3E42567A3F19479DBE17D49D3E23C7D63F18B4AFBDA261393E11F4B23F1C5BC0BDBEB4203DFE53223F1D3251BD8DF71F3E159D993F1DAB4BBDEE1CDE3E0101B03F1F8B15BDF0EC313E11F4B23F1C5BC0BDBEB420,
3E06E04C3F201398BE08DCDB3E159D993F1DAB4BBDEE1CDE3E252EB63F1D2C8CBE0CD6C33E159D993F1DAB4BBDEE1CDE3E351A433F17DAD7BDC6644E3E3B99913F1962E1BDF6F32C3DFAD1073F21AA0DBC4921473E08ACE23F24BC7B3D10EED03E2BAF533F2252593CDE37583E6103003F1676A7BCBA365D3E51B4BB3F19E9F2BC1795B33E6C55863F169B073AF16F44,
3E6C55863F169B073AF16F443E74DE7F3F1388DBBC55E8D53E6103003F1676A7BCBA365D3E34AA113F16F1DCBD98FEEF3E3EC17F3F18533BBD4D70613E4C42633F14ADBCBD8FCA433DFE53223F1D3251BD8DF71F3E0EF8483F1E4420BD16B4423E0DDD6E3F1CCD85BD533D293E0DDD6E3F1CCD85BD533D293E2A172B3F1B507FBD11569F3E3EC17F3F18533BBD4D7061,
3E51B4BB3F19E9F2BC1795B33E3D0A243F1C0B67BC3239A43E4BE7B03F1ED05F3CE8BE2F3E3B99913F1962E1BDF6F32C3E351A433F17DAD7BDC6644E3E512A0F3F1385C6BDC949A53E0101B03F1F8B15BDF0EC313DFF5B603F1D9967BDB800A83E11F4B23F1C5BC0BDBEB4203E74DE7F3F1388DBBC55E8D53E71040C3F10DB6ABD2458043E6103003F1676A7BCBA365D,
3E3B99913F1962E1BDF6F32C3E252EB63F1D2C8CBE0CD6C33E159D993F1DAB4BBDEE1CDE3E2A172B3F1B507FBD11569F3E0EF8483F1E4420BD16B4423E28754F3F1F1444BC0DB4893E3D0A243F1C0B67BC3239A43E28754F3F1F1444BC0DB4893E4BE7B03F1ED05F3CE8BE2F3E23C7D63F18B4AFBDA261393E3EC17F3F18533BBD4D70613E34AA113F16F1DCBD98FEEF,
3E5E51D23F11B164BE17A2CF3E6958973F0C5261BE05989E3E76B8B73F0A0232BE1902153E0EF8483F1E4420BD16B4423E2A172B3F1B507FBD11569F3E0DDD6E3F1CCD85BD533D293E0DDD6E3F1CCD85BD533D293E23C7D63F18B4AFBDA261393DFE53223F1D3251BD8DF71F3E42567A3F19479DBE17D49D3E252EB63F1D2C8CBE0CD6C33E3B99913F1962E1BDF6F32C,
3E3B99913F1962E1BDF6F32C3E4E0DAA3F1713BEBE10192A3E42567A3F19479DBE17D49D3E512A0F3F1385C6BDC949A53E4E0DAA3F1713BEBE10192A3E3B99913F1962E1BDF6F32C3DFF5B603F1D9967BDB800A83DFE53223F1D3251BD8DF71F3E11F4B23F1C5BC0BDBEB4203DCDE54B3F21972DBE08EEF23E06E04C3F201398BE08DCDB3DDBF1633F21E00DBE1E6794,
3E28754F3F1F1444BC0DB4893DFAD1073F21AA0DBC4921473E2BAF533F2252593CDE37583E28754F3F1F1444BC0DB4893E3D0A243F1C0B67BC3239A43E2A172B3F1B507FBD11569F3E512A0F3F1385C6BDC949A53E56E7603F121CEFBDAF14553E61EEEE3F0FF67FBDDBDF093E4E0DAA3F1713BEBE10192A3E512A0F3F1385C6BDC949A53E61EEEE3F0FF67FBDDBDF09,
3E1BBB1F3F1E312FBE1902583E06E04C3F201398BE08DCDB3E252EB63F1D2C8CBE0CD6C33E1BBB1F3F1E312FBE1902583E0629D83F201B54BE2A3CA73E06E04C3F201398BE08DCDB3E0101B03F1F8B15BDF0EC313E06E04C3F201398BE08DCDB3DCDE54B3F21972DBE08EEF23E61B79E3F12BBEDBD56A26E3E6103003F1676A7BCBA365D3E71040C3F10DB6ABD245804,
3E61B79E3F12BBEDBD56A26E3E6409A23F0FB667BD8FCE743E56E7603F121CEFBDAF14553E4C42633F14ADBCBD8FCA433E61B79E3F12BBEDBD56A26E3E56E7603F121CEFBDAF14553E3EC17F3F18533BBD4D70613E2A172B3F1B507FBD11569F3E3D0A243F1C0B67BC3239A43E51B4BB3F19E9F2BC1795B33E3EC17F3F18533BBD4D70613E3D0A243F1C0B67BC3239A4,
3DFAD1073F21AA0DBC4921473DC5AE603F1EF805BD673D5C3DD5000D3F25130E3CF666233E7024703F0C9DD0BD73A57F3E61B79E3F12BBEDBD56A26E3E71040C3F10DB6ABD2458043E0EF8483F1E4420BD16B4423DC5AE603F1EF805BD673D5C3DFAD1073F21AA0DBC4921473E6279143F1AE46D3CA539753E51B4BB3F19E9F2BC1795B33E4BE7B03F1ED05F3CE8BE2F,
3E0101B03F1F8B15BDF0EC313DBF1BEF3F1EA52FBDBA32B13DFF5B603F1D9967BDB800A83E11F4B23F1C5BC0BDBEB4203E351A433F17DAD7BDC6644E3E159D993F1DAB4BBDEE1CDE3E23C7D63F18B4AFBDA261393E0DDD6E3F1CCD85BD533D293E3EC17F3F18533BBD4D70613E70724B3F0BF983BDC28ED63E56E7603F121CEFBDAF14553E6409A23F0FB667BD8FCE74,
3E6958973F0C5261BE05989E3E5E51D23F11B164BE17A2CF3E61EEEE3F0FF67FBDDBDF093E512A0F3F1385C6BDC949A53E34AA113F16F1DCBD98FEEF3E4C42633F14ADBCBD8FCA433E42567A3F19479DBE17D49D3E1BBB1F3F1E312FBE1902583E252EB63F1D2C8CBE0CD6C33E0101B03F1F8B15BDF0EC313DD2F87B3F1FF488BDD9BDC73DBF1BEF3F1EA52FBDBA32B1,
3DFF5B603F1D9967BDB800A83DB723EE3F1E2670BD988A053DFE53223F1D3251BD8DF71F3E351A433F17DAD7BDC6644E3E23C7D63F18B4AFBDA261393E34AA113F16F1DCBD98FEEF3E512A0F3F1385C6BDC949A53E351A433F17DAD7BDC6644E3E34AA113F16F1DCBD98FEEF3E5E51D23F11B164BE17A2CF3E4E0DAA3F1713BEBE10192A3E61EEEE3F0FF67FBDDBDF09,
3E51B4BB3F19E9F2BC1795B33E6279143F1AE46D3CA539753E6C55863F169B073AF16F443E06E04C3F201398BE08DCDB3E0101B03F1F8B15BDF0EC313E159D993F1DAB4BBDEE1CDE3DFF5B603F1D9967BDB800A83DBF1BEF3F1EA52FBDBA32B13DB723EE3F1E2670BD988A053DD2F87B3F1FF488BDD9BDC73E0101B03F1F8B15BDF0EC313DCDE54B3F21972DBE08EEF2,
3DD5000D3F25130E3CF666233E08ACE23F24BC7B3D10EED03DFAD1073F21AA0DBC4921473E27E4DE3F265A573E07DDCA3E0897633F2781D83DE795703DEB28D83F2839373DFADD163E4BE7B03F1ED05F3CE8BE2F3E28754F3F1F1444BC0DB4893E2BAF533F2252593CDE37583E45208E3F232E7B3E1544FE3E401A7A3F23F0133DD9FE433E27E4DE3F265A573E07DDCA,
3E6103003F1676A7BCBA365D3E51B4BB3F19E9F2BC1795B33E6C55863F169B073AF16F443E0CE5713F267E743D9E78E23E08ACE23F24BC7B3D10EED03DD5000D3F25130E3CF666233E26A1623F25B7173E2C8DE33E3AA3273F247EBF3E1F34943E27E4DE3F265A573E07DDCA3E4BE7B03F1ED05F3CE8BE2F3E2926C83F24855E3D637EF63E36EE743F245F4A3D940DD4,
3E6C55863F169B073AF16F443E74DE7F3F1388DBBC55E8D53E6103003F1676A7BCBA365D3E562A5E3F20C31A3DAC61D83E7286B63F1B396D3D9CDD513E6279143F1AE46D3CA539753E27E4DE3F265A573E07DDCA3E401A7A3F23F0133DD9FE433E2109D03F262B5A3DD4C2B53DFAD1073F21AA0DBC4921473E08ACE23F24BC7B3D10EED03E2BAF533F2252593CDE3758,
3E0897633F2781D83DE795703E2109D03F262B5A3DD4C2B53E0CE5713F267E743D9E78E23E4BE7B03F1ED05F3CE8BE2F3E36EE743F245F4A3D940DD43E562A5E3F20C31A3DAC61D83E36EE743F245F4A3D940DD43E2109D03F262B5A3DD4C2B53E401A7A3F23F0133DD9FE433E36EE743F245F4A3D940DD43E401A7A3F23F0133DD9FE433E562A5E3F20C31A3DAC61D8,
3E6279143F1AE46D3CA539753E4BE7B03F1ED05F3CE8BE2F3E562A5E3F20C31A3DAC61D83E0CE5713F267E743D9E78E23E2109D03F262B5A3DD4C2B53E36EE743F245F4A3D940DD43E2926C83F24855E3D637EF63E0CE5713F267E743D9E78E23E36EE743F245F4A3D940DD43E51B4BB3F19E9F2BC1795B33E3D0A243F1C0B67BC3239A43E4BE7B03F1ED05F3CE8BE2F,
3DEB28D83F2839373DFADD163E0BB4913F2793253E1CB07D3E27E4DE3F265A573E07DDCA3E401A7A3F23F0133DD9FE433E45208E3F232E7B3E1544FE3E6478853F1DEB743E1CF0FA3E27E4DE3F265A573E07DDCA3E0BB4913F2793253E1CB07D3E26A1623F25B7173E2C8DE33E3D0A243F1C0B67BC3239A43E28754F3F1F1444BC0DB4893E4BE7B03F1ED05F3CE8BE2F,
3E562A5E3F20C31A3DAC61D83E401A7A3F23F0133DD9FE433E6478853F1DEB743E1CF0FA3E6DA72A3F1BEF4A3DC5B0793E562A5E3F20C31A3DAC61D83E6478853F1DEB743E1CF0FA3E28754F3F1F1444BC0DB4893DFAD1073F21AA0DBC4921473E2BAF533F2252593CDE37583DADA4483F27599B3DAF850E3E0CE5713F267E743D9E78E23DD5000D3F25130E3CF66623,
3DFAD1073F21AA0DBC4921473DC5AE603F1EF805BD673D5C3DD5000D3F25130E3CF666233E6279143F1AE46D3CA539753E51B4BB3F19E9F2BC1795B33E4BE7B03F1ED05F3CE8BE2F3E2926C83F24855E3D637EF63E4BE7B03F1ED05F3CE8BE2F3E2BAF533F2252593CDE37583E08ACE23F24BC7B3D10EED03E2926C83F24855E3D637EF63E2BAF533F2252593CDE3758,
3E7286B63F1B396D3D9CDD513E562A5E3F20C31A3DAC61D83E6DA72A3F1BEF4A3DC5B0793E0897633F2781D83DE795703E27E4DE3F265A573E07DDCA3E2109D03F262B5A3DD4C2B53DEB28D83F2839373DFADD163E0897633F2781D83DE795703E0CE5713F267E743D9E78E23DEB28D83F2839373DFADD163E0CE5713F267E743D9E78E23DADA4483F27599B3DAF850E,
3E45208E3F232E7B3E1544FE3E27E4DE3F265A573E07DDCA3E3AA3273F247EBF3E1F34943DEB28D83F2839373DFADD163DACEAAF3F2874003E0BDF4C3DD122B83F2818C63E27D1BB3E0BB4913F2793253E1CB07D3DEB28D83F2839373DFADD163DD122B83F2818C63E27D1BB3E2926C83F24855E3D637EF63E08ACE23F24BC7B3D10EED03E0CE5713F267E743D9E78E2,
3E3AA3273F247EBF3E1F34943E26A1623F25B7173E2C8DE33E3FBDAD3F2373B03E32602D3E45208E3F232E7B3E1544FE3E401A7A3F23F0133DD9FE433E27E4DE3F265A573E07DDCA3E283B603F1D116B3E84F50A3E0F33443F1C24E63E8B6F7E3E3656AC3F1779853E90C5873DACEAAF3F2874003E0BDF4C3DEB28D83F2839373DFADD163DADA4483F27599B3DAF850E,
3E653BD13F1497533E8462E53E5529BB3F17C5CE3E84FC613E5E264E3F102CA13E909C3D3E26A1623F25B7173E2C8DE33E3AA3273F247EBF3E1F34943E27E4DE3F265A573E07DDCA3E6478853F1DEB743E1CF0FA3E3FBDAD3F2373B03E32602D3E5C49343F1E24683E4033E83E4698783F14215C3E9305963E5E264E3F102CA13E909C3D3E5529BB3F17C5CE3E84FC61,
3E3FBDAD3F2373B03E32602D3E6478853F1DEB743E1CF0FA3E45208E3F232E7B3E1544FE3E4A98673F2023A73E4FB4C43E4657FB3F1C49FD3E6D844D3E5FEF7C3F1C155D3E510ECB3E5C49343F1E24683E4033E83E4A98673F2023A73E4FB4C43E5FEF7C3F1C155D3E510ECB3E6CDA6E3F1944353E4DE6153E5C49343F1E24683E4033E83E5FEF7C3F1C155D3E510ECB,
3E74C9003F146AF43E5F09963E61769B3F1779EA3E7A9DE93E71F2133F13190D3E7BFCEB3E3656AC3F1779853E90C5873E26655A3F13E6823E9DA46A3E31D6493F123F573E9F296F3D9DC8B83F2576EE3E505FF23DED6D3B3F2783CF3E312B1B3DD122B83F2818C63E27D1BB3E60DF9C3F18430B3E63647C3E4657FB3F1C49FD3E6D844D3E61769B3F1779EA3E7A9DE9,
3E3FBDAD3F2373B03E32602D3E244FA03F24E7473E3F1C763E4A98673F2023A73E4FB4C43DED6D3B3F2783CF3E312B1B3D9DC8B83F2576EE3E505FF23E05019F3F2653113E41B7E13E4698783F14215C3E9305963E5529BB3F17C5CE3E84FC613E3656AC3F1779853E90C5873E3A04D13F20941D3E5DDF013E24D22D3F22C53B3E57A9193E04F7EC3F22FC693E641D08,
3E5E264E3F102CA13E909C3D3E73DC053F0BE6C53E8AFE823E653BD13F1497533E8462E53E74C9003F146AF43E5F09963E6CDA6E3F1944353E4DE6153E60DF9C3F18430B3E63647C3E401A7A3F23F0133DD9FE433E45208E3F232E7B3E1544FE3E6478853F1DEB743E1CF0FA3E27E4DE3F265A573E07DDCA3E0BB4913F2793253E1CB07D3E26A1623F25B7173E2C8DE3,
3E61769B3F1779EA3E7A9DE93E74C9003F146AF43E5F09963E60DF9C3F18430B3E63647C3E562A5E3F20C31A3DAC61D83E401A7A3F23F0133DD9FE433E6478853F1DEB743E1CF0FA3E6DA72A3F1BEF4A3DC5B0793E562A5E3F20C31A3DAC61D83E6478853F1DEB743E1CF0FA3DEB28D83F2839373DFADD163E0BB4913F2793253E1CB07D3E27E4DE3F265A573E07DDCA,
3E6478853F1DEB743E1CF0FA3E5C49343F1E24683E4033E83E75D3DD3F19B1533E310C2C3E04F7EC3F22FC693E641D083E0F33443F1C24E63E8B6F7E3E283B603F1D116B3E84F50A3E4657FB3F1C49FD3E6D844D3E283B603F1D116B3E84F50A3E5529BB3F17C5CE3E84FC613DAC0BDD3F1CA18C3E8B5C5B3DE949A53F20E4543E7868FD3DA65D7D3F21E40D3E701EEF,
3DEB28D83F2839373DFADD163DACEAAF3F2874003E0BDF4C3DD122B83F2818C63E27D1BB3E0BB4913F2793253E1CB07D3DEB28D83F2839373DFADD163DD122B83F2818C63E27D1BB3E45208E3F232E7B3E1544FE3E3AA3273F247EBF3E1F34943E3FBDAD3F2373B03E32602D3DED6D3B3F2783CF3E312B1B3E0BB4913F2793253E1CB07D3DD122B83F2818C63E27D1BB,
3E4657FB3F1C49FD3E6D844D3E3137B03F1E17B13E7294DD3E283B603F1D116B3E84F50A3E45208E3F232E7B3E1544FE3E27E4DE3F265A573E07DDCA3E3AA3273F247EBF3E1F34943E24D22D3F22C53B3E57A9193E05019F3F2653113E41B7E13E04F7EC3F22FC693E641D083E5529BB3F17C5CE3E84FC613E61769B3F1779EA3E7A9DE93E4657FB3F1C49FD3E6D844D,
3E05019F3F2653113E41B7E13E244FA03F24E7473E3F1C763E26A1623F25B7173E2C8DE33E05019F3F2653113E41B7E13E26A1623F25B7173E2C8DE33E0BB4913F2793253E1CB07D3DED6D3B3F2783CF3E312B1B3E05019F3F2653113E41B7E13E0BB4913F2793253E1CB07D3E6CDA6E3F1944353E4DE6153E75D3DD3F19B1533E310C2C3E5C49343F1E24683E4033E8,
3E5FEF7C3F1C155D3E510ECB3E4657FB3F1C49FD3E6D844D3E60DF9C3F18430B3E63647C3E6CDA6E3F1944353E4DE6153E5FEF7C3F1C155D3E510ECB3E60DF9C3F18430B3E63647C3E4A98673F2023A73E4FB4C43E5C49343F1E24683E4033E83E3FBDAD3F2373B03E32602D3E244FA03F24E7473E3F1C763E3FBDAD3F2373B03E32602D3E26A1623F25B7173E2C8DE3,
3E05019F3F2653113E41B7E13E24D22D3F22C53B3E57A9193E244FA03F24E7473E3F1C763E05019F3F2653113E41B7E13D9DC8B83F2576EE3E505FF23E04F7EC3F22FC693E641D083D9DC8B83F2576EE3E505FF23DA65D7D3F21E40D3E701EEF3DE949A53F20E4543E7868FD3E04F7EC3F22FC693E641D083D9DC8B83F2576EE3E505FF23DE949A53F20E4543E7868FD,
3E4698783F14215C3E9305963E3656AC3F1779853E90C5873E4342243F0FB1AF3E9FBEDB3E5E264E3F102CA13E909C3D3E4698783F14215C3E9305963E5A03C53F0E61073E98BB0A3E3A04D13F20941D3E5DDF013E4A98673F2023A73E4FB4C43E244FA03F24E7473E3F1C763E24D22D3F22C53B3E57A9193E3A04D13F20941D3E5DDF013E244FA03F24E7473E3F1C76,
3E3137B03F1E17B13E7294DD3E4657FB3F1C49FD3E6D844D3E3A04D13F20941D3E5DDF013E3A04D13F20941D3E5DDF013E4657FB3F1C49FD3E6D844D3E4A98673F2023A73E4FB4C43E61769B3F1779EA3E7A9DE93E5529BB3F17C5CE3E84FC613E653BD13F1497533E8462E53E3656AC3F1779853E90C5873E31D6493F123F573E9F296F3E4342243F0FB1AF3E9FBEDB,
3DD752113F17630B3E98FCB53E26655A3F13E6823E9DA46A3E0F33443F1C24E63E8B6F7E3E0F33443F1C24E63E8B6F7E3DAC0BDD3F1CA18C3E8B5C5B3DD752113F17630B3E98FCB53E5529BB3F17C5CE3E84FC613E283B603F1D116B3E84F50A3E3656AC3F1779853E90C5873E3137B03F1E17B13E7294DD3E04F7EC3F22FC693E641D083E283B603F1D116B3E84F50A,
3E3A04D13F20941D3E5DDF013E04F7EC3F22FC693E641D083E3137B03F1E17B13E7294DD3E653BD13F1497533E8462E53E71F2133F13190D3E7BFCEB3E61769B3F1779EA3E7A9DE93E0F33443F1C24E63E8B6F7E3DE949A53F20E4543E7868FD3DAC0BDD3F1CA18C3E8B5C5B3E26655A3F13E6823E9DA46A3E3656AC3F1779853E90C5873E0F33443F1C24E63E8B6F7E,
3E3656AC3F1779853E90C5873E26655A3F13E6823E9DA46A3E31D6493F123F573E9F296F3E2B7AA23F0B8BF03EAC723B3E31D6493F123F573E9F296F3E26655A3F13E6823E9DA46A3E4698783F14215C3E9305963E5E264E3F102CA13E909C3D3E5529BB3F17C5CE3E84FC613E0F33443F1C24E63E8B6F7E3E04F7EC3F22FC693E641D083DE949A53F20E4543E7868FD,
3E26655A3F13E6823E9DA46A3DD752113F17630B3E98FCB53E061A1E3F114F593EA4BF4D3DD752113F17630B3E98FCB53D9108813F12BAF13EA324A73E061A1E3F114F593EA4BF4D3E061A1E3F114F593EA4BF4D3E2B7AA23F0B8BF03EAC723B3E26655A3F13E6823E9DA46A3E4698783F14215C3E9305963E5529BB3F17C5CE3E84FC613E3656AC3F1779853E90C587,
3E2B7AA23F0B8BF03EAC723B3E4342243F0FB1AF3E9FBEDB3E31D6493F123F573E9F296F3E061A1E3F114F593EA4BF4D3D9108813F12BAF13EA324A73D965A9B3F0ED5F13EAA788E3E061A1E3F114F593EA4BF4D3D965A9B3F0ED5F13EAA788E3E0855113F0C28C33EADC3593E2B7AA23F0B8BF03EAC723B3E061A1E3F114F593EA4BF4D3E0855113F0C28C33EADC359,
3E3656AC3F1779853E90C5873E31D6493F123F573E9F296F3E4342243F0FB1AF3E9FBEDB3E4698783F14215C3E9305963E3656AC3F1779853E90C5873E4342243F0FB1AF3E9FBEDB3E4698783F14215C3E9305963E4342243F0FB1AF3E9FBEDB3E5A03C53F0E61073E98BB0A3E5E264E3F102CA13E909C3D3E4698783F14215C3E9305963E5A03C53F0E61073E98BB0A,
3E16073E3F3860AABEFE6D593E1827313F3E13A1BEFEBC1F3E2506143F3CB3A2BEFDC3593E26655A3F13E6823E9DA46A3E3656AC3F1779853E90C5873E0F33443F1C24E63E8B6F7E3DD752113F17630B3E98FCB53E26655A3F13E6823E9DA46A3E0F33443F1C24E63E8B6F7E3E0F33443F1C24E63E8B6F7E3DAC0BDD3F1CA18C3E8B5C5B3DD752113F17630B3E98FCB5,
3DED8D373F4CAD79BEEE44743E0DCCA73F4CD38DBEEE3A3B3DF5F9163F4A0CE1BEF841683E5F44D43F42687FBEF208183E74FDB13F4470EBBEE883773E8001D63F3BCAEABEF2AE6D3E6356DA3F3E6DCEBEF4CA923E5F44D43F42687FBEF208183E8001D63F3BCAEABEF2AE6D3DEB83063F347D5FBEFAD2DD3DCE6C8F3F30942DBEF941C83DD2C0623F37B491BEF84DFD,
3E0DCCA73F4CD38DBEEE3A3B3E345CBC3F4FC43BBED519BD3E228F193F4BA626BEEF81623E5F44D43F42687FBEF208183E42A3CF3F3FA494BEFBA98F3E307A293F444189BEFC7D5F3E5FD6953F4C6B48BED4FCA43E73C85C3F4B3AACBECE26D53E685FD03F49AF9FBEDD76EE3E17A3553F352C7CBEFC2A883E111E003F2DCFDDBEFC25293E05870E3F33967DBEFC419A,
3DD662783F3F34F8BEFACD5B3DE565803F3868ECBEFD07423DC69A4E3F3C6DB5BEF75DBC3E03269E3F4081E4BEFE7DDD3DDC91D13F44F3CBBEFD759F3E05A89C3F449ACCBEFF11513E5888723F3A6EA8BEF852F83E6C54373F3281CBBEF8A47F3E55BC453F373D9FBEF80C743E345CBC3F4FC43BBED519BD3E44C7B03F4A6916BEEA67C73E228F193F4BA626BEEF8162,
3DF061C83F4FE35CBEDD40EE3E345CBC3F4FC43BBED519BD3E0DCCA73F4CD38DBEEE3A3B3E5888723F3A6EA8BEF852F83E55BC453F373D9FBEF80C743E40AAA83F3A9E6FBEFCFE583DFAE70C3F3B089ABEFFFBAD3DD662783F3F34F8BEFACD5B3E03269E3F4081E4BEFE7DDD3E44C7B03F4A6916BEEA67C73E4D17C63F4C1CC5BEDFEFE13E685FD03F49AF9FBEDD76EE,
3E22EA533F4939B9BEF6D6FE3E228F193F4BA626BEEF81623E44C7B03F4A6916BEEA67C73E2BB3C83F36D656BEF953BD3E2506143F3CB3A2BEFDC3593E40AAA83F3A9E6FBEFCFE583E44C7B03F4A6916BEEA67C73E685FD03F49AF9FBEDD76EE3E619E733F476039BEE8F3453E1A56583F44C79FBEFE7FD43E05A89C3F449ACCBEFF11513E0E38223F4909D0BEFA4E59,
3E22EA533F4939B9BEF6D6FE3E307A293F444189BEFC7D5F3E1A56583F44C79FBEFE7FD43E292DDC3F30C250BEF909073E2BB3C83F36D656BEF953BD3E369DF93F35A0CFBEF8A9DF3E03269E3F4081E4BEFE7DDD3E05A89C3F449ACCBEFF11513E1827313F3E13A1BEFEBC1F3DEB83063F347D5FBEFAD2DD3DE565803F3868ECBEFD07423E05870E3F33967DBEFC419A,
3DF061C83F4FE35CBEDD40EE3DD6F1133F51906DBECBBC903E0A4CE83F510679BED3FD933DEAC53B3F481E15BEFC0A6C3DB9420B3F46ABEFBEF8F1D43DC135543F4A2BAEBEF439BD3DFAE70C3F3B089ABEFFFBAD3E1827313F3E13A1BEFEBC1F3E16073E3F3860AABEFE6D593E307A293F444189BEFC7D5F3E2B24203F411959BEFEBA6B3E1A56583F44C79FBEFE7FD4,
3E0DCCA73F4CD38DBEEE3A3B3E0E38223F4909D0BEFA4E593DF5F9163F4A0CE1BEF841683E369DF93F35A0CFBEF8A9DF3E2BB3C83F36D656BEF953BD3E40AAA83F3A9E6FBEFCFE583E22EA533F4939B9BEF6D6FE3E0E38223F4909D0BEFA4E593E0DCCA73F4CD38DBEEE3A3B3E228F193F4BA626BEEF81623E22EA533F4939B9BEF6D6FE3E0DCCA73F4CD38DBEEE3A3B,
3E42A3CF3F3FA494BEFBA98F3E40AAA83F3A9E6FBEFCFE583E2B24203F411959BEFEBA6B3DC135543F4A2BAEBEF439BD3DF5F9163F4A0CE1BEF841683DEAC53B3F481E15BEFC0A6C3E1827313F3E13A1BEFEBC1F3E05A89C3F449ACCBEFF11513E1A56583F44C79FBEFE7FD43E0E38223F4909D0BEFA4E593DEAC53B3F481E15BEFC0A6C3DF5F9163F4A0CE1BEF84168,
3E685FD03F49AF9FBEDD76EE3E74FDB13F4470EBBEE883773E619E733F476039BEE8F3453E05870E3F33967DBEFC419A3DE565803F3868ECBEFD07423DFAE70C3F3B089ABEFFFBAD3E5F44D43F42687FBEF208183E6356DA3F3E6DCEBEF4CA923E42A3CF3F3FA494BEFBA98F3E40AAA83F3A9E6FBEFCFE583E2506143F3CB3A2BEFDC3593E2B24203F411959BEFEBA6B,
3E292DDC3F30C250BEF909073E111E003F2DCFDDBEFC25293E17A3553F352C7CBEFC2A883DF061C83F4FE35CBEDD40EE3E0DCCA73F4CD38DBEEE3A3B3DED8D373F4CAD79BEEE44743DE565803F3868ECBEFD07423DD2C0623F37B491BEF84DFD3DC69A4E3F3C6DB5BEF75DBC3DF5F9163F4A0CE1BEF841683DC135543F4A2BAEBEF439BD3DED8D373F4CAD79BEEE4474,
3E5FD6953F4C6B48BED4FCA43E4D17C63F4C1CC5BEDFEFE13E345CBC3F4FC43BBED519BD3E307A293F444189BEFC7D5F3E44113C3F479192BEF1BC773E74FDB13F4470EBBEE883773E5F44D43F42687FBEF208183E307A293F444189BEFC7D5F3E74FDB13F4470EBBEE883773E369DF93F35A0CFBEF8A9DF3E40AAA83F3A9E6FBEFCFE583E4C3A003F3335A0BEF628ED,
3E1A56583F44C79FBEFE7FD43E2B24203F411959BEFEBA6B3E1827313F3E13A1BEFEBC1F3DE565803F3868ECBEFD07423DEB83063F347D5FBEFAD2DD3DD2C0623F37B491BEF84DFD3E05870E3F33967DBEFC419A3DFAE70C3F3B089ABEFFFBAD3E16073E3F3860AABEFE6D593DFAE70C3F3B089ABEFFFBAD3E03269E3F4081E4BEFE7DDD3E1827313F3E13A1BEFEBC1F,
3E292DDC3F30C250BEF909073E369DF93F35A0CFBEF8A9DF3E3AC3EB3F31DA16BEF5B4463E307A293F444189BEFC7D5F3E22EA533F4939B9BEF6D6FE3E44113C3F479192BEF1BC773E737E2C3F36E771BEF7AE143E6C54373F3281CBBEF8A47F3E5888723F3A6EA8BEF852F83E2B24203F411959BEFEBA6B3E2506143F3CB3A2BEFDC3593E1827313F3E13A1BEFEBC1F,
3E4D17C63F4C1CC5BEDFEFE13E44C7B03F4A6916BEEA67C73E345CBC3F4FC43BBED519BD3DE565803F3868ECBEFD07423DD662783F3F34F8BEFACD5B3DFAE70C3F3B089ABEFFFBAD3E6356DA3F3E6DCEBEF4CA923E5888723F3A6EA8BEF852F83E42A3CF3F3FA494BEFBA98F3DC135543F4A2BAEBEF439BD3DC35BD53F4D21DEBEE95B573DED8D373F4CAD79BEEE4474,
3E619E733F476039BEE8F3453E74FDB13F4470EBBEE883773E44113C3F479192BEF1BC773E44C7B03F4A6916BEEA67C73E619E733F476039BEE8F3453E44113C3F479192BEF1BC773DC35BD53F4D21DEBEE95B573D7FFEF43F50405BBECBBF513DF061C83F4FE35CBEDD40EE3E685FD03F49AF9FBEDD76EE3E4D17C63F4C1CC5BEDFEFE13E5FD6953F4C6B48BED4FCA4,
3D7FFEF43F50405BBECBBF513DD6F1133F51906DBECBBC903DF061C83F4FE35CBEDD40EE3E2BB3C83F36D656BEF953BD3E292DDC3F30C250BEF909073E17A3553F352C7CBEFC2A883DC35BD53F4D21DEBEE95B573DF061C83F4FE35CBEDD40EE3DED8D373F4CAD79BEEE44743E345CBC3F4FC43BBED519BD3DF061C83F4FE35CBEDD40EE3E0A4CE83F510679BED3FD93,
3E40AAA83F3A9E6FBEFCFE583E55BC453F373D9FBEF80C743E4C3A003F3335A0BEF628ED3E05A89C3F449ACCBEFF11513DEAC53B3F481E15BEFC0A6C3E0E38223F4909D0BEFA4E593DDC91D13F44F3CBBEFD759F3E03269E3F4081E4BEFE7DDD3DD662783F3F34F8BEFACD5B3E22EA533F4939B9BEF6D6FE3E1A56583F44C79FBEFE7FD43E0E38223F4909D0BEFA4E59,
3DEAC53B3F481E15BEFC0A6C3E05A89C3F449ACCBEFF11513DDC91D13F44F3CBBEFD759F3E05870E3F33967DBEFC419A3E16073E3F3860AABEFE6D593E17A3553F352C7CBEFC2A883E17A3553F352C7CBEFC2A883E16073E3F3860AABEFE6D593E2BB3C83F36D656BEF953BD3DB9420B3F46ABEFBEF8F1D43DEAC53B3F481E15BEFC0A6C3DDC91D13F44F3CBBEFD759F,
3E6C54373F3281CBBEF8A47F3E4C3A003F3335A0BEF628ED3E55BC453F373D9FBEF80C743E3AC3EB3F31DA16BEF5B4463E369DF93F35A0CFBEF8A9DF3E4C3A003F3335A0BEF628ED3E44C7B03F4A6916BEEA67C73E44113C3F479192BEF1BC773E22EA533F4939B9BEF6D6FE3E2506143F3CB3A2BEFDC3593E2BB3C83F36D656BEF953BD3E16073E3F3860AABEFE6D59,
3E3370043F51D8D8BEB756433E4F9A4A3F500AD0BEBAA9503E2CF5F53F519525BEC304CD3E40AAA83F3A9E6FBEFCFE583E42A3CF3F3FA494BEFBA98F3E5888723F3A6EA8BEF852F83E42A3CF3F3FA494BEFBA98F3E2B24203F411959BEFEBA6B3E307A293F444189BEFC7D5F3E6356DA3F3E6DCEBEF4CA923E737E2C3F36E771BEF7AE143E5888723F3A6EA8BEF852F8,
3E0DCCA73F4CD38DBEEE3A3B3E345CBC3F4FC43BBED519BD3E228F193F4BA626BEEF81623E5FD6953F4C6B48BED4FCA43E73C85C3F4B3AACBECE26D53E685FD03F49AF9FBEDD76EE3E13150E3F524F01BEBD73433E2CF5F53F519525BEC304CD3E0A4CE83F510679BED3FD933DEBFA8F3F522681BEA616D73E2090713F51B707BE995FEE3E283A113F521848BEA51B50,
3E3B927D3F50C576BE9B0A0B3E4E18263F5028F6BEA769CB3E283A113F521848BEA51B503E3370043F51D8D8BEB756433E2CF5F53F519525BEC304CD3E13150E3F524F01BEBD73433E5FD6953F4C6B48BED4FCA43E5948563F4E1E71BECC3B0C3E73C85C3F4B3AACBECE26D53E345CBC3F4FC43BBED519BD3E44C7B03F4A6916BEEA67C73E228F193F4BA626BEEF8162,
3E5A25963F4DA47BBE8D7A783E65208E3F4BEDB7BE8C73263E6D75193F4CB9AABE96F36F3E4E18263F5028F6BEA769CB3E7610283F4C5C36BEA37B073E78F29D3F4C0757BEB3EB5B3E39539C3F51A89CBEAB9E6B3E4E18263F5028F6BEA769CB3E6070B93F4EC53BBEB2DE653E345CBC3F4FC43BBED519BD3E3F62303F50850ABEC75B813E5FD6953F4C6B48BED4FCA4,
3E3F62303F50850ABEC75B813E2CF5F53F519525BEC304CD3E4F9A4A3F500AD0BEBAA9503E13150E3F524F01BEBD73433E0A4CE83F510679BED3FD933DD6F1133F51906DBECBBC903DD6F1133F51906DBECBBC903DDC04433F5230A9BEC245D43E13150E3F524F01BEBD73433DF061C83F4FE35CBEDD40EE3E345CBC3F4FC43BBED519BD3E0DCCA73F4CD38DBEEE3A3B,
3E283A113F521848BEA51B503E2090713F51B707BE995FEE3E3B927D3F50C576BE9B0A0B3E3F62303F50850ABEC75B813E4F9A4A3F500AD0BEBAA9503E657D5B3F4DEB10BEBFF8A93E3370043F51D8D8BEB756433E13150E3F524F01BEBD73433E39539C3F51A89CBEAB9E6B3DF061C83F4FE35CBEDD40EE3DD6F1133F51906DBECBBC903E0A4CE83F510679BED3FD93,
3E283A113F521848BEA51B503E4E18263F5028F6BEA769CB3E39539C3F51A89CBEAB9E6B3E5948563F4E1E71BECC3B0C3E5FD6953F4C6B48BED4FCA43E3F62303F50850ABEC75B813E2090713F51B707BE995FEE3E0DA22F3F502E34BE88AC193E3E3C533F4F73B0BE8E62353E345CBC3F4FC43BBED519BD3E2CF5F53F519525BEC304CD3E3F62303F50850ABEC75B81,
3E657D5B3F4DEB10BEBFF8A93E4F9A4A3F500AD0BEBAA9503E6070B93F4EC53BBEB2DE653E7789E73F4B8A5DBEC4E8753E657D5B3F4DEB10BEBFF8A93E6070B93F4EC53BBEB2DE653E2CF5F53F519525BEC304CD3E345CBC3F4FC43BBED519BD3E0A4CE83F510679BED3FD933E5A25963F4DA47BBE8D7A783E6082CF3F4E834DBE9DA8373E3B927D3F50C576BE9B0A0B,
3DA030C23F5179D1BE940F453E2090713F51B707BE995FEE3DEBFA8F3F522681BEA616D73DDC04433F5230A9BEC245D43D9760393F5110E4BEA0E6083DEBFA8F3F522681BEA616D73DDC04433F5230A9BEC245D43DEBFA8F3F522681BEA616D73E13150E3F524F01BEBD73433E5FD6953F4C6B48BED4FCA43E4D17C63F4C1CC5BEDFEFE13E345CBC3F4FC43BBED519BD,
3E685FD03F49AF9FBEDD76EE3E4D17C63F4C1CC5BEDFEFE13E5FD6953F4C6B48BED4FCA43E4D17C63F4C1CC5BEDFEFE13E44C7B03F4A6916BEEA67C73E345CBC3F4FC43BBED519BD3E0DA22F3F502E34BE88AC193E2090713F51B707BE995FEE3DE270F43F50E69FBE8BE2503DA8EDE53F51A283BE8D7F953DE270F43F50E69FBE8BE2503DA030C23F5179D1BE940F45,
3E345CBC3F4FC43BBED519BD3DF061C83F4FE35CBEDD40EE3E0A4CE83F510679BED3FD933E5948563F4E1E71BECC3B0C3E7789E73F4B8A5DBEC4E8753E73C85C3F4B3AACBECE26D53E7789E73F4B8A5DBEC4E8753E5948563F4E1E71BECC3B0C3E657D5B3F4DEB10BEBFF8A93DC35BD53F4D21DEBEE95B573D7FFEF43F50405BBECBBF513DF061C83F4FE35CBEDD40EE,
3E3B927D3F50C576BE9B0A0B3E6082CF3F4E834DBE9DA8373E4E18263F5028F6BEA769CB3D7FFEF43F50405BBECBBF513DD6F1133F51906DBECBBC903DF061C83F4FE35CBEDD40EE3E3B927D3F50C576BE9B0A0B3E2090713F51B707BE995FEE3E3E3C533F4F73B0BE8E62353E3B927D3F50C576BE9B0A0B3E3E3C533F4F73B0BE8E62353E5A25963F4DA47BBE8D7A78,
3E78F29D3F4C0757BEB3EB5B3E6070B93F4EC53BBEB2DE653E4E18263F5028F6BEA769CB3E6070B93F4EC53BBEB2DE653E78F29D3F4C0757BEB3EB5B3E7789E73F4B8A5DBEC4E8753E3F62303F50850ABEC75B813E657D5B3F4DEB10BEBFF8A93E5948563F4E1E71BECC3B0C3E6D75193F4CB9AABE96F36F3E7610283F4C5C36BEA37B073E6082CF3F4E834DBE9DA837,
3E7610283F4C5C36BEA37B073E4E18263F5028F6BEA769CB3E6082CF3F4E834DBE9DA8373DEBFA8F3F522681BEA616D73D9760393F5110E4BEA0E6083DA030C23F5179D1BE940F453E4F9A4A3F500AD0BEBAA9503E3370043F51D8D8BEB756433E6070B93F4EC53BBEB2DE653E6070B93F4EC53BBEB2DE653E3370043F51D8D8BEB756433E39539C3F51A89CBEAB9E6B,
3DE270F43F50E69FBE8BE2503E2090713F51B707BE995FEE3DA030C23F5179D1BE940F453E6D75193F4CB9AABE96F36F3E6082CF3F4E834DBE9DA8373E5A25963F4DA47BBE8D7A783E13150E3F524F01BEBD73433DEBFA8F3F522681BEA616D73E283A113F521848BEA51B503E39539C3F51A89CBEAB9E6B3E13150E3F524F01BEBD73433E283A113F521848BEA51B50,
3E145AA33F4E9D1FBE82ADE63E352F7F3F4BBF0EBE7FB6563E2F62743F4EEF2CBE8661AE3E11E0833F44FDB1BE7285EC3E11DA383F494046BE7672323DDF0F5A3F45A965BE6B5B703E3F84CB3F3CE161BE7C9FF93E328ED63F34B76FBE728F5C3E4704BC3F3257C9BE759DDC3E55B0FF3F406339BE82415F3E4371113F43825EBE80EAC03E3F84CB3F3CE161BE7C9FF9,
3E1A415F3F305650BE5F21B43E328ED63F34B76FBE728F5C3E19EBA73F39D1E5BE72E83A3DBE5EAB3F3FAB11BE65F9163DF7CE533F3B7803BE68CA3E3E0191153F3E8B5DBE7154003E3F84CB3F3CE161BE7C9FF93E5D8F933F3D7247BE8440D13E55B0FF3F406339BE82415F3E5CE5713F384A94BE86F9983E6E321A3F380DC3BE9088D73E6BFD723F3C622CBE8E8124,
3DE270F43F50E69FBE8BE2503DB0D0EE3F51A75DBE8553CE3DE032553F4F12D3BE8149C73E5A25963F4DA47BBE8D7A783E65208E3F4BEDB7BE8C73263E6D75193F4CB9AABE96F36F3E11E0833F44FDB1BE7285EC3E1C35CE3F401A69BE76AC643E2CC1443F482CE4BE789EFE3E328ED63F34B76FBE728F5C3E1C35CE3F401A69BE76AC643E19EBA73F39D1E5BE72E83A,
3E11E0833F44FDB1BE7285EC3DDF0F5A3F45A965BE6B5B703E0191153F3E8B5DBE7154003DF7CE533F3B7803BE68CA3E3E19EBA73F39D1E5BE72E83A3E0191153F3E8B5DBE7154003DE7C5AC3F4B54D2BE756B443E11DA383F494046BE7672323E07B99D3F4D4EB1BE7DFEB93E5D8F933F3D7247BE8440D13E3F84CB3F3CE161BE7C9FF93E504B7F3F390AEEBE814CEC,
3E52B6F23F4B8DD6BE8561913E5133C23F498FE7BE8420B43E6F9C203F4874B8BE8C8C503E3F84CB3F3CE161BE7C9FF93E4704BC3F3257C9BE759DDC3E504B7F3F390AEEBE814CEC3E59FA123F446801BE86B8FA3E69AF193F435979BE8C6D1E3E5133C23F498FE7BE8420B43E5133C23F498FE7BE8420B43E3B67C33F48E0CABE7CFF653E4371113F43825EBE80EAC0,
3E5133C23F498FE7BE8420B43E69AF193F435979BE8C6D1E3E6F9C203F4874B8BE8C8C503E1C35CE3F401A69BE76AC643E4371113F43825EBE80EAC03E3B67C33F48E0CABE7CFF653E07B99D3F4D4EB1BE7DFEB93E2CC1443F482CE4BE789EFE3E352F7F3F4BBF0EBE7FB6563DE7C5AC3F4B54D2BE756B443DE032553F4F12D3BE8149C73DC4EE7C3F4FB96BBE7E22E6,
3E5F6C273F33DB3CBE8489D23E5CE5713F384A94BE86F9983E504B7F3F390AEEBE814CEC3DC346563F4BFB59BE6F8A8F3DDD75E23F48E454BE6EA7053DE7C5AC3F4B54D2BE756B443E5CE5713F384A94BE86F9983E6BFD723F3C622CBE8E81243E5D8F933F3D7247BE8440D13E5D8F933F3D7247BE8440D13E6BFD723F3C622CBE8E81243E69AF193F435979BE8C6D1E,
3E11E0833F44FDB1BE7285EC3E2CC1443F482CE4BE789EFE3E11DA383F494046BE7672323E5A25963F4DA47BBE8D7A783E2F62743F4EEF2CBE8661AE3E4519BD3F4D2B5EBE84E7AB3E2F62743F4EEF2CBE8661AE3E5A25963F4DA47BBE8D7A783E3E3C533F4F73B0BE8E62353E2090713F51B707BE995FEE3E0DA22F3F502E34BE88AC193E3E3C533F4F73B0BE8E6235,
3E5D8F933F3D7247BE8440D13E504B7F3F390AEEBE814CEC3E5CE5713F384A94BE86F9983E328ED63F34B76FBE728F5C3E3F84CB3F3CE161BE7C9FF93E1C35CE3F401A69BE76AC643E145AA33F4E9D1FBE82ADE63E0DA22F3F502E34BE88AC193E07B99D3F4D4EB1BE7DFEB93E2CC1443F482CE4BE789EFE3E07B99D3F4D4EB1BE7DFEB93E11DA383F494046BE767232,
3E1C35CE3F401A69BE76AC643E11E0833F44FDB1BE7285EC3E0191153F3E8B5DBE7154003E1C35CE3F401A69BE76AC643E0191153F3E8B5DBE7154003E19EBA73F39D1E5BE72E83A3E55B0FF3F406339BE82415F3E69AF193F435979BE8C6D1E3E59FA123F446801BE86B8FA3E5A25963F4DA47BBE8D7A783E6082CF3F4E834DBE9DA8373E3B927D3F50C576BE9B0A0B,
3DE270F43F50E69FBE8BE2503DE032553F4F12D3BE8149C73E0DA22F3F502E34BE88AC193E1A415F3F305650BE5F21B43E19EBA73F39D1E5BE72E83A3E04CD753F32F588BE5E8E613E5F6C273F33DB3CBE8489D23E685BE23F325786BE8919263E6E321A3F380DC3BE9088D73E19EBA73F39D1E5BE72E83A3DF7CE533F3B7803BE68CA3E3E04CD753F32F588BE5E8E61,
3E55B0FF3F406339BE82415F3E5D8F933F3D7247BE8440D13E69AF193F435979BE8C6D1E3E0191153F3E8B5DBE7154003DDF0F5A3F45A965BE6B5B703DBE5EAB3F3FAB11BE65F9163E07B99D3F4D4EB1BE7DFEB93E352F7F3F4BBF0EBE7FB6563E145AA33F4E9D1FBE82ADE63E352F7F3F4BBF0EBE7FB6563E4519BD3F4D2B5EBE84E7AB3E2F62743F4EEF2CBE8661AE,
3E0DA22F3F502E34BE88AC193E2090713F51B707BE995FEE3DE270F43F50E69FBE8BE2503DA8EDE53F51A283BE8D7F953DE270F43F50E69FBE8BE2503DA030C23F5179D1BE940F453E52B6F23F4B8DD6BE8561913E3B67C33F48E0CABE7CFF653E5133C23F498FE7BE8420B43E4371113F43825EBE80EAC03E55B0FF3F406339BE82415F3E59FA123F446801BE86B8FA,
3E3B927D3F50C576BE9B0A0B3E2090713F51B707BE995FEE3E3E3C533F4F73B0BE8E62353E3B927D3F50C576BE9B0A0B3E3E3C533F4F73B0BE8E62353E5A25963F4DA47BBE8D7A783E3E3C533F4F73B0BE8E62353E0DA22F3F502E34BE88AC193E2F62743F4EEF2CBE8661AE3E1C35CE3F401A69BE76AC643E3B67C33F48E0CABE7CFF653E2CC1443F482CE4BE789EFE,
3E52B6F23F4B8DD6BE8561913E4519BD3F4D2B5EBE84E7AB3E352F7F3F4BBF0EBE7FB6563E3B67C33F48E0CABE7CFF653E52B6F23F4B8DD6BE8561913E352F7F3F4BBF0EBE7FB6563E0DA22F3F502E34BE88AC193DE032553F4F12D3BE8149C73E07B99D3F4D4EB1BE7DFEB93E352F7F3F4BBF0EBE7FB6563E2CC1443F482CE4BE789EFE3E3B67C33F48E0CABE7CFF65,
3E5F6C273F33DB3CBE8489D23E504B7F3F390AEEBE814CEC3E4704BC3F3257C9BE759DDC3E59FA123F446801BE86B8FA3E5133C23F498FE7BE8420B43E4371113F43825EBE80EAC03DDD75E23F48E454BE6EA7053DDF0F5A3F45A965BE6B5B703E11DA383F494046BE7672323DE7C5AC3F4B54D2BE756B443DDD75E23F48E454BE6EA7053E11DA383F494046BE767232,
3E5F6C273F33DB3CBE8489D23E6E321A3F380DC3BE9088D73E5CE5713F384A94BE86F9983DA3C2123F38E7DEBE5D57BC3DC419A03F3311A5BE57F3CF3E04CD753F32F588BE5E8E613DBE5EAB3F3FAB11BE65F9163DA3C2123F38E7DEBE5D57BC3DF7CE533F3B7803BE68CA3E3DF7CE533F3B7803BE68CA3E3DA3C2123F38E7DEBE5D57BC3E04CD753F32F588BE5E8E61,
3DB0D0EE3F51A75DBE8553CE3DE270F43F50E69FBE8BE2503DA8EDE53F51A283BE8D7F953E1C35CE3F401A69BE76AC643E3F84CB3F3CE161BE7C9FF93E4371113F43825EBE80EAC03E5A25963F4DA47BBE8D7A783E4519BD3F4D2B5EBE84E7AB3E65208E3F4BEDB7BE8C73263E65208E3F4BEDB7BE8C73263E4519BD3F4D2B5EBE84E7AB3E52B6F23F4B8DD6BE856191,
3DC346563F4BFB59BE6F8A8F3DE7C5AC3F4B54D2BE756B443DC4EE7C3F4FB96BBE7E22E63DE270F43F50E69FBE8BE2503E2090713F51B707BE995FEE3DA030C23F5179D1BE940F453E6D75193F4CB9AABE96F36F3E6082CF3F4E834DBE9DA8373E5A25963F4DA47BBE8D7A783E07B99D3F4D4EB1BE7DFEB93DE032553F4F12D3BE8149C73DE7C5AC3F4B54D2BE756B44,
3E8D58863DC26BB5BE8D80E53E83BC903DC06E1ABE9431DF3E8116013DD89375BE834F1E3E6B1B373DA79CC7BE9D8B823E5DE6583D99945BBE9ECCE63E4AE6433DA26BB5BE9605683E0DA22F3F502E34BE88AC193E145AA33F4E9D1FBE82ADE63E2F62743F4EEF2CBE8661AE3E52B6F23F4B8DD6BE8561913E6F9C203F4874B8BE8C8C503E65208E3F4BEDB7BE8C7326,
3E6C193B3DCCA70DBE8AEF4E3E8116013DD89375BE834F1E3E83BC903DC06E1ABE9431DF3E916E593C266DBDBE95F4C33E960CE13C8B9778BE9EF8CF3E9A706D3C5BB9D0BE96B6173E83BC903DC06E1ABE9431DF3E8D58863DC26BB5BE8D80E53E9075B43DB10DBFBE9427633E622DD83C93F078BEAB3F853E76A6A03C568C69BEA789833E63E9EA3C1B6B2BBEA32E38,
3E9697AF3D5E94ABBE9B7A3E3E94D61B3D9B0FF1BE96887B3E98ED3E3D9BF2F5BE9132943E94D61B3D9B0FF1BE96887B3E8527E53D9E0158BE9DE6363E9075B43DB10DBFBE9427633E622DD83C93F078BEAB3F853E79C94F3D176577BEA98A443E8791603CB3A68BBEA835373E8E392E3C3FF045BE9F33223E8640643C6AA2A1BEA5D5D43E8FA9C13C9769A9BEA41AEF,
3E94CBE23D0A58B4BE9FE49B3E8499283D112770BEA8301A3E85AD973D80F2BFBEA1FC2B3E94CBE23D0A58B4BE9FE49B3E8791603CB3A68BBEA835373E8499283D112770BEA8301A3E57F9513C09B0EEBE96B3DD3E63E9EA3C1B6B2BBEA32E383E8E392E3C3FF045BE9F33223E66F04A3D46E9FFBEA5015C3E5E14383D02363BBEAA174C3E543F1C3D3BE985BEA5E354,
3E8791603CB3A68BBEA835373E8640643C6AA2A1BEA5D5D43E76A6A03C568C69BEA789833E9A706D3C5BB9D0BE96B6173E960CE13C8B9778BE9EF8CF3E9EB8303CC91299BE96746D3E85AD973D80F2BFBEA1FC2B3E8499283D112770BEA8301A3E79C94F3D176577BEA98A443E71D7133D894CCBBEA3C2333E85AD973D80F2BFBEA1FC2B3E79C94F3D176577BEA98A44,
3E5E14383D02363BBEAA174C3E66F04A3D46E9FFBEA5015C3E6E9C023CF6F4BFBEAA54C53E85AD973D80F2BFBEA1FC2B3E8527E53D9E0158BE9DE6363E94D61B3D9B0FF1BE96887B3E71D7133D894CCBBEA3C2333E5DE6583D99945BBE9ECCE63E6B1B373DA79CC7BE9D8B823E63E9EA3C1B6B2BBEA32E383E4A493D3C3B98C8BEA4CA0C3E554FBE3C4F398FBEA70C13,
3E622DD83C93F078BEAB3F853E5E14383D02363BBEAA174C3E6E9C023CF6F4BFBEAA54C53E94CBE23D0A58B4BE9FE49B3E960CE13C8B9778BE9EF8CF3E8FA9C13C9769A9BEA41AEF3E8527E53D9E0158BE9DE6363E85AD973D80F2BFBEA1FC2B3E71D7133D894CCBBEA3C2333E66F04A3D46E9FFBEA5015C3E79C94F3D176577BEA98A443E6E9C023CF6F4BFBEAA54C5,
3E916E593C266DBDBE95F4C33E57F9513C09B0EEBE96B3DD3E8E392E3C3FF045BE9F33223E8640643C6AA2A1BEA5D5D43E8E392E3C3FF045BE9F33223E63E9EA3C1B6B2BBEA32E383EA18DEF3D16AF04BE9263733EA512EC3D215EC0BE8B5C3A3EA1D92B3C908C3FBE8FB2EE3E9EB8303CC91299BE96746D3EA18DEF3D16AF04BE9263733EA1D92B3C908C3FBE8FB2EE,
3E79C94F3D176577BEA98A443E66F04A3D46E9FFBEA5015C3E71D7133D894CCBBEA3C2333E6C193B3DCCA70DBE8AEF4E3E6B1B373DA79CC7BE9D8B823E58C5003DC5F17CBE8955B43E8E392E3C3FF045BE9F33223E8FA9C13C9769A9BEA41AEF3E960CE13C8B9778BE9EF8CF3E916E593C266DBDBE95F4C33E8E392E3C3FF045BE9F33223E960CE13C8B9778BE9EF8CF,
3E989FA53DAAFF6DBE8BBCD33E98ED3E3D9BF2F5BE9132943E9075B43DB10DBFBE9427633E8D58863DC26BB5BE8D80E53E989FA53DAAFF6DBE8BBCD33E9075B43DB10DBFBE9427633E8527E53D9E0158BE9DE6363E71D7133D894CCBBEA3C2333E6B1B373DA79CC7BE9D8B823E82DA123DAF0B6BBE9A391D3E8527E53D9E0158BE9DE6363E6B1B373DA79CC7BE9D8B82,
3E6C193B3DCCA70DBE8AEF4E3E83BC903DC06E1ABE9431DF3E6B1B373DA79CC7BE9D8B823E9697AF3D5E94ABBE9B7A3E3E85AD973D80F2BFBEA1FC2B3E94D61B3D9B0FF1BE96887B3E58C5003DC5F17CBE8955B43E6B1B373DA79CC7BE9D8B823E4AE6433DA26BB5BE9605683E85AD973D80F2BFBEA1FC2B3E9697AF3D5E94ABBE9B7A3E3E94CBE23D0A58B4BE9FE49B,
3E622DD83C93F078BEAB3F853E8791603CB3A68BBEA835373E76A6A03C568C69BEA789833E8640643C6AA2A1BEA5D5D43E8791603CB3A68BBEA835373E8FA9C13C9769A9BEA41AEF3E9A21EA3C26B50BBE8A630F3E5A83F53C2493C9BE434BD73E57F9513C09B0EEBE96B3DD3E83BC903DC06E1ABE9431DF3E82DA123DAF0B6BBE9A391D3E6B1B373DA79CC7BE9D8B82,
3E9697AF3D5E94ABBE9B7A3E3E9EB8303CC91299BE96746D3E94CBE23D0A58B4BE9FE49B3E6E9C023CF6F4BFBEAA54C53E79C94F3D176577BEA98A443E622DD83C93F078BEAB3F853E9A706D3C5BB9D0BE96B6173E9EB8303CC91299BE96746D3EA1D92B3C908C3FBE8FB2EE3E8791603CB3A68BBEA835373E94CBE23D0A58B4BE9FE49B3E8FA9C13C9769A9BEA41AEF,
3E83BC903DC06E1ABE9431DF3E9075B43DB10DBFBE9427633E82DA123DAF0B6BBE9A391D3E66F04A3D46E9FFBEA5015C3E543F1C3D3BE985BEA5E3543E52B6F23D55AAF8BEA4FBFC3E94D61B3D9B0FF1BE96887B3E9075B43DB10DBFBE9427633E98ED3E3D9BF2F5BE9132943E9EB8303CC91299BE96746D3E960CE13C8B9778BE9EF8CF3E94CBE23D0A58B4BE9FE49B,
3EA1D92B3C908C3FBE8FB2EE3E9A21EA3C26B50BBE8A630F3E9A706D3C5BB9D0BE96B6173E63E9EA3C1B6B2BBEA32E383E57F9513C09B0EEBE96B3DD3E4A493D3C3B98C8BEA4CA0C3E57F9513C09B0EEBE96B3DD3E916E593C266DBDBE95F4C33E9A21EA3C26B50BBE8A630F3E9075B43DB10DBFBE9427633E8527E53D9E0158BE9DE6363E82DA123DAF0B6BBE9A391D,
3E8791603CB3A68BBEA835373E79C94F3D176577BEA98A443E8499283D112770BEA8301A3E8640643C6AA2A1BEA5D5D43E63E9EA3C1B6B2BBEA32E383E76A6A03C568C69BEA789833E9697AF3D5E94ABBE9B7A3E3EA18DEF3D16AF04BE9263733E9EB8303CC91299BE96746D3E9A21EA3C26B50BBE8A630F3E916E593C266DBDBE95F4C33E9A706D3C5BB9D0BE96B617,
3E622DD83C93F078BEAB3F853E63E9EA3C1B6B2BBEA32E383E554FBE3C4F398FBEA70C133E9697AF3D5E94ABBE9B7A3E3E98ED3E3D9BF2F5BE9132943EA275EF3D6E4192BE8A6EB93EA18DEF3D16AF04BE9263733E9697AF3D5E94ABBE9B7A3E3EA275EF3D6E4192BE8A6EB93EA275EF3D6E4192BE8A6EB93EA512EC3D215EC0BE8B5C3A3EA18DEF3D16AF04BE926373,
3EA539973D2D3522BE74256C3EA2AAC13CDF43C8BE601CD63EA4C37E3CAA454EBE8158533E8D58863DC26BB5BE8D80E53E83BC903DC06E1ABE9431DF3E8116013DD89375BE834F1E3E66F04A3D46E9FFBEA5015C3E52B6F23D55AAF8BEA4FBFC3E5DE6583D99945BBE9ECCE63E71D7133D894CCBBEA3C2333E66F04A3D46E9FFBEA5015C3E5DE6583D99945BBE9ECCE6,
3E83BC903DC06E1ABE9431DF3E8D58863DC26BB5BE8D80E53E9075B43DB10DBFBE9427633E89D5C33DD02F73BE84200C3E8D58863DC26BB5BE8D80E53E8116013DD89375BE834F1E3EA1728A3D85479DBE781D7E3EA637373D349F0EBE81BAE43EA275EF3D6E4192BE8A6EB93E8659F33DD9B888BE5F88FD3E94B03A3DB04AB6BE625DD13E85FE333DD84231BE6DAE82,
3E925E353DA80065BE20E6F33E928FE23D8A0A96BE1B24A73E9824B33D44C37EBE29845E3E85FE333DD84231BE6DAE823E7BEDB73DDE9FAEBE6F2D3C3E80053E3DF65669BE5F52333E9546D43C507853BE3797033E8E3DE63C2C14C6BE431D2E3E9C07463C3662FEBE67BBF93E8ABC0E3DFF51F0BE346FDF3E8EBE593E31ECD5BE2BEF073E8BDAD73E0B890DBE20485A,
3E9873153CDA74C1BE1593603E975F703CA1BE2BBE1ECFA73E9717BE3D077AB3BE1E97073E9DEDD03D089B0FBE3FD5CB3E9A5DD13CBE5322BE2CD0BB3E9D92323CB9A9DABE3D288D3E6C07253DDB9E06BE7B97FF3E58C5003DC5F17CBE8955B43E51450F3DDBC1ADBE7B65673E80053E3DF65669BE5F52333E7BEDB73DDE9FAEBE6F2D3C3E71A9B93DEDE6DEBE6B8499,
3E912EC73D95A3A1BE126FA43E8CA7503DDB4CC2BE24F11B3E8D31FD3DC0A7C6BE0573A83E8116013DD89375BE834F1E3E6C193B3DCCA70DBE8AEF4E3E6C07253DDB9E06BE7B97FF3E89D5C33DD02F73BE84200C3E8116013DD89375BE834F1E3E76F60E3DDB8BACBE75B4AB3E6C193B3DCCA70DBE8AEF4E3E8116013DD89375BE834F1E3E83BC903DC06E1ABE9431DF,
3E9697AF3D5E94ABBE9B7A3E3E94D61B3D9B0FF1BE96887B3E98ED3E3D9BF2F5BE9132943E94B03A3DB04AB6BE625DD13E8659F33DD9B888BE5F88FD3E9065953DB972CDBE56CC603E9528283D8EC205BE2CD7493E8CA7503DDB4CC2BE24F11B3E925E353DA80065BE20E6F33E6C07253DDB9E06BE7B97FF3E51450F3DDBC1ADBE7B65673E5B88CA3DF31F47BE7127B3,
3E90A6B93C3ED30FBE286F483E975F703CA1BE2BBE1ECFA73E95B4893C69B38DBE13AB433E90A6B93C3ED30FBE286F483E95B4893C69B38DBE13AB433E936DA83C370692BDF627BF3E81F8C23C1FC6DABDFD50A93E90A6B93C3ED30FBE286F483E936DA83C370692BDF627BF3EA637373D349F0EBE81BAE43EA512EC3D215EC0BE8B5C3A3EA275EF3D6E4192BE8A6EB9,
3E9441573D41B867BE18637C3E9873153CDA74C1BE1593603E9717BE3D077AB3BE1E97073E9DEDD03D089B0FBE3FD5CB3E9824B33D44C37EBE29845E3E9A5DD13CBE5322BE2CD0BB3E76F60E3DDB8BACBE75B4AB3E8116013DD89375BE834F1E3E6C07253DDB9E06BE7B97FF3E71A9B93DEDE6DEBE6B84993E76F60E3DDB8BACBE75B4AB3E6C07253DDB9E06BE7B97FF,
3E76655A3E1BE447BE5CB3E53E6A0F0A3E02D98CBE6826AB3E5F97243E253FC0BE6993D53E981B223D950DAEBE41F9273EA2AAC13CDF43C8BE601CD63E9AF4F13D8B53D6BE550B0F3E8659F33DD9B888BE5F88FD3E85FE333DD84231BE6DAE823E80053E3DF65669BE5F52333E9441573D41B867BE18637C3E94B0C03D85692BBE1142B33E9ED2673D6B4FA5BE07B13A,
3E8CA7503DDB4CC2BE24F11B3E9528283D8EC205BE2CD7493E8DA3C23DC8CCDEBE3A19873E85FE333DD84231BE6DAE823E94B03A3DB04AB6BE625DD13E94AA323DB83516BE70318C3EA1728A3D85479DBE781D7E3EA08D6D3D6BC947BE65A8153EA539973D2D3522BE74256C3E90A6B93C3ED30FBE286F483E81F8C23C1FC6DABDFD50A93E6AC6473C1E518FBE05A4AD,
3E9717BE3D077AB3BE1E97073E9824B33D44C37EBE29845E3E9441573D41B867BE18637C3E9546D43C507853BE3797033E9B33553C94445BBE38F4303E9A5DD13CBE5322BE2CD0BB3E95B4893C69B38DBE13AB433E9CBB5E3C449BA6BDFAFC8B3E936DA83C370692BDF627BF3E5A83F53C2493C9BE434BD73E9A21EA3C26B50BBE8A630F3E9C07463C3662FEBE67BBF9,
3E94B03A3DB04AB6BE625DD13E9AF4F13D8B53D6BE550B0F3E9CB1463D9D084FBE70CD423E981B223D950DAEBE41F9273E9AF4F13D8B53D6BE550B0F3E94B03A3DB04AB6BE625DD13E866D9C3DDB2464BE7458473E7BEDB73DDE9FAEBE6F2D3C3E85FE333DD84231BE6DAE823E9824B33D44C37EBE29845E3E928FE23D8A0A96BE1B24A73E9441573D41B867BE18637C,
3E9873153CDA74C1BE1593603E9ABFBA3C9AFC05BE0F92B03E95B4893C69B38DBE13AB433E8DA3C23DC8CCDEBE3A19873E9528283D8EC205BE2CD7493E981B223D950DAEBE41F9273E94B03A3DB04AB6BE625DD13E9065953DB972CDBE56CC603E981B223D950DAEBE41F9273EA637373D349F0EBE81BAE43EA4C37E3CAA454EBE8158533EA512EC3D215EC0BE8B5C3A,
3E6C07253DDB9E06BE7B97FF3E6C193B3DCCA70DBE8AEF4E3E58C5003DC5F17CBE8955B43EA29A3D3C9B9B67BE6847F53E9EAF473C4C35CEBE81E68A3EA4C37E3CAA454EBE8158533EA2AAC13CDF43C8BE601CD63EA29A3D3C9B9B67BE6847F53EA4C37E3CAA454EBE8158533E9ABFBA3C9AFC05BE0F92B03E9CBB5E3C449BA6BDFAFC8B3E95B4893C69B38DBE13AB43,
3E92A6F43DC15EC0BE81C3CE3E866D9C3DDB2464BE7458473E85FE333DD84231BE6DAE823E94AA323DB83516BE70318C3E92A6F43DC15EC0BE81C3CE3E85FE333DD84231BE6DAE823E9CB1463D9D084FBE70CD423E92A6F43DC15EC0BE81C3CE3E94AA323DB83516BE70318C3E9A21EA3C26B50BBE8A630F3E9EAF473C4C35CEBE81E68A3E9C07463C3662FEBE67BBF9,
3E8CA7503DDB4CC2BE24F11B3E8DA3C23DC8CCDEBE3A19873E8ABC0E3DFF51F0BE346FDF3E503BC53C0D0892BE2832FD3E6AC6473C1E518FBE05A4AD3E43B0813C0127B3BE125C813E8353D63DDC4C16BE7E37583E7BEDB73DDE9FAEBE6F2D3C3E866D9C3DDB2464BE7458473E9D92323CB9A9DABE3D288D3E9B33553C94445BBE38F4303E9C07463C3662FEBE67BBF9,
3E9D716D3D9CE39BBE8528D03E989FA53DAAFF6DBE8BBCD33E92A6F43DC15EC0BE81C3CE3E9546D43C507853BE3797033E975F703CA1BE2BBE1ECFA73E90A6B93C3ED30FBE286F483E92A6F43DC15EC0BE81C3CE3E9CB1463D9D084FBE70CD423E9D716D3D9CE39BBE8528D03E8DA3C23DC8CCDEBE3A19873E89DF763DD5842BBE51A2A53E85E2693DF86339BE4DE3FC,
3E8353D63DDC4C16BE7E37583E76F60E3DDB8BACBE75B4AB3E7BEDB73DDE9FAEBE6F2D3C3E5A83F53C2493C9BE434BD73E8E3DE63C2C14C6BE431D2E3E6AEC4A3C247A9EBE28D0033EA18DEF3D16AF04BE9263733EA512EC3D215EC0BE8B5C3A3EA1D92B3C908C3FBE8FB2EE3E9EB8303CC91299BE96746D3EA18DEF3D16AF04BE9263733EA1D92B3C908C3FBE8FB2EE,
3E8EBE593E31ECD5BE2BEF073E8A09463E0CB46CBE3941423E8C96893E453B8EBE3C63AE3E89D5C33DD02F73BE84200C3E76F60E3DDB8BACBE75B4AB3E8353D63DDC4C16BE7E37583E92A6F43DC15EC0BE81C3CE3E89D5C33DD02F73BE84200C3E8353D63DDC4C16BE7E37583E76F60E3DDB8BACBE75B4AB3E71A9B93DEDE6DEBE6B84993E7BEDB73DDE9FAEBE6F2D3C,
3E92A6F43DC15EC0BE81C3CE3E8353D63DDC4C16BE7E37583E866D9C3DDB2464BE7458473E9CB1463D9D084FBE70CD423EA1728A3D85479DBE781D7E3E9D716D3D9CE39BBE8528D03E981B223D950DAEBE41F9273E89DF763DD5842BBE51A2A53E8DA3C23DC8CCDEBE3A19873E9EAF473C4C35CEBE81E68A3E9A21EA3C26B50BBE8A630F3EA1D92B3C908C3FBE8FB2EE,
3E9EAF473C4C35CEBE81E68A3EA29A3D3C9B9B67BE6847F53E9C07463C3662FEBE67BBF93E90A6B93C3ED30FBE286F483E6AEC4A3C247A9EBE28D0033E8E3DE63C2C14C6BE431D2E3E8A5FE93E0EC4A4BE0B37CA3E8BDAD73E0B890DBE20485A3E8F25813E2E9292BE16A2B13E6C193B3DCCA70DBE8AEF4E3E6B1B373DA79CC7BE9D8B823E58C5003DC5F17CBE8955B4,
3E975F703CA1BE2BBE1ECFA73E9A5DD13CBE5322BE2CD0BB3E9717BE3D077AB3BE1E97073E95B4893C69B38DBE13AB433E975F703CA1BE2BBE1ECFA73E9873153CDA74C1BE1593603E8659F33DD9B888BE5F88FD3E80053E3DF65669BE5F52333E89DF763DD5842BBE51A2A53E90A6B93C3ED30FBE286F483E6AC6473C1E518FBE05A4AD3E503BC53C0D0892BE2832FD,
3E9528283D8EC205BE2CD7493E9824B33D44C37EBE29845E3E981B223D950DAEBE41F9273E8A38113DDB5E96BE01CBCD3E8CA7503DDB4CC2BE24F11B3E8B0F8C3DFB8349BE12DE443E5A83F53C2493C9BE434BD73E9C07463C3662FEBE67BBF93E8E3DE63C2C14C6BE431D2E3E9A5DD13CBE5322BE2CD0BB3E9824B33D44C37EBE29845E3E9717BE3D077AB3BE1E9707,
3E9C07463C3662FEBE67BBF93EA29A3D3C9B9B67BE6847F53EA2009F3CACB641BE5BBF0E3E58C5003DC5F17CBE8955B43E6B1B373DA79CC7BE9D8B823E4AE6433DA26BB5BE9605683E989FA53DAAFF6DBE8BBCD33E98ED3E3D9BF2F5BE9132943E9075B43DB10DBFBE9427633E8D58863DC26BB5BE8D80E53E989FA53DAAFF6DBE8BBCD33E9075B43DB10DBFBE942763,
3E8E3DE63C2C14C6BE431D2E3E9546D43C507853BE3797033E90A6B93C3ED30FBE286F483E9A21EA3C26B50BBE8A630F3E5A83F53C2493C9BE434BD73E57F9513C09B0EEBE96B3DD3E6C193B3DCCA70DBE8AEF4E3E83BC903DC06E1ABE9431DF3E6B1B373DA79CC7BE9D8B823EA29A3D3C9B9B67BE6847F53EA2AAC13CDF43C8BE601CD63EA2009F3CACB641BE5BBF0E,
3EA4C37E3CAA454EBE8158533E9EAF473C4C35CEBE81E68A3EA1D92B3C908C3FBE8FB2EE3E8D31FD3DC0A7C6BE0573A83E8CA7503DDB4CC2BE24F11B3E8A38113DDB5E96BE01CBCD3E9B60073DA433D7BDFEA1403E94B0C03D85692BBE1142B33E912EC73D95A3A1BE126FA43E8C840E3DCD0AAABDFC0DB23E9B60073DA433D7BDFEA1403E912EC73D95A3A1BE126FA4,
3E76655A3E1BE447BE5CB3E53E831F8A3E0CA969BE518D693E6A0F0A3E02D98CBE6826AB3EA1728A3D85479DBE781D7E3EA275EF3D6E4192BE8A6EB93E9D716D3D9CE39BBE8528D03E8A09463E0CB46CBE3941423E8ABC0E3DFF51F0BE346FDF3E85E2693DF86339BE4DE3FC3E831F8A3E0CA969BE518D693E8A09463E0CB46CBE3941423E85E2693DF86339BE4DE3FC,
3E9CB1463D9D084FBE70CD423E9AF4F13D8B53D6BE550B0F3EA08D6D3D6BC947BE65A8153EA1728A3D85479DBE781D7E3E9CB1463D9D084FBE70CD423EA08D6D3D6BC947BE65A8153E9A706D3C5BB9D0BE96B6173E9EB8303CC91299BE96746D3EA1D92B3C908C3FBE8FB2EE3E94AA323DB83516BE70318C3E94B03A3DB04AB6BE625DD13E9CB1463D9D084FBE70CD42,
3E8D58863DC26BB5BE8D80E53E89D5C33DD02F73BE84200C3E92A6F43DC15EC0BE81C3CE3E989FA53DAAFF6DBE8BBCD33E8D58863DC26BB5BE8D80E53E92A6F43DC15EC0BE81C3CE3E80053E3DF65669BE5F52333E831F8A3E0CA969BE518D693E85E2693DF86339BE4DE3FC3E8C96893E453B8EBE3C63AE3E831F8A3E0CA969BE518D693E85BAD43E264495BE4AB25B,
3E8DA3C23DC8CCDEBE3A19873E85E2693DF86339BE4DE3FC3E8ABC0E3DFF51F0BE346FDF3E94B0C03D85692BBE1142B33E9441573D41B867BE18637C3E928FE23D8A0A96BE1B24A73EA2B64A3D1C39BDBE043C3A3E9ABFBA3C9AFC05BE0F92B03E9873153CDA74C1BE1593603E9ED2673D6B4FA5BE07B13A3EA2B64A3D1C39BDBE043C3A3E9873153CDA74C1BE159360,
3E71A9B93DEDE6DEBE6B84993E6C07253DDB9E06BE7B97FF3E5B88CA3DF31F47BE7127B33E6A0F0A3E02D98CBE6826AB3E71A9B93DEDE6DEBE6B84993E5B88CA3DF31F47BE7127B33EA4C37E3CAA454EBE8158533EA1D92B3C908C3FBE8FB2EE3EA512EC3D215EC0BE8B5C3A3E89DF763DD5842BBE51A2A53E9065953DB972CDBE56CC603E8659F33DD9B888BE5F88FD,
3E9546D43C507853BE3797033E9C07463C3662FEBE67BBF93E9B33553C94445BBE38F4303EA2AAC13CDF43C8BE601CD63E981B223D950DAEBE41F9273E9DEDD03D089B0FBE3FD5CB3E8B0F8C3DFB8349BE12DE443E8BDAD73E0B890DBE20485A3E8A5FE93E0EC4A4BE0B37CA3E85CF253E20D413BDD99FE43E8A5FE93E0EC4A4BE0B37CA3E8F25813E2E9292BE16A2B1,
3E928FE23D8A0A96BE1B24A73E925E353DA80065BE20E6F33E912EC73D95A3A1BE126FA43E94B0C03D85692BBE1142B33E928FE23D8A0A96BE1B24A73E912EC73D95A3A1BE126FA43EA4C37E3CAA454EBE8158533EA637373D349F0EBE81BAE43EA539973D2D3522BE74256C3E925E353DA80065BE20E6F33E9824B33D44C37EBE29845E3E9528283D8EC205BE2CD749,
3E90A6B93C3ED30FBE286F483E503BC53C0D0892BE2832FD3E6AEC4A3C247A9EBE28D0033E6A0F0A3E02D98CBE6826AB3E5B88CA3DF31F47BE7127B33E4C8F323E172431BE6EB67C3E57F9513C09B0EEBE96B3DD3E916E593C266DBDBE95F4C33E9A21EA3C26B50BBE8A630F3E94D61B3D9B0FF1BE96887B3E9075B43DB10DBFBE9427633E98ED3E3D9BF2F5BE913294,
3E71A9B93DEDE6DEBE6B84993E6A0F0A3E02D98CBE6826AB3E80053E3DF65669BE5F52333E981B223D950DAEBE41F9273E9065953DB972CDBE56CC603E89DF763DD5842BBE51A2A53E43B0813C0127B3BE125C813E6AC6473C1E518FBE05A4AD3E4148FE3BFF0026BDFB291C3E503BC53C0D0892BE2832FD3E5A83F53C2493C9BE434BD73E6AEC4A3C247A9EBE28D003,
3E9D92323CB9A9DABE3D288D3E9A5DD13CBE5322BE2CD0BB3E9B33553C94445BBE38F4303EA275EF3D6E4192BE8A6EB93E98ED3E3D9BF2F5BE9132943E989FA53DAAFF6DBE8BBCD33E9D716D3D9CE39BBE8528D03EA275EF3D6E4192BE8A6EB93E989FA53DAAFF6DBE8BBCD33E6A0F0A3E02D98CBE6826AB3E831F8A3E0CA969BE518D693E80053E3DF65669BE5F5233,
3EA1D92B3C908C3FBE8FB2EE3E9A21EA3C26B50BBE8A630F3E9A706D3C5BB9D0BE96B6173E8F25813E2E9292BE16A2B13E8BDAD73E0B890DBE20485A3E8EBE593E31ECD5BE2BEF073EA2AAC13CDF43C8BE601CD63EA08D6D3D6BC947BE65A8153E9AF4F13D8B53D6BE550B0F3E9824B33D44C37EBE29845E3E9DEDD03D089B0FBE3FD5CB3E981B223D950DAEBE41F927,
3E9A5DD13CBE5322BE2CD0BB3E975F703CA1BE2BBE1ECFA73E9546D43C507853BE3797033E8BDAD73E0B890DBE20485A3E8B0F8C3DFB8349BE12DE443E8CA7503DDB4CC2BE24F11B3E85E2693DF86339BE4DE3FC3E89DF763DD5842BBE51A2A53E80053E3DF65669BE5F52333E9A21EA3C26B50BBE8A630F3E916E593C266DBDBE95F4C33E9A706D3C5BB9D0BE96B617,
3EA18DEF3D16AF04BE9263733E9697AF3D5E94ABBE9B7A3E3EA275EF3D6E4192BE8A6EB93EA275EF3D6E4192BE8A6EB93EA512EC3D215EC0BE8B5C3A3EA18DEF3D16AF04BE9263733E8D31FD3DC0A7C6BE0573A83E8C840E3DCD0AAABDFC0DB23E912EC73D95A3A1BE126FA43E8CA7503DDB4CC2BE24F11B3E912EC73D95A3A1BE126FA43E925E353DA80065BE20E6F3,
3EA539973D2D3522BE74256C3EA08D6D3D6BC947BE65A8153EA2AAC13CDF43C8BE601CD63E9873153CDA74C1BE1593603E9441573D41B867BE18637C3E9ED2673D6B4FA5BE07B13A3EA2009F3CACB641BE5BBF0E3EA2AAC13CDF43C8BE601CD63E9DEDD03D089B0FBE3FD5CB3E9697AF3D5E94ABBE9B7A3E3E98ED3E3D9BF2F5BE9132943EA275EF3D6E4192BE8A6EB9,
3E9D92323CB9A9DABE3D288D3E9C07463C3662FEBE67BBF93EA2009F3CACB641BE5BBF0E3E9DEDD03D089B0FBE3FD5CB3E9D92323CB9A9DABE3D288D3EA2009F3CACB641BE5BBF0E3E8B0F8C3DFB8349BE12DE443E8A5FE93E0EC4A4BE0B37CA3E86A11F3E070BD0BDF10E453E8A38113DDB5E96BE01CBCD3E8B0F8C3DFB8349BE12DE443E86A11F3E070BD0BDF10E45,
3E4C8F323E172431BE6EB67C3E5F97243E253FC0BE6993D53E6A0F0A3E02D98CBE6826AB3E85BAD43E264495BE4AB25B3E831F8A3E0CA969BE518D693E76655A3E1BE447BE5CB3E53E8BDAD73E0B890DBE20485A3E8CA7503DDB4CC2BE24F11B3E8ABC0E3DFF51F0BE346FDF3E8ABC0E3DFF51F0BE346FDF3E8A09463E0CB46CBE3941423E8EBE593E31ECD5BE2BEF07,
3E8ED7623DDED17CBDDFE9FB3E8825E13DED4995BDE4C4053E83D2D83E02E515BDC4B6E93EA3BFD73D5D744FBDFE2AC33EA2B64A3D1C39BDBE043C3A3E9ED2673D6B4FA5BE07B13A3EA1728A3D85479DBE781D7E3EA539973D2D3522BE74256C3EA637373D349F0EBE81BAE43E8A09463E0CB46CBE3941423E831F8A3E0CA969BE518D693E8C96893E453B8EBE3C63AE,
3EB152D23D263950BDDFFCDB3EA2B64A3D1C39BDBE043C3A3EAD1F823D5B1B7ABDEACD9F3E99B1533C51C3ADBD6221C93E8CDDF83CBC70CABD7E1A823E9986123C365237BD81322F3E66FEF83C8C9321BDE65D7D3E7663843C3D2FA1BDF54DA53E8328D83C140358BDE53C153E889D8C3D279AAEBD310CB33E8CDDF83CBC70CABD7E1A823E99B1533C51C3ADBD6221C9,
3EA58D583DE5B963BD3A9B073E98A3F93DF5E8D5BD45308C3E9BA94C3DF5DD4CBD1797CC3E6A86D73CEA704CBDD51F823E8328D83C140358BDE53C153E73671B3D119589BDBB11843E8507213E0425AFBD9F9DF53E829C133E0A9BD0BDBF2A173E815A293E0CE315BDA0B1BC3E9E6BA53E13CF70BD0ABA383EAC156E3E29F1F1BC84D5523EA82BA63E0936C6BC70DC77,
3E52C8823D07C84BBDABC6223E4E10063CFB7E91BDBD8D7A3E6609573D0E10CFBDBFAE363E80E92D3D1F3733BD8916CA3E6DD1E53D19DBA9BD97D73D3E80EAC03D177B7CBD98F4733EA227D03DE70197BD84028E3EAC45243DD6AA4CBD6B7BAF3EA95D0B3DCDD378BD98EE283E9A424A3C4700043B247ED03E8C31593D2E6B83BAE581CF3E9F54B03C403793BC10928A,
3E80EAC03D177B7CBD98F4733E6DD1E53D19DBA9BD97D73D3E74DBE03D11A976BDAD6A9C3E8A1C043C15B35BBDD25A253E80EAC03D177B7CBD98F4733E74DBE03D11A976BDAD6A9C3EB051223CBE4EF0BDDB078E3E9ABFBA3C9AFC05BE0F92B03EA2B64A3D1C39BDBE043C3A3E90A1163C2925FFBDBE5F313E80EAC03D177B7CBD98F4733E8A1C043C15B35BBDD25A25,
3E917F413C23F898BDB0D2803E8CDDF83CBC70CABD7E1A823E80EAC03D177B7CBD98F4733E912EC73D95A3A1BE126FA43E8CA7503DDB4CC2BE24F11B3E8D31FD3DC0A7C6BE0573A83E88A5273D2EAB7A3CBB75213E3A786C3D15F56A3D249F513E1C3E753D091C08BD49D1703E8ED7623DDED17CBDDFE9FB3E9B60073DA433D7BDFEA1403E8C840E3DCD0AAABDFC0DB2,
3E9715A53C3CC294BDA9E2373E8CDDF83CBC70CABD7E1A823E917F413C23F898BDB0D2803E90A1163C2925FFBDBE5F313E9715A53C3CC294BDA9E2373E917F413C23F898BDB0D2803E9C0D913DBE97D0BDDF69883EA2593A3D985836BDEA2B173E9B60073DA433D7BDFEA1403E8CDDF83CBC70CABD7E1A823E80E92D3D1F3733BD8916CA3E80EAC03D177B7CBD98F473,
3E815A293E0CE315BDA0B1BC3E811D583E16759BBDB11E863E825F633E292104BD9A8A403E9C5B293E03CE21BD0831273E98A3F93DF5E8D5BD45308C3E9376B43E0325D5BD44EB573E8C31593D2E6B83BAE581CF3E9A424A3C4700043B247ED03E8D29563D3349383C4A2DB63E88A5273D2EAB7A3CBB75213E8C31593D2E6B83BAE581CF3E8D29563D3349383C4A2DB6,
3E873ADE3D26C3B9BD6A01263E8CDDF83CBC70CABD7E1A823E889D8C3D279AAEBD310CB33E7663843C3D2FA1BDF54DA53E66FEF83C8C9321BDE65D7D3E66705D3C403793BDF7ABB93E9E6BA53E13CF70BD0ABA383EA82BA63E0936C6BC70DC773E9C5B293E03CE21BD0831273E98A3F93DF5E8D5BD45308C3E9C5B293E03CE21BD0831273E9BA94C3DF5DD4CBD1797CC,
3EA95D0B3DCDD378BD98EE283E9F97683DBF3301BDC4CF073EA227D03DE70197BD84028E3E829C133E0A9BD0BDBF2A173E8507213E0425AFBD9F9DF53E83D2D83E02E515BDC4B6E93E8A1C043C15B35BBDD25A253E73671B3D119589BDBB11843E88FA7B3C258B3FBDDF16B13E90A1163C2925FFBDBE5F313E8A1C043C15B35BBDD25A253E88FA7B3C258B3FBDDF16B1,
3E73671B3D119589BDBB11843E8328D83C140358BDE53C153E88FA7B3C258B3FBDDF16B13E6609573D0E10CFBDBFAE363E6A86D73CEA704CBDD51F823E73671B3D119589BDBB11843E9F97683DBF3301BDC4CF073EAA0C6B3D92146ABDDE646F3EA2593A3D985836BDEA2B173E9F97683DBF3301BDC4CF073E98E4323DE8BFC2BDA94C443EA227D03DE70197BD84028E,
3EA95D0B3DCDD378BD98EE283EAA0C6B3D92146ABDDE646F3E9F97683DBF3301BDC4CF073E90A6B93C3ED30FBE286F483E95B4893C69B38DBE13AB433E936DA83C370692BDF627BF3E81F8C23C1FC6DABDFD50A93E90A6B93C3ED30FBE286F483E936DA83C370692BDF627BF3E8328D83C140358BDE53C153E6A86D73CEA704CBDD51F823E66FEF83C8C9321BDE65D7D,
3E83D2D83E02E515BDC4B6E93E8507213E0425AFBD9F9DF53E89F6663DFA2596BDC04D983E9441573D41B867BE18637C3E94B0C03D85692BBE1142B33E9ED2673D6B4FA5BE07B13A3EA95D0B3DCDD378BD98EE283EAC45243DD6AA4CBD6B7BAF3EAF3B433DC1D10BBD8B8F9B3E8A1C043C15B35BBDD25A253E74DBE03D11A976BDAD6A9C3E73671B3D119589BDBB1184,
3E917F413C23F898BDB0D2803E80EAC03D177B7CBD98F4733E90A1163C2925FFBDBE5F313E9986123C365237BD81322F3EB0ED5F3C4A07F6BC8650E73E9F54B03C403793BC10928A3E66705D3C403793BDF7ABB93E66FEF83C8C9321BDE65D7D3E3DBA4D3C2B96F2BDD9A8CE3E92CC2D3DF70931BDA0B9133E9646AE3DE04103BDC80A5B3E89F6663DFA2596BDC04D98,
3E92CC2D3DF70931BDA0B9133E89F6663DFA2596BDC04D983E8507213E0425AFBD9F9DF53EA5069A3DF5E8D5BC54E0983EA375433DE64884BCC790B83EA03E423DF70479BCD2D44E3E6DD1E53D19DBA9BD97D73D3E8C31593D2E6B83BAE581CF3E1C3E753D091C08BD49D1703E90A6B93C3ED30FBE286F483E81F8C23C1FC6DABDFD50A93E6AC6473C1E518FBE05A4AD,
3E8C31593D2E6B83BAE581CF3E6DD1E53D19DBA9BD97D73D3E889D8C3D279AAEBD310CB33E80E92D3D1F3733BD8916CA3E8CDDF83CBC70CABD7E1A823E873ADE3D26C3B9BD6A01263E8328D83C140358BDE53C153E81F8C23C1FC6DABDFD50A93E88FA7B3C258B3FBDDF16B13E92CC2D3DF70931BDA0B9133E98E4323DE8BFC2BDA94C443E9646AE3DE04103BDC80A5B,
3E66FEF83C8C9321BDE65D7D3E4E10063CFB7E91BDBD8D7A3E24D7F13D003CD1BD9BC98A3EA4A9AC3DE63D81BC489F413EA94CEC3DD972CDBC8A95853EA375433DE64884BCC790B83EA5069A3DF5E8D5BC54E0983EA4A9AC3DE63D81BC489F413EA375433DE64884BCC790B83E6DD1E53D19DBA9BD97D73D3E80E92D3D1F3733BD8916CA3E873ADE3D26C3B9BD6A0126,
3EA58D583DE5B963BD3A9B073E960D243DF87D70BD74A44C3E98A3F93DF5E8D5BD45308C3EA2593A3D985836BDEA2B173E9C0D913DBE97D0BDDF69883E9F97683DBF3301BDC4CF073E95B4893C69B38DBE13AB433E9CBB5E3C449BA6BDFAFC8B3E936DA83C370692BDF627BF3EA2593A3D985836BDEA2B173EAA0C6B3D92146ABDDE646F3EA3BFD73D5D744FBDFE2AC3,
3EA5069A3DF5E8D5BC54E0983EA82BA63E0936C6BC70DC773EAF5D9A3E0B7AE5B9902DE03E889D8C3D279AAEBD310CB33E9F54B03C403793BC10928A3E8C31593D2E6B83BAE581CF3E6DD1E53D19DBA9BD97D73D3E1C3E753D091C08BD49D1703E52C8823D07C84BBDABC6223E960D243DF87D70BD74A44C3E9376B43E0325D5BD44EB573E98A3F93DF5E8D5BD45308C,
3E9F54B03C403793BC10928A3E889D8C3D279AAEBD310CB33E99B1533C51C3ADBD6221C93E9986123C365237BD81322F3E9F54B03C403793BC10928A3E99B1533C51C3ADBD6221C93E9ABFBA3C9AFC05BE0F92B03E9CBB5E3C449BA6BDFAFC8B3E95B4893C69B38DBE13AB433E9873153CDA74C1BE1593603E9ABFBA3C9AFC05BE0F92B03E95B4893C69B38DBE13AB43,
3E8328D83C140358BDE53C153E7663843C3D2FA1BDF54DA53E81F8C23C1FC6DABDFD50A93E8C77BC3E03A10ABD7A92A33E92CC2D3DF70931BDA0B9133E8507213E0425AFBD9F9DF53E83C6003E114877BD8E82953E8C77BC3E03A10ABD7A92A33E8507213E0425AFBD9F9DF53E9715A53C3CC294BDA9E2373EA6CFA73C5C3BD6BDDFF8233E9986123C365237BD81322F,
3EB0DE2B3DCE9574BD3190D13EA58D583DE5B963BD3A9B073EA4447C3DE6149CBD0C71933EA4447C3DE6149CBD0C71933E9BA94C3DF5DD4CBD1797CC3EA03E423DF70479BCD2D44E3E9B60073DA433D7BDFEA1403E9ED2673D6B4FA5BE07B13A3E94B0C03D85692BBE1142B33E7663843C3D2FA1BDF54DA53E66705D3C403793BDF7ABB93E6AC6473C1E518FBE05A4AD,
3E503BC53C0D0892BE2832FD3E6AC6473C1E518FBE05A4AD3E43B0813C0127B3BE125C813E92CC2D3DF70931BDA0B9133E8C77BC3E03A10ABD7A92A33E960D243DF87D70BD74A44C3E98E4323DE8BFC2BDA94C443E92CC2D3DF70931BDA0B9133E960D243DF87D70BD74A44C3EA58D583DE5B963BD3A9B073E9BA94C3DF5DD4CBD1797CC3EA4447C3DE6149CBD0C7193,
3E66FEF83C8C9321BDE65D7D3E24D7F13D003CD1BD9BC98A3E2C37A43CA94BBEBDB579AF3E3DBA4D3C2B96F2BDD9A8CE3E66FEF83C8C9321BDE65D7D3E2C37A43CA94BBEBDB579AF3EA94CEC3DD972CDBC8A95853EB24E163DC4C943BC9D4F9C3EB0DE2B3DCE9574BD3190D13EA4447C3DE6149CBD0C71933EA94CEC3DD972CDBC8A95853EB0DE2B3DCE9574BD3190D1,
3E6609573D0E10CFBDBFAE363E4E10063CFB7E91BDBD8D7A3E6A86D73CEA704CBDD51F823EA58D583DE5B963BD3A9B073EAC45243DD6AA4CBD6B7BAF3EA227D03DE70197BD84028E3E960D243DF87D70BD74A44C3EA58D583DE5B963BD3A9B073EA227D03DE70197BD84028E3EA9A9763DEB2F233C263F9A3EA6B28E3DE71E6D3AC9320E3EAF5D9A3E0B7AE5B9902DE0,
3EA03E423DF70479BCD2D44E3E9C5B293E03CE21BD0831273EA5069A3DF5E8D5BC54E0983EA5069A3DF5E8D5BC54E0983EAF5D9A3E0B7AE5B9902DE03EA6B28E3DE71E6D3AC9320E3EB17AAB3C72D3C83B8AAC973EA84FF43C3E1EB43BA31E7E3EB0ED5F3C4A07F6BC8650E73E4E10063CFB7E91BDBD8D7A3E66FEF83C8C9321BDE65D7D3E6A86D73CEA704CBDD51F82,
3E8825E13DED4995BDE4C4053E86A11F3E070BD0BDF10E453E83D2D83E02E515BDC4B6E93E6DD1E53D19DBA9BD97D73D3E52C8823D07C84BBDABC6223E74DBE03D11A976BDAD6A9C3E66705D3C403793BDF7ABB93E4148FE3BFF0026BDFB291C3E6AC6473C1E518FBE05A4AD3E9C5B293E03CE21BD0831273EA82BA63E0936C6BC70DC773EA5069A3DF5E8D5BC54E098,
3E7663843C3D2FA1BDF54DA53E6AC6473C1E518FBE05A4AD3E81F8C23C1FC6DABDFD50A93EA6CFA73C5C3BD6BDDFF8233EAFDE513C4DFEFCBDA406C03E9986123C365237BD81322F3E9C0D913DBE97D0BDDF69883E9646AE3DE04103BDC80A5B3E9F97683DBF3301BDC4CF073E8A38113DDB5E96BE01CBCD3E86A11F3E070BD0BDF10E453E8825E13DED4995BDE4C405,
3E8A5FE93E0EC4A4BE0B37CA3E8BDAD73E0B890DBE20485A3E8F25813E2E9292BE16A2B13E88B9DC3E291F71BD8008633E9E6BA53E13CF70BD0ABA383E909D6B3E0D1AA8BD5389B53EA6CFA73C5C3BD6BDDFF8233E9ABFBA3C9AFC05BE0F92B03EB051223CBE4EF0BDDB078E3EA58D583DE5B963BD3A9B073EB0DE2B3DCE9574BD3190D13EAC45243DD6AA4CBD6B7BAF,
3E9BA94C3DF5DD4CBD1797CC3E9C5B293E03CE21BD0831273EA03E423DF70479BCD2D44E3E9986123C365237BD81322F3E8CDDF83CBC70CABD7E1A823E9715A53C3CC294BDA9E2373E90A6B93C3ED30FBE286F483E6AC6473C1E518FBE05A4AD3E503BC53C0D0892BE2832FD3E811D583E16759BBDB11E863E815A293E0CE315BDA0B1BC3E829C133E0A9BD0BDBF2A17,
3E8A38113DDB5E96BE01CBCD3E8CA7503DDB4CC2BE24F11B3E8B0F8C3DFB8349BE12DE443EA2B64A3D1C39BDBE043C3A3EB152D23D263950BDDFFCDB3EB051223CBE4EF0BDDB078E3EA4447C3DE6149CBD0C71933EA03E423DF70479BCD2D44E3EA375433DE64884BCC790B83EA94CEC3DD972CDBC8A95853EA4447C3DE6149CBD0C71933EA375433DE64884BCC790B8,
3E88FA7B3C258B3FBDDF16B13E81F8C23C1FC6DABDFD50A93E936DA83C370692BDF627BF3E89F6663DFA2596BDC04D983E8ED7623DDED17CBDDFE9FB3E83D2D83E02E515BDC4B6E93E9646AE3DE04103BDC80A5B3E98E4323DE8BFC2BDA94C443E9F97683DBF3301BDC4CF073E9ABFBA3C9AFC05BE0F92B03EA6CFA73C5C3BD6BDDFF8233E9CBB5E3C449BA6BDFAFC8B,
3E909D6B3E0D1AA8BD5389B53E9C5B293E03CE21BD0831273E9376B43E0325D5BD44EB573E8D31FD3DC0A7C6BE0573A83E8CA7503DDB4CC2BE24F11B3E8A38113DDB5E96BE01CBCD3E9B60073DA433D7BDFEA1403E94B0C03D85692BBE1142B33E912EC73D95A3A1BE126FA43E8C840E3DCD0AAABDFC0DB23E9B60073DA433D7BDFEA1403E912EC73D95A3A1BE126FA4,
3E8C77BC3E03A10ABD7A92A33E909D6B3E0D1AA8BD5389B53E9376B43E0325D5BD44EB573E960D243DF87D70BD74A44C3E8C77BC3E03A10ABD7A92A33E9376B43E0325D5BD44EB573EA3BFD73D5D744FBDFE2AC33EAD1F823D5B1B7ABDEACD9F3EA2B64A3D1C39BDBE043C3A3E909D6B3E0D1AA8BD5389B53E9E6BA53E13CF70BD0ABA383E9C5B293E03CE21BD083127,
3EAAE0A03DC646F13C3A34443EA94CEC3DD972CDBC8A95853EA83C083DD57FFABB5A4CE83E98E4323DE8BFC2BDA94C443E960D243DF87D70BD74A44C3EA227D03DE70197BD84028E3E66705D3C403793BDF7ABB93E3DBA4D3C2B96F2BDD9A8CE3E4148FE3BFF0026BDFB291C3EAC156E3E29F1F1BC84D5523EAF5D9A3E0B7AE5B9902DE03EA82BA63E0936C6BC70DC77,
3E9ED2673D6B4FA5BE07B13A3EA2B64A3D1C39BDBE043C3A3E9873153CDA74C1BE1593603E909D6B3E0D1AA8BD5389B53E83C6003E114877BD8E82953E88B9DC3E291F71BD8008633EA94CEC3DD972CDBC8A95853EAAE0A03DC646F13C3A34443EB24E163DC4C943BC9D4F9C3EA94CEC3DD972CDBC8A95853EA4A9AC3DE63D81BC489F413EA83C083DD57FFABB5A4CE8,
3E74DBE03D11A976BDAD6A9C3E52C8823D07C84BBDABC6223E6609573D0E10CFBDBFAE363E73671B3D119589BDBB11843E74DBE03D11A976BDAD6A9C3E6609573D0E10CFBDBFAE363E94B0C03D85692BBE1142B33E9441573D41B867BE18637C3E928FE23D8A0A96BE1B24A73EA2B64A3D1C39BDBE043C3A3E9ABFBA3C9AFC05BE0F92B03E9873153CDA74C1BE159360,
3E9CBB5E3C449BA6BDFAFC8B3EA6CFA73C5C3BD6BDDFF8233E936DA83C370692BDF627BF3E8B0F8C3DFB8349BE12DE443E8BDAD73E0B890DBE20485A3E8A5FE93E0EC4A4BE0B37CA3E85CF253E20D413BDD99FE43E8A5FE93E0EC4A4BE0B37CA3E8F25813E2E9292BE16A2B13E9715A53C3CC294BDA9E2373E90A1163C2925FFBDBE5F313EA6CFA73C5C3BD6BDDFF823,
3EA83C083DD57FFABB5A4CE83EA6B28E3DE71E6D3AC9320E3EA810843DD373B03C4FAEFF3EAAE0A03DC646F13C3A34443EA83C083DD57FFABB5A4CE83EA810843DD373B03C4FAEFF3EA9A9763DEB2F233C263F9A3EAF5D9A3E0B7AE5B9902DE03EAF7D0F3E0323793C8EFBB13E8ED7623DDED17CBDDFE9FB3E89F6663DFA2596BDC04D983E9646AE3DE04103BDC80A5B,
3EA5069A3DF5E8D5BC54E0983EA6B28E3DE71E6D3AC9320E3EA4A9AC3DE63D81BC489F413E9C0D913DBE97D0BDDF69883E9B60073DA433D7BDFEA1403E8ED7623DDED17CBDDFE9FB3E9646AE3DE04103BDC80A5B3E9C0D913DBE97D0BDDF69883E8ED7623DDED17CBDDFE9FB3E94B0C03D85692BBE1142B33E928FE23D8A0A96BE1B24A73E912EC73D95A3A1BE126FA4,
3E8825E13DED4995BDE4C4053E8ED7623DDED17CBDDFE9FB3E8C840E3DCD0AAABDFC0DB23E8A38113DDB5E96BE01CBCD3E8825E13DED4995BDE4C4053E8C840E3DCD0AAABDFC0DB23E6DD1E53D19DBA9BD97D73D3E873ADE3D26C3B9BD6A01263E889D8C3D279AAEBD310CB33EA6B28E3DE71E6D3AC9320E3EA83C083DD57FFABB5A4CE83EA4A9AC3DE63D81BC489F41,
3E88A5273D2EAB7A3CBB75213E1C3E753D091C08BD49D1703E8C31593D2E6B83BAE581CF3EB5F15A3C5D3BB0BD343FA33E9986123C365237BD81322F3EAFDE513C4DFEFCBDA406C03E9A424A3C4700043B247ED03E9F54B03C403793BC10928A3EA84FF43C3E1EB43BA31E7E3EB01C2E3D9C9470BDB79FA93EA95D0B3DCDD378BD98EE283EAF3B433DC1D10BBD8B8F9B,
3E90A1163C2925FFBDBE5F313E88FA7B3C258B3FBDDF16B13E936DA83C370692BDF627BF3EB5F15A3C5D3BB0BD343FA33EB0ED5F3C4A07F6BC8650E73E9986123C365237BD81322F3EA84FF43C3E1EB43BA31E7E3E9F54B03C403793BC10928A3EB0ED5F3C4A07F6BC8650E73E43B0813C0127B3BE125C813E6AC6473C1E518FBE05A4AD3E4148FE3BFF0026BDFB291C,
3E825F633E292104BD9A8A403E83C6003E114877BD8E82953E815A293E0CE315BDA0B1BC3E8507213E0425AFBD9F9DF53E815A293E0CE315BDA0B1BC3E83C6003E114877BD8E82953EAA0C6B3D92146ABDDE646F3EA95D0B3DCDD378BD98EE283EB01C2E3D9C9470BDB79FA93EA6CFA73C5C3BD6BDDFF8233E90A1163C2925FFBDBE5F313E936DA83C370692BDF627BF,
3EB452833CA28BB1BDC295213EAFDE513C4DFEFCBDA406C03EA6CFA73C5C3BD6BDDFF8233E8D31FD3DC0A7C6BE0573A83E8C840E3DCD0AAABDFC0DB23E912EC73D95A3A1BE126FA43E8A5FE93E0EC4A4BE0B37CA3E85CF253E20D413BDD99FE43E86A11F3E070BD0BDF10E453EAA0C6B3D92146ABDDE646F3EAD1F823D5B1B7ABDEACD9F3EA3BFD73D5D744FBDFE2AC3,
3E9873153CDA74C1BE1593603E9441573D41B867BE18637C3E9ED2673D6B4FA5BE07B13A3EA2593A3D985836BDEA2B173EA3BFD73D5D744FBDFE2AC33E9ED2673D6B4FA5BE07B13A3E9B60073DA433D7BDFEA1403EA2593A3D985836BDEA2B173E9ED2673D6B4FA5BE07B13A3E85CF253E20D413BDD99FE43E811D583E16759BBDB11E863E829C133E0A9BD0BDBF2A17,
3E8C77BC3E03A10ABD7A92A33E83C6003E114877BD8E82953E909D6B3E0D1AA8BD5389B53E8B0F8C3DFB8349BE12DE443E8A5FE93E0EC4A4BE0B37CA3E86A11F3E070BD0BDF10E453E8A38113DDB5E96BE01CBCD3E8B0F8C3DFB8349BE12DE443E86A11F3E070BD0BDF10E453E8D31FD3DC0A7C6BE0573A83E8A38113DDB5E96BE01CBCD3E8C840E3DCD0AAABDFC0DB2,
3E88A5273D2EAB7A3CBB75213E9BBD383C4697293C831F043E969E803C56D3B73CE5F7403EA6CFA73C5C3BD6BDDFF8233EB051223CBE4EF0BDDB078E3EB452833CA28BB1BDC295213E86A11F3E070BD0BDF10E453E85CF253E20D413BDD99FE43E829C133E0A9BD0BDBF2A173E83D2D83E02E515BDC4B6E93E86A11F3E070BD0BDF10E453E829C133E0A9BD0BDBF2A17,
3EA5334C3CB5C1833DE4E4863EA5655E3C800A7C3DC06B7B3EA9A7C13CC9FD7A3DB3764F3E8541B73D2E21103D43F91E3E934A883C52A1F93D5982883E8650E73D31A2A53D7CC4AC3EB01E693DE255B03D327DCC3EA800433DC0BD453D6922D93EA849233DC153BD3D17EDC83EA849233DC153BD3D17EDC83EAF4D593DA38C973CD377E23EA8F14E3DC1E2583CD67558,
3EA82FF93DAEE5263D5AC3653EA849233DC153BD3D17EDC83EA800433DC0BD453D6922D93E8829283CE553AC3DAFB97C3E8BC1AD3C638EB03DD14EC23E7C90823D2D46F63DC70A813E9CFE153C2BDA0E3DB1422D3E9FF4DC3C5BE7F33DEE09783E9AC9B03C33D8E03DF343743E8829283CE553AC3DAFB97C3E8F64063C5E8F6D3D9E26913E915F893C44C5973DB959A3,
3EB095F23DD9934F3D7399F63EAA7E0F3DC1C68F3D966E013EA800433DC0BD453D6922D93E9A424A3C4700043B247ED03E8C31593D2E6B83BAE581CF3E9F54B03C403793BC10928A3E752C5A3D2EF4E03DFA3CA73E8986983C4BD1243E081A9C3E77518B3D325B313E0B4AA93E8D29563D3349383C4A2DB63E9BBD383C4697293C831F043E88A5273D2EAB7A3CBB7521,
3E4AB0C93D2830A13E11908E3E77518B3D325B313E0B4AA93E6D92323D3166E03E16B3FF3EB095F23DD9934F3D7399F63EA800433DC0BD453D6922D93EB01E693DE255B03D327DCC3EAD627C3DC5B39E3DCC79F63EA592753DACA57A3DE116EC3EA595BC3DAC710D3DA569B13EAA7E0F3DC1C68F3D966E013EA6774F3DAD2AA63D8E1EF73EA800433DC0BD453D6922D9,
3E847C0F3C4FE1543E13C8193E77518B3D325B313E0B4AA93E8986983C4BD1243E081A9C3E867B3E3C37CBB43E20C62E3E847C0F3C4FE1543E13C8193E94167B3C2D9AD83E0EC3983E893F8E3C3DB5D93E00F2BF3E752C5A3D2EF4E03DFA3CA73E8E25423C3D0E133DEAAEB03E8E25423C3D0E133DEAAEB03E752C5A3D2EF4E03DFA3CA73E7E364C3D333A8A3DE40D0B,
3E969E803C56D3B73CE5F7403E89BCBA3D327CBF3D17A56E3E88A5273D2EAB7A3CBB75213EA5655E3C800A7C3DC06B7B3EA5334C3CB5C1833DE4E4863EA404433C9697F23DEA86513E88A5273D2EAB7A3CBB75213E3A786C3D15F56A3D249F513E1C3E753D091C08BD49D1703E77518B3D325B313E0B4AA93E847C0F3C4FE1543E13C8193E6D92323D3166E03E16B3FF,
3E88A5273D2EAB7A3CBB75213E8C31593D2E6B83BAE581CF3E8D29563D3349383C4A2DB63E89BCBA3D327CBF3D17A56E3E9875713C447A183D26772D3E8541B73D2E21103D43F91E3E88A5273D2EAB7A3CBB75213E89BCBA3D327CBF3D17A56E3E8541B73D2E21103D43F91E3E8541B73D2E21103D43F91E3E9875713C447A183D26772D3E934A883C52A1F93D598288,
3E8650E73D31A2A53D7CC4AC3E8F64063C5E8F6D3D9E26913E81E1F43D2CC9213D948DC13E9A424A3C4700043B247ED03EA84FF43C3E1EB43BA31E7E3E9BBD383C4697293C831F043E8D29563D3349383C4A2DB63E9A424A3C4700043B247ED03E9BBD383C4697293C831F043E8C31593D2E6B83BAE581CF3E9A424A3C4700043B247ED03E8D29563D3349383C4A2DB6,
3E8F64063C5E8F6D3D9E26913E8650E73D31A2A53D7CC4AC3E94BF6E3C4DAF4B3D8639D63E915F893C44C5973DB959A33E9AC9B03C33D8E03DF343743E8E25423C3D0E133DEAAEB03E8829283CE553AC3DAFB97C3E915F893C44C5973DB959A33E8BC1AD3C638EB03DD14EC23EA1F9CF3D98DBCF3DF86EC13EAC6B483DBA0F0A3E03953E3EAA235B3DB041CC3E1FD8AE,
3E94167B3C2D9AD83E0EC3983E8D12CB3C2D75193E3C358B3E867B3E3C37CBB43E20C62E3E94167B3C2D9AD83E0EC3983E847C0F3C4FE1543E13C8193E8986983C4BD1243E081A9C3E9FF7163D79CB683E2784EC3EA0D9D73D07CE963E1CF4E83EA2630F3D1654D63E06D3FA3E7C90823D2D46F63DC70A813E8E25423C3D0E133DEAAEB03E7E364C3D333A8A3DE40D0B,
3E8F64063C5E8F6D3D9E26913E8829283CE553AC3DAFB97C3E81E1F43D2CC9213D948DC13E7E364C3D333A8A3DE40D0B3E752C5A3D2EF4E03DFA3CA73E7C90823D2D46F63DC70A813EA595BC3DAC710D3DA569B13EA592753DACA57A3DE116EC3EA3F8FD3D9A3E3A3DC94CCB3EA3F8FD3D9A3E3A3DC94CCB3EA592753DACA57A3DE116EC3EA1F9CF3D98DBCF3DF86EC1,
3E83137B3D2E66453DB097423E8829283CE553AC3DAFB97C3E7C90823D2D46F63DC70A813E752C5A3D2EF4E03DFA3CA73E893F8E3C3DB5D93E00F2BF3E8986983C4BD1243E081A9C3EA6774F3DAD2AA63D8E1EF73EA832763D8571093DAC2CE43EACC7D23D843ED93D6E31D73E8829283CE553AC3DAFB97C3E83137B3D2E66453DB097423E81E1F43D2CC9213D948DC1,
3E8E25423C3D0E133DEAAEB03E7C90823D2D46F63DC70A813E8BC1AD3C638EB03DD14EC23E915F893C44C5973DB959A33E8E25423C3D0E133DEAAEB03E8BC1AD3C638EB03DD14EC23EAAC8C53CA6F8273D9B9B673EA5655E3C800A7C3DC06B7B3EA580803C4DC4443D8E19333E9875713C447A183D26772D3E89BCBA3D327CBF3D17A56E3E969E803C56D3B73CE5F740,
3EA09C803D97C3503E24C76D3EA18A443D8544FE3E0584F53EA1F9CF3D98DBCF3DF86EC13EAA235B3DB041CC3E1FD8AE3EA09C803D97C3503E24C76D3EA1F9CF3D98DBCF3DF86EC13E81E1F43D2CC9213D948DC13E83137B3D2E66453DB097423E7C90823D2D46F63DC70A813EA3291C3CBE5B853E08ACE23EA2630F3D1654D63E06D3FA3EA0D9D73D07CE963E1CF4E8,
3EA849233DC153BD3D17EDC83EAA03603DCFF7E03CDEA67F3EB01E693DE255B03D327DCC3E8F64063C5E8F6D3D9E26913E94BF6E3C4DAF4B3D8639D63E9BC4093C2FEE703D8158753E9CFE153C2BDA0E3DB1422D3E8F64063C5E8F6D3D9E26913E9BC4093C2FEE703D8158753EA3291C3CBE5B853E08ACE23EA0D9D73D07CE963E1CF4E83EA0CDC83C8F605B3E124745,
3E893F8E3C3DB5D93E00F2BF3E8E25423C3D0E133DEAAEB03E9AC9B03C33D8E03DF343743E94167B3C2D9AD83E0EC3983E9C0E7C3C55BAB23E1CF8D73E8D12CB3C2D75193E3C358B3E934A883C52A1F93D5982883E9BC4093C2FEE703D8158753E94BF6E3C4DAF4B3D8639D63E8650E73D31A2A53D7CC4AC3E934A883C52A1F93D5982883E94BF6E3C4DAF4B3D8639D6,
3E9AC9B03C33D8E03DF343743E94167B3C2D9AD83E0EC3983E893F8E3C3DB5D93E00F2BF3EA9A7C13CC9FD7A3DB3764F3EAA90473D0D9A523D9814943EA5334C3CB5C1833DE4E4863E81E1F43D2CC9213D948DC13E7C90823D2D46F63DC70A813E3A786C3D15F56A3D249F513E969E803C56D3B73CE5F7403E9BBD383C4697293C831F043EA84FF43C3E1EB43BA31E7E,
3EA5334C3CB5C1833DE4E4863EA2630F3D1654D63E06D3FA3EA404433C9697F23DEA86513E9CFE153C2BDA0E3DB1422D3E9BC4093C2FEE703D8158753EA580803C4DC4443D8E19333EA6774F3DAD2AA63D8E1EF73EA595BC3DAC710D3DA569B13EA832763D8571093DAC2CE43EA832763D8571093DAC2CE43EA4BDFD3D667D783DE0AA653EAA90473D0D9A523D981494,
3EAAC8C53CA6F8273D9B9B673EAA90473D0D9A523D9814943EA9A7C13CC9FD7A3DB3764F3EA5655E3C800A7C3DC06B7B3EAAC8C53CA6F8273D9B9B673EA9A7C13CC9FD7A3DB3764F3EA9A9763DEB2F233C263F9A3EA6B28E3DE71E6D3AC9320E3EAF5D9A3E0B7AE5B9902DE03EA4EA4B3C37D4173D3DC4873EAD58433CA624573D700BCC3EA580803C4DC4443D8E1933,
3EA5655E3C800A7C3DC06B7B3EA404433C9697F23DEA86513E9FF4DC3C5BE7F33DEE09783EB17AAB3C72D3C83B8AAC973EA84FF43C3E1EB43BA31E7E3EB0ED5F3C4A07F6BC8650E73EA810843DD373B03C4FAEFF3EA6B28E3DE71E6D3AC9320E3EA9A9763DEB2F233C263F9A3E9CFE153C2BDA0E3DB1422D3E9AC9B03C33D8E03DF343743E915F893C44C5973DB959A3,
3EA3291C3CBE5B853E08ACE23EA0CDC83C8F605B3E1247453E9FF4DC3C5BE7F33DEE09783EAC6B483DBA0F0A3E03953E3EA1F9CF3D98DBCF3DF86EC13EA592753DACA57A3DE116EC3EAD627C3DC5B39E3DCC79F63EAC6B483DBA0F0A3E03953E3EA592753DACA57A3DE116EC3EA5069A3DF5E8D5BC54E0983EAF5D9A3E0B7AE5B9902DE03EA6B28E3DE71E6D3AC9320E,
3E9C0E7C3C55BAB23E1CF8D73E94167B3C2D9AD83E0EC3983E9AC9B03C33D8E03DF343743EA0CDC83C8F605B3E1247453E9C0E7C3C55BAB23E1CF8D73E9AC9B03C33D8E03DF343743E2F748A3D1C193B3DD72DE43E3A786C3D15F56A3D249F513E7C90823D2D46F63DC70A813EA0CDC83C8F605B3E1247453E9AC9B03C33D8E03DF343743E9FF4DC3C5BE7F33DEE0978,
3EAA03603DCFF7E03CDEA67F3EA849233DC153BD3D17EDC83EA8F14E3DC1E2583CD675583E8986983C4BD1243E081A9C3E893F8E3C3DB5D93E00F2BF3E94167B3C2D9AD83E0EC3983EA3F8FD3D9A3E3A3DC94CCB3EA4BDFD3D667D783DE0AA653EA832763D8571093DAC2CE43E6D92323D3166E03E16B3FF3E6F94423D2E72DA3E1D9A523E4AB0C93D2830A13E11908E,
3E9CFE153C2BDA0E3DB1422D3E915F893C44C5973DB959A33E8F64063C5E8F6D3D9E26913EA82FF93DAEE5263D5AC3653EA6774F3DAD2AA63D8E1EF73EACC7D23D843ED93D6E31D73EAD627C3DC5B39E3DCC79F63EA595BC3DAC710D3DA569B13EAA7E0F3DC1C68F3D966E013EA18A443D8544FE3E0584F53EA4BDFD3D667D783DE0AA653EA1F9CF3D98DBCF3DF86EC1,
3EA4EA4B3C37D4173D3DC4873E9BC4093C2FEE703D8158753E934A883C52A1F93D5982883EAA7E0F3DC1C68F3D966E013EA595BC3DAC710D3DA569B13EA6774F3DAD2AA63D8E1EF73E8541B73D2E21103D43F91E3E8650E73D31A2A53D7CC4AC3E81E1F43D2CC9213D948DC13E88A5273D2EAB7A3CBB75213E8541B73D2E21103D43F91E3E81E1F43D2CC9213D948DC1,
3E752C5A3D2EF4E03DFA3CA73E77518B3D325B313E0B4AA93E4AB0C93D2830A13E11908E3EA1F9CF3D98DBCF3DF86EC13EA4BDFD3D667D783DE0AA653EA3F8FD3D9A3E3A3DC94CCB3EA94CEC3DD972CDBC8A95853EAAE0A03DC646F13C3A34443EB24E163DC4C943BC9D4F9C3EAAE0A03DC646F13C3A34443EA94CEC3DD972CDBC8A95853EA83C083DD57FFABB5A4CE8,
3EA4EA4B3C37D4173D3DC4873E9875713C447A183D26772D3EA84FF43C3E1EB43BA31E7E3EB17AAB3C72D3C83B8AAC973EA4EA4B3C37D4173D3DC4873EA84FF43C3E1EB43BA31E7E3EA84FF43C3E1EB43BA31E7E3E9875713C447A183D26772D3E969E803C56D3B73CE5F7403E2F748A3D1C193B3DD72DE43E752C5A3D2EF4E03DFA3CA73E4AB0C93D2830A13E11908E,
3EAA03603DCFF7E03CDEA67F3EA9A9763DEB2F233C263F9A3EB173973DF0E7793CE83C293EAAC8C53CA6F8273D9B9B673EA580803C4DC4443D8E19333EAD58433CA624573D700BCC3EA580803C4DC4443D8E19333E9BC4093C2FEE703D8158753EA4EA4B3C37D4173D3DC4873EAD4B8C3C8EF9983D3C36113EA4EA4B3C37D4173D3DC4873EB17AAB3C72D3C83B8AAC97,
3EA2630F3D1654D63E06D3FA3EA3291C3CBE5B853E08ACE23EA404433C9697F23DEA86513EA810843DD373B03C4FAEFF3EA9A9763DEB2F233C263F9A3EAA03603DCFF7E03CDEA67F3EA8F14E3DC1E2583CD675583EA810843DD373B03C4FAEFF3EAA03603DCFF7E03CDEA67F3EA9A9763DEB2F233C263F9A3EAF7D0F3E0323793C8EFBB13EB173973DF0E7793CE83C29,
3EA8F14E3DC1E2583CD675583EAF4D593DA38C973CD377E23EAAE0A03DC646F13C3A34443EA810843DD373B03C4FAEFF3EA8F14E3DC1E2583CD675583EAAE0A03DC646F13C3A34443EA5655E3C800A7C3DC06B7B3E9CFE153C2BDA0E3DB1422D3EA580803C4DC4443D8E19333EA3291C3CBE5B853E08ACE23E9FF4DC3C5BE7F33DEE09783EA404433C9697F23DEA8651,
3EA83C083DD57FFABB5A4CE83EA6B28E3DE71E6D3AC9320E3EA810843DD373B03C4FAEFF3EAAE0A03DC646F13C3A34443EA83C083DD57FFABB5A4CE83EA810843DD373B03C4FAEFF3EA9A9763DEB2F233C263F9A3EAF5D9A3E0B7AE5B9902DE03EAF7D0F3E0323793C8EFBB13E4AB0C93D2830A13E11908E3E6F94423D2E72DA3E1D9A523E54B2743D27E8473E240D4E,
3E7C90823D2D46F63DC70A813E752C5A3D2EF4E03DFA3CA73E2F748A3D1C193B3DD72DE43EAA90473D0D9A523D9814943EA4BDFD3D667D783DE0AA653EA5334C3CB5C1833DE4E4863EA6B28E3DE71E6D3AC9320E3EA83C083DD57FFABB5A4CE83EA4A9AC3DE63D81BC489F413EA5069A3DF5E8D5BC54E0983EA6B28E3DE71E6D3AC9320E3EA4A9AC3DE63D81BC489F41,
3EA5655E3C800A7C3DC06B7B3E9FF4DC3C5BE7F33DEE09783E9CFE153C2BDA0E3DB1422D3E88A5273D2EAB7A3CBB75213E1C3E753D091C08BD49D1703E8C31593D2E6B83BAE581CF3E9A424A3C4700043B247ED03E9F54B03C403793BC10928A3EA84FF43C3E1EB43BA31E7E3EA4EA4B3C37D4173D3DC4873E934A883C52A1F93D5982883E9875713C447A183D26772D,
3EA4BDFD3D667D783DE0AA653EA2630F3D1654D63E06D3FA3EA5334C3CB5C1833DE4E4863EA82FF93DAEE5263D5AC3653EAF4D593DA38C973CD377E23EA849233DC153BD3D17EDC83E81E1F43D2CC9213D948DC13E3A786C3D15F56A3D249F513E88A5273D2EAB7A3CBB75213EA84FF43C3E1EB43BA31E7E3E9F54B03C403793BC10928A3EB0ED5F3C4A07F6BC8650E7,
3EAD58433CA624573D700BCC3EA4EA4B3C37D4173D3DC4873EAD4B8C3C8EF9983D3C36113EA82FF93DAEE5263D5AC3653EACC7D23D843ED93D6E31D73EAF4D593DA38C973CD377E23E9FF7163D79CB683E2784EC3EA2630F3D1654D63E06D3FA3EA4BDFD3D667D783DE0AA653EA18A443D8544FE3E0584F53E9FF7163D79CB683E2784EC3EA4BDFD3D667D783DE0AA65,
3EAA90473D0D9A523D9814943EACC7D23D843ED93D6E31D73EA832763D8571093DAC2CE43EA18A443D8544FE3E0584F53EA09C803D97C3503E24C76D3E9FF7163D79CB683E2784EC3EA832763D8571093DAC2CE43EA595BC3DAC710D3DA569B13EA3F8FD3D9A3E3A3DC94CCB3EA82FF93DAEE5263D5AC3653EA800433DC0BD453D6922D93EA6774F3DAD2AA63D8E1EF7,
3E9C0E7C3C55BAB23E1CF8D73EA1001D3CA5DD093E1FDBD33E9E29D83C9BFDF83E3745BF3EA9081C3E09EBA73E59FA553E9B73B03DC5A5FC3E5B9DC33EA775FB3DDBDAD73E45989E3E90C77E3DC91D9B3E8259E23E8B7D203DCBD5DC3E8AA3483E8DD11C3D9244A63E8B224B3E70F4D83D032CA53E301C0D3E6780783D24CD753E275E633E867B3E3C37CBB43E20C62E,
3E7D02CD3D8217D33E92FC263E846C333D58793E3E8D89053E8550013DA13B9F3E92D2353E9C0E7C3C55BAB23E1CF8D73E9E29D83C9BFDF83E3745BF3E97F25E3C4B9A9E3E39118C3EA09C803D97C3503E24C76D3EA47AE13DAEBCC73E304FB13E9D8BA43D9C2CA13E3BFC653E70F4D83D032CA53E301C0D3E5D23923D0F21713E31450F3E6780783D24CD753E275E63,
3EAC0C413E2121683E61D6493EA9F9CF3E1CB9ED3E77A3123EA54F593E0592963E66A7263E6F94423D2E72DA3E1D9A523E6780783D24CD753E275E633E54B2743D27E8473E240D4E3EA47AE13DAEBCC73E304FB13EA09C803D97C3503E24C76D3EAA235B3DB041CC3E1FD8AE3E6D92323D3166E03E16B3FF3E847C0F3C4FE1543E13C8193E867B3E3C37CBB43E20C62E,
3E847C0F3C4FE1543E13C8193E77518B3D325B313E0B4AA93E8986983C4BD1243E081A9C3E867B3E3C37CBB43E20C62E3E847C0F3C4FE1543E13C8193E94167B3C2D9AD83E0EC3983E9BBC4D3D91886E3E66D5D03E96AD0C3DA3632C3E79D2BF3E9A96703D837EF63E6FCA003E4AB0C93D2830A13E11908E3E77518B3D325B313E0B4AA93E6D92323D3166E03E16B3FF,
3E9E29D83C9BFDF83E3745BF3E9F993D3CD271BD3E318E753E9E6ABA3D241F643E3C0A073EA1F9CF3D98DBCF3DF86EC13EAC6B483DBA0F0A3E03953E3EAA235B3DB041CC3E1FD8AE3E8D12CB3C2D75193E3C358B3E97F25E3C4B9A9E3E39118C3E921D543C6753613E5AC7973E77518B3D325B313E0B4AA93E847C0F3C4FE1543E13C8193E6D92323D3166E03E16B3FF,
3E70F4D83D032CA53E301C0D3E867B3E3C37CBB43E20C62E3E8132723C4B0C023E2CD1423E6194C03CC400753E3B15B53E70F4D83D032CA53E301C0D3E6F09963CB441BC3E36BB133E94167B3C2D9AD83E0EC3983E847C0F3C4FE1543E13C8193E8986983C4BD1243E081A9C3E9FF7163D79CB683E2784EC3EA0D9D73D07CE963E1CF4E83EA2630F3D1654D63E06D3FA,
3E9B6B903DB3C0C23E5044AF3E9EEEFA3DB0214B3E3FC9793EA775FB3DDBDAD73E45989E3EA9081C3E09EBA73E59FA553EA775FB3DDBDAD73E45989E3EAF7EE53DF7D4173E4050373E8D12CB3C2D75193E3C358B3E8132723C4B0C023E2CD1423E867B3E3C37CBB43E20C62E3E94167B3C2D9AD83E0EC3983E8D12CB3C2D75193E3C358B3E867B3E3C37CBB43E20C62E,
3E887A073D1B7AE53E85A9863E8B545C3D5996743E8972EF3E846C333D58793E3E8D89053E6D92323D3166E03E16B3FF3E867B3E3C37CBB43E20C62E3E6F94423D2E72DA3E1D9A523E997CE53DB302F73E6135983E9B6B903DB3C0C23E5044AF3E9B73B03DC5A5FC3E5B9DC33EA47AE13DAEBCC73E304FB13EAA235B3DB041CC3E1FD8AE3EAD0E133DC9D40F3E2F1B69,
3E545E4E3D09331A3E8E1A823E47B1C03C76837F3E804EE83E762AA23CEFB0923E8554FC3E9B73B03DC5A5FC3E5B9DC33EA9081C3E09EBA73E59FA553EA54F593E0592963E66A7263E9582FD3DCD6E483E7074213E9B73B03DC5A5FC3E5B9DC33EA54F593E0592963E66A7263E8B545C3D5996743E8972EF3E8550013DA13B9F3E92D2353E846C333D58793E3E8D8905,
3E997CE53DB302F73E6135983E9C026D3D9E86833E4BAF963E9B6B903DB3C0C23E5044AF3E70F4D83D032CA53E301C0D3E6194C03CC400753E3B15B53E5D23923D0F21713E31450F3E867B3E3C37CBB43E20C62E3E6780783D24CD753E275E633E6F94423D2E72DA3E1D9A523E762AA23CEFB0923E8554FC3E47B1C03C76837F3E804EE83E8675583CA637373E788A48,
3EA09C803D97C3503E24C76D3EA18A443D8544FE3E0584F53EA1F9CF3D98DBCF3DF86EC13EAA235B3DB041CC3E1FD8AE3EA09C803D97C3503E24C76D3EA1F9CF3D98DBCF3DF86EC13EA3291C3CBE5B853E08ACE23EA2630F3D1654D63E06D3FA3EA0D9D73D07CE963E1CF4E83E6A8D653C408B763E510BA63E52CF103C44D65E3E4E48A63E61D7DC3C7A09463E445AE6,
3E9E29D83C9BFDF83E3745BF3E9E6ABA3D241F643E3C0A073E9C16BE3CAECAEF3E4D06FF3E89059F3C6D02CD3E6939223E921D543C6753613E5AC7973E930BBF3CA85EC43E69ECB33E8675583CA637373E788A483E89059F3C6D02CD3E6939223E930BBF3CA85EC43E69ECB33EA3291C3CBE5B853E08ACE23EA0D9D73D07CE963E1CF4E83EA0CDC83C8F605B3E124745,
3E94167B3C2D9AD83E0EC3983E9C0E7C3C55BAB23E1CF8D73E8D12CB3C2D75193E3C358B3EA54F593E0592963E66A7263EA9081C3E09EBA73E59FA553EAC0C413E2121683E61D6493E70F4D83D032CA53E301C0D3E8132723C4B0C023E2CD1423E6F09963CB441BC3E36BB133E9E6ABA3D241F643E3C0A073E9E03923D797EDC3E4FF0453E9B20533D10FC723E5EA67F,
3E9F993D3CD271BD3E318E753EA0D9D73D07CE963E1CF4E83E9E6ABA3D241F643E3C0A073E9FF7163D79CB683E2784EC3EA09C803D97C3503E24C76D3E9D8BA43D9C2CA13E3BFC653E9E03923D797EDC3E4FF0453E9FF7163D79CB683E2784EC3E9D8BA43D9C2CA13E3BFC653E7D02CD3D8217D33E92FC263E741F213D3009B33E8D2BD43E846C333D58793E3E8D8905,
3E87DF7F3DF51C5C3E962AE53E8B7D203DCBD5DC3E8AA3483E8C5EF63DF53A3F3E8DCF463E99012A3CC7DE513E6212D73E929D413D48D4BB3E824A273E90F4513CFAA0453E7AB0423EA5E9C03DBD47393E3A98AB3EA47AE13DAEBCC73E304FB13EAD0E133DC9D40F3E2F1B693EA775FB3DDBDAD73E45989E3EA5E9C03DBD47393E3A98AB3EAD0E133DC9D40F3E2F1B69,
3E9EEEFA3DB0214B3E3FC9793E9D8BA43D9C2CA13E3BFC653EA47AE13DAEBCC73E304FB13EA5E9C03DBD47393E3A98AB3E9EEEFA3DB0214B3E3FC9793EA47AE13DAEBCC73E304FB13E8948DC3DAC154D3E8F383F3E8B7D203DCBD5DC3E8AA3483E8550013DA13B9F3E92D2353E8675583CA637373E788A483E47B1C03C76837F3E804EE83E89059F3C6D02CD3E693922,
3EA240D93E04F7233E7B14EC3EA9F9CF3E1CB9ED3E77A3123EA6512B3E20285F3E8246173E96AD0C3DA3632C3E79D2BF3E9BBC4D3D91886E3E66D5D03E997CE53DB302F73E6135983E9582FD3DCD6E483E7074213E96AD0C3DA3632C3E79D2BF3E997CE53DB302F73E6135983E9E03923D797EDC3E4FF0453E9E6ABA3D241F643E3C0A073E9FF7163D79CB683E2784EC,
3E762AA23CEFB0923E8554FC3E741F213D3009B33E8D2BD43E545E4E3D09331A3E8E1A823E921D543C6753613E5AC7973E97F25E3C4B9A9E3E39118C3E9C16BE3CAECAEF3E4D06FF3EA9081C3E09EBA73E59FA553EB638863E0CF2063E3DC0DB3EB701753E20342B3E4454153EAEAB7A3E2483453E58AF813EA9081C3E09EBA73E59FA553EB701753E20342B3E445415,
3E80CF9E3C47C9583E61CF353E921D543C6753613E5AC7973E89059F3C6D02CD3E6939223E6F09963CB441BC3E36BB133E8132723C4B0C023E2CD1423E76CDAF3C6646F13E3A3B583E61D7DC3C7A09463E445AE63E6F09963CB441BC3E36BB133E76CDAF3C6646F13E3A3B583E887A073D1B7AE53E85A9863E90F4513CFAA0453E7AB0423E929D413D48D4BB3E824A27,
3E93A2E03DFE8A2F3E885FAF3E8F3FFB3DDC25D03E8607C43E9582FD3DCD6E483E7074213EA0CDC83C8F605B3E1247453E9AC9B03C33D8E03DF343743E9FF4DC3C5BE7F33DEE09783EA3291C3CBE5B853E08ACE23EA0CDC83C8F605B3E1247453E9FF4DC3C5BE7F33DEE09783E930BBF3CA85EC43E69ECB33E90F4513CFAA0453E7AB0423E8675583CA637373E788A48,
3E921D543C6753613E5AC7973E9C16BE3CAECAEF3E4D06FF3E99012A3CC7DE513E6212D73E930BBF3CA85EC43E69ECB33E921D543C6753613E5AC7973E99012A3CC7DE513E6212D73E93A2E03DFE8A2F3E885FAF3E8C5EF63DF53A3F3E8DCF463E8F3FFB3DDC25D03E8607C43E8F3FFB3DDC25D03E8607C43E90C77E3DC91D9B3E8259E23E9582FD3DCD6E483E707421,
3EA0CDC83C8F605B3E1247453E9C0E7C3C55BAB23E1CF8D73E9AC9B03C33D8E03DF343743E997CE53DB302F73E6135983E9E03923D797EDC3E4FF0453E9C026D3D9E86833E4BAF963E8D12CB3C2D75193E3C358B3E80CF9E3C47C9583E61CF353E6A8D653C408B763E510BA63EAD0E133DC9D40F3E2F1B693EAF7EE53DF7D4173E4050373EA775FB3DDBDAD73E45989E,
3E8D12CB3C2D75193E3C358B3E921D543C6753613E5AC7973E80CF9E3C47C9583E61CF353E8F3FFB3DDC25D03E8607C43E8C5EF63DF53A3F3E8DCF463E8B7D203DCBD5DC3E8AA3483E6D92323D3166E03E16B3FF3E6F94423D2E72DA3E1D9A523E4AB0C93D2830A13E11908E3E9C0E7C3C55BAB23E1CF8D73E94167B3C2D9AD83E0EC3983E9AC9B03C33D8E03DF34374,
3E8D12CB3C2D75193E3C358B3E9C0E7C3C55BAB23E1CF8D73E97F25E3C4B9A9E3E39118C3E76CDAF3C6646F13E3A3B583E8132723C4B0C023E2CD1423E8D12CB3C2D75193E3C358B3E6A8D653C408B763E510BA63E76CDAF3C6646F13E3A3B583E8D12CB3C2D75193E3C358B3E8B545C3D5996743E8972EF3E887A073D1B7AE53E85A9863E929D413D48D4BB3E824A27,
3E8DD11C3D9244A63E8B224B3E8B545C3D5996743E8972EF3E929D413D48D4BB3E824A273E762AA23CEFB0923E8554FC3E8675583CA637373E788A483E84D1203CF62B6B3E836AA53E6F09963CB441BC3E36BB133E61D7DC3C7A09463E445AE63E6194C03CC400753E3B15B53E47B1C03C76837F3E804EE83E218C5D3C2E9EE43E69B9523E6A8D653C408B763E510BA6,
3E90F4513CFAA0453E7AB0423E887A073D1B7AE53E85A9863E84D1203CF62B6B3E836AA53E8675583CA637373E788A483E90F4513CFAA0453E7AB0423E84D1203CF62B6B3E836AA53E87DF7F3DF51C5C3E962AE53E942AAA3E11EA363E8F398F3E8AE18B3E16CC603EA085F53E99012A3CC7DE513E6212D73E9B20533D10FC723E5EA67F3E9A96703D837EF63E6FCA00,
3E9E6ABA3D241F643E3C0A073EA0D9D73D07CE963E1CF4E83E9FF7163D79CB683E2784EC3E8B7D203DCBD5DC3E8AA3483E8948DC3DAC154D3E8F383F3E8DD11C3D9244A63E8B224B3EA1001D3CA5DD093E1FDBD33EA0D9D73D07CE963E1CF4E83E9F993D3CD271BD3E318E753E9E29D83C9BFDF83E3745BF3EA1001D3CA5DD093E1FDBD33E9F993D3CD271BD3E318E75,
3EA240D93E04F7233E7B14EC3E9582FD3DCD6E483E7074213EA54F593E0592963E66A7263E9EEEFA3DB0214B3E3FC9793EA5E9C03DBD47393E3A98AB3EA775FB3DDBDAD73E45989E3E9B20533D10FC723E5EA67F3E99012A3CC7DE513E6212D73E9C16BE3CAECAEF3E4D06FF3E9E6ABA3D241F643E3C0A073E9B20533D10FC723E5EA67F3E9C16BE3CAECAEF3E4D06FF,
3E47B1C03C76837F3E804EE83E80CF9E3C47C9583E61CF353E89059F3C6D02CD3E6939223E8C5EF63DF53A3F3E8DCF463E942AAA3E11EA363E8F398F3E87DF7F3DF51C5C3E962AE53EA240D93E04F7233E7B14EC3E942AAA3E11EA363E8F398F3E93A2E03DFE8A2F3E885FAF3E9582FD3DCD6E483E7074213EA240D93E04F7233E7B14EC3E93A2E03DFE8A2F3E885FAF,
3E741F213D3009B33E8D2BD43E84D1203CF62B6B3E836AA53E887A073D1B7AE53E85A9863E846C333D58793E3E8D89053E741F213D3009B33E8D2BD43E887A073D1B7AE53E85A9863E8550013DA13B9F3E92D2353E8DD11C3D9244A63E8B224B3E8948DC3DAC154D3E8F383F3E6A8D653C408B763E510BA63E80CF9E3C47C9583E61CF353E47B1C03C76837F3E804EE8,
3E218C5D3C2E9EE43E69B9523E52CF103C44D65E3E4E48A63E6A8D653C408B763E510BA63E9A96703D837EF63E6FCA003E9B20533D10FC723E5EA67F3E9E03923D797EDC3E4FF0453E9BBC4D3D91886E3E66D5D03E9A96703D837EF63E6FCA003E9E03923D797EDC3E4FF0453E84D1203CF62B6B3E836AA53E741F213D3009B33E8D2BD43E762AA23CEFB0923E8554FC,
3E8B545C3D5996743E8972EF3E8DD11C3D9244A63E8B224B3E8550013DA13B9F3E92D2353E76CDAF3C6646F13E3A3B583E6A8D653C408B763E510BA63E61D7DC3C7A09463E445AE63E6780783D24CD753E275E633E5D23923D0F21713E31450F3E54B2743D27E8473E240D4E3E99012A3CC7DE513E6212D73E90F4513CFAA0453E7AB0423E930BBF3CA85EC43E69ECB3,
3EA0CDC83C8F605B3E1247453EA0D9D73D07CE963E1CF4E83EA1001D3CA5DD093E1FDBD33E9C0E7C3C55BAB23E1CF8D73EA0CDC83C8F605B3E1247453EA1001D3CA5DD093E1FDBD33E741F213D3009B33E8D2BD43E7D02CD3D8217D33E92FC263E5E59293D5918A03E97A69C3E741F213D3009B33E8D2BD43E5E59293D5918A03E97A69C3E545E4E3D09331A3E8E1A82,
3E8DD11C3D9244A63E8B224B3E929D413D48D4BB3E824A273E9A96703D837EF63E6FCA003E96AD0C3DA3632C3E79D2BF3E8DD11C3D9244A63E8B224B3E9A96703D837EF63E6FCA003EA54F593E0592963E66A7263EA9F9CF3E1CB9ED3E77A3123EA240D93E04F7233E7B14EC3E4AB0C93D2830A13E11908E3E6F94423D2E72DA3E1D9A523E54B2743D27E8473E240D4E,
3EA6512B3E20285F3E8246173E942AAA3E11EA363E8F398F3EA240D93E04F7233E7B14EC3E93A2E03DFE8A2F3E885FAF3E942AAA3E11EA363E8F398F3E8C5EF63DF53A3F3E8DCF463E9C026D3D9E86833E4BAF963E9EEEFA3DB0214B3E3FC9793E9B6B903DB3C0C23E5044AF3E9E03923D797EDC3E4FF0453E997CE53DB302F73E6135983E9BBC4D3D91886E3E66D5D0,
3E90C77E3DC91D9B3E8259E23E96AD0C3DA3632C3E79D2BF3E9582FD3DCD6E483E7074213E9C026D3D9E86833E4BAF963E9E03923D797EDC3E4FF0453E9D8BA43D9C2CA13E3BFC653E9EEEFA3DB0214B3E3FC9793E9C026D3D9E86833E4BAF963E9D8BA43D9C2CA13E3BFC653EA9081C3E09EBA73E59FA553EAEAB7A3E2483453E58AF813EAC0C413E2121683E61D649,
3E9FF7163D79CB683E2784EC3EA2630F3D1654D63E06D3FA3EA4BDFD3D667D783DE0AA653EA18A443D8544FE3E0584F53E9FF7163D79CB683E2784EC3EA4BDFD3D667D783DE0AA653E9E29D83C9BFDF83E3745BF3E9C16BE3CAECAEF3E4D06FF3E97F25E3C4B9A9E3E39118C3EAF7EE53DF7D4173E4050373EB638863E0CF2063E3DC0DB3EA9081C3E09EBA73E59FA55,
3E9A96703D837EF63E6FCA003E929D413D48D4BB3E824A273E99012A3CC7DE513E6212D73EA18A443D8544FE3E0584F53EA09C803D97C3503E24C76D3E9FF7163D79CB683E2784EC3E9B6B903DB3C0C23E5044AF3EA775FB3DDBDAD73E45989E3E9B73B03DC5A5FC3E5B9DC33E9582FD3DCD6E483E7074213E997CE53DB302F73E6135983E9B73B03DC5A5FC3E5B9DC3,
3E7D02CD3D8217D33E92FC263E846C333D58793E3E8D89053E8550013DA13B9F3E92D2353E96AD0C3DA3632C3E79D2BF3E90C77E3DC91D9B3E8259E23E8DD11C3D9244A63E8B224B3E8F3FFB3DDC25D03E8607C43E8B7D203DCBD5DC3E8AA3483E90C77E3DC91D9B3E8259E23E87DF7F3DF51C5C3E962AE53E8550013DA13B9F3E92D2353E8B7D203DCBD5DC3E8AA348,
3E671B043E0083993EAFBAED3E7028E53E2F251C3EB79E7C3E61A36E3E21E03F3EBA68903E5FE0053E1E8E613EDE79463E630FD03E01BD1F3ED735C23E6636F43E1D6C723ED779EA3E7D02CD3D8217D33E92FC263E8550013DA13B9F3E92D2353E7D106F3DAA1DFC3E99DA593E5B3E9A3D9FC19C3EA3C18B3E5E59293D5918A03E97A69C3E66106B3D97FD823E9DE397,
3E54790C3E0D4E903EE3A6263E630FD03E01BD1F3ED735C23E5FE0053E1E8E613EDE79463E7D106F3DAA1DFC3E99DA593E81A9113DD6744B3E9CAB1D3E6E27183DE558643EA79B993E8AE18B3E16CC603EA085F53E8815A03E27A56E3EAA7B2D3E81A9113DD6744B3E9CAB1D3E663FDD3DD3860A3EC0C2613E6929ED3DF5C7473EC562BF3E6442853DCADF723EC8114D,
3E6442853DCADF723EC8114D3E5E4B453DAF78793EBCAA763E663FDD3DD3860A3EC0C2613E7D02CD3D8217D33E92FC263E741F213D3009B33E8D2BD43E846C333D58793E3E8D89053E8815A03E27A56E3EAA7B2D3E7F1AA03E3719F83EB572153E671B043E0083993EAFBAED3E8B545C3D5996743E8972EF3E8550013DA13B9F3E92D2353E846C333D58793E3E8D8905,
3E8948DC3DAC154D3E8F383F3E8B7D203DCBD5DC3E8AA3483E8550013DA13B9F3E92D2353E63471F3E2100A43EC5D4203E6929ED3DF5C7473EC562BF3E5FC1593E1E5FFA3EBCFE9B3E87DF7F3DF51C5C3E962AE53E8B7D203DCBD5DC3E8AA3483E8C5EF63DF53A3F3E8DCF463E6929ED3DF5C7473EC562BF3E63471F3E2100A43EC5D4203E68C7193E0EB5F63ED1FB40,
3E5FC1593E1E5FFA3EBCFE9B3E61CC533DEEC4A43EB0E90C3E671B043E0083993EAFBAED3E5FC1593E1E5FFA3EBCFE9B3E6929ED3DF5C7473EC562BF3E624BFD3DE3B9AE3EB557363E54790C3E0D4E903EE3A6263E59B0EE3DDF23463ED6C2CE3E630FD03E01BD1F3ED735C23E5A2E3C3DB84E403EC9D14E3E6442853DCADF723EC8114D3E59B0EE3DDF23463ED6C2CE,
3E8550013DA13B9F3E92D2353E81A9113DD6744B3E9CAB1D3E7D106F3DAA1DFC3E99DA593E7D02CD3D8217D33E92FC263E66106B3D97FD823E9DE3973E5E59293D5918A03E97A69C3E630FD03E01BD1F3ED735C23E59B0EE3DDF23463ED6C2CE3E6442853DCADF723EC8114D3E6898703DEF7DB73ECB176A3E630FD03E01BD1F3ED735C23E6442853DCADF723EC8114D,
3E87DF7F3DF51C5C3E962AE53E942AAA3E11EA363E8F398F3E8AE18B3E16CC603EA085F53E87DF7F3DF51C5C3E962AE53E81A9113DD6744B3E9CAB1D3E8550013DA13B9F3E92D2353E66106B3D97FD823E9DE3973E6E27183DE558643EA79B993E5B3E9A3D9FC19C3EA3C18B3E6636F43E1D6C723ED779EA3E630FD03E01BD1F3ED735C23E68C7193E0EB5F63ED1FB40,
3E6442853DCADF723EC8114D3E6929ED3DF5C7473EC562BF3E6898703DEF7DB73ECB176A3E6898703DEF7DB73ECB176A3E6929ED3DF5C7473EC562BF3E68C7193E0EB5F63ED1FB403E6E27183DE558643EA79B993E66106B3D97FD823E9DE3973E7D106F3DAA1DFC3E99DA593E630FD03E01BD1F3ED735C23E6898703DEF7DB73ECB176A3E68C7193E0EB5F63ED1FB40,
3E58448D3DAB98853EAA44E93E671B043E0083993EAFBAED3E61CC533DEEC4A43EB0E90C3E671B043E0083993EAFBAED3E81A9113DD6744B3E9CAB1D3E8815A03E27A56E3EAA7B2D3E63471F3E2100A43EC5D4203E63E35C3E2FEDE93ED76DFC3E68C7193E0EB5F63ED1FB403E6E27183DE558643EA79B993E671B043E0083993EAFBAED3E58448D3DAB98853EAA44E9,
3E8550013DA13B9F3E92D2353E8DD11C3D9244A63E8B224B3E8948DC3DAC154D3E8F383F3E8C5EF63DF53A3F3E8DCF463E942AAA3E11EA363E8F398F3E87DF7F3DF51C5C3E962AE53E61A36E3E21E03F3EBA68903E5FC1593E1E5FFA3EBCFE9B3E671B043E0083993EAFBAED3E87DF7F3DF51C5C3E962AE53E8AE18B3E16CC603EA085F53E81A9113DD6744B3E9CAB1D,
3E7D02CD3D8217D33E92FC263E7D106F3DAA1DFC3E99DA593E66106B3D97FD823E9DE3973E741F213D3009B33E8D2BD43E7D02CD3D8217D33E92FC263E5E59293D5918A03E97A69C3E741F213D3009B33E8D2BD43E5E59293D5918A03E97A69C3E545E4E3D09331A3E8E1A823E8B545C3D5996743E8972EF3E8DD11C3D9244A63E8B224B3E8550013DA13B9F3E92D235,
3E671B043E0083993EAFBAED3E6E27183DE558643EA79B993E81A9113DD6744B3E9CAB1D3E58448D3DAB98853EAA44E93E5B3E9A3D9FC19C3EA3C18B3E6E27183DE558643EA79B993E6442853DCADF723EC8114D3E5A2E3C3DB84E403EC9D14E3E5024703D8FFEB03EBF0C353E5E4B453DAF78793EBCAA763E6442853DCADF723EC8114D3E5024703D8FFEB03EBF0C35,
3E63E35C3E2FEDE93ED76DFC3E6636F43E1D6C723ED779EA3E68C7193E0EB5F63ED1FB403E663FDD3DD3860A3EC0C2613E624BFD3DE3B9AE3EB557363E6929ED3DF5C7473EC562BF3E663FDD3DD3860A3EC0C2613E5E4B453DAF78793EBCAA763E624BFD3DE3B9AE3EB557363E7028E53E2F251C3EB79E7C3E671B043E0083993EAFBAED3E7F1AA03E3719F83EB57215,
3E54790C3E0D4E903EE3A6263E59B0EE3DDF23463ED6C2CE3E630FD03E01BD1F3ED735C23E54790C3E0D4E903EE3A6263E630FD03E01BD1F3ED735C23E5FE0053E1E8E613EDE79463E5FE0053E1E8E613EDE79463E630FD03E01BD1F3ED735C23E6636F43E1D6C723ED779EA3E87DF7F3DF51C5C3E962AE53E8550013DA13B9F3E92D2353E8B7D203DCBD5DC3E8AA348,
3E8E91A73E9C40F2BEB17EBB3E8F1BAC3E8CA644BE9D2A203E8117B53E88EF35BEB614593E841DD23E707B35BE8B532E3E7885D33E6D71B0BE9C97D93E91539C3E895E5BBE8FE6713E6C4E723E98C954BECD99463E7E94AB3E931C65BEC132943E69899C3E89A7E3BEC481F53E9689A93E9155B4BE8CAC4B3E8F1BAC3E8CA644BE9D2A203E93ED523E975DDDBE9C0B13,
3E6F31F43E589C5EBE85AB193E7619983E645C36BE9298EE3E841DD23E707B35BE8B532E3E6314013E591EA8BE95BB173E51D68C3E4BE22EBE8DC0333E29C5E73E49DD7FBEA7E8253E8F1BAC3E8CA644BE9D2A203E9689A93E9155B4BE8CAC4B3E91539C3E895E5BBE8FE6713E91539C3E895E5BBE8FE6713E7885D33E6D71B0BE9C97D93E8F1BAC3E8CA644BE9D2A20,
3E5FFF373E63DD98BEA63CDA3E7885D33E6D71B0BE9C97D93E6314013E591EA8BE95BB173E764D7F3E820EA6BEB48B873E5A6EB93E784BA1BEBAA0A93E69899C3E89A7E3BEC481F53E7885D33E6D71B0BE9C97D93E5FFF373E63DD98BEA63CDA3E764D7F3E820EA6BEB48B873E6314013E591EA8BE95BB173E7885D33E6D71B0BE9C97D93E7619983E645C36BE9298EE,
3E5A6EB93E784BA1BEBAA0A93E764D7F3E820EA6BEB48B873E5FFF373E63DD98BEA63CDA3E7619983E645C36BE9298EE3E6F31F43E589C5EBE85AB193E6314013E591EA8BE95BB173E89B6703E9FF002BEBD53693E8117B53E88EF35BEB614593E7E94AB3E931C65BEC132943E4D63883E876E3FBECC84303E5AEBC43E93CB3EBED045563E69899C3E89A7E3BEC481F5,
3E69899C3E89A7E3BEC481F53E7E94AB3E931C65BEC132943E8117B53E88EF35BEB614593E89B6703E9FF002BEBD53693E8E91A73E9C40F2BEB17EBB3E8117B53E88EF35BEB614593E29C5E73E49DD7FBEA7E8253E5FFF373E63DD98BEA63CDA3E6314013E591EA8BE95BB173E8F1BAC3E8CA644BE9D2A203E7885D33E6D71B0BE9C97D93E8117B53E88EF35BEB61459,
3E93ED523E975DDDBE9C0B133E8F1BAC3E8CA644BE9D2A203E8E91A73E9C40F2BEB17EBB3E69899C3E89A7E3BEC481F53E5AEBC43E93CB3EBED045563E6C4E723E98C954BECD99463E6F31F43E589C5EBE85AB193E51D68C3E4BE22EBE8DC0333E6314013E591EA8BE95BB173E7885D33E6D71B0BE9C97D93E764D7F3E820EA6BEB48B873E8117B53E88EF35BEB61459,
3E9689A93E9155B4BE8CAC4B3E8F1BAC3E8CA644BE9D2A203E93ED523E975DDDBE9C0B133E7885D33E6D71B0BE9C97D93E841DD23E707B35BE8B532E3E7619983E645C36BE9298EE3E8117B53E88EF35BEB614593E764D7F3E820EA6BEB48B873E69899C3E89A7E3BEC481F53E4D63883E876E3FBECC84303E69899C3E89A7E3BEC481F53E5A6EB93E784BA1BEBAA0A9,
3E91BDC73E422A2CBE0E019B3E93CEC83E61E8A3BE1AC42F3E921F8E3E5302F7BE02A7373E8ABC0E3DFF51F0BE346FDF3E8EBE593E31ECD5BE2BEF073E8BDAD73E0B890DBE20485A3E8A554C3E5F4129BE4721D53E8DBA913E832C62BE5B42033E91F05F3E879789BE54AD793E9333123E69C800BE061F9F3E93CEC83E61E8A3BE1AC42F3E92C6CE3E6CD530BE294BBE,
3E9689A93E9155B4BE8CAC4B3E9F008A3EA4245FBE80194C3E93C2553E8DBC88BE800DA23E66655A3E4789A4BE6BDBA13E50EED03E3E8D97BE738D613E77AA263E5A643DBE724A6B3E8975293E7EE99ABE6460AA3E8DBA913E832C62BE5B42033E8AEBA23E70D5A6BE56AD2E3E94B48D3E89A9B9BE1A0BA23E9723CD3E8D21BCBE32AA9F3E988B543E966C4CBE225D07,
3E94B48D3E89A9B9BE1A0BA23E9486CF3E7D64D8BE349F0E3E9723CD3E8D21BCBE32AA9F3E8F25813E2E9292BE16A2B13E8EBE593E31ECD5BE2BEF073E91758E3E484231BE2A5A473E816CA43E52D83CBE56F8F03E8AEBA23E70D5A6BE56AD2E3E8A554C3E5F4129BE4721D53E896F003E7DB5D9BE81D4953E87A28C3E79A954BE7085B23E8206213E662132BE68FCD6,
3E8A554C3E5F4129BE4721D53E8F50E33E679314BE39C27F3E8C96893E453B8EBE3C63AE3E9689A93E9155B4BE8CAC4B3E93C2553E8DBC88BE800DA23E91539C3E895E5BBE8FE6713E76655A3E1BE447BE5CB3E53E6A0F0A3E02D98CBE6826AB3E5F97243E253FC0BE6993D53E841DD23E707B35BE8B532E3E7885D33E6D71B0BE9C97D93E91539C3E895E5BBE8FE671,
3E9333123E69C800BE061F9F3E92C6CE3E6CD530BE294BBE3E94B48D3E89A9B9BE1A0BA23E6A2A4E3E339192BE64F82F3E5F97243E253FC0BE6993D53E50EED03E3E8D97BE738D613E8F1BAC3E8CA644BE9D2A203E9689A93E9155B4BE8CAC4B3E91539C3E895E5BBE8FE6713E91539C3E895E5BBE8FE6713E7885D33E6D71B0BE9C97D93E8F1BAC3E8CA644BE9D2A20,
3E9486CF3E7D64D8BE349F0E3E8A554C3E5F4129BE4721D53E9497533E81ED39BE3EF0F13E94B48D3E89A9B9BE1A0BA23E988B543E966C4CBE225D073E96C15D3E9C3B0CBE0D3F5B3E6314013E591EA8BE95BB173E51D68C3E4BE22EBE8DC0333E29C5E73E49DD7FBEA7E8253E816CA43E52D83CBE56F8F03E8206213E662132BE68FCD63E8AEBA23E70D5A6BE56AD2E,
3E72699C3E40A527BE61537A3E6A2A4E3E339192BE64F82F3E66655A3E4789A4BE6BDBA13E58F4733E48BB90BE7BB59E3E77AA263E5A643DBE724A6B3E50EED03E3E8D97BE738D613E66655A3E4789A4BE6BDBA13E77AA263E5A643DBE724A6B3E72F87B3E4F9229BE66961C3E8DBA913E832C62BE5B42033E8A554C3E5F4129BE4721D53E8AEBA23E70D5A6BE56AD2E,
3E94B48D3E89A9B9BE1A0BA23E9431DF3E966213BE0036873E94D22D3E84E358BE0708683E87A28C3E79A954BE7085B23E95A5983E8BCB81BE69717E3E8DBA913E832C62BE5B42033E8975293E7EE99ABE6460AA3E87A28C3E79A954BE7085B23E8DBA913E832C62BE5B42033E8206213E662132BE68FCD63E816CA43E52D83CBE56F8F03E72F87B3E4F9229BE66961C,
3E92C6CE3E6CD530BE294BBE3E91758E3E484231BE2A5A473E8F50E33E679314BE39C27F3E9486CF3E7D64D8BE349F0E3E92C6CE3E6CD530BE294BBE3E8F50E33E679314BE39C27F3E8A554C3E5F4129BE4721D53E9486CF3E7D64D8BE349F0E3E8F50E33E679314BE39C27F3E6F31F43E589C5EBE85AB193E7619983E645C36BE9298EE3E841DD23E707B35BE8B532E,
3E8EBE593E31ECD5BE2BEF073E8A09463E0CB46CBE3941423E8C96893E453B8EBE3C63AE3E8975293E7EE99ABE6460AA3E8AEBA23E70D5A6BE56AD2E3E8206213E662132BE68FCD63E95A5983E8BCB81BE69717E3E9B2C843E986317BE5B024F3E95B6803E8F6E61BE4FA3FD3E91F05F3E879789BE54AD793E95A5983E8BCB81BE69717E3E95B6803E8F6E61BE4FA3FD,
3E841C3F3E6ACC4FBE8045DD3E77AA263E5A643DBE724A6B3E6F31F43E589C5EBE85AB193E8A5FE93E0EC4A4BE0B37CA3E8BDAD73E0B890DBE20485A3E8F25813E2E9292BE16A2B13E85BAD43E264495BE4AB25B3E76655A3E1BE447BE5CB3E53E72699C3E40A527BE61537A3E95204B3E9A1B7EBE417DAF3E94AFF73E8C5A81BE46B7673E95B6803E8F6E61BE4FA3FD,
3E51D68C3E4BE22EBE8DC0333E6F31F43E589C5EBE85AB193E58F4733E48BB90BE7BB59E3E91758E3E484231BE2A5A473E93CEC83E61E8A3BE1AC42F3E91BDC73E422A2CBE0E019B3E72F87B3E4F9229BE66961C3E72699C3E40A527BE61537A3E66655A3E4789A4BE6BDBA13E91539C3E895E5BBE8FE6713E896F003E7DB5D9BE81D4953E841DD23E707B35BE8B532E,
3E92C6CE3E6CD530BE294BBE3E93CEC83E61E8A3BE1AC42F3E91758E3E484231BE2A5A473E93C2553E8DBC88BE800DA23E95A5983E8BCB81BE69717E3E87A28C3E79A954BE7085B23E9B2C843E986317BE5B024F3E95204B3E9A1B7EBE417DAF3E95B6803E8F6E61BE4FA3FD3E76655A3E1BE447BE5CB3E53E831F8A3E0CA969BE518D693E6A0F0A3E02D98CBE6826AB,
3E6A2A4E3E339192BE64F82F3E72699C3E40A527BE61537A3E76655A3E1BE447BE5CB3E53E9878D93E98FCD6BE2C6EB13E9723CD3E8D21BCBE32AA9F3E95204B3E9A1B7EBE417DAF3E8C96893E453B8EBE3C63AE3E831F8A3E0CA969BE518D693E85BAD43E264495BE4AB25B3E921F8E3E5302F7BE02A7373E93CEC83E61E8A3BE1AC42F3E9333123E69C800BE061F9F,
3E841C3F3E6ACC4FBE8045DD3E6F31F43E589C5EBE85AB193E841DD23E707B35BE8B532E3E7619983E645C36BE9298EE3E6F31F43E589C5EBE85AB193E6314013E591EA8BE95BB173E72699C3E40A527BE61537A3E72F87B3E4F9229BE66961C3E816CA43E52D83CBE56F8F03E91BDC73E422A2CBE0E019B3E8B90A83E3450F0BDF31B153E8F25813E2E9292BE16A2B1,
3E85CF253E20D413BDD99FE43E8A5FE93E0EC4A4BE0B37CA3E8F25813E2E9292BE16A2B13E8B90A83E3450F0BDF31B153E85CF253E20D413BDD99FE43E8F25813E2E9292BE16A2B13E91539C3E895E5BBE8FE6713E93C2553E8DBC88BE800DA23E896F003E7DB5D9BE81D4953E896F003E7DB5D9BE81D4953E8206213E662132BE68FCD63E841C3F3E6ACC4FBE8045DD,
3E6A0F0A3E02D98CBE6826AB3E5B88CA3DF31F47BE7127B33E4C8F323E172431BE6EB67C3E8C96893E453B8EBE3C63AE3E8F50E33E679314BE39C27F3E91758E3E484231BE2A5A473E8DBA913E832C62BE5B42033E95A5983E8BCB81BE69717E3E91F05F3E879789BE54AD793E9B82C33EA17636BE6E13F53E93C2553E8DBC88BE800DA23E9F008A3EA4245FBE80194C,
3E988B543E966C4CBE225D073E9723CD3E8D21BCBE32AA9F3E9878D93E98FCD6BE2C6EB13E8F25813E2E9292BE16A2B13E8BDAD73E0B890DBE20485A3E8EBE593E31ECD5BE2BEF073E9723CD3E8D21BCBE32AA9F3E9486CF3E7D64D8BE349F0E3E9497533E81ED39BE3EF0F13E6F31F43E589C5EBE85AB193E77AA263E5A643DBE724A6B3E58F4733E48BB90BE7BB59E,
3E896F003E7DB5D9BE81D4953E93C2553E8DBC88BE800DA23E87A28C3E79A954BE7085B23E8206213E662132BE68FCD63E87A28C3E79A954BE7085B23E8975293E7EE99ABE6460AA3E9431DF3E966213BE0036873E94B48D3E89A9B9BE1A0BA23E96C15D3E9C3B0CBE0D3F5B3E91758E3E484231BE2A5A473E8EBE593E31ECD5BE2BEF073E8C96893E453B8EBE3C63AE,
3E95204B3E9A1B7EBE417DAF3E9723CD3E8D21BCBE32AA9F3E94AFF73E8C5A81BE46B7673E93C2553E8DBC88BE800DA23E9B82C33EA17636BE6E13F53E95A5983E8BCB81BE69717E3E91F05F3E879789BE54AD793E95B6803E8F6E61BE4FA3FD3E94AFF73E8C5A81BE46B7673E91F05F3E879789BE54AD793E94AFF73E8C5A81BE46B7673E9497533E81ED39BE3EF0F1,
3E841C3F3E6ACC4FBE8045DD3E841DD23E707B35BE8B532E3E896F003E7DB5D9BE81D4953E66655A3E4789A4BE6BDBA13E6A2A4E3E339192BE64F82F3E50EED03E3E8D97BE738D613E94D22D3E84E358BE0708683E9333123E69C800BE061F9F3E94B48D3E89A9B9BE1A0BA23E9B82C33EA17636BE6E13F53E9B2C843E986317BE5B024F3E95A5983E8BCB81BE69717E,
3E8206213E662132BE68FCD63E77AA263E5A643DBE724A6B3E841C3F3E6ACC4FBE8045DD3E6F31F43E589C5EBE85AB193E51D68C3E4BE22EBE8DC0333E6314013E591EA8BE95BB173E91BDC73E422A2CBE0E019B3E8F25813E2E9292BE16A2B13E91758E3E484231BE2A5A473E8ABC0E3DFF51F0BE346FDF3E8A09463E0CB46CBE3941423E8EBE593E31ECD5BE2BEF07,
3E6A2A4E3E339192BE64F82F3E76655A3E1BE447BE5CB3E53E5F97243E253FC0BE6993D53E72699C3E40A527BE61537A3E816CA43E52D83CBE56F8F03E85BAD43E264495BE4AB25B3E9723CD3E8D21BCBE32AA9F3E9497533E81ED39BE3EF0F13E94AFF73E8C5A81BE46B7673E8206213E662132BE68FCD63E72F87B3E4F9229BE66961C3E77AA263E5A643DBE724A6B,
3E92C6CE3E6CD530BE294BBE3E9486CF3E7D64D8BE349F0E3E94B48D3E89A9B9BE1A0BA23E85BAD43E264495BE4AB25B3E831F8A3E0CA969BE518D693E76655A3E1BE447BE5CB3E53E8C96893E453B8EBE3C63AE3E85BAD43E264495BE4AB25B3E816CA43E52D83CBE56F8F03E816CA43E52D83CBE56F8F03E8A554C3E5F4129BE4721D53E8C96893E453B8EBE3C63AE,
3E91F05F3E879789BE54AD793E9497533E81ED39BE3EF0F13E8A554C3E5F4129BE4721D53E8A09463E0CB46CBE3941423E831F8A3E0CA969BE518D693E8C96893E453B8EBE3C63AE3E4C8F323E172431BE6EB67C3E5F97243E253FC0BE6993D53E6A0F0A3E02D98CBE6826AB3E7885D33E6D71B0BE9C97D93E841DD23E707B35BE8B532E3E7619983E645C36BE9298EE,
3E8682303E4781C7BD8ECD083E8530CF3E49EB20BDA078103E8E698C3E875515BDA862F63E9E6BA53E13CF70BD0ABA383EAC156E3E29F1F1BC84D5523EA82BA63E0936C6BC70DC773EA191DE3E880F34BD659E1F3E904C063E832B77BD931B153E90E9923E8BA8A4BDA21EA33E9333123E69C800BE061F9F3E93CEC83E61E8A3BE1AC42F3E92C6CE3E6CD530BE294BBE,
3E9E6BA53E13CF70BD0ABA383EA82BA63E0936C6BC70DC773E9C5B293E03CE21BD0831273E91BDC73E422A2CBE0E019B3E93CEC83E61E8A3BE1AC42F3E921F8E3E5302F7BE02A7373E815A293E0CE315BDA0B1BC3E811D583E16759BBDB11E863E825F633E292104BD9A8A403E8E698C3E875515BDA862F63E8AD44E3E6A43FEBDC007573E8EE1583E8ADB62BDBB317F,
3E8530CF3E49EB20BDA078103E8682303E4781C7BD8ECD083E825F633E292104BD9A8A403E811D583E16759BBDB11E863E83295F3E2E5604BDAEF2C73E825F633E292104BD9A8A403E9ACA583E4D5ED0BD27FC333E9E6BA53E13CF70BD0ABA383E88B9DC3E291F71BD8008633EBA05143E9C57C1BD56FDA83EACA5593E88BCBEBD3BB2FF3EA4E67D3E9A4181BD8E3715,
3E94B48D3E89A9B9BE1A0BA23E988B543E966C4CBE225D073E96C15D3E9C3B0CBE0D3F5B3E9333123E69C800BE061F9F3E92C6CE3E6CD530BE294BBE3E94B48D3E89A9B9BE1A0BA23E912BC33E988723BDBFD5023E8FAF213E890082BDCF123C3E9394753E90620BBDEBBE443E921F8E3E5302F7BE02A7373E9333123E69C800BE061F9F3E8D612C3E5C026DBDE06A6E,
3E96976C3E9D3565BDB0CDC83EA4E67D3E9A4181BD8E37153E90E9923E8BA8A4BDA21EA33E83295F3E2E5604BDAEF2C73E88E2193E43C5BDBDD41D8F3E8530CF3E49EB20BDA078103EACA5593E88BCBEBD3BB2FF3EABA3873E6E4D5EBD0F8B593EA191DE3E880F34BD659E1F3E8FAF213E890082BDCF123C3E912BC33E988723BDBFD5023E8EE1583E8ADB62BDBB317F,
3E94B48D3E89A9B9BE1A0BA23E9431DF3E966213BE0036873E94D22D3E84E358BE0708683E912BC33E988723BDBFD5023E9394753E90620BBDEBBE443E9431DF3E966213BE0036873E83C6003E114877BD8E82953E8C77BC3E03A10ABD7A92A33E8507213E0425AFBD9F9DF53E88B9DC3E291F71BD8008633E825F633E292104BD9A8A403E8682303E4781C7BD8ECD08,
3E8D612C3E5C026DBDE06A6E3E8B90A83E3450F0BDF31B153E921F8E3E5302F7BE02A7373E92600B3E758A76BDEF41F23E9394753E90620BBDEBBE443E8FAF213E890082BDCF123C3EAC156E3E29F1F1BC84D5523E9E6BA53E13CF70BD0ABA383E9ACA583E4D5ED0BD27FC333E9394753E90620BBDEBBE443E92600B3E758A76BDEF41F23E94D22D3E84E358BE070868,
3E88B9DC3E291F71BD8008633E8D6FDB3E5A0FD4BD7EE1BD3E9ACA583E4D5ED0BD27FC333E811D583E16759BBDB11E863E815A293E0CE315BDA0B1BC3E829C133E0A9BD0BDBF2A173E8A5FE93E0EC4A4BE0B37CA3E8BDAD73E0B890DBE20485A3E8F25813E2E9292BE16A2B13E88B9DC3E291F71BD8008633E9E6BA53E13CF70BD0ABA383E909D6B3E0D1AA8BD5389B5,
3E904C063E832B77BD931B153EABA3873E6E4D5EBD0F8B593E8D6FDB3E5A0FD4BD7EE1BD3EABA3873E6E4D5EBD0F8B593E904C063E832B77BD931B153EA191DE3E880F34BD659E1F3E91758E3E484231BE2A5A473E93CEC83E61E8A3BE1AC42F3E91BDC73E422A2CBE0E019B3E8AD44E3E6A43FEBDC007573E8530CF3E49EB20BDA078103E88E2193E43C5BDBDD41D8F,
3E912BC33E988723BDBFD5023E96976C3E9D3565BDB0CDC83E90E9923E8BA8A4BDA21EA33E8EE1583E8ADB62BDBB317F3E912BC33E988723BDBFD5023E90E9923E8BA8A4BDA21EA33E909D6B3E0D1AA8BD5389B53E9E6BA53E13CF70BD0ABA383E9C5B293E03CE21BD0831273EABA3873E6E4D5EBD0F8B593E9ACA583E4D5ED0BD27FC333E8D6FDB3E5A0FD4BD7EE1BD,
3E9394753E90620BBDEBBE443E94D22D3E84E358BE0708683E9431DF3E966213BE0036873EA4E67D3E9A4181BD8E37153EACA5593E88BCBEBD3BB2FF3EA191DE3E880F34BD659E1F3EAC156E3E29F1F1BC84D5523EAF5D9A3E0B7AE5B9902DE03EA82BA63E0936C6BC70DC773E90E9923E8BA8A4BDA21EA33E8E698C3E875515BDA862F63E8EE1583E8ADB62BDBB317F,
3E909D6B3E0D1AA8BD5389B53E83C6003E114877BD8E82953E88B9DC3E291F71BD8008633E921F8E3E5302F7BE02A7373E8B90A83E3450F0BDF31B153E91BDC73E422A2CBE0E019B3E91BDC73E422A2CBE0E019B3E8B90A83E3450F0BDF31B153E8F25813E2E9292BE16A2B13E921F8E3E5302F7BE02A7373E93CEC83E61E8A3BE1AC42F3E9333123E69C800BE061F9F,
3E8682303E4781C7BD8ECD083E8E698C3E875515BDA862F63E904C063E832B77BD931B153E8D6FDB3E5A0FD4BD7EE1BD3E8682303E4781C7BD8ECD083E904C063E832B77BD931B153E85CF253E20D413BDD99FE43E8A5FE93E0EC4A4BE0B37CA3E8F25813E2E9292BE16A2B13E8B90A83E3450F0BDF31B153E85CF253E20D413BDD99FE43E8F25813E2E9292BE16A2B1,
3E8E698C3E875515BDA862F63E8530CF3E49EB20BDA078103E8AD44E3E6A43FEBDC007573E88E2193E43C5BDBDD41D8F3E8D612C3E5C026DBDE06A6E3E8AD44E3E6A43FEBDC007573E8D612C3E5C026DBDE06A6E3E88E2193E43C5BDBDD41D8F3E8B90A83E3450F0BDF31B153E9333123E69C800BE061F9F3E94D22D3E84E358BE0708683E92600B3E758A76BDEF41F2,
3E811D583E16759BBDB11E863E85CF253E20D413BDD99FE43E83295F3E2E5604BDAEF2C73E83295F3E2E5604BDAEF2C73E8530CF3E49EB20BDA078103E825F633E292104BD9A8A403E9ACA583E4D5ED0BD27FC333EABA3873E6E4D5EBD0F8B593EB08B543E4E9707BC7A48303E9ACA583E4D5ED0BD27FC333EB08B543E4E9707BC7A48303EAC156E3E29F1F1BC84D552,
3E825F633E292104BD9A8A403E83C6003E114877BD8E82953E815A293E0CE315BDA0B1BC3E8507213E0425AFBD9F9DF53E815A293E0CE315BDA0B1BC3E83C6003E114877BD8E82953E9431DF3E966213BE0036873E94B48D3E89A9B9BE1A0BA23E96C15D3E9C3B0CBE0D3F5B3E90E9923E8BA8A4BDA21EA33E904C063E832B77BD931B153E8E698C3E875515BDA862F6,
3E8EE1583E8ADB62BDBB317F3E8AD44E3E6A43FEBDC007573E8FAF213E890082BDCF123C3E8AD44E3E6A43FEBDC007573E8D612C3E5C026DBDE06A6E3E92600B3E758A76BDEF41F23E8FAF213E890082BDCF123C3E8AD44E3E6A43FEBDC007573E92600B3E758A76BDEF41F23E8D612C3E5C026DBDE06A6E3E9333123E69C800BE061F9F3E92600B3E758A76BDEF41F2,
3E8A5FE93E0EC4A4BE0B37CA3E85CF253E20D413BDD99FE43E86A11F3E070BD0BDF10E453E8B90A83E3450F0BDF31B153E88E2193E43C5BDBDD41D8F3E83295F3E2E5604BDAEF2C73E85CF253E20D413BDD99FE43E8B90A83E3450F0BDF31B153E83295F3E2E5604BDAEF2C73E90E9923E8BA8A4BDA21EA33EA4E67D3E9A4181BD8E37153EA191DE3E880F34BD659E1F,
3E8C77BC3E03A10ABD7A92A33E83C6003E114877BD8E82953E909D6B3E0D1AA8BD5389B53E91BDC73E422A2CBE0E019B3E8F25813E2E9292BE16A2B13E91758E3E484231BE2A5A473E85CF253E20D413BDD99FE43E811D583E16759BBDB11E863E829C133E0A9BD0BDBF2A173E94D22D3E84E358BE0708683E9333123E69C800BE061F9F3E94B48D3E89A9B9BE1A0BA2,
3E9277E63E290F733E9AC5A03E9B04CD3E2225743E8CE3DE3E9A02973E3A2C673E96C3333E83C6003E114877BD8E82953E825F633E292104BD9A8A403E88B9DC3E291F71BD8008633E86A11F3E070BD0BDF10E453E85CF253E20D413BDD99FE43E829C133E0A9BD0BDBF2A173E8682303E4781C7BD8ECD083E8D6FDB3E5A0FD4BD7EE1BD3E88B9DC3E291F71BD800863,
3E9D8E433E69BED33E8DCEE13E9FBCC33E4EF9DB3E8C18D73EA5A8373E5C69F93E82BA7C3EA5E8D53E8FBF403E8FB1183EAF720D3E8D81CF3E839A5B3EAC6DA43E95ECE53E8A64803EAC0C413E2121683E61D6493EA9F9CF3E1CB9ED3E77A3123EA54F593E0592963E66A7263E9D8E433E69BED33E8DCEE13E9A84383E50EBAB3E97D04A3E9FBCC33E4EF9DB3E8C18D7,
3EA54F593E0592963E66A7263EA9081C3E09EBA73E59FA553EAC0C413E2121683E61D6493E9EB5F63E3A94FF3E8D0BD83EA6512B3E20285F3E8246173EA7E2A43E3B95E63E83AE683EAB28743E356B013E79B90F3EAC3F603E3DB7AE3E6D47393EA897423E4E6EEB3E7D273D3EA9DD1A3E6EAD4F3E820D353EAE7CF23E7CA7D63E7C881E3EA97EDC3E808ACE3E875BC4,
3EAEAB7A3E2483453E58AF813EA9081C3E09EBA73E59FA553EB701753E20342B3E4454153EA240D93E04F7233E7B14EC3EA9F9CF3E1CB9ED3E77A3123EA6512B3E20285F3E8246173E9B04CD3E2225743E8CE3DE3E9277E63E290F733E9AC5A03E8AE18B3E16CC603EA085F53E9B04CD3E2225743E8CE3DE3E9EB5F63E3A94FF3E8D0BD83E9A02973E3A2C673E96C333,
3E9A84383E50EBAB3E97D04A3E9D8E433E69BED33E8DCEE13E97C1DF3E7D83843E96E6973E9A84383E50EBAB3E97D04A3E9EB5F63E3A94FF3E8D0BD83E9FBCC33E4EF9DB3E8C18D73E9DB1213E7A19013E8EDEDB3EA9DD1A3E6EAD4F3E820D353EA97EDC3E808ACE3E875BC43EA9081C3E09EBA73E59FA553EB638863E0CF2063E3DC0DB3EB701753E20342B3E445415,
3EA6512B3E20285F3E8246173EA9F9CF3E1CB9ED3E77A3123EAB28743E356B013E79B90F3E9DB1213E7A19013E8EDEDB3E9EA50D3E8C00DA3E92EDDD3E97C1DF3E7D83843E96E6973EA5E8D53E8FBF403E8FB1183E9EA50D3E8C00DA3E92EDDD3E9DB1213E7A19013E8EDEDB3EA5E8D53E8FBF403E8FB1183E9DB1213E7A19013E8EDEDB3EA97EDC3E808ACE3E875BC4,
3E942AAA3E11EA363E8F398F3E9B04CD3E2225743E8CE3DE3E8AE18B3E16CC603EA085F53E9DB1213E7A19013E8EDEDB3E9D8E433E69BED33E8DCEE13EA5A8373E5C69F93E82BA7C3EA7E2A43E3B95E63E83AE683E9FBCC33E4EF9DB3E8C18D73E9EB5F63E3A94FF3E8D0BD83E87DF7F3DF51C5C3E962AE53E942AAA3E11EA363E8F398F3E8AE18B3E16CC603EA085F5,
3EA240D93E04F7233E7B14EC3E942AAA3E11EA363E8F398F3E93A2E03DFE8A2F3E885FAF3EAF720D3E8D81CF3E839A5B3EA97EDC3E808ACE3E875BC43EAE7CF23E7CA7D63E7C881E3EA7E2A43E3B95E63E83AE683EA6512B3E20285F3E8246173EAB28743E356B013E79B90F3E9EB5F63E3A94FF3E8D0BD83E9B04CD3E2225743E8CE3DE3EA6512B3E20285F3E824617,
3EA5E8D53E8FBF403E8FB1183EA97EDC3E808ACE3E875BC43EAF720D3E8D81CF3E839A5B3EA54F593E0592963E66A7263EA9F9CF3E1CB9ED3E77A3123EA240D93E04F7233E7B14EC3EACC1223E49A0AE3E6DC6A03EA9DD1A3E6EAD4F3E820D353EA5A8373E5C69F93E82BA7C3E8C5EF63DF53A3F3E8DCF463E942AAA3E11EA363E8F398F3E87DF7F3DF51C5C3E962AE5,
3E93A2E03DFE8A2F3E885FAF3E942AAA3E11EA363E8F398F3E8C5EF63DF53A3F3E8DCF463EA1611C3E94710D3E952C173E9EA50D3E8C00DA3E92EDDD3EA5E8D53E8FBF403E8FB1183E9F9FED3E9D4C553E9997A23EA1611C3E94710D3E952C173EA5E8D53E8FBF403E8FB1183E9F9FED3E9D4C553E9997A23EA5E8D53E8FBF403E8FB1183EAC6DA43E95ECE53E8A6480,
3E9DB1213E7A19013E8EDEDB3EA5A8373E5C69F93E82BA7C3EA9DD1A3E6EAD4F3E820D353E9D8E433E69BED33E8DCEE13E9DB1213E7A19013E8EDEDB3E97C1DF3E7D83843E96E6973EA9081C3E09EBA73E59FA553EAEAB7A3E2483453E58AF813EAC0C413E2121683E61D6493EA6512B3E20285F3E8246173E942AAA3E11EA363E8F398F3EA240D93E04F7233E7B14EC,
3E9A84383E50EBAB3E97D04A3E9A02973E3A2C673E96C3333E9EB5F63E3A94FF3E8D0BD83EA897423E4E6EEB3E7D273D3EACC1223E49A0AE3E6DC6A03EA5A8373E5C69F93E82BA7C3EA5A8373E5C69F93E82BA7C3EA7E2A43E3B95E63E83AE683EA897423E4E6EEB3E7D273D3E9B04CD3E2225743E8CE3DE3E942AAA3E11EA363E8F398F3EA6512B3E20285F3E824617,
3E9277E63E290F733E9AC5A03E9B04CD3E2225743E8CE3DE3E9A02973E3A2C673E96C3333EAB28743E356B013E79B90F3EA897423E4E6EEB3E7D273D3EA7E2A43E3B95E63E83AE683EAC3F603E3DB7AE3E6D47393EACC1223E49A0AE3E6DC6A03EA897423E4E6EEB3E7D273D3EA5A8373E5C69F93E82BA7C3E9FBCC33E4EF9DB3E8C18D73EA7E2A43E3B95E63E83AE68,
3E85CE183E7F20A73EB3558A3E9087443E6E8D543EA59D343E8CFB553E8199133EAC43703E63471F3E2100A43EC5D4203E5FC1593E1E5FFA3EBCFE9B3E51DDA03E4477FF3EC6F34D3E98C5873E8B0B7C3E9E34333E9686833E93AE8A3EA620043E93A3EC3E8054043E9D527E3E9D8E433E69BED33E8DCEE13E9A84383E50EBAB3E97D04A3E9FBCC33E4EF9DB3E8C18D7,
3E8AE18B3E16CC603EA085F53E8815A03E27A56E3EAA7B2D3E81A9113DD6744B3E9CAB1D3E671B043E0083993EAFBAED3E7028E53E2F251C3EB79E7C3E61A36E3E21E03F3EBA68903E86FD443E8D28F23EB582133E8CFB553E8199133EAC43703E8F84453E8B9D1B3EA95AD13E5FE0053E1E8E613EDE79463E630FD03E01BD1F3ED735C23E6636F43E1D6C723ED779EA,
3E8815A03E27A56E3EAA7B2D3E7F1AA03E3719F83EB572153E671B043E0083993EAFBAED3E8AE18B3E16CC603EA085F53E9277E63E290F733E9AC5A03E8BD8173E39BE0A3EAAB8413E6841EE3E53760C3EC0ADEF3E70F3883E69014B3EBF776C3E542A243E4F71653EC436763E54790C3E0D4E903EE3A6263E630FD03E01BD1F3ED735C23E5FE0053E1E8E613EDE7946,
3E6929ED3DF5C7473EC562BF3E63471F3E2100A43EC5D4203E68C7193E0EB5F63ED1FB403E85CE183E7F20A73EB3558A3E8C1BB93E5701973EADF4803E9087443E6E8D543EA59D343E85CE183E7F20A73EB3558A3E86F71A3E5ACA363EB429E13E8C1BB93E5701973EADF4803E5AD7D83E3E31943ED0101F3E63471F3E2100A43EC5D4203E51DDA03E4477FF3EC6F34D,
3E63471F3E2100A43EC5D4203E6929ED3DF5C7473EC562BF3E5FC1593E1E5FFA3EBCFE9B3E9B04CD3E2225743E8CE3DE3E9EB5F63E3A94FF3E8D0BD83E9A02973E3A2C673E96C3333E93A3EC3E8054043E9D527E3E9087443E6E8D543EA59D343E9A84383E50EBAB3E97D04A3E63471F3E2100A43EC5D4203E5AD7D83E3E31943ED0101F3E63E35C3E2FEDE93ED76DFC,
3E97C1DF3E7D83843E96E6973E98C5873E8B0B7C3E9E34333E93A3EC3E8054043E9D527E3E5FE0053E1E8E613EDE79463E6636F43E1D6C723ED779EA3E63E35C3E2FEDE93ED76DFC3E9B04CD3E2225743E8CE3DE3E9277E63E290F733E9AC5A03E8AE18B3E16CC603EA085F53E8F84453E8B9D1B3EA95AD13E9686833E93AE8A3EA620043E8A66DC3E9B56FC3EB2D0A2,
3E5FC1593E1E5FFA3EBCFE9B3E6929ED3DF5C7473EC562BF3E624BFD3DE3B9AE3EB557363E9A84383E50EBAB3E97D04A3E9D8E433E69BED33E8DCEE13E97C1DF3E7D83843E96E6973E98C5873E8B0B7C3E9E34333E9EA50D3E8C00DA3E92EDDD3EA1611C3E94710D3E952C173E9A84383E50EBAB3E97D04A3E9EB5F63E3A94FF3E8D0BD83E9FBCC33E4EF9DB3E8C18D7,
3E9DB1213E7A19013E8EDEDB3E9EA50D3E8C00DA3E92EDDD3E97C1DF3E7D83843E96E6973EA5E8D53E8FBF403E8FB1183E9EA50D3E8C00DA3E92EDDD3E9DB1213E7A19013E8EDEDB3E5FC1593E1E5FFA3EBCFE9B3E61CC533DEEC4A43EB0E90C3E671B043E0083993EAFBAED3E86FD443E8D28F23EB582133E8A66DC3E9B56FC3EB2D0A23E86F1353EA810623EB40831,
3E542A243E4F71653EC436763E70F3883E69014B3EBF776C3E5FD9FD3E87485E3EC5147F3E7F1AA03E3719F83EB572153E86F71A3E5ACA363EB429E13E70F3883E69014B3EBF776C3E6636F43E1D6C723ED779EA3E630FD03E01BD1F3ED735C23E68C7193E0EB5F63ED1FB403E70F3883E69014B3EBF776C3E6841EE3E53760C3EC0ADEF3E7F1AA03E3719F83EB57215,
3E942AAA3E11EA363E8F398F3E9B04CD3E2225743E8CE3DE3E8AE18B3E16CC603EA085F53E5EEE0F3E3C1B973ED82B843E63E35C3E2FEDE93ED76DFC3E5AD7D83E3E31943ED0101F3E63471F3E2100A43EC5D4203E63E35C3E2FEDE93ED76DFC3E68C7193E0EB5F63ED1FB403E87DF7F3DF51C5C3E962AE53E942AAA3E11EA363E8F398F3E8AE18B3E16CC603EA085F5,
3E9A84383E50EBAB3E97D04A3E9087443E6E8D543EA59D343E92235B3E4F39D23EA1424E3E5FD9FD3E87485E3EC5147F3E75E8D53E8C9DBF3EBD3E4F3E74EBDD3EA4F2063EBFFBAD3E61593E3EA4A6013EC5BB5A3E5FD9FD3E87485E3EC5147F3E74EBDD3EA4F2063EBFFBAD3E671B043E0083993EAFBAED3E81A9113DD6744B3E9CAB1D3E8815A03E27A56E3EAA7B2D,
3E8815A03E27A56E3EAA7B2D3E8AE18B3E16CC603EA085F53E8BD8173E39BE0A3EAAB8413E8C5EF63DF53A3F3E8DCF463E942AAA3E11EA363E8F398F3E87DF7F3DF51C5C3E962AE53E61A36E3E21E03F3EBA68903E5FC1593E1E5FFA3EBCFE9B3E671B043E0083993EAFBAED3E87DF7F3DF51C5C3E962AE53E8AE18B3E16CC603EA085F53E81A9113DD6744B3E9CAB1D,
3E86FD443E8D28F23EB582133E74EBDD3EA4F2063EBFFBAD3E75E8D53E8C9DBF3EBD3E4F3E92235B3E4F39D23EA1424E3E8BD8173E39BE0A3EAAB8413E9277E63E290F733E9AC5A03E5DAA503E3F41AF3EC005C43E6841EE3E53760C3EC0ADEF3E542A243E4F71653EC436763E9A02973E3A2C673E96C3333E92235B3E4F39D23EA1424E3E9277E63E290F733E9AC5A0,
3E93A3EC3E8054043E9D527E3E8F84453E8B9D1B3EA95AD13E8CFB553E8199133EAC43703E9087443E6E8D543EA59D343E8C1BB93E5701973EADF4803E92235B3E4F39D23EA1424E3E7028E53E2F251C3EB79E7C3E671B043E0083993EAFBAED3E7F1AA03E3719F83EB572153E8CFB553E8199133EAC43703E86FD443E8D28F23EB582133E85CE183E7F20A73EB3558A,
3E7028E53E2F251C3EB79E7C3E7F1AA03E3719F83EB572153E5DAA503E3F41AF3EC005C43E61A36E3E21E03F3EBA68903E7028E53E2F251C3EB79E7C3E5DAA503E3F41AF3EC005C43E9F9FED3E9D4C553E9997A23EA5E8D53E8FBF403E8FB1183EAC6DA43E95ECE53E8A64803E86F71A3E5ACA363EB429E13E8BD8173E39BE0A3EAAB8413E8C1BB93E5701973EADF480,
3E9EA50D3E8C00DA3E92EDDD3E98C5873E8B0B7C3E9E34333E97C1DF3E7D83843E96E6973EA1611C3E94710D3E952C173E9EA50D3E8C00DA3E92EDDD3EA5E8D53E8FBF403E8FB1183E9F9FED3E9D4C553E9997A23EA1611C3E94710D3E952C173EA5E8D53E8FBF403E8FB1183E7F1AA03E3719F83EB572153E6841EE3E53760C3EC0ADEF3E5DAA503E3F41AF3EC005C4,
3E9A84383E50EBAB3E97D04A3E97C1DF3E7D83843E96E6973E93A3EC3E8054043E9D527E3E9A02973E3A2C673E96C3333E9A84383E50EBAB3E97D04A3E92235B3E4F39D23EA1424E3E86FD443E8D28F23EB582133E86F1353EA810623EB408313E74EBDD3EA4F2063EBFFBAD3E9D8E433E69BED33E8DCEE13E9DB1213E7A19013E8EDEDB3E97C1DF3E7D83843E96E697,
3E8BD8173E39BE0A3EAAB8413E7F1AA03E3719F83EB572153E8815A03E27A56E3EAA7B2D3E75E8D53E8C9DBF3EBD3E4F3E85CE183E7F20A73EB3558A3E86FD443E8D28F23EB582133E5FD9FD3E87485E3EC5147F3E70F3883E69014B3EBF776C3E75E8D53E8C9DBF3EBD3E4F3E75E8D53E8C9DBF3EBD3E4F3E70F3883E69014B3EBF776C3E86F71A3E5ACA363EB429E1,
3E5869403E4253113EE52F3C3E63E35C3E2FEDE93ED76DFC3E5EEE0F3E3C1B973ED82B843E8F84453E8B9D1B3EA95AD13E93A3EC3E8054043E9D527E3E9686833E93AE8A3EA620043E5FE0053E1E8E613EDE79463E63E35C3E2FEDE93ED76DFC3E5DBD733E3007DD3EE0622C3E86F71A3E5ACA363EB429E13E7F1AA03E3719F83EB572153E8BD8173E39BE0A3EAAB841,
3E8C1BB93E5701973EADF4803E8BD8173E39BE0A3EAAB8413E92235B3E4F39D23EA1424E3E9087443E6E8D543EA59D343E93A3EC3E8054043E9D527E3E8CFB553E8199133EAC43703E63E35C3E2FEDE93ED76DFC3E6636F43E1D6C723ED779EA3E68C7193E0EB5F63ED1FB403E5869403E4253113EE52F3C3E5DBD733E3007DD3EE0622C3E63E35C3E2FEDE93ED76DFC,
3E8F84453E8B9D1B3EA95AD13E8A66DC3E9B56FC3EB2D0A23E86FD443E8D28F23EB582133E86F71A3E5ACA363EB429E13E85CE183E7F20A73EB3558A3E75E8D53E8C9DBF3EBD3E4F3E9A84383E50EBAB3E97D04A3E9A02973E3A2C673E96C3333E9EB5F63E3A94FF3E8D0BD83E98C5873E8B0B7C3E9E34333EA1611C3E94710D3E952C173E9686833E93AE8A3EA62004,
3E5FE0053E1E8E613EDE79463E63E35C3E2FEDE93ED76DFC3E5DBD733E3007DD3EE0622C3E5FE0053E1E8E613EDE79463E6636F43E1D6C723ED779EA3E63E35C3E2FEDE93ED76DFC3E54790C3E0D4E903EE3A6263E630FD03E01BD1F3ED735C23E5FE0053E1E8E613EDE79463E5FE0053E1E8E613EDE79463E630FD03E01BD1F3ED735C23E6636F43E1D6C723ED779EA,
3E73BF723EA549B6BED48BCA3E5B484D3E9E0829BEDA567A3E5B4BF93EA7F23DBEDF57933E5642C03ED2C83FBEE66FD63E6DF82B3EC7B741BEDB55263E54ECEA3EBFC2CABEE4868C3E5869403E4253113EE52F3C3E5DBD733E3007DD3EE0622C3E63E35C3E2FEDE93ED76DFC3E5869403E4253113EE52F3C3E63E35C3E2FEDE93ED76DFC3E5EEE0F3E3C1B973ED82B84,
3E4CA7503EE55C53BEE6DD8B3E55019F3EFD8B1EBEDA469D3E721FB03ED91C08BED986DB3E855E8D3EC10B63BECFA2273E7EE3D63EB36135BED4D0DD3E6DF82B3EC7B741BEDB55263E721FB03ED91C08BED986DB3E83BD5A3EDC126ABECBB18E3E6DF82B3EC7B741BEDB55263E6DF82B3EC7B741BEDB55263E83BD5A3EDC126ABECBB18E3E855E8D3EC10B63BECFA227,
3E59A49C3EB12381BEE1FCB13E54ECEA3EBFC2CABEE4868C3E6DF82B3EC7B741BEDB55263E59A49C3EB12381BEE1FCB13E6DF82B3EC7B741BEDB55263E7EE3D63EB36135BED4D0DD3E5B4BF93EA7F23DBEDF57933E59A49C3EB12381BEE1FCB13E7EE3D63EB36135BED4D0DD3E721FB03ED91C08BED986DB3E6DF82B3EC7B741BEDB55263E5642C03ED2C83FBEE66FD6,
3E9689A93E9155B4BE8CAC4B3E8F1BAC3E8CA644BE9D2A203E93ED523E975DDDBE9C0B133E8907313EB9C044BECB64173E89B6703E9FF002BEBD53693E80B3B33EA85FAFBECEB4C83E5642C03ED2C83FBEE66FD63E4CA7503EE55C53BEE6DD8B3E721FB03ED91C08BED986DB3E7EE3D63EB36135BED4D0DD3E73BF723EA549B6BED48BCA3E5B4BF93EA7F23DBEDF5793,
3E9AF1883EB03233BE8FFBF03E9897203EA3608DBE9563ED3E9A9B6B3EA5BF6ABEA059A73E9897203EA3608DBE9563ED3E9AF1883EB03233BE8FFBF03E99EF953EA7774BBE8F4CF53E9EFA613EBA2C23BE925DF23E9AF1883EB03233BE8FFBF03EA06B7B3EBE7D56BE9A19873E855E8D3EC10B63BECFA2273E9113E83ECF4B84BEBFDE723E8907313EB9C044BECB6417,
3E8E91A73E9C40F2BEB17EBB3E8F1BAC3E8CA644BE9D2A203E8117B53E88EF35BEB614593E6C4E723E98C954BECD99463E7E94AB3E931C65BEC132943E69899C3E89A7E3BEC481F53E9623293ECD6734BEAD2FA13E94F41F3ED56A16BEB5CCC93E9541103EDB4B0EBEA4F1A23E80B3B33EA85FAFBECEB4C83E7E94AB3E931C65BEC132943E6C4E723E98C954BECD9946,
3EA06B7B3EBE7D56BE9A19873E9DDF013ECFE932BE9A52F03E9FE1973ECB0447BE91EF953E9371543EB4D5FABEB7C2443E89B6703E9FF002BEBD53693E8907313EB9C044BECB64173E9ABE063EC584B2BEA9A06A3E94BE623EC403DEBEB44AC73E9623293ECD6734BEAD2FA13E91871E3EE85A92BEAB15F93E94F41F3ED56A16BEB5CCC93E85FEFC3EF31423BEBC30F5,
3E9F0B073EC18E32BEA08B973EA06B7B3EBE7D56BE9A19873E9D8ADB3EB7E5EBBEA529DC3E73BF723EA549B6BED48BCA3E5B484D3E9E0829BEDA567A3E5B4BF93EA7F23DBEDF57933E92C0A53EC37D63BEBDA4AD3E9113E83ECF4B84BEBFDE723E94F41F3ED56A16BEB5CCC93E8F1BAC3E8CA644BE9D2A203E9689A93E9155B4BE8CAC4B3E91539C3E895E5BBE8FE671,
3E8907313EB9C044BECB64173E7EE3D63EB36135BED4D0DD3E855E8D3EC10B63BECFA2273E9DDF013ECFE932BE9A52F03E99F59D3ED2233ABEA142D53E97911D3EDCCCEEBE9986DB3E99F59D3ED2233ABEA142D53E9DDF013ECFE932BE9A52F03E9F0B073EC18E32BEA08B973EA06B7B3EBE7D56BE9A19873E9A9B6B3EA5BF6ABEA059A73E9D8ADB3EB7E5EBBEA529DC,
3E9E86C63ED1B478BE89F4D33E97911D3EDCCCEEBE9986DB3E97CAC93EDD8A55BE90800F3E721FB03ED91C08BED986DB3E83BD5A3EDC126ABECBB18E3E6DF82B3EC7B741BEDB55263E9113E83ECF4B84BEBFDE723E8CF91A3EDBAE8ABEC122FB3E94F41F3ED56A16BEB5CCC93E6DF82B3EC7B741BEDB55263E83BD5A3EDC126ABECBB18E3E855E8D3EC10B63BECFA227,
3E9689A93E9155B4BE8CAC4B3E93ED523E975DDDBE9C0B133E9AEB1C3E9CADBCBE8A40533E9B226C3EBBA96DBEAC6DC63E9D8ADB3EB7E5EBBEA529DC3E9944673EB33C3EBEAE59293E9E86C63ED1B478BE89F4D33E9FE1973ECB0447BE91EF953E9DDF013ECFE932BE9A52F03E855E8D3EC10B63BECFA2273E7EE3D63EB36135BED4D0DD3E6DF82B3EC7B741BEDB5526,
3E9AEB1C3E9CADBCBE8A40533E93ED523E975DDDBE9C0B133E9897203EA3608DBE9563ED3E9623293ECD6734BEAD2FA13E99F59D3ED2233ABEA142D53E9ABE063EC584B2BEA9A06A3E94BE623EC403DEBEB44AC73E92C0A53EC37D63BEBDA4AD3E94F41F3ED56A16BEB5CCC93E9F0B073EC18E32BEA08B973E9D8ADB3EB7E5EBBEA529DC3E9B226C3EBBA96DBEAC6DC6,
3E4CA7503EE55C53BEE6DD8B3E55019F3EFD8B1EBEDA469D3E721FB03ED91C08BED986DB3E9371543EB4D5FABEB7C2443E9B226C3EBBA96DBEAC6DC63E9944673EB33C3EBEAE59293E9DDF013ECFE932BE9A52F03E97911D3EDCCCEEBE9986DB3E9E86C63ED1B478BE89F4D33E94BE623EC403DEBEB44AC73E9B226C3EBBA96DBEAC6DC63E9371543EB4D5FABEB7C244,
3E80B3B33EA85FAFBECEB4C83E7EE3D63EB36135BED4D0DD3E8907313EB9C044BECB64173E92C0A53EC37D63BEBDA4AD3E9371543EB4D5FABEB7C2443E8907313EB9C044BECB64173E9B226C3EBBA96DBEAC6DC63E9ABE063EC584B2BEA9A06A3E9F0B073EC18E32BEA08B973E4D63883E876E3FBECC84303E5AEBC43E93CB3EBED045563E69899C3E89A7E3BEC481F5,
3E94F41F3ED56A16BEB5CCC93E8CF91A3EDBAE8ABEC122FB3E85FEFC3EF31423BEBC30F53E721FB03ED91C08BED986DB3E6DF82B3EC7B741BEDB55263E5642C03ED2C83FBEE66FD63E73BF723EA549B6BED48BCA3E7EE3D63EB36135BED4D0DD3E80B3B33EA85FAFBECEB4C83E89B6703E9FF002BEBD53693E9954863EAAD70EBEA97BB73E8E91A73E9C40F2BEB17EBB,
3E9F2DE43EC1E9F2BE90AD253EA06B7B3EBE7D56BE9A19873E9FE1973ECB0447BE91EF953E7E94AB3E931C65BEC132943E80B3B33EA85FAFBECEB4C83E89B6703E9FF002BEBD53693E73BF723EA549B6BED48BCA3E6C4E723E98C954BECD99463E5B484D3E9E0829BEDA567A3E94BE623EC403DEBEB44AC73E9371543EB4D5FABEB7C2443E92C0A53EC37D63BEBDA4AD,
3E9AF1883EB03233BE8FFBF03E9EFA613EBA2C23BE925DF23E9C59DA3EB50E78BE8B0D743E5AEBC43E93CB3EBED045563E5B484D3E9E0829BEDA567A3E6C4E723E98C954BECD99463E88F0C73ED10B41BEC999DD3E9113E83ECF4B84BEBFDE723E855E8D3EC10B63BECFA2273E89B6703E9FF002BEBD53693E8117B53E88EF35BEB614593E7E94AB3E931C65BEC13294,
3E89B6703E9FF002BEBD53693E8E91A73E9C40F2BEB17EBB3E8117B53E88EF35BEB614593E8E91A73E9C40F2BEB17EBB3E9A9B6B3EA5BF6ABEA059A73E93ED523E975DDDBE9C0B133E94F41F3ED56A16BEB5CCC93E9623293ECD6734BEAD2FA13E94BE623EC403DEBEB44AC73E9EFA613EBA2C23BE925DF23E9D79073EBEEEFABE8D056C3E9C59DA3EB50E78BE8B0D74,
3E80B3B33EA85FAFBECEB4C83E6C4E723E98C954BECD99463E73BF723EA549B6BED48BCA3E59A49C3EB12381BEE1FCB13E6DF82B3EC7B741BEDB55263E7EE3D63EB36135BED4D0DD3E5B4BF93EA7F23DBEDF57933E59A49C3EB12381BEE1FCB13E7EE3D63EB36135BED4D0DD3EA06B7B3EBE7D56BE9A19873E9AF1883EB03233BE8FFBF03E9A9B6B3EA5BF6ABEA059A7,
3E99F59D3ED2233ABEA142D53E9623293ECD6734BEAD2FA13E9541103EDB4B0EBEA4F1A23E9954863EAAD70EBEA97BB73E9944673EB33C3EBEAE59293E9D8ADB3EB7E5EBBEA529DC3E9954863EAAD70EBEA97BB73E9D8ADB3EB7E5EBBEA529DC3E9A9B6B3EA5BF6ABEA059A73E69899C3E89A7E3BEC481F53E7E94AB3E931C65BEC132943E8117B53E88EF35BEB61459,
3E9D79073EBEEEFABE8D056C3E9EFA613EBA2C23BE925DF23E9F2DE43EC1E9F2BE90AD253E9DDF013ECFE932BE9A52F03EA06B7B3EBE7D56BE9A19873E9F0B073EC18E32BEA08B973E7EE3D63EB36135BED4D0DD3E73BF723EA549B6BED48BCA3E5B4BF93EA7F23DBEDF57933E97911D3EDCCCEEBE9986DB3E99F59D3ED2233ABEA142D53E9541103EDB4B0EBEA4F1A2,
3EA06B7B3EBE7D56BE9A19873E9F2DE43EC1E9F2BE90AD253E9EFA613EBA2C23BE925DF23E9ABE063EC584B2BEA9A06A3E99F59D3ED2233ABEA142D53E9F0B073EC18E32BEA08B973E93ED523E975DDDBE9C0B133E9A9B6B3EA5BF6ABEA059A73E9897203EA3608DBE9563ED3E9AEB1C3E9CADBCBE8A40533E9897203EA3608DBE9563ED3E99EF953EA7774BBE8F4CF5,
3E91871E3EE85A92BEAB15F93E9541103EDB4B0EBEA4F1A23E94F41F3ED56A16BEB5CCC93E69899C3E89A7E3BEC481F53E5AEBC43E93CB3EBED045563E6C4E723E98C954BECD99463E9944673EB33C3EBEAE59293E9954863EAAD70EBEA97BB73E9371543EB4D5FABEB7C2443E9371543EB4D5FABEB7C2443E9954863EAAD70EBEA97BB73E89B6703E9FF002BEBD5369,
3E93ED523E975DDDBE9C0B133E8F1BAC3E8CA644BE9D2A203E8E91A73E9C40F2BEB17EBB3E9A9B6B3EA5BF6ABEA059A73E8E91A73E9C40F2BEB17EBB3E9954863EAAD70EBEA97BB73E8CF91A3EDBAE8ABEC122FB3E9113E83ECF4B84BEBFDE723E88F0C73ED10B41BEC999DD3E8CF91A3EDBAE8ABEC122FB3E88F0C73ED10B41BEC999DD3E83BD5A3EDC126ABECBB18E,
3E855E8D3EC10B63BECFA2273E83BD5A3EDC126ABECBB18E3E88F0C73ED10B41BEC999DD3E9113E83ECF4B84BEBFDE723E92C0A53EC37D63BEBDA4AD3E8907313EB9C044BECB64173E7837723EF4DEA0BECBFD933E83BD5A3EDC126ABECBB18E3E721FB03ED91C08BED986DB3E55019F3EFD8B1EBEDA469D3E7837723EF4DEA0BECBFD933E721FB03ED91C08BED986DB,
3E921B3B3EE87054BE100B033E9570E73ED7B54ABE1C371E3E9448493EDC3937BE259CD03E9689A93E9155B4BE8CAC4B3E8F1BAC3E8CA644BE9D2A203E93ED523E975DDDBE9C0B133E9B226C3EBBA96DBEAC6DC63E94BE623EC403DEBEB44AC73E9ABE063EC584B2BEA9A06A3E5642C03ED2C83FBEE66FD63E4CA7503EE55C53BEE6DD8B3E721FB03ED91C08BED986DB,
3E9710883EE6D118BE5BEAD53E96002A3EE2C3EBBE4917943E9C94923ED89268BE5800223E9EFA613EBA2C23BE925DF23E9AF1883EB03233BE8FFBF03EA06B7B3EBE7D56BE9A19873E9DD00F3EC383F1BE7789613E9F2ABF3EBF2EF1BE5BAD7D3EA0F7BA3EB8FE48BE68DB493E9E28CC3EBD0A46BE83A1903E9FE5213EB6876EBE7E05CD3E9C59DA3EB50E78BE8B0D74,
3E9AF1883EB03233BE8FFBF03E9897203EA3608DBE9563ED3E9A9B6B3EA5BF6ABEA059A73E97E4363EC42C80BE3F33443E9963353ED0E172BE45FFA43E9670C13EC52999BE2A743A3E98FCD63EB71B04BE36CD293E9DA5FC3EAF9AAEBE4AA7163E9E96C43EBC5155BE4F1D3F3E9897203EA3608DBE9563ED3E9AF1883EB03233BE8FFBF03E99EF953EA7774BBE8F4CF5,
3E9689A93E9155B4BE8CAC4B3E9F008A3EA4245FBE80194C3E93C2553E8DBC88BE800DA23E9FC82A3EAF94A7BE7B417D3E9FE5213EB6876EBE7E05CD3EA0F7BA3EB8FE48BE68DB493E9540033EE6C17FBE3640213E98982D3ED7B80BBE456F763E96002A3EE2C3EBBE4917943E94B48D3E89A9B9BE1A0BA23E9723CD3E8D21BCBE32AA9F3E988B543E966C4CBE225D07,
3E96C15D3E9C3B0CBE0D3F5B3E988B543E966C4CBE225D073E97CE743EA0DE8FBE18C6D63E9710883EE6D118BE5BEAD53E9C94923ED89268BE5800223E99D12D3EDFE36DBE6825183E9E28CC3EBD0A46BE83A1903E9D79073EBEEEFABE8D056C3E9F7A4E3EC2E8E2BE85188F3E9E96C43EBC5155BE4F1D3F3E9DA5FC3EAF9AAEBE4AA7163EA0999E3EB341C0BE5DD54E,
3E9689A93E9155B4BE8CAC4B3E93C2553E8DBC88BE800DA23E91539C3E895E5BBE8FE6713E9FC82A3EAF94A7BE7B417D3EA0F7BA3EB8FE48BE68DB493EA0999E3EB341C0BE5DD54E3E9BA9093EA7470FBE5809D53E9D4B493EA9C737BE6CAAFC3EA0999E3EB341C0BE5DD54E3E967F913EBB543BBE269EC33E9A04F33EAA7DCCBE1B25B33E9658C53EB0BFA1BE2B29E5,
3E9B5AEA3ECA0104BE6C8C933E9DD00F3EC383F1BE7789613E9A97393ED29DA6BE796EDF3EA06B7B3EBE7D56BE9A19873E9DDF013ECFE932BE9A52F03E9FE1973ECB0447BE91EF953E9448493EDC3937BE259CD03E9503753ED00DE5BE2609DD3E9963353ED0E172BE45FFA43E9503753ED00DE5BE2609DD3E967F913EBB543BBE269EC33E9670C13EC52999BE2A743A,
3E96ADF73EA3A83FBE23137B3E9878D93E98FCD6BE2C6EB13E94E0B93EA5F8B1BE30FDC13E9F7A4E3EC2E8E2BE85188F3E9F2DE43EC1E9F2BE90AD253E9FFC763EC97354BE8563453E8F1BAC3E8CA644BE9D2A203E9689A93E9155B4BE8CAC4B3E91539C3E895E5BBE8FE6713E98FCD63EB71B04BE36CD293E9E96C43EBC5155BE4F1D3F3E97E4363EC42C80BE3F3344,
3E9963353ED0E172BE45FFA43E9E22A33ED25F85BE5E0D673E9C94923ED89268BE5800223E9570E73ED7B54ABE1C371E3E921B3B3EE87054BE100B033E961BF33EE2B607BE06A5943E9F2DE43EC1E9F2BE90AD253E9F7A4E3EC2E8E2BE85188F3E9D79073EBEEEFABE8D056C3E94B48D3E89A9B9BE1A0BA23E988B543E966C4CBE225D073E96C15D3E9C3B0CBE0D3F5B,
3E9BAC4F3EC82689BE5713AD3E9F2ABF3EBF2EF1BE5BAD7D3E9B5AEA3ECA0104BE6C8C933E96ADF73EA3A83FBE23137B3E9658C53EB0BFA1BE2B29E53E9A04F33EAA7DCCBE1B25B33E9C59DA3EB50E78BE8B0D743E99EF953EA7774BBE8F4CF53E9AF1883EB03233BE8FFBF03E9878D93E98FCD6BE2C6EB13E95204B3E9A1B7EBE417DAF3E94E0B93EA5F8B1BE30FDC1,
3E9A04F33EAA7DCCBE1B25B33E99B8243EA5DA27BE060AA63E97CE743EA0DE8FBE18C6D63E94B48D3E89A9B9BE1A0BA23E9431DF3E966213BE0036873E94D22D3E84E358BE0708683E9DD00F3EC383F1BE7789613E9FE5213EB6876EBE7E05CD3E9E28CC3EBD0A46BE83A1903E9872F33EE61CDEBE84C07B3E9942F63ED8EFDDBE80C3F43E97CAC93EDD8A55BE90800F,
3E9E86C63ED1B478BE89F4D33E9FE1973ECB0447BE91EF953E9DDF013ECFE932BE9A52F03E9E86C63ED1B478BE89F4D33E97911D3EDCCCEEBE9986DB3E97CAC93EDD8A55BE90800F3E9DD00F3EC383F1BE7789613E9B5AEA3ECA0104BE6C8C933E9F2ABF3EBF2EF1BE5BAD7D3E99B8243EA5DA27BE060AA63E96C15D3E9C3B0CBE0D3F5B3E97CE743EA0DE8FBE18C6D6,
3E9AEB1C3E9CADBCBE8A40533E93ED523E975DDDBE9C0B133E9897203EA3608DBE9563ED3E9A04F33EAA7DCCBE1B25B33E967F913EBB543BBE269EC33E99CBEF3EBFCD46BE11EB423E95A5983E8BCB81BE69717E3E9B2C843E986317BE5B024F3E95B6803E8F6E61BE4FA3FD3E9689A93E9155B4BE8CAC4B3E93ED523E975DDDBE9C0B133E9AEB1C3E9CADBCBE8A4053,
3E99C1B53EA5DBDBBE499FA13E9926A63EAFB15BBE3AD7D83E958DDE3EA5BE1BBE3A5B533E9BA9093EA7470FBE5809D53EA0999E3EB341C0BE5DD54E3E9DA5FC3EAF9AAEBE4AA7163E95204B3E9A1B7EBE417DAF3E94AFF73E8C5A81BE46B7673E95B6803E8F6E61BE4FA3FD3E9BA1D33ECF4D38BE0861A63E9570E73ED7B54ABE1C371E3E98537E3EDDC487BDFCEA6C,
3E99D12D3EDFE36DBE6825183E9C94923ED89268BE5800223E9E22A33ED25F85BE5E0D673E9DDF013ECFE932BE9A52F03E97911D3EDCCCEEBE9986DB3E9E86C63ED1B478BE89F4D33E9DA5FC3EAF9AAEBE4AA7163E98FCD63EB71B04BE36CD293E9926A63EAFB15BBE3AD7D83E9FC82A3EAF94A7BE7B417D3EA0999E3EB341C0BE5DD54E3E9D4B493EA9C737BE6CAAFC,
3E99C1B53EA5DBDBBE499FA13E9B2C843E986317BE5B024F3E9BA9093EA7470FBE5809D53E9C94923ED89268BE5800223E96002A3EE2C3EBBE4917943E98982D3ED7B80BBE456F763E99EF953EA7774BBE8F4CF53E9C59DA3EB50E78BE8B0D743E9EA7AD3EA60C9EBE84CD753E9B5AEA3ECA0104BE6C8C933E9A97393ED29DA6BE796EDF3E9E22A33ED25F85BE5E0D67,
3E9F7A4E3EC2E8E2BE85188F3E9FFC763EC97354BE8563453E9DD00F3EC383F1BE7789613E9E28CC3EBD0A46BE83A1903E9F7A4E3EC2E8E2BE85188F3E9DD00F3EC383F1BE7789613E9B2C843E986317BE5B024F3E95204B3E9A1B7EBE417DAF3E95B6803E8F6E61BE4FA3FD3E97E4363EC42C80BE3F33443E9BAC4F3EC82689BE5713AD3E9963353ED0E172BE45FFA4,
3E9E86C63ED1B478BE89F4D33E9942F63ED8EFDDBE80C3F43E9A97393ED29DA6BE796EDF3E9658C53EB0BFA1BE2B29E53E96ADF73EA3A83FBE23137B3E94E0B93EA5F8B1BE30FDC13E9E96C43EBC5155BE4F1D3F3E9BAC4F3EC82689BE5713AD3E97E4363EC42C80BE3F33443E9448493EDC3937BE259CD03E98982D3ED7B80BBE456F763E9540033EE6C17FBE364021,
3E9F2DE43EC1E9F2BE90AD253EA06B7B3EBE7D56BE9A19873E9FE1973ECB0447BE91EF953E9F2DE43EC1E9F2BE90AD253E9FE1973ECB0447BE91EF953E9FFC763EC97354BE8563453E9878D93E98FCD6BE2C6EB13E9723CD3E8D21BCBE32AA9F3E95204B3E9A1B7EBE417DAF3E9E86C63ED1B478BE89F4D33E97CAC93EDD8A55BE90800F3E9942F63ED8EFDDBE80C3F4,
3E967F913EBB543BBE269EC33E9503753ED00DE5BE2609DD3E9A0A0F3EC5903ABE0E79AB3E99CBEF3EBFCD46BE11EB423E967F913EBB543BBE269EC33E9A0A0F3EC5903ABE0E79AB3E97E4363EC42C80BE3F33443E9670C13EC52999BE2A743A3E95F17C3EBC113CBE2F7F4A3E95204B3E9A1B7EBE417DAF3E99C1B53EA5DBDBBE499FA13E958DDE3EA5BE1BBE3A5B53,
3E9670C13EC52999BE2A743A3E9963353ED0E172BE45FFA43E9503753ED00DE5BE2609DD3E9926A63EAFB15BBE3AD7D83E98FCD63EB71B04BE36CD293E9658C53EB0BFA1BE2B29E53E9A04F33EAA7DCCBE1B25B33E97CE743EA0DE8FBE18C6D63E96ADF73EA3A83FBE23137B3E9D4B493EA9C737BE6CAAFC3E9F008A3EA4245FBE80194C3E9FC82A3EAF94A7BE7B417D,
3E9B82C33EA17636BE6E13F53E93C2553E8DBC88BE800DA23E9F008A3EA4245FBE80194C3E9B2C843E986317BE5B024F3E99C1B53EA5DBDBBE499FA13E95204B3E9A1B7EBE417DAF3E9EFA613EBA2C23BE925DF23E9D79073EBEEEFABE8D056C3E9C59DA3EB50E78BE8B0D743E9AF1883EB03233BE8FFBF03E9EFA613EBA2C23BE925DF23E9C59DA3EB50E78BE8B0D74,
3E99C1B53EA5DBDBBE499FA13E9DA5FC3EAF9AAEBE4AA7163E9926A63EAFB15BBE3AD7D83EA06B7B3EBE7D56BE9A19873E9AF1883EB03233BE8FFBF03E9A9B6B3EA5BF6ABEA059A73EA0F7BA3EB8FE48BE68DB493E9FE5213EB6876EBE7E05CD3E9DD00F3EC383F1BE7789613E9C59DA3EB50E78BE8B0D743E9FE5213EB6876EBE7E05CD3E9EA7AD3EA60C9EBE84CD75,
3E9A0A0F3EC5903ABE0E79AB3E9503753ED00DE5BE2609DD3E9BA1D33ECF4D38BE0861A63E95F17C3EBC113CBE2F7F4A3E967F913EBB543BBE269EC33E9658C53EB0BFA1BE2B29E53E98FCD63EB71B04BE36CD293E97E4363EC42C80BE3F33443E95F17C3EBC113CBE2F7F4A3E9658C53EB0BFA1BE2B29E53E98FCD63EB71B04BE36CD293E95F17C3EBC113CBE2F7F4A,
3E9926A63EAFB15BBE3AD7D83E9658C53EB0BFA1BE2B29E53E94E0B93EA5F8B1BE30FDC13E958DDE3EA5BE1BBE3A5B533E9926A63EAFB15BBE3AD7D83E94E0B93EA5F8B1BE30FDC13E9689A93E9155B4BE8CAC4B3E9AEB1C3E9CADBCBE8A40533E9F008A3EA4245FBE80194C3E9503753ED00DE5BE2609DD3E9570E73ED7B54ABE1C371E3E9BA1D33ECF4D38BE0861A6,
3E9FC82A3EAF94A7BE7B417D3E9F008A3EA4245FBE80194C3E9EA7AD3EA60C9EBE84CD753E99D12D3EDFE36DBE6825183E9A97393ED29DA6BE796EDF3E9543D03EE5CDB3BE7584F53E9543D03EE5CDB3BE7584F53E9A97393ED29DA6BE796EDF3E9942F63ED8EFDDBE80C3F43E9B82C33EA17636BE6E13F53E9D4B493EA9C737BE6CAAFC3E9BA9093EA7470FBE5809D5,
3E9B4C5E3EB40B56BE0B9F123E99B8243EA5DA27BE060AA63E9A04F33EAA7DCCBE1B25B33E988B543E966C4CBE225D073E9723CD3E8D21BCBE32AA9F3E9878D93E98FCD6BE2C6EB13E9BAC4F3EC82689BE5713AD3E9B5AEA3ECA0104BE6C8C933E9E22A33ED25F85BE5E0D673E9E96C43EBC5155BE4F1D3F3E9F2ABF3EBF2EF1BE5BAD7D3E9BAC4F3EC82689BE5713AD,
3E9431DF3E966213BE0036873E94B48D3E89A9B9BE1A0BA23E96C15D3E9C3B0CBE0D3F5B3E99CBEF3EBFCD46BE11EB423E9B4C5E3EB40B56BE0B9F123E9A04F33EAA7DCCBE1B25B33E9FE1973ECB0447BE91EF953E9E86C63ED1B478BE89F4D33E9FFC763EC97354BE8563453E9963353ED0E172BE45FFA43E9BAC4F3EC82689BE5713AD3E9E22A33ED25F85BE5E0D67,
3E988B543E966C4CBE225D073E9878D93E98FCD6BE2C6EB13E97CE743EA0DE8FBE18C6D63E9570E73ED7B54ABE1C371E3E961BF33EE2B607BE06A5943E98537E3EDDC487BDFCEA6C3E9963353ED0E172BE45FFA43E9C94923ED89268BE5800223E98982D3ED7B80BBE456F763E9AEB1C3E9CADBCBE8A40533E9EA7AD3EA60C9EBE84CD753E9F008A3EA4245FBE80194C,
3E9FFC763EC97354BE8563453E9E86C63ED1B478BE89F4D33E9A97393ED29DA6BE796EDF3E9FFC763EC97354BE8563453E9A97393ED29DA6BE796EDF3E9DD00F3EC383F1BE7789613E9D79073EBEEEFABE8D056C3E9EFA613EBA2C23BE925DF23E9F2DE43EC1E9F2BE90AD253E9878D93E98FCD6BE2C6EB13E96ADF73EA3A83FBE23137B3E97CE743EA0DE8FBE18C6D6,
3E9543D03EE5CDB3BE7584F53E9942F63ED8EFDDBE80C3F43E9872F33EE61CDEBE84C07B3E93C2553E8DBC88BE800DA23E9B82C33EA17636BE6E13F53E95A5983E8BCB81BE69717E3E9D4B493EA9C737BE6CAAFC3E9B82C33EA17636BE6E13F53E9F008A3EA4245FBE80194C3E99C1B53EA5DBDBBE499FA13E9BA9093EA7470FBE5809D53E9DA5FC3EAF9AAEBE4AA716,
3E99D12D3EDFE36DBE6825183E9E22A33ED25F85BE5E0D673E9A97393ED29DA6BE796EDF3E95F17C3EBC113CBE2F7F4A3E9670C13EC52999BE2A743A3E967F913EBB543BBE269EC33E9AEB1C3E9CADBCBE8A40533E99EF953EA7774BBE8F4CF53E9EA7AD3EA60C9EBE84CD753E9AEB1C3E9CADBCBE8A40533E9897203EA3608DBE9563ED3E99EF953EA7774BBE8F4CF5,
3E9503753ED00DE5BE2609DD3E9448493EDC3937BE259CD03E9570E73ED7B54ABE1C371E3EA06B7B3EBE7D56BE9A19873E9F2DE43EC1E9F2BE90AD253E9EFA613EBA2C23BE925DF23E9B82C33EA17636BE6E13F53E9B2C843E986317BE5B024F3E95A5983E8BCB81BE69717E3E95204B3E9A1B7EBE417DAF3E9723CD3E8D21BCBE32AA9F3E94AFF73E8C5A81BE46B767,
3E9F2ABF3EBF2EF1BE5BAD7D3E9E96C43EBC5155BE4F1D3F3EA0F7BA3EB8FE48BE68DB493E9963353ED0E172BE45FFA43E98982D3ED7B80BBE456F763E9448493EDC3937BE259CD03E94E0B93EA5F8B1BE30FDC13E95204B3E9A1B7EBE417DAF3E958DDE3EA5BE1BBE3A5B533E9C59DA3EB50E78BE8B0D743E9D79073EBEEEFABE8D056C3E9E28CC3EBD0A46BE83A190,
3E921B3B3EE87054BE100B033E9570E73ED7B54ABE1C371E3E9448493EDC3937BE259CD03E9FE5213EB6876EBE7E05CD3E9FC82A3EAF94A7BE7B417D3E9EA7AD3EA60C9EBE84CD753E9BA9093EA7470FBE5809D53E9B2C843E986317BE5B024F3E9B82C33EA17636BE6E13F53E9E96C43EBC5155BE4F1D3F3EA0999E3EB341C0BE5DD54E3EA0F7BA3EB8FE48BE68DB49,
3E9477793EB22A4EBDD0D8453E9A495E3EBA5919BDCA9DE93E9A86943EB7950CBDB771003E99CBEF3EBFCD46BE11EB423E97E9D93EB26613BDF602863E9B4C5E3EB40B56BE0B9F123E9A7C183ED60D88BD7461313EA03EC93ECC3FC4BD82706D3E9EC8503ED0778ABD8A6EB93E96976C3E9D3565BDB0CDC83E912BC33E988723BDBFD5023E95C1613EAC5E70BDBCF13D,
3E97E9D93EB26613BDF602863E99B8243EA5DA27BE060AA63E9B4C5E3EB40B56BE0B9F123E9D219B3ED79789BDD9F87F3E9B59BC3EE15486BDCEE5263E9EBE9D3ED777AFBDA7442C3E9D30273ED191BCBDCE9DD83E9D219B3ED79789BDD9F87F3E9EBE9D3ED777AFBDA7442C3E9A86943EB7950CBDB771003E9CFEDF3EC0C283BDA745BF3E9D0DD03EB31855BDABFA09,
3EBA05143E9C57C1BD56FDA83EACA5593E88BCBEBD3BB2FF3EA4E67D3E9A4181BD8E37153EA9A2403EDABABFBC1EC2CE3EAF739F3ED23209BCF3D9EC3EA1B1533EDC3A64BC8151A43E9BB0C43EC99371BDA625633E9D30273ED191BCBDCE9DD83E9EC8503ED0778ABD8A6EB93EA014723EA626D5BDA580C33EAA02323EB26AA9BD931FCD3EB2AF143EA64C94BD83AD19,
3E96E49F3EB7CAC9BDE9D0EA3E9477793EB22A4EBDD0D8453E936FC13EA5AB7EBDDD19153EAAE2543EBE5DE1BD86A4CA3E9D0DD03EB31855BDABFA093E9CFEDF3EC0C283BDA745BF3E96976C3E9D3565BDB0CDC83E95C1613EAC5E70BDBCF13D3EA014723EA626D5BDA580C33E9D2AC73EC5B1EABDED959A3E9B75EA3EC4D65EBDB9591D3E9A495E3EBA5919BDCA9DE9,
3E9431DF3E966213BE0036873E99B8243EA5DA27BE060AA63E936FC13EA5AB7EBDDD19153EA1EC2D3ED72AE0BD0C88A43EA4C4CE3ED1A672BD3CA7503E9D99ED3ED70CBBBD39713B3E9ECD8E3EDA4AAEBD127E523EA1EC2D3ED72AE0BD0C88A43E9D99ED3ED70CBBBD39713B3E96C15D3E9C3B0CBE0D3F5B3E988B543E966C4CBE225D073E97CE743EA0DE8FBE18C6D6,
3E8FAF213E890082BDCF123C3E912BC33E988723BDBFD5023E8EE1583E8ADB62BDBB317F3E94B48D3E89A9B9BE1A0BA23E988B543E966C4CBE225D073E96C15D3E9C3B0CBE0D3F5B3E912BC33E988723BDBFD5023E8FAF213E890082BDCF123C3E9394753E90620BBDEBBE443EA1B1533EDC3A64BC8151A43EAF739F3ED23209BCF3D9EC3EA4C4CE3ED1A672BD3CA750,
3E96976C3E9D3565BDB0CDC83EA4E67D3E9A4181BD8E37153E90E9923E8BA8A4BDA21EA33E97E9D93EB26613BDF602863E98D7173EBFF584BE007C423E96E49F3EB7CAC9BDE9D0EA3EA1EC2D3ED72AE0BD0C88A43E9ECD8E3EDA4AAEBD127E523E9FD9BA3EDAE105BCC72E273E936FC13EA5AB7EBDDD19153E9477793EB22A4EBDD0D8453E912BC33E988723BDBFD502,
3EAEB52D3ECCDD94BD2A832C3EA4C4CE3ED1A672BD3CA7503EAF739F3ED23209BCF3D9EC3EA9A2403EDABABFBC1EC2CE3EB50EDC3ED71822BAC79F663EAF739F3ED23209BCF3D9EC3EA4E67D3E9A4181BD8E37153EB2AF143EA64C94BD83AD193EBA05143E9C57C1BD56FDA83E9570E73ED7B54ABE1C371E3E921B3B3EE87054BE100B033E961BF33EE2B607BE06A594,
3E9CB8173EE2C860BD6EE2003E9DC0333EDF6A94BD10B84A3E9D99ED3ED70CBBBD39713B3E994A0A3EDF4949BD988C1E3E9CB8173EE2C860BD6EE2003E9D99ED3ED70CBBBD39713B3E936FC13EA5AB7EBDDD19153E97E9D93EB26613BDF602863E96E49F3EB7CAC9BDE9D0EA3E9D0DD03EB31855BDABFA093EAA02323EB26AA9BD931FCD3EA014723EA626D5BDA580C3,
3E94B48D3E89A9B9BE1A0BA23E9431DF3E966213BE0036873E94D22D3E84E358BE0708683E912BC33E988723BDBFD5023E9394753E90620BBDEBBE443E9431DF3E966213BE0036873E994A0A3EDF4949BD988C1E3E9D99ED3ED70CBBBD39713B3E9A7C183ED60D88BD7461313E9EBE9D3ED777AFBDA7442C3E994A0A3EDF4949BD988C1E3E9A7C183ED60D88BD746131,
3E99B8243EA5DA27BE060AA63E96C15D3E9C3B0CBE0D3F5B3E97CE743EA0DE8FBE18C6D63E9A04F33EAA7DCCBE1B25B33E99B8243EA5DA27BE060AA63E97CE743EA0DE8FBE18C6D63E9A86943EB7950CBDB771003E9D0DD03EB31855BDABFA093E95C1613EAC5E70BDBCF13D3E9477793EB22A4EBDD0D8453E9A86943EB7950CBDB771003E95C1613EAC5E70BDBCF13D,
3EA4C4CE3ED1A672BD3CA7503EA03EC93ECC3FC4BD82706D3E9D99ED3ED70CBBBD39713B3E9A04F33EAA7DCCBE1B25B33E967F913EBB543BBE269EC33E99CBEF3EBFCD46BE11EB423EAA02323EB26AA9BD931FCD3E9D0DD03EB31855BDABFA093EAAE2543EBE5DE1BD86A4CA3E9A0A0F3EC5903ABE0E79AB3E9BA1D33ECF4D38BE0861A63E9D2AC73EC5B1EABDED959A,
3EA014723EA626D5BDA580C33E95C1613EAC5E70BDBCF13D3E9D0DD03EB31855BDABFA093E9D2AC73EC5B1EABDED959A3E9D219B3ED79789BDD9F87F3E9D30273ED191BCBDCE9DD83E9D2AC73EC5B1EABDED959A3E98D7173EBFF584BE007C423E9A0A0F3EC5903ABE0E79AB3E9BA1D33ECF4D38BE0861A63E9570E73ED7B54ABE1C371E3E98537E3EDDC487BDFCEA6C,
3E98537E3EDDC487BDFCEA6C3E9B59BC3EE15486BDCEE5263E9BA1D33ECF4D38BE0861A63E912BC33E988723BDBFD5023E9431DF3E966213BE0036873E936FC13EA5AB7EBDDD19153E9BA1D33ECF4D38BE0861A63E9D219B3ED79789BDD9F87F3E9D2AC73EC5B1EABDED959A3EA03EC93ECC3FC4BD82706D3E9BB0C43EC99371BDA625633E9EC8503ED0778ABD8A6EB9,
3E8EE1583E8ADB62BDBB317F3E912BC33E988723BDBFD5023E90E9923E8BA8A4BDA21EA33EB50EDC3ED71822BAC79F663EA9A2403EDABABFBC1EC2CE3EAF7BC03EDE6C6E3CDEDD053E9CFEDF3EC0C283BDA745BF3E9BB0C43EC99371BDA625633EA03EC93ECC3FC4BD82706D3E9EBE9D3ED777AFBDA7442C3E9A7C183ED60D88BD7461313E9EC8503ED0778ABD8A6EB9,
3EAAE2543EBE5DE1BD86A4CA3E9CFEDF3EC0C283BDA745BF3EA9CCFB3ECC1B76BD5234EC3EA1B1533EDC3A64BC8151A43EA4C4CE3ED1A672BD3CA7503EA1EC2D3ED72AE0BD0C88A43E9FD9BA3EDAE105BCC72E273EA1B1533EDC3A64BC8151A43EA1EC2D3ED72AE0BD0C88A43E912BC33E988723BDBFD5023E96976C3E9D3565BDB0CDC83E90E9923E8BA8A4BDA21EA3,
3E9BB0C43EC99371BDA625633E9B75EA3EC4D65EBDB9591D3E9D30273ED191BCBDCE9DD83EA4E67D3E9A4181BD8E37153E96976C3E9D3565BDB0CDC83EA014723EA626D5BDA580C33E9394753E90620BBDEBBE443E94D22D3E84E358BE0708683E9431DF3E966213BE0036873EA4E67D3E9A4181BD8E37153EACA5593E88BCBEBD3BB2FF3EA191DE3E880F34BD659E1F,
3E99CBEF3EBFCD46BE11EB423E967F913EBB543BBE269EC33E9A0A0F3EC5903ABE0E79AB3E9CFEDF3EC0C283BDA745BF3E9A86943EB7950CBDB771003E9B75EA3EC4D65EBDB9591D3E9DC0333EDF6A94BD10B84A3E9ECD8E3EDA4AAEBD127E523E9D99ED3ED70CBBBD39713B3EA03EC93ECC3FC4BD82706D3E9A7C183ED60D88BD7461313E9D99ED3ED70CBBBD39713B,
3E9D2AC73EC5B1EABDED959A3E9A495E3EBA5919BDCA9DE93E96E49F3EB7CAC9BDE9D0EA3E9B75EA3EC4D65EBDB9591D3E9D2AC73EC5B1EABDED959A3E9D30273ED191BCBDCE9DD83E912BC33E988723BDBFD5023E9477793EB22A4EBDD0D8453E95C1613EAC5E70BDBCF13D3E967F913EBB543BBE269EC33E9503753ED00DE5BE2609DD3E9A0A0F3EC5903ABE0E79AB,
3E9A0A0F3EC5903ABE0E79AB3E9503753ED00DE5BE2609DD3E9BA1D33ECF4D38BE0861A63E97E9D93EB26613BDF602863E936FC13EA5AB7EBDDD19153E99B8243EA5DA27BE060AA63E96E49F3EB7CAC9BDE9D0EA3E98D7173EBFF584BE007C423E9D2AC73EC5B1EABDED959A3E9A495E3EBA5919BDCA9DE93E9477793EB22A4EBDD0D8453E96E49F3EB7CAC9BDE9D0EA,
3E9CFEDF3EC0C283BDA745BF3EA03EC93ECC3FC4BD82706D3EA9CCFB3ECC1B76BD5234EC3EA03EC93ECC3FC4BD82706D3EA4C4CE3ED1A672BD3CA7503EA9CCFB3ECC1B76BD5234EC3E9EBE9D3ED777AFBDA7442C3E9B59BC3EE15486BDCEE5263E994A0A3EDF4949BD988C1E3E9503753ED00DE5BE2609DD3E9570E73ED7B54ABE1C371E3E9BA1D33ECF4D38BE0861A6,
3E9431DF3E966213BE0036873E94B48D3E89A9B9BE1A0BA23E96C15D3E9C3B0CBE0D3F5B3E99CBEF3EBFCD46BE11EB423E9B4C5E3EB40B56BE0B9F123E9A04F33EAA7DCCBE1B25B33E9B4C5E3EB40B56BE0B9F123E99B8243EA5DA27BE060AA63E9A04F33EAA7DCCBE1B25B33EA9CCFB3ECC1B76BD5234EC3EA4C4CE3ED1A672BD3CA7503EAEB52D3ECCDD94BD2A832C,
3E9BA1D33ECF4D38BE0861A63E9B59BC3EE15486BDCEE5263E9D219B3ED79789BDD9F87F3EB2AF143EA64C94BD83AD193EA4E67D3E9A4181BD8E37153EA014723EA626D5BDA580C33EAAE2543EBE5DE1BD86A4CA3EA9CCFB3ECC1B76BD5234EC3EAEB52D3ECCDD94BD2A832C3E99B8243EA5DA27BE060AA63E9431DF3E966213BE0036873E96C15D3E9C3B0CBE0D3F5B,
3E9D30273ED191BCBDCE9DD83E9EBE9D3ED777AFBDA7442C3E9EC8503ED0778ABD8A6EB93E9CFEDF3EC0C283BDA745BF3E9B75EA3EC4D65EBDB9591D3E9BB0C43EC99371BDA625633E90E9923E8BA8A4BDA21EA33EA4E67D3E9A4181BD8E37153EA191DE3E880F34BD659E1F3E9570E73ED7B54ABE1C371E3E961BF33EE2B607BE06A5943E98537E3EDDC487BDFCEA6C,
3EB50EDC3ED71822BAC79F663EA9A2403EDABABFBC1EC2CE3EAF7BC03EDE6C6E3CDEDD053E9A86943EB7950CBDB771003E9A495E3EBA5919BDCA9DE93E9B75EA3EC4D65EBDB9591D3E98D7173EBFF584BE007C423E97E9D93EB26613BDF602863E99CBEF3EBFCD46BE11EB423E9A0A0F3EC5903ABE0E79AB3E98D7173EBFF584BE007C423E99CBEF3EBFCD46BE11EB42,
3E9C7CB73ECDEC5F3E98A2A93EA073363ED3DFF43E90AD473E93D1CC3EEFA2CF3E8BFB593EA9567E3EC688BE3E860B4E3EAC35263EBDCEE13E70E90C3EA8C2833EC68CEF3E7010843EA44D233EC759AB3E8FAFA73EA9567E3EC688BE3E860B4E3EA073363ED3DFF43E90AD473E9F9FED3E9D4C553E9997A23EAC6DA43E95ECE53E8A64803EABDA0E3EA159813E8D8BA4,
3EA73C4F3EB80DE53E901B433E9E1C7A3EBEEED93E97EC9A3EA302F73EB3D61F3E95F3303EA9567E3EC688BE3E860B4E3EA18C3B3EDDA0383E87C43B3EA073363ED3DFF43E90AD473E9C7CB73ECDEC5F3E98A2A93EA44D233EC759AB3E8FAFA73EA073363ED3DFF43E90AD473EA5E8D53E8FBF403E8FB1183EAF720D3E8D81CF3E839A5B3EAC6DA43E95ECE53E8A6480,
3EA574D63ED91BC53E80F0843EA9567E3EC688BE3E860B4E3EA8C2833EC68CEF3E7010843EA73C4F3EB80DE53E901B433EA9567E3EC688BE3E860B4E3EA44D233EC759AB3E8FAFA73EA96BBA3EDB2FCB3E5338B43EB78BDF3ECCAEC93E4288483EABF2D43EDAA9F83E4759683EAEFD653EAF20433E8513733EA865B63EB093323E8D857B3EABDA0E3EA159813E8D8BA4,
3EA73C4F3EB80DE53E901B433EA44D233EC759AB3E8FAFA73E9E1C7A3EBEEED93E97EC9A3EA15E7D3EE6E5473E7CCBC03EA574D63ED91BC53E80F0843EA47A183EE5EDF23E6A48303EA4228A3EA7587D3E94868C3EA73C4F3EB80DE53E901B433EA302F73EB3D61F3E95F3303EA47A183EE5EDF23E6A48303EA86FCE3ED327893E68D25F3EA96BBA3EDB2FCB3E5338B4,
3E93D1CC3EEFA2CF3E8BFB593EA073363ED3DFF43E90AD473EA18C3B3EDDA0383E87C43B3E9C7CB73ECDEC5F3E98A2A93E913B5C3EEC63493E91EF313E8E5C0C3EE6223E3E9E2C993EA18C3B3EDDA0383E87C43B3EA9567E3EC688BE3E860B4E3EA574D63ED91BC53E80F0843E9C7CB73ECDEC5F3E98A2A93E9E1C7A3EBEEED93E97EC9A3EA44D233EC759AB3E8FAFA7,
3EA9567E3EC688BE3E860B4E3EADB9E93EB638C93E8147F13EAC35263EBDCEE13E70E90C3EA73C4F3EB80DE53E901B433EA4228A3EA7587D3E94868C3EA865B63EB093323E8D857B3EB78BDF3ECCAEC93E4288483EA96BBA3EDB2FCB3E5338B43EB1140A3ECD629E3E5CD5B73EABDA0E3EA159813E8D8BA43EA865B63EB093323E8D857B3EA4228A3EA7587D3E94868C,
3EB1140A3ECD629E3E5CD5B73EA86FCE3ED327893E68D25F3EA8C2833EC68CEF3E7010843EA73C4F3EB80DE53E901B433EA865B63EB093323E8D857B3EADB9E93EB638C93E8147F13EA9567E3EC688BE3E860B4E3EA73C4F3EB80DE53E901B433EADB9E93EB638C93E8147F13E9F9FED3E9D4C553E9997A23EA5E8D53E8FBF403E8FB1183EAC6DA43E95ECE53E8A6480,
3EA47A183EE5EDF23E6A48303EA574D63ED91BC53E80F0843EA86FCE3ED327893E68D25F3EA1611C3E94710D3E952C173E9EA50D3E8C00DA3E92EDDD3EA5E8D53E8FBF403E8FB1183E9F9FED3E9D4C553E9997A23EA1611C3E94710D3E952C173EA5E8D53E8FBF403E8FB1183EB1140A3ECD629E3E5CD5B73EA96BBA3EDB2FCB3E5338B43EA86FCE3ED327893E68D25F,
3EB371DA3EC563243E60C49C3EB1140A3ECD629E3E5CD5B73EA8C2833EC68CEF3E7010843E9F9FED3E9D4C553E9997A23EABDA0E3EA159813E8D8BA43EA4228A3EA7587D3E94868C3EA8C2833EC68CEF3E7010843EAC35263EBDCEE13E70E90C3EB371DA3EC563243E60C49C3EA574D63ED91BC53E80F0843EA8C2833EC68CEF3E7010843EA86FCE3ED327893E68D25F,
3E9F9FED3E9D4C553E9997A23EAC6DA43E95ECE53E8A64803EABDA0E3EA159813E8D8BA43EA574D63ED91BC53E80F0843EA15E7D3EE6E5473E7CCBC03EA18C3B3EDDA0383E87C43B3EA865B63EB093323E8D857B3EAEFD653EAF20433E8513733EADB9E93EB638C93E8147F13E93D1CC3EEFA2CF3E8BFB593E913B5C3EEC63493E91EF313E9C7CB73ECDEC5F3E98A2A9,
3E646C763EB34B513EC4DC873E61593E3EA4A6013EC5BB5A3E74EBDD3EA4F2063EBFFBAD3E9C7CB73ECDEC5F3E98A2A93EA073363ED3DFF43E90AD473E93D1CC3EEFA2CF3E8BFB593E897E353ED26C5D3EAF060C3E96B0753EC1187E3EA78EE33E95A7D23ED02F0E3EA16A6A3E98C5873E8B0B7C3E9E34333E9686833E93AE8A3EA620043E93A3EC3E8054043E9D527E,
3EA73C4F3EB80DE53E901B433E9E1C7A3EBEEED93E97EC9A3EA302F73EB3D61F3E95F3303E92D3A63EAD11173EAA6A443E93417D3EA1A0273EAB545C3E9615873EAC9F0E3EA599AA3E9C7CB73ECDEC5F3E98A2A93EA44D233EC759AB3E8FAFA73EA073363ED3DFF43E90AD473E96B0753EC1187E3EA78EE33E8B78EE3EC149413EB295853E94692F3EB9769B3EAB6F1A,
3E93417D3EA1A0273EAB545C3E8CC6823EAD245B3EAFE7193E8A66DC3E9B56FC3EB2D0A23E69F1AE3ED17F413EBE5CF63E724DD33EDA3F8A3EB6BB993E59C94F3EEB506E3EB88F433E897E353ED26C5D3EAF060C3E8B78EE3EC149413EB295853E96B0753EC1187E3EA78EE33E646C763EB34B513EC4DC873E5151613EB3F8FD3EC9578A3E61593E3EA4A6013EC5BB5A,
3E69F1AE3ED17F413EBE5CF63E34827B3ED32D0A3ECBD61F3E5D2A203EC1198B3EC420923E8F84453E8B9D1B3EA95AD13E9686833E93AE8A3EA620043E8A66DC3E9B56FC3EB2D0A23E9615873EAC9F0E3EA599AA3E9F9FED3E9D4C553E9997A23E9ABDA13EAAA4FD3E9CC72A3E9954223EB42B523E9D28073E9615873EAC9F0E3EA599AA3E9ABDA13EAAA4FD3E9CC72A,
3EA4228A3EA7587D3E94868C3EA73C4F3EB80DE53E901B433EA302F73EB3D61F3E95F3303E857D5B3EE010C73EAA79DD3E897E353ED26C5D3EAF060C3E8E5C0C3EE6223E3E9E2C993E8195893ED0826B3EB64A173E7D844D3EC7049B3EBA9E2C3E897E353ED26C5D3EAF060C3E9615873EAC9F0E3EA599AA3E93417D3EA1A0273EAB545C3E9F9FED3E9D4C553E9997A2,
3E7882AE3EBD16FD3EBCC31A3E7D844D3EC7049B3EBA9E2C3E5D2A203EC1198B3EC420923E7882AE3EBD16FD3EBCC31A3E5D2A203EC1198B3EC420923E646C763EB34B513EC4DC873E98C5873E8B0B7C3E9E34333E9EA50D3E8C00DA3E92EDDD3EA1611C3E94710D3E952C173EA73C4F3EB80DE53E901B433EA44D233EC759AB3E8FAFA73E9E1C7A3EBEEED93E97EC9A,
3E94692F3EB9769B3EAB6F1A3E92D3A63EAD11173EAA6A443E9615873EAC9F0E3EA599AA3E9686833E93AE8A3EA620043E9F9FED3E9D4C553E9997A23E93417D3EA1A0273EAB545C3E7882AE3EBD16FD3EBCC31A3E646C763EB34B513EC4DC873E74EBDD3EA4F2063EBFFBAD3E86FD443E8D28F23EB582133E8A66DC3E9B56FC3EB2D0A23E86F1353EA810623EB40831,
3E61593E3EA4A6013EC5BB5A3E5FD9FD3E87485E3EC5147F3E74EBDD3EA4F2063EBFFBAD3E9954223EB42B523E9D28073EA302F73EB3D61F3E95F3303E9E1C7A3EBEEED93E97EC9A3E8A66DC3E9B56FC3EB2D0A23E9686833E93AE8A3EA620043E93417D3EA1A0273EAB545C3E9C7CB73ECDEC5F3E98A2A93E9E1C7A3EBEEED93E97EC9A3EA44D233EC759AB3E8FAFA7,
3E9C7CB73ECDEC5F3E98A2A93E913B5C3EEC63493E91EF313E8E5C0C3EE6223E3E9E2C993E9A29E93EC397143E9D51F83E9615873EAC9F0E3EA599AA3E9954223EB42B523E9D28073E897E353ED26C5D3EAF060C3E95A7D23ED02F0E3EA16A6A3E8E5C0C3EE6223E3E9E2C993E5FD9FD3E87485E3EC5147F3E75E8D53E8C9DBF3EBD3E4F3E74EBDD3EA4F2063EBFFBAD,
3E9C7CB73ECDEC5F3E98A2A93E8E5C0C3EE6223E3E9E2C993E95A7D23ED02F0E3EA16A6A3E8B78EE3EC149413EB295853E7882AE3EBD16FD3EBCC31A3E86F1353EA810623EB408313E8CC6823EAD245B3EAFE7193E8B78EE3EC149413EB295853E86F1353EA810623EB408313EABDA0E3EA159813E8D8BA43EA865B63EB093323E8D857B3EA4228A3EA7587D3E94868C,
3E4AE5793EE401A33EBFED633E34827B3ED32D0A3ECBD61F3E69F1AE3ED17F413EBE5CF63E5151613EB3F8FD3EC9578A3E646C763EB34B513EC4DC873E5D2A203EC1198B3EC420923E96B0753EC1187E3EA78EE33E9A29E93EC397143E9D51F83E95A7D23ED02F0E3EA16A6A3E93417D3EA1A0273EAB545C3E92D3A63EAD11173EAA6A443E8CC6823EAD245B3EAFE719,
3E86FD443E8D28F23EB582133E74EBDD3EA4F2063EBFFBAD3E75E8D53E8C9DBF3EBD3E4F3E9A29E93EC397143E9D51F83E96B0753EC1187E3EA78EE33E9615873EAC9F0E3EA599AA3EA73C4F3EB80DE53E901B433EA4228A3EA7587D3E94868C3EA865B63EB093323E8D857B3E7882AE3EBD16FD3EBCC31A3E74EBDD3EA4F2063EBFFBAD3E86F1353EA810623EB40831,
3E7D844D3EC7049B3EBA9E2C3E8195893ED0826B3EB64A173E69F1AE3ED17F413EBE5CF63E9F9FED3E9D4C553E9997A23EA5E8D53E8FBF403E8FB1183EAC6DA43E95ECE53E8A64803E9C7CB73ECDEC5F3E98A2A93E9A29E93EC397143E9D51F83E9E1C7A3EBEEED93E97EC9A3EA4228A3EA7587D3E94868C3E9ABDA13EAAA4FD3E9CC72A3E9F9FED3E9D4C553E9997A2,
3E8A66DC3E9B56FC3EB2D0A23E8CC6823EAD245B3EAFE7193E86F1353EA810623EB408313E86FD443E8D28F23EB582133E86F1353EA810623EB408313E74EBDD3EA4F2063EBFFBAD3EA1611C3E94710D3E952C173E9EA50D3E8C00DA3E92EDDD3EA5E8D53E8FBF403E8FB1183E9F9FED3E9D4C553E9997A23EA1611C3E94710D3E952C173EA5E8D53E8FBF403E8FB118,
3E8195893ED0826B3EB64A173E724DD33EDA3F8A3EB6BB993E69F1AE3ED17F413EBE5CF63E5D2A203EC1198B3EC420923E7D844D3EC7049B3EBA9E2C3E69F1AE3ED17F413EBE5CF63E9954223EB42B523E9D28073E9ABDA13EAAA4FD3E9CC72A3EA302F73EB3D61F3E95F3303E9F9FED3E9D4C553E9997A23EABDA0E3EA159813E8D8BA43EA4228A3EA7587D3E94868C,
3E8B78EE3EC149413EB295853E7D844D3EC7049B3EBA9E2C3E7882AE3EBD16FD3EBCC31A3E897E353ED26C5D3EAF060C3E7D844D3EC7049B3EBA9E2C3E8B78EE3EC149413EB295853E95A7D23ED02F0E3EA16A6A3E9A29E93EC397143E9D51F83E9C7CB73ECDEC5F3E98A2A93E8195893ED0826B3EB64A173E749E883EE69EA13EB15A6C3E724DD33EDA3F8A3EB6BB99,
3E8F84453E8B9D1B3EA95AD13E93A3EC3E8054043E9D527E3E9686833E93AE8A3EA620043E69F1AE3ED17F413EBE5CF63E59C94F3EEB506E3EB88F433E4AE5793EE401A33EBFED633E94692F3EB9769B3EAB6F1A3E8B78EE3EC149413EB295853E8CC6823EAD245B3EAFE7193E92D3A63EAD11173EAA6A443E94692F3EB9769B3EAB6F1A3E8CC6823EAD245B3EAFE719,
3E93D1CC3EEFA2CF3E8BFB593E913B5C3EEC63493E91EF313E9C7CB73ECDEC5F3E98A2A93E897E353ED26C5D3EAF060C3E857D5B3EE010C73EAA79DD3E749E883EE69EA13EB15A6C3E8195893ED0826B3EB64A173E897E353ED26C5D3EAF060C3E749E883EE69EA13EB15A6C3E96B0753EC1187E3EA78EE33E94692F3EB9769B3EAB6F1A3E9615873EAC9F0E3EA599AA,
3E8F84453E8B9D1B3EA95AD13E8A66DC3E9B56FC3EB2D0A23E86FD443E8D28F23EB582133EA1611C3E94710D3E952C173E9F9FED3E9D4C553E9997A23E9686833E93AE8A3EA620043E98C5873E8B0B7C3E9E34333EA1611C3E94710D3E952C173E9686833E93AE8A3EA620043E9A29E93EC397143E9D51F83E9954223EB42B523E9D28073E9E1C7A3EBEEED93E97EC9A,
3E96F1133F0788DBBEF005E63EA50BFA3F0A4239BEE737973E9C92363F069C78BEE5D56F3E837C783F0D14C2BF0038E33E8FE9D93F0A7158BEFAE2113E8A031D3F087B14BEF8813D3E857E463F03E932BEE682303E65FAEC3F04E68EBEE3E63F3E8328953F0607C4BEF1973E3E9ABDA13EAAA4FD3E9CC72A3EA4228A3EA7587D3E94868C3EA302F73EB3D61F3E95F330,
3E8328953F0607C4BEF1973E3E8A031D3F087B14BEF8813D3E8D87943F05F480BEEFCAC93E497E993F10535DBEFDE13B3E55757D3F149279BF00A0C33E64F54D3F0ED730BF0024923EA0E5C53F05DECEBED5D5B23E9A16833F02F4E0BECE872B3E9DB1A73F062ED3BEDE9CAA3E93AB433F04C5EBBEE4D4ED3E84EFCC3F034320BEDE8D543E857E463F03E932BEE68230,
3E92B7DC3F0F0B28BEFFEBD13E8FE9D93F0A7158BEFAE2113E837C783F0D14C2BF0038E33E717E783F0792C0BEF49D173E65FAEC3F04E68EBEE3E63F3E54AE433F075E85BEEB3EBC3E705BC03F09B003BEFA38973E717E783F0792C0BEF49D173E4C6D1E3F09E636BEF1F5173E719FC33F02D8B2BEDA5A043E65AEA33F018F2EBED775FB3E53DB7F3F042BE9BEDF223A,
3E65FAEC3F04E68EBEE3E63F3E857E463F03E932BEE682303E719FC33F02D8B2BEDA5A043EABBC2C3F14B9AABEEC2DCF3EAB7B6C3F0EA79CBEE1B4BB3EA5FB943F0EE70CBEF097633E65AEA33F018F2EBED775FB3E55019F3EFD8B1EBEDA469D3E4C219F3F019E41BEDD8DDE3E837C783F0D14C2BF0038E33E7458043F11DCB5BF01C11E3E8AE6643F11C5C5BF01EAFF,
3E4C6D1E3F09E636BEF1F5173E4EEF1C3F0D30BEBEFA6C7F3E705BC03F09B003BEFA38973E6DF82B3EC7B741BEDB55263E83BD5A3EDC126ABECBB18E3E855E8D3EC10B63BECFA2273EAB7B6C3F0EA79CBEE1B4BB3EA50BFA3F0A4239BEE737973EA5FB943F0EE70CBEF097633E9DB1A73F062ED3BEDE9CAA3E9C92363F069C78BEE5D56F3EA50BFA3F0A4239BEE73797,
3EA50BFA3F0A4239BEE737973EA5E7EA3F0A3444BEDECBFB3E9DB1A73F062ED3BEDE9CAA3EA5FB943F0EE70CBEF097633EA1C0CA3F16F135BEF963BB3EABBC2C3F14B9AABEEC2DCF3E8D87943F05F480BEEFCAC93E96F1133F0788DBBEF005E63E93AB433F04C5EBBEE4D4ED3E721FB03ED91C08BED986DB3E83BD5A3EDC126ABECBB18E3E6DF82B3EC7B741BEDB5526,
3EA5FB943F0EE70CBEF097633EA50BFA3F0A4239BEE737973E9D2D453F0C8C82BEF6B3143E8AE6643F11C5C5BF01EAFF3E96B2F23F14BE0EBF00D4453E92B7DC3F0F0B28BEFFEBD13E53DB7F3F042BE9BEDF223A3E65FAEC3F04E68EBEE3E63F3E719FC33F02D8B2BEDA5A043EA50BFA3F0A4239BEE737973EAB7B6C3F0EA79CBEE1B4BB3EA5E7EA3F0A3444BEDECBFB,
3E64F54D3F0ED730BF0024923E4EEF1C3F0D30BEBEFA6C7F3E497E993F10535DBEFDE13B3E84EFCC3F034320BEDE8D543E719FC33F02D8B2BEDA5A043E857E463F03E932BEE682303E4EEF1C3F0D30BEBEFA6C7F3E64F54D3F0ED730BF0024923E705BC03F09B003BEFA38973E4CA7503EE55C53BEE6DD8B3E55019F3EFD8B1EBEDA469D3E721FB03ED91C08BED986DB,
3E93AB433F04C5EBBEE4D4ED3E9C92363F069C78BEE5D56F3E9DB1A73F062ED3BEDE9CAA3E9C92363F069C78BEE5D56F3E93AB433F04C5EBBEE4D4ED3E96F1133F0788DBBEF005E63E837C783F0D14C2BF0038E33E705BC03F09B003BEFA38973E64F54D3F0ED730BF0024923E857E463F03E932BEE682303E8D87943F05F480BEEFCAC93E93AB433F04C5EBBEE4D4ED,
3E4C6D1E3F09E636BEF1F5173E717E783F0792C0BEF49D173E54AE433F075E85BEEB3EBC3EAB7B6C3F0EA79CBEE1B4BB3EABF9C63F11EC3EBEDA17093EA876C03F0CAAFCBED9904B3EA5E7EA3F0A3444BEDECBFB3EA4CA4F3F0A4192BED6CBDA3EA0E5C53F05DECEBED5D5B23EA50BFA3F0A4239BEE737973E96F1133F0788DBBEF005E63E9D2D453F0C8C82BEF6B314,
3EA5E7EA3F0A3444BEDECBFB3EAB7B6C3F0EA79CBEE1B4BB3EA876C03F0CAAFCBED9904B3EA4CA4F3F0A4192BED6CBDA3EA5E7EA3F0A3444BEDECBFB3EA876C03F0CAAFCBED9904B3E93AB433F04C5EBBEE4D4ED3E9DB1A73F062ED3BEDE9CAA3E9A16833F02F4E0BECE872B3E96B2F23F14BE0EBF00D4453E9D2D453F0C8C82BEF6B3143E92B7DC3F0F0B28BEFFEBD1,
3E705BC03F09B003BEFA38973E8A031D3F087B14BEF8813D3E8328953F0607C4BEF1973E3E717E783F0792C0BEF49D173E705BC03F09B003BEFA38973E8328953F0607C4BEF1973E3E717E783F0792C0BEF49D173E8328953F0607C4BEF1973E3E65FAEC3F04E68EBEE3E63F3E8328953F0607C4BEF1973E3E8D87943F05F480BEEFCAC93E857E463F03E932BEE68230,
3E719FC33F02D8B2BEDA5A043E84EFCC3F034320BEDE8D543E798B723F00A383BED3482C3E54AE433F075E85BEEB3EBC3E65FAEC3F04E68EBEE3E63F3E53DB7F3F042BE9BEDF223A3E84EFCC3F034320BEDE8D543E93AB433F04C5EBBEE4D4ED3E798B723F00A383BED3482C3E837C783F0D14C2BF0038E33E8A031D3F087B14BEF8813D3E705BC03F09B003BEFA3897,
3E92B7DC3F0F0B28BEFFEBD13E837C783F0D14C2BF0038E33E8AE6643F11C5C5BF01EAFF3E65AEA33F018F2EBED775FB3E4C219F3F019E41BEDD8DDE3E53DB7F3F042BE9BEDF223A3E9DB1A73F062ED3BEDE9CAA3EA5E7EA3F0A3444BEDECBFB3EA0E5C53F05DECEBED5D5B23E9D2D453F0C8C82BEF6B3143E8FE9D93F0A7158BEFAE2113E92B7DC3F0F0B28BEFFEBD1,
3E96F1133F0788DBBEF005E63E8D87943F05F480BEEFCAC93E8A031D3F087B14BEF8813D3E8A031D3F087B14BEF8813D3E8FE9D93F0A7158BEFAE2113E96F1133F0788DBBEF005E63E8FE9D93F0A7158BEFAE2113E9D2D453F0C8C82BEF6B3143E96F1133F0788DBBEF005E63E7458043F11DCB5BF01C11E3E837C783F0D14C2BF0038E33E64F54D3F0ED730BF002492,
3EA08E153F128E71BEF997C43EA1C0CA3F16F135BEF963BB3EA5FB943F0EE70CBEF097633E64F54D3F0ED730BF0024923E55757D3F149279BF00A0C33E7458043F11DCB5BF01C11E3EA08E153F128E71BEF997C43EA5FB943F0EE70CBEF097633E9D2D453F0C8C82BEF6B3143EA08E153F128E71BEF997C43E9D2D453F0C8C82BEF6B3143E96B2F23F14BE0EBF00D445,
3E85FEFC3EF31423BEBC30F53E8480843EEA0147BEC469513E82EDBB3EF6C3B9BEC3DDFD3EA729913F08BB0ABED040C03EAE4DC23F0ABDD3BECEB9C33EA2B5C43F056788BEC88E9B3E93AB433F04C5EBBEE4D4ED3E9A16833F02F4E0BECE872B3E798B723F00A383BED3482C3E5642C03ED2C83FBEE66FD63E4CA7503EE55C53BEE6DD8B3E721FB03ED91C08BED986DB,
3E83BD5A3EDC126ABECBB18E3E8480843EEA0147BEC469513E8CF91A3EDBAE8ABEC122FB3EAE4DC23F0ABDD3BECEB9C33EA729913F08BB0ABED040C03EA4CA4F3F0A4192BED6CBDA3E91871E3EE85A92BEAB15F93E944DCB3EE98DCEBEA3D89D3E9541103EDB4B0EBEA4F1A23EB449FD3F0D8373BEB02D383EA679683F0B89F8BEA81C713EAF00AC3F0A1D43BEB1BE4D,
3E9B9B023F04A611BEB9AD003E87D1FE3F0324B7BEB08B763E87969E3F011926BEC05DB73EA0E5C53F05DECEBED5D5B23EA2B5C43F056788BEC88E9B3E9A16833F02F4E0BECE872B3E87969E3F011926BEC05DB73E8490C53EFAD55ABEBF09743E860EFA3F00B09FBECA2AB23EA494B43F13D86BBE9F279A3E9661283F11289EBE9B27673EA12F4D3F0F62D8BEA0CB08,
3EA0E5C53F05DECEBED5D5B23E9A16833F02F4E0BECE872B3E9DB1A73F062ED3BEDE9CAA3E8B328B3F1340B3BE8A25D93E8392193F0D466FBE8A27F23E8F5CD13F11CBABBE951F3F3E8490C53EFAD55ABEBF09743E8312D33EFEB745BEC85DFB3E860EFA3F00B09FBECA2AB23E98C60D3F0373F3BEC2070C3EA2B5C43F056788BEC88E9B3EA6A4EC3F05C68FBEC0826B,
3EAD53483F11244ABEA4F8B63EA12F4D3F0F62D8BEA0CB083EA679683F0B89F8BEA81C713E82EDBB3EF6C3B9BEC3DDFD3E8312D33EFEB745BEC85DFB3E8490C53EFAD55ABEBF09743E86E71D3F0C84B6BE9737763E8CF3343F0AE88EBE9E23F23E8F5CD13F11CBABBE951F3F3E9623293ECD6734BEAD2FA13E94F41F3ED56A16BEB5CCC93E9541103EDB4B0EBEA4F1A2,
3E843C193F005155BEB791C53E87969E3F011926BEC05DB73E87D1FE3F0324B7BEB08B763E87D1FE3F0324B7BEB08B763E8967CB3F0747D8BEA44BB23E8775103F04B45BBEAABC513E9B9B023F04A611BEB9AD003E98C60D3F0373F3BEC2070C3EA6A4EC3F05C68FBEC0826B3E8992C93EFDD5B2BEA337433E8652153EFB9E06BEB0AE533E8662353F01DB01BEA8B114,
3E8457E23F04665EBE9A69E03E854EF43F07689DBE9F4C6E3E8128BF3F08D951BE96ADD63E91871E3EE85A92BEAB15F93E94F41F3ED56A16BEB5CCC93E85FEFC3EF31423BEBC30F53E7837723EF4DEA0BECBFD933E6758E23EFDD1E5BED39A9E3E796FEB3EFCECC8BECCD8343E798B723F00A383BED3482C3E9A16833F02F4E0BECE872B3E860EFA3F00B09FBECA2AB2,
3E8967CB3F0747D8BEA44BB23E85119D3F04D1B7BEA2A4FD3E8775103F04B45BBEAABC513EA679683F0B89F8BEA81C713E8CF3343F0AE88EBE9E23F23E8967CB3F0747D8BEA44BB23EA02CB23F080560BEACF6383EA679683F0B89F8BEA81C713E8967CB3F0747D8BEA44BB23EA4CA4F3F0A4192BED6CBDA3EA729913F08BB0ABED040C03EA0E5C53F05DECEBED5D5B2,
3E87969E3F011926BEC05DB73E843C193F005155BEB791C53E8490C53EFAD55ABEBF09743EAE4DC23F0ABDD3BECEB9C33EA4CA4F3F0A4192BED6CBDA3EAB9ECF3F0E02B8BED708CC3E8F5CD13F11CBABBE951F3F3E8392193F0D466FBE8A27F23E86E71D3F0C84B6BE9737763E85119D3F04D1B7BEA2A4FD3E8662353F01DB01BEA8B1143E8775103F04B45BBEAABC51,
3E944DCB3EE98DCEBEA3D89D3E8652153EFB9E06BEB0AE533E8992C93EFDD5B2BEA337433E719FC33F02D8B2BEDA5A043E65AEA33F018F2EBED775FB3E53DB7F3F042BE9BEDF223A3E86E71D3F0C84B6BE9737763E854EF43F07689DBE9F4C6E3E8CF3343F0AE88EBE9E23F23EAE14593F085B4BBEBAF4283EA60BB33F075A42BEB3CD363EA6A4EC3F05C68FBEC0826B,
3E9DDF013ECFE932BE9A52F03E99F59D3ED2233ABEA142D53E97911D3EDCCCEEBE9986DB3E65AEA33F018F2EBED775FB3E55019F3EFD8B1EBEDA469D3E4C219F3F019E41BEDD8DDE3E796FEB3EFCECC8BECCD8343E798B723F00A383BED3482C3E8312D33EFEB745BEC85DFB3E82EDBB3EF6C3B9BEC3DDFD3E796FEB3EFCECC8BECCD8343E8312D33EFEB745BEC85DFB,
3E65FAEC3F04E68EBEE3E63F3E857E463F03E932BEE682303E719FC33F02D8B2BEDA5A043E8652153EFB9E06BEB0AE533E944DCB3EE98DCEBEA3D89D3E91871E3EE85A92BEAB15F93E55019F3EFD8B1EBEDA469D3E6758E23EFDD1E5BED39A9E3E7837723EF4DEA0BECBFD933E8775103F04B45BBEAABC513E8662353F01DB01BEA8B1143E85A74C3F01B057BEAE221D,
3E9113E83ECF4B84BEBFDE723E8CF91A3EDBAE8ABEC122FB3E94F41F3ED56A16BEB5CCC93E6DF82B3EC7B741BEDB55263E83BD5A3EDC126ABECBB18E3E855E8D3EC10B63BECFA2273EAD53483F11244ABEA4F8B63EA494B43F13D86BBE9F279A3EA12F4D3F0F62D8BEA0CB083EAD53483F11244ABEA4F8B63EA679683F0B89F8BEA81C713EB449FD3F0D8373BEB02D38,
3EA2B5C43F056788BEC88E9B3E98C60D3F0373F3BEC2070C3E9A16833F02F4E0BECE872B3EAE14593F085B4BBEBAF4283EA6A4EC3F05C68FBEC0826B3EAD13513F0843C4BEC5D8B63EA60BB33F075A42BEB3CD363EAE14593F085B4BBEBAF4283EAF00AC3F0A1D43BEB1BE4D3E721FB03ED91C08BED986DB3E83BD5A3EDC126ABECBB18E3E6DF82B3EC7B741BEDB5526,
3E854EF43F07689DBE9F4C6E3E86E71D3F0C84B6BE9737763E8128BF3F08D951BE96ADD63EA876C03F0CAAFCBED9904B3EAB9ECF3F0E02B8BED708CC3EA4CA4F3F0A4192BED6CBDA3E8457E23F04665EBE9A69E03E8128BF3F08D951BE96ADD63E831EE23F04FE26BE927C183E9E86C63ED1B478BE89F4D33E97911D3EDCCCEEBE9986DB3E97CAC93EDD8A55BE90800F,
3E55019F3EFD8B1EBEDA469D3E65AEA33F018F2EBED775FB3E6758E23EFDD1E5BED39A9E3EA2B5C43F056788BEC88E9B3EA0E5C53F05DECEBED5D5B23EA729913F08BB0ABED040C03E8312D33EFEB745BEC85DFB3E798B723F00A383BED3482C3E860EFA3F00B09FBECA2AB23E8457E23F04665EBE9A69E03E8F79423EF6D246BE96C9E23E8992C93EFDD5B2BEA33743,
3E9DDF013ECFE932BE9A52F03E97911D3EDCCCEEBE9986DB3E9E86C63ED1B478BE89F4D33E85119D3F04D1B7BEA2A4FD3E8967CB3F0747D8BEA44BB23E854EF43F07689DBE9F4C6E3E8662353F01DB01BEA8B1143E85119D3F04D1B7BEA2A4FD3E8992C93EFDD5B2BEA337433E53DB7F3F042BE9BEDF223A3E65FAEC3F04E68EBEE3E63F3E719FC33F02D8B2BEDA5A04,
3E87D1FE3F0324B7BEB08B763E9B9B023F04A611BEB9AD003EA60BB33F075A42BEB3CD363E4CA7503EE55C53BEE6DD8B3E55019F3EFD8B1EBEDA469D3E721FB03ED91C08BED986DB3E7E4FFD3F09EF74BE870BF23E7CE0B93F08B924BE81D53D3E8128BF3F08D951BE96ADD63E8392193F0D466FBE8A27F23E7E4FFD3F09EF74BE870BF23E8128BF3F08D951BE96ADD6,
3E85FEFC3EF31423BEBC30F53E8490C53EFAD55ABEBF09743E8652153EFB9E06BEB0AE533E8490C53EFAD55ABEBF09743E843C193F005155BEB791C53E8652153EFB9E06BEB0AE533E843C193F005155BEB791C53E87D1FE3F0324B7BEB08B763E85A74C3F01B057BEAE221D3E8652153EFB9E06BEB0AE533E843C193F005155BEB791C53E85A74C3F01B057BEAE221D,
3E9505D13EEB4C1BBE964B883E9541103EDB4B0EBEA4F1A23E944DCB3EE98DCEBEA3D89D3E8480843EEA0147BEC469513E7837723EF4DEA0BECBFD933E82EDBB3EF6C3B9BEC3DDFD3E84EFCC3F034320BEDE8D543E719FC33F02D8B2BEDA5A043E857E463F03E932BEE682303E831EE23F04FE26BE927C183E8128BF3F08D951BE96ADD63E7CE0B93F08B924BE81D53D,
3E8967CB3F0747D8BEA44BB23E8CF3343F0AE88EBE9E23F23E854EF43F07689DBE9F4C6E3E94F41F3ED56A16BEB5CCC93E8CF91A3EDBAE8ABEC122FB3E85FEFC3EF31423BEBC30F53EA02CB23F080560BEACF6383E8967CB3F0747D8BEA44BB23E87D1FE3F0324B7BEB08B763E92600B3EF481B2BE8B15723E9505D13EEB4C1BBE964B883E8F79423EF6D246BE96C9E2,
3EA679683F0B89F8BEA81C713EA02CB23F080560BEACF6383EA60BB33F075A42BEB3CD363EA60BB33F075A42BEB3CD363EAF00AC3F0A1D43BEB1BE4D3EA679683F0B89F8BEA81C713E97CAC93EDD8A55BE90800F3E97911D3EDCCCEEBE9986DB3E9505D13EEB4C1BBE964B883E8392193F0D466FBE8A27F23E8128BF3F08D951BE96ADD63E86E71D3F0C84B6BE973776,
3EA5E7EA3F0A3444BEDECBFB3EA4CA4F3F0A4192BED6CBDA3EA0E5C53F05DECEBED5D5B23EA6A4EC3F05C68FBEC0826B3EA2B5C43F056788BEC88E9B3EAD13513F0843C4BEC5D8B63E8323793F04D003BE7CC8153E8C9B633EFE6905BE8129243E831EE23F04FE26BE927C183E7CE0B93F08B924BE81D53D3E8323793F04D003BE7CC8153E831EE23F04FE26BE927C18,
3E93AB433F04C5EBBEE4D4ED3E9DB1A73F062ED3BEDE9CAA3E9A16833F02F4E0BECE872B3EA679683F0B89F8BEA81C713EA12F4D3F0F62D8BEA0CB083E8CF3343F0AE88EBE9E23F23EABF9C63F11EC3EBEDA17093EAB9ECF3F0E02B8BED708CC3EA876C03F0CAAFCBED9904B3EAB7B6C3F0EA79CBEE1B4BB3EABF9C63F11EC3EBEDA17093EA876C03F0CAAFCBED9904B,
3EA60BB33F075A42BEB3CD363EA02CB23F080560BEACF6383E87D1FE3F0324B7BEB08B763E860EFA3F00B09FBECA2AB23E98C60D3F0373F3BEC2070C3E87969E3F011926BEC05DB73E87969E3F011926BEC05DB73E98C60D3F0373F3BEC2070C3E9B9B023F04A611BEB9AD003E9B9B023F04A611BEB9AD003EA6A4EC3F05C68FBEC0826B3EA60BB33F075A42BEB3CD36,
3EA5E7EA3F0A3444BEDECBFB3EAB7B6C3F0EA79CBEE1B4BB3EA876C03F0CAAFCBED9904B3EA4CA4F3F0A4192BED6CBDA3EA5E7EA3F0A3444BEDECBFB3EA876C03F0CAAFCBED9904B3E97CAC93EDD8A55BE90800F3E9505D13EEB4C1BBE964B883E9872F33EE61CDEBE84C07B3E9661283F11289EBE9B27673E8CF3343F0AE88EBE9E23F23EA12F4D3F0F62D8BEA0CB08,
3E798B723F00A383BED3482C3E796FEB3EFCECC8BECCD8343E65AEA33F018F2EBED775FB3E84EFCC3F034320BEDE8D543E93AB433F04C5EBBEE4D4ED3E798B723F00A383BED3482C3E87D1FE3F0324B7BEB08B763E8775103F04B45BBEAABC513E85A74C3F01B057BEAE221D3E8F5CD13F11CBABBE951F3F3E8CF3343F0AE88EBE9E23F23E9661283F11289EBE9B2767,
3E8457E23F04665EBE9A69E03E8992C93EFDD5B2BEA337433E85119D3F04D1B7BEA2A4FD3E719FC33F02D8B2BEDA5A043E84EFCC3F034320BEDE8D543E798B723F00A383BED3482C3E65AEA33F018F2EBED775FB3E719FC33F02D8B2BEDA5A043E798B723F00A383BED3482C3E796FEB3EFCECC8BECCD8343E6758E23EFDD1E5BED39A9E3E65AEA33F018F2EBED775FB,
3E99F59D3ED2233ABEA142D53E9623293ECD6734BEAD2FA13E9541103EDB4B0EBEA4F1A23E944DCB3EE98DCEBEA3D89D3E8F79423EF6D246BE96C9E23E9505D13EEB4C1BBE964B883E8F79423EF6D246BE96C9E23E831EE23F04FE26BE927C183E8C9B633EFE6905BE8129243E854EF43F07689DBE9F4C6E3E8457E23F04665EBE9A69E03E85119D3F04D1B7BEA2A4FD,
3E92600B3EF481B2BE8B15723E9872F33EE61CDEBE84C07B3E9505D13EEB4C1BBE964B883E8CF91A3EDBAE8ABEC122FB3E8480843EEA0147BEC469513E85FEFC3EF31423BEBC30F53E860EFA3F00B09FBECA2AB23E9A16833F02F4E0BECE872B3E98C60D3F0373F3BEC2070C3E97911D3EDCCCEEBE9986DB3E99F59D3ED2233ABEA142D53E9541103EDB4B0EBEA4F1A2,
3E8652153EFB9E06BEB0AE533E91871E3EE85A92BEAB15F93E85FEFC3EF31423BEBC30F53E65AEA33F018F2EBED775FB3E4C219F3F019E41BEDD8DDE3E53DB7F3F042BE9BEDF223A3E8C9B633EFE6905BE8129243E92600B3EF481B2BE8B15723E8F79423EF6D246BE96C9E23E9DB1A73F062ED3BEDE9CAA3EA5E7EA3F0A3444BEDECBFB3EA0E5C53F05DECEBED5D5B2,
3E9541103EDB4B0EBEA4F1A23E9505D13EEB4C1BBE964B883E97911D3EDCCCEEBE9986DB3E8662353F01DB01BEA8B1143E8652153EFB9E06BEB0AE533E85A74C3F01B057BEAE221D3E8490C53EFAD55ABEBF09743E85FEFC3EF31423BEBC30F53E82EDBB3EF6C3B9BEC3DDFD3E944DCB3EE98DCEBEA3D89D3E8992C93EFDD5B2BEA337433E8F79423EF6D246BE96C9E2,
3E8CF91A3EDBAE8ABEC122FB3E88F0C73ED10B41BEC999DD3E83BD5A3EDC126ABECBB18E3E8480843EEA0147BEC469513E83BD5A3EDC126ABECBB18E3E7837723EF4DEA0BECBFD933E91871E3EE85A92BEAB15F93E9541103EDB4B0EBEA4F1A23E94F41F3ED56A16BEB5CCC93E8F79423EF6D246BE96C9E23E8457E23F04665EBE9A69E03E831EE23F04FE26BE927C18,
3E855E8D3EC10B63BECFA2273E83BD5A3EDC126ABECBB18E3E88F0C73ED10B41BEC999DD3E7837723EF4DEA0BECBFD933E83BD5A3EDC126ABECBB18E3E721FB03ED91C08BED986DB3E55019F3EFD8B1EBEDA469D3E7837723EF4DEA0BECBFD933E721FB03ED91C08BED986DB3E8CF91A3EDBAE8ABEC122FB3E9113E83ECF4B84BEBFDE723E88F0C73ED10B41BEC999DD,
3E7837723EF4DEA0BECBFD933E796FEB3EFCECC8BECCD8343E82EDBB3EF6C3B9BEC3DDFD3EA2B5C43F056788BEC88E9B3EAE4DC23F0ABDD3BECEB9C33EAD13513F0843C4BEC5D8B63E93AB433F04C5EBBEE4D4ED3E9A16833F02F4E0BECE872B3E798B723F00A383BED3482C3E5642C03ED2C83FBEE66FD63E4CA7503EE55C53BEE6DD8B3E721FB03ED91C08BED986DB,
3E9710883EE6D118BE5BEAD53E96002A3EE2C3EBBE4917943E9C94923ED89268BE5800223E807D913F06D7D8BE2E18F03E76B8B73F0A0232BE1902153E850B743F0284F1BE1F837B3E921B3B3EE87054BE100B033E9570E73ED7B54ABE1C371E3E9448493EDC3937BE259CD03E921B3B3EE87054BE100B033E9448493EDC3937BE259CD03E9155F83EE82A35BE23968D,
3E9540033EE6C17FBE3640213E98982D3ED7B80BBE456F763E96002A3EE2C3EBBE4917943E8B328B3F1340B3BE8A25D93E8392193F0D466FBE8A27F23E8F5CD13F11CBABBE951F3F3E9155F83EE82A35BE23968D3E8CF56F3EF24E16BE1D5F9A3E921B3B3EE87054BE100B033E5B2D4D3F1298EEBE23860A3E76B8B73F0A0232BE1902153E71244A3F0C1A26BE289720,
3E8E9B173EFA5094BE4FCD253E904A513EF97C3DBE37121B3E93126F3EF2834DBE40A9583E71244A3F0C1A26BE2897203E7B68CF3F086AF4BE4CB07D3E5B2D4D3F1298EEBE23860A3E64095F3F0E8D43BE4DBB9D3E5B2D4D3F1298EEBE23860A3E7B68CF3F086AF4BE4CB07D3E807D913F06D7D8BE2E18F03E850B743F0284F1BE1F837B3E876F4C3F02EF1CBE2FBFC6,
3E804EC63F072A17BE5E429E3E807D913F06D7D8BE2E18F03E876F4C3F02EF1CBE2FBFC63E9710883EE6D118BE5BEAD53E9C94923ED89268BE5800223E99D12D3EDFE36DBE6825183E8C9B633EFE6905BE8129243E9872F33EE61CDEBE84C07B3E92600B3EF481B2BE8B15723E7C4AC73F15F9BEBE73760C3E66CCE63F15C800BE5E69F03E75CC423F0F3BC9BE79A4DF,
3E8F5CD13F11CBABBE951F3F3E8392193F0D466FBE8A27F23E86E71D3F0C84B6BE9737763E75CC423F0F3BC9BE79A4DF3E66CCE63F15C800BE5E69F03E5DC2F43F12642CBE59131F3E9448493EDC3937BE259CD03E9503753ED00DE5BE2609DD3E9963353ED0E172BE45FFA43E804EC63F072A17BE5E429E3E7CE0B93F08B924BE81D53D3E7B68CF3F086AF4BE4CB07D,
3E9570E73ED7B54ABE1C371E3E921B3B3EE87054BE100B033E961BF33EE2B607BE06A5943E7B68CF3F086AF4BE4CB07D3E7CE0B93F08B924BE81D53D3E6AEFB33F0EA36ABE6741D13E8C6E6E3EFDCBDEBE7474103E8CAEEA3EF6C2F0BE61FB403E90F25A3EEFBD6ABE6C53F43E8561B33F119EC7BE8405D53E7C4AC73F15F9BEBE73760C3E7D96A73F0C6DA4BE84371E,
3E96002A3EE2C3EBBE4917943E93126F3EF2834DBE40A9583E9540033EE6C17FBE3640213E75CC423F0F3BC9BE79A4DF3E5DC2F43F12642CBE59131F3E6AEFB33F0EA36ABE6741D13E90F25A3EEFBD6ABE6C53F43E8CAEEA3EF6C2F0BE61FB403E91B2A23EED8F2EBE556CD73E8951A43F01FE11BE55FD8B3E876F4C3F02EF1CBE2FBFC63E904A513EF97C3DBE37121B,
3E804EC63F072A17BE5E429E3E7B68CF3F086AF4BE4CB07D3E807D913F06D7D8BE2E18F03E9872F33EE61CDEBE84C07B3E9942F63ED8EFDDBE80C3F43E97CAC93EDD8A55BE90800F3E804EC63F072A17BE5E429E3E876F4C3F02EF1CBE2FBFC63E8951A43F01FE11BE55FD8B3E804EC63F072A17BE5E429E3E86047D3F03458DBE6AB29E3E7CE0B93F08B924BE81D53D,
3E9E86C63ED1B478BE89F4D33E97911D3EDCCCEEBE9986DB3E97CAC93EDD8A55BE90800F3E93126F3EF2834DBE40A9583E96002A3EE2C3EBBE4917943E91B2A23EED8F2EBE556CD73E45B35B3F158DCEBE44E0983E64095F3F0E8D43BE4DBB9D3E57631B3F1278E2BE5419A03E7B68CF3F086AF4BE4CB07D3E71244A3F0C1A26BE2897203E807D913F06D7D8BE2E18F0,
3E9155F83EE82A35BE23968D3E904A513EF97C3DBE37121B3E8CF56F3EF24E16BE1D5F9A3E9155F83EE82A35BE23968D3E9540033EE6C17FBE3640213E904A513EF97C3DBE37121B3E9710883EE6D118BE5BEAD53E90F25A3EEFBD6ABE6C53F43E91B2A23EED8F2EBE556CD73E850B743F0284F1BE1F837B3E8CF56F3EF24E16BE1D5F9A3E904A513EF97C3DBE37121B,
3E850B743F0284F1BE1F837B3E76B8B73F0A0232BE1902153E837E2C3F024CF9BE0D3CFF3E5B2D4D3F1298EEBE23860A3E64095F3F0E8D43BE4DBB9D3E45B35B3F158DCEBE44E0983E9543D03EE5CDB3BE7584F53E8C9B633EFE6905BE8129243E90F25A3EEFBD6ABE6C53F43E9BA1D33ECF4D38BE0861A63E9570E73ED7B54ABE1C371E3E98537E3EDDC487BDFCEA6C,
3E99D12D3EDFE36DBE6825183E9C94923ED89268BE5800223E9E22A33ED25F85BE5E0D673E9DDF013ECFE932BE9A52F03E97911D3EDCCCEEBE9986DB3E9E86C63ED1B478BE89F4D33E5E51D23F11B164BE17A2CF3E6958973F0C5261BE05989E3E76B8B73F0A0232BE1902153E6565803F0E9BAEBE587AD13E7B68CF3F086AF4BE4CB07D3E6AEFB33F0EA36ABE6741D1,
3E850B743F0284F1BE1F837B3E904A513EF97C3DBE37121B3E876F4C3F02EF1CBE2FBFC63E7E4FFD3F09EF74BE870BF23E7CE0B93F08B924BE81D53D3E8128BF3F08D951BE96ADD63E8392193F0D466FBE8A27F23E7E4FFD3F09EF74BE870BF23E8128BF3F08D951BE96ADD63E5DC2F43F12642CBE59131F3E64095F3F0E8D43BE4DBB9D3E6565803F0E9BAEBE587AD1,
3E8E9B173EFA5094BE4FCD253E8951A43F01FE11BE55FD8B3E904A513EF97C3DBE37121B3E9C94923ED89268BE5800223E96002A3EE2C3EBBE4917943E98982D3ED7B80BBE456F763E8B328B3F1340B3BE8A25D93E7D96A73F0C6DA4BE84371E3E8392193F0D466FBE8A27F23E831EE23F04FE26BE927C183E8128BF3F08D951BE96ADD63E7CE0B93F08B924BE81D53D,
3E8951A43F01FE11BE55FD8B3E8CAEEA3EF6C2F0BE61FB403E86047D3F03458DBE6AB29E3E8910A13EF76A72BE11D3243E921B3B3EE87054BE100B033E8CF56F3EF24E16BE1D5F9A3E86047D3F03458DBE6AB29E3E8C6E6E3EFDCBDEBE7474103E8323793F04D003BE7CC8153E92600B3EF481B2BE8B15723E9505D13EEB4C1BBE964B883E8F79423EF6D246BE96C9E2,
3E90F25A3EEFBD6ABE6C53F43E9710883EE6D118BE5BEAD53E99D12D3EDFE36DBE6825183E9543D03EE5CDB3BE7584F53E90F25A3EEFBD6ABE6C53F43E99D12D3EDFE36DBE6825183E9448493EDC3937BE259CD03E98982D3ED7B80BBE456F763E9540033EE6C17FBE3640213E8392193F0D466FBE8A27F23E8128BF3F08D951BE96ADD63E86E71D3F0C84B6BE973776,
3E64095F3F0E8D43BE4DBB9D3E5DC2F43F12642CBE59131F3E57631B3F1278E2BE5419A03E9E86C63ED1B478BE89F4D33E97CAC93EDD8A55BE90800F3E9942F63ED8EFDDBE80C3F43E6AEFB33F0EA36ABE6741D13E72F33D3F0C8A05BE754C983E75CC423F0F3BC9BE79A4DF3E97CAC93EDD8A55BE90800F3E97911D3EDCCCEEBE9986DB3E9505D13EEB4C1BBE964B88,
3E64095F3F0E8D43BE4DBB9D3E7B68CF3F086AF4BE4CB07D3E6565803F0E9BAEBE587AD13E8323793F04D003BE7CC8153E8C9B633EFE6905BE8129243E831EE23F04FE26BE927C183E7CE0B93F08B924BE81D53D3E8323793F04D003BE7CC8153E831EE23F04FE26BE927C183E8E9B173EFA5094BE4FCD253E93126F3EF2834DBE40A9583E91B2A23EED8F2EBE556CD7,
3E8C9B633EFE6905BE8129243E8323793F04D003BE7CC8153E8C6E6E3EFDCBDEBE7474103E7D96A73F0C6DA4BE84371E3E7C4AC73F15F9BEBE73760C3E75CC423F0F3BC9BE79A4DF3E7E4FFD3F09EF74BE870BF23E8392193F0D466FBE8A27F23E7D96A73F0C6DA4BE84371E3E8CAEEA3EF6C2F0BE61FB403E8C6E6E3EFDCBDEBE7474103E86047D3F03458DBE6AB29E,
3E6AEFB33F0EA36ABE6741D13E7CE0B93F08B924BE81D53D3E72F33D3F0C8A05BE754C983E8323793F04D003BE7CC8153E7CE0B93F08B924BE81D53D3E86047D3F03458DBE6AB29E3E97CAC93EDD8A55BE90800F3E9505D13EEB4C1BBE964B883E9872F33EE61CDEBE84C07B3E86047D3F03458DBE6AB29E3E804EC63F072A17BE5E429E3E8951A43F01FE11BE55FD8B,
3E8561B33F119EC7BE8405D53E7D96A73F0C6DA4BE84371E3E8B328B3F1340B3BE8A25D93E76B8B73F0A0232BE1902153E5B2D4D3F1298EEBE23860A3E5E51D23F11B164BE17A2CF3E7B98853F06D517BE092FB23E76B8B73F0A0232BE1902153E6958973F0C5261BE05989E3E7D96A73F0C6DA4BE84371E3E7CE0B93F08B924BE81D53D3E7E4FFD3F09EF74BE870BF2,
3E807D913F06D7D8BE2E18F03E71244A3F0C1A26BE2897203E76B8B73F0A0232BE1902153E90F25A3EEFBD6ABE6C53F43E8C9B633EFE6905BE8129243E8C6E6E3EFDCBDEBE7474103E850B743F0284F1BE1F837B3E8910A13EF76A72BE11D3243E8CF56F3EF24E16BE1D5F9A3E8951A43F01FE11BE55FD8B3E8E9B173EFA5094BE4FCD253E8CAEEA3EF6C2F0BE61FB40,
3E9540033EE6C17FBE3640213E93126F3EF2834DBE40A9583E904A513EF97C3DBE37121B3E99D12D3EDFE36DBE6825183E9A97393ED29DA6BE796EDF3E9543D03EE5CDB3BE7584F53E9543D03EE5CDB3BE7584F53E9A97393ED29DA6BE796EDF3E9942F63ED8EFDDBE80C3F43E5DC2F43F12642CBE59131F3E6565803F0E9BAEBE587AD13E6AEFB33F0EA36ABE6741D1,
3E8C9B633EFE6905BE8129243E92600B3EF481B2BE8B15723E8F79423EF6D246BE96C9E23E7B98853F06D517BE092FB23E837E2C3F024CF9BE0D3CFF3E76B8B73F0A0232BE1902153E92600B3EF481B2BE8B15723E9872F33EE61CDEBE84C07B3E9505D13EEB4C1BBE964B883E8F79423EF6D246BE96C9E23E831EE23F04FE26BE927C183E8C9B633EFE6905BE812924,
3E6958973F0C5261BE05989E3E5E51D23F11B164BE17A2CF3E61EEEE3F0FF67FBDDBDF093E9570E73ED7B54ABE1C371E3E961BF33EE2B607BE06A5943E98537E3EDDC487BDFCEA6C3E91B2A23EED8F2EBE556CD73E96002A3EE2C3EBBE4917943E9710883EE6D118BE5BEAD53E8CAEEA3EF6C2F0BE61FB403E8E9B173EFA5094BE4FCD253E91B2A23EED8F2EBE556CD7,
3E837E2C3F024CF9BE0D3CFF3E8910A13EF76A72BE11D3243E850B743F0284F1BE1F837B3E8C9B633EFE6905BE8129243E9543D03EE5CDB3BE7584F53E9872F33EE61CDEBE84C07B3E9543D03EE5CDB3BE7584F53E9942F63ED8EFDDBE80C3F43E9872F33EE61CDEBE84C07B3E9155F83EE82A35BE23968D3E9448493EDC3937BE259CD03E9540033EE6C17FBE364021,
3E7CE0B93F08B924BE81D53D3E7D96A73F0C6DA4BE84371E3E72F33D3F0C8A05BE754C983E9963353ED0E172BE45FFA43E98982D3ED7B80BBE456F763E9448493EDC3937BE259CD03E9503753ED00DE5BE2609DD3E9448493EDC3937BE259CD03E9570E73ED7B54ABE1C371E3E99D12D3EDFE36DBE6825183E9E22A33ED25F85BE5E0D673E9A97393ED29DA6BE796EDF,
3E921B3B3EE87054BE100B033E9570E73ED7B54ABE1C371E3E9448493EDC3937BE259CD03E921B3B3EE87054BE100B033E9448493EDC3937BE259CD03E9155F83EE82A35BE23968D3EA1B1533EDC3A64BC8151A43EAF7BC03EDE6C6E3CDEDD053EA9A2403EDABABFBC1EC2CE3E7D96A73F0C6DA4BE84371E3E75CC423F0F3BC9BE79A4DF3E72F33D3F0C8A05BE754C98,
3E61B79E3F12BBEDBD56A26E3E7024703F0C9DD0BD73A57F3E6409A23F0FB667BD8FCE743E99AEF73EE8728FBD89DCF93E97ED853EE71A7EBDA2CA153E9427853EF02279BDA8BB0A3E8D028A3F0661F2BC9650A43E97110E3EF5BFF0BD112DBA3E977D313EF07F67BD67AC823E61EEEE3F0FF67FBDDBDF093E56E7603F121CEFBDAF14553E70724B3F0BF983BDC28ED6,
3E9155F83EE82A35BE23968D3E8CF56F3EF24E16BE1D5F9A3E921B3B3EE87054BE100B033E90242D3EEF1DA3BDF8140E3E8A62CC3EF8D024BDF474103E8A888B3EFE2DC7BDD237043E8A888B3EFE2DC7BDD237043E837E2C3F024CF9BE0D3CFF3E7B98853F06D517BE092FB23E9D50873EDFBDADBC895F243E9DC1C63EDF56EBBC2E89EC3EA1B1533EDC3A64BC8151A4,
3E8A888B3EFE2DC7BDD237043E7B98853F06D517BE092FB23E6958973F0C5261BE05989E3E71040C3F10DB6ABD2458043E7CBF6E3F09740CBD7202103E7024703F0C9DD0BD73A57F3E9D219B3ED79789BDD9F87F3E9B59BC3EE15486BDCEE5263E9EBE9D3ED777AFBDA7442C3E71040C3F10DB6ABD2458043E890E883F07078EBD2B4C7F3E7CBF6E3F09740CBD720210,
3E8D028A3F0661F2BC9650A43E89819D3F0B25B33BDB9C733E9526743F05BC023D3E73A33EA9A2403EDABABFBC1EC2CE3EAF739F3ED23209BCF3D9EC3EA1B1533EDC3A64BC8151A43E9CB8173EE2C860BD6EE2003E994A0A3EDF4949BD988C1E3E99AEF73EE8728FBD89DCF93E9DC1C63EDF56EBBC2E89EC3E9AC4F83EE42F40BBE032DB3E9D058E3EE4228A3C5BF8BA,
3EA1B1533EDC3A64BC8151A43EAF739F3ED23209BCF3D9EC3EA4C4CE3ED1A672BD3CA7503E9AC4F83EE42F40BBE032DB3E99D6F13EEF4730BA5ED2893E9D058E3EE4228A3C5BF8BA3E9ECD8E3EDA4AAEBD127E523EA1EC2D3ED72AE0BD0C88A43E9D99ED3ED70CBBBD39713B3E7F42783F147BFE3C8BE7293E89819D3F0B25B33BDB9C733E74DE7F3F1388DBBC55E8D5,
3E7024703F0C9DD0BD73A57F3E7CBF6E3F09740CBD7202103E70724B3F0BF983BDC28ED63E7CBF6E3F09740CBD7202103E890E883F07078EBD2B4C7F3E8614383F04BC7BBD834DAD3E9D50873EDFBDADBC895F243E990F303EEE9857BCBA7FC33E9AC4F83EE42F40BBE032DB3E9DC1C63EDF56EBBC2E89EC3E9D50873EDFBDADBC895F243E9AC4F83EE42F40BBE032DB,
3E90242D3EEF1DA3BDF8140E3E98537E3EDDC487BDFCEA6C3E961BF33EE2B607BE06A5943E70724B3F0BF983BDC28ED63E6958973F0C5261BE05989E3E61EEEE3F0FF67FBDDBDF093E8910A13EF76A72BE11D3243E837E2C3F024CF9BE0D3CFF3E8A62CC3EF8D024BDF474103E990F303EEE9857BCBA7FC33E97110E3EF5BFF0BD112DBA3E953B083EFC4524BC527C39,
3EA9A2403EDABABFBC1EC2CE3EB50EDC3ED71822BAC79F663EAF739F3ED23209BCF3D9EC3E9570E73ED7B54ABE1C371E3E921B3B3EE87054BE100B033E961BF33EE2B607BE06A5943E9ECD8E3EDA4AAEBD127E523E9DC0333EDF6A94BD10B84A3E9FD9BA3EDAE105BCC72E273EA1EC2D3ED72AE0BD0C88A43E9ECD8E3EDA4AAEBD127E523E9FD9BA3EDAE105BCC72E27,
3E9EBE9D3ED777AFBDA7442C3E994A0A3EDF4949BD988C1E3E9A7C183ED60D88BD7461313E9CB8173EE2C860BD6EE2003E9DC0333EDF6A94BD10B84A3E9D99ED3ED70CBBBD39713B3E994A0A3EDF4949BD988C1E3E9CB8173EE2C860BD6EE2003E9D99ED3ED70CBBBD39713B3E890E883F07078EBD2B4C7F3E977D313EF07F67BD67AC823E8D60C83EFDF5F1BD9230BA,
3E9427853EF02279BDA8BB0A3E9B59BC3EE15486BDCEE5263E945A1D3EEE6FF8BDC851223E977D313EF07F67BD67AC823E99AEF73EE8728FBD89DCF93E9427853EF02279BDA8BB0A3E70724B3F0BF983BDC28ED63E7CBF6E3F09740CBD7202103E8A888B3EFE2DC7BDD237043E994A0A3EDF4949BD988C1E3E9D99ED3ED70CBBBD39713B3E9A7C183ED60D88BD746131,
3E6958973F0C5261BE05989E3E70724B3F0BF983BDC28ED63E8A888B3EFE2DC7BDD237043E8D028A3F0661F2BC9650A43E82F5563F0DF4A1BC88FC933E89819D3F0B25B33BDB9C733E97FF153EF093103BFB54A03E953B083EFC4524BC527C393E9237483F024AE0BB917D6B3E8D028A3F0661F2BC9650A43E9526743F05BC023D3E73A33E97950C3EFE65383C90385C,
3E850B743F0284F1BE1F837B3E76B8B73F0A0232BE1902153E837E2C3F024CF9BE0D3CFF3E8D60C83EFDF5F1BD9230BA3E977D313EF07F67BD67AC823E9427853EF02279BDA8BB0A3E9BA1D33ECF4D38BE0861A63E9570E73ED7B54ABE1C371E3E98537E3EDDC487BDFCEA6C3E8A62CC3EF8D024BDF474103E837E2C3F024CF9BE0D3CFF3E8A888B3EFE2DC7BDD23704,
3E5E51D23F11B164BE17A2CF3E6958973F0C5261BE05989E3E76B8B73F0A0232BE1902153E8A888B3EFE2DC7BDD237043E7CBF6E3F09740CBD7202103E8D60C83EFDF5F1BD9230BA3E8614383F04BC7BBD834DAD3E8D60C83EFDF5F1BD9230BA3E7CBF6E3F09740CBD7202103E89819D3F0B25B33BDB9C733E82F5563F0DF4A1BC88FC933E74DE7F3F1388DBBC55E8D5,
3E9237483F024AE0BB917D6B3E8D028A3F0661F2BC9650A43E97950C3EFE65383C90385C3E9AC4F83EE42F40BBE032DB3E990F303EEE9857BCBA7FC33E99D6F13EEF4730BA5ED2893E98537E3EDDC487BDFCEA6C3E9B59BC3EE15486BDCEE5263E9BA1D33ECF4D38BE0861A63E99AEF73EE8728FBD89DCF93E977D313EF07F67BD67AC823E9CB8173EE2C860BD6EE200,
3E8A888B3EFE2DC7BDD237043E8D60C83EFDF5F1BD9230BA3E9427853EF02279BDA8BB0A3E945A1D3EEE6FF8BDC851223E8A888B3EFE2DC7BDD237043E9427853EF02279BDA8BB0A3EB50EDC3ED71822BAC79F663EA9A2403EDABABFBC1EC2CE3EAF7BC03EDE6C6E3CDEDD053E9D058E3EE4228A3C5BF8BA3EA1B1533EDC3A64BC8151A43E9DC1C63EDF56EBBC2E89EC,
3E8910A13EF76A72BE11D3243E921B3B3EE87054BE100B033E8CF56F3EF24E16BE1D5F9A3E97FF153EF093103BFB54A03E9A56153EE83D793CCB295F3E99D6F13EEF4730BA5ED2893EA1B1533EDC3A64BC8151A43EA4C4CE3ED1A672BD3CA7503EA1EC2D3ED72AE0BD0C88A43E9FD9BA3EDAE105BCC72E273EA1B1533EDC3A64BC8151A43EA1EC2D3ED72AE0BD0C88A4,
3E9D50873EDFBDADBC895F243E9FD9BA3EDAE105BCC72E273E9DC0333EDF6A94BD10B84A3E9B72823EEBB060BD13BAFE3E97110E3EF5BFF0BD112DBA3E990F303EEE9857BCBA7FC33E953B083EFC4524BC527C393E8D028A3F0661F2BC9650A43E9237483F024AE0BB917D6B3E90242D3EEF1DA3BDF8140E3E961BF33EE2B607BE06A5943E921B3B3EE87054BE100B03,
3E98537E3EDDC487BDFCEA6C3E90242D3EEF1DA3BDF8140E3E945A1D3EEE6FF8BDC851223E9B59BC3EE15486BDCEE5263E98537E3EDDC487BDFCEA6C3E945A1D3EEE6FF8BDC851223E9B72823EEBB060BD13BAFE3E9DC0333EDF6A94BD10B84A3E9CB8173EE2C860BD6EE2003E9D50873EDFBDADBC895F243EA1B1533EDC3A64BC8151A43E9FD9BA3EDAE105BCC72E27,
3E890E883F07078EBD2B4C7F3E71040C3F10DB6ABD2458043E82F5563F0DF4A1BC88FC933E82F5563F0DF4A1BC88FC933E71040C3F10DB6ABD2458043E74DE7F3F1388DBBC55E8D53E97110E3EF5BFF0BD112DBA3E8D028A3F0661F2BC9650A43E953B083EFC4524BC527C393E9DC0333EDF6A94BD10B84A3E9ECD8E3EDA4AAEBD127E523E9D99ED3ED70CBBBD39713B,
3E7024703F0C9DD0BD73A57F3E61B79E3F12BBEDBD56A26E3E71040C3F10DB6ABD2458043E990F303EEE9857BCBA7FC33E9D50873EDFBDADBC895F243E9B72823EEBB060BD13BAFE3E61B79E3F12BBEDBD56A26E3E6409A23F0FB667BD8FCE743E56E7603F121CEFBDAF14553EAF7BC03EDE6C6E3CDEDD053EA1B1533EDC3A64BC8151A43E9D058E3EE4228A3C5BF8BA,
3E7B98853F06D517BE092FB23E76B8B73F0A0232BE1902153E6958973F0C5261BE05989E3E70724B3F0BF983BDC28ED63E56E7603F121CEFBDAF14553E6409A23F0FB667BD8FCE743E7024703F0C9DD0BD73A57F3E70724B3F0BF983BDC28ED63E6409A23F0FB667BD8FCE743E9CB8173EE2C860BD6EE2003E977D313EF07F67BD67AC823E9B72823EEBB060BD13BAFE,
3E850B743F0284F1BE1F837B3E8910A13EF76A72BE11D3243E8CF56F3EF24E16BE1D5F9A3E9EBE9D3ED777AFBDA7442C3E9B59BC3EE15486BDCEE5263E994A0A3EDF4949BD988C1E3E8D60C83EFDF5F1BD9230BA3E8614383F04BC7BBD834DAD3E890E883F07078EBD2B4C7F3E921B3B3EE87054BE100B033E8A62CC3EF8D024BDF474103E90242D3EEF1DA3BDF8140E,
3E890E883F07078EBD2B4C7F3E82F5563F0DF4A1BC88FC933E8D028A3F0661F2BC9650A43E994A0A3EDF4949BD988C1E3E97ED853EE71A7EBDA2CA153E99AEF73EE8728FBD89DCF93E97110E3EF5BFF0BD112DBA3E9B72823EEBB060BD13BAFE3E977D313EF07F67BD67AC823E97FF153EF093103BFB54A03E99D6F13EEF4730BA5ED2893E953B083EFC4524BC527C39,
3E921B3B3EE87054BE100B033E8910A13EF76A72BE11D3243E8A62CC3EF8D024BDF474103E977D313EF07F67BD67AC823E890E883F07078EBD2B4C7F3E8D028A3F0661F2BC9650A43E7B98853F06D517BE092FB23E837E2C3F024CF9BE0D3CFF3E76B8B73F0A0232BE1902153E90242D3EEF1DA3BDF8140E3E8A888B3EFE2DC7BDD237043E945A1D3EEE6FF8BDC85122,
3E9570E73ED7B54ABE1C371E3E961BF33EE2B607BE06A5943E98537E3EDDC487BDFCEA6C3E9B59BC3EE15486BDCEE5263E9427853EF02279BDA8BB0A3E97ED853EE71A7EBDA2CA153E994A0A3EDF4949BD988C1E3E9B59BC3EE15486BDCEE5263E97ED853EE71A7EBDA2CA153E9BA1D33ECF4D38BE0861A63E9B59BC3EE15486BDCEE5263E9D219B3ED79789BDD9F87F,
3E9D058E3EE4228A3C5BF8BA3E99D6F13EEF4730BA5ED2893E9A56153EE83D793CCB295F3E837E2C3F024CF9BE0D3CFF3E8910A13EF76A72BE11D3243E850B743F0284F1BE1F837B3E97FF153EF093103BFB54A03E9237483F024AE0BB917D6B3E97950C3EFE65383C90385C3E6958973F0C5261BE05989E3E5E51D23F11B164BE17A2CF3E61EEEE3F0FF67FBDDBDF09,
3E94CFAF3EF747FA3E218C193E958EA83EF6AE7D3E114DF93E94532A3EFBD72C3E10F3883EA1B1533EDC3A64BC8151A43EAF7BC03EDE6C6E3CDEDD053EA9A2403EDABABFBC1EC2CE3E9D50873EDFBDADBC895F243E9DC0333EDF6A94BD10B84A3E9B72823EEBB060BD13BAFE3E953B083EFC4524BC527C393E99D6F13EEF4730BA5ED2893E990F303EEE9857BCBA7FC3,
3E94CFAF3EF747FA3E218C193E94532A3EFBD72C3E10F3883E9239C53EFBF8983E2864453E9D48023EE867063D91800A3EAA11CB3EE441143D59524C3E9B584B3EEA65063D72D5E03E9A14F03EF61DEB3D5157AC3E9B6F1A3EFBEF283D8075F73E9A7EFA3EECE1C63D968E823E9B0AD43EFDCDD53DAB6E933E95099E3F06A3483DA2FCF03E96E3933F031A093DE0FFDA,
3E945E923F090D283DE24E593E96E3933F031A093DE0FFDA3E95099E3F06A3483DA2FCF03E9A09683EEF7DB73D2A34873E9926A63EF59FD33C9988D33E97950C3EFE65383C90385C3E958EA83EF6AE7D3E114DF93E94CFAF3EF747FA3E218C193E9B34A43EEF23AB3E12BA9D3E972DA13EF9E1B13DFC41143E94532A3EFBD72C3E10F3883E958EA83EF6AE7D3E114DF9,
3E95F9593F05205C3E03586D3E8F98D93F0A60D43E19103D3E9410F93F0401D63E144ED73EAA7D033EE4F7883DDDECE53E9B53723EE8AB713DB73C923E9D5D1C3EE94F8B3DE3675E3E9DC1C63EDF56EBBC2E89EC3E9AC4F83EE42F40BBE032DB3E9D058E3EE4228A3C5BF8BA3E877CAA3F1138473D2E9DD83E8DCA8E3F0D61B33D5E6FF83E89819D3F0B25B33BDB9C73,
3E9A09683EEF7DB73D2A34873E97950C3EFE65383C90385C3E9A14F03EF61DEB3D5157AC3E8D028A3F0661F2BC9650A43E89819D3F0B25B33BDB9C733E9526743F05BC023D3E73A33E9A56153EE83D793CCB295F3E97FF153EF093103BFB54A03E9B495A3EEA48733D10678C3E9BD8383EEEE2863DE08FA83E9A7EFA3EECE1C63D968E823E9B6F1A3EFBEF283D8075F7,
3E8009D53F158B3F3E14B6E93E8B79B73F0DB9953E1C111B3E8BA7113F1058683DFE81453E87D3913F13A5093DE402083E8009D53F158B3F3E14B6E93E8BA7113F1058683DFE81453EAC51983EE446B73D8FF1953EAA11CB3EE441143D59524C3E9D48023EE867063D91800A3E7F42783F147BFE3C8BE7293E89819D3F0B25B33BDB9C733E74DE7F3F1388DBBC55E8D5,
3E9D48023EE867063D91800A3E9A7EFA3EECE1C63D968E823E9B53723EE8AB713DB73C923E9AC4F83EE42F40BBE032DB3E99D6F13EEF4730BA5ED2893E9D058E3EE4228A3C5BF8BA3E9A56153EE83D793CCB295F3E9B495A3EEA48733D10678C3E9E89A93EE6CCC43D2837F83E9D058E3EE4228A3C5BF8BA3E9A56153EE83D793CCB295F3E9E89A93EE6CCC43D2837F8,
3E972DA13EF9E1B13DFC41143E958EA83EF6AE7D3E114DF93E9BD8383EEEE2863DE08FA83E972DA13EF9E1B13DFC41143E9BD8383EEEE2863DE08FA83E9BA4513EF9018E3DC6FC593E9526743F05BC023D3E73A33E8DCA8E3F0D61B33D5E6FF83E98A4C23F02DBC63D8586873E9926A63EF59FD33C9988D33E9B495A3EEA48733D10678C3E97FF153EF093103BFB54A0,
3E9782F53F0297C03D3A1F4B3E9A14F03EF61DEB3D5157AC3E97950C3EFE65383C90385C3E945E923F090D283DE24E593E95099E3F06A3483DA2FCF03E8DB20C3F0F341E3DC919F03E96E3933F031A093DE0FFDA3E945E923F090D283DE24E593E95F9593F05205C3E03586D3E98A4C23F02DBC63D8586873E9B6F1A3EFBEF283D8075F73E9782F53F0297C03D3A1F4B,
3E9BD8383EEEE2863DE08FA83E9B6F1A3EFBEF283D8075F73E9BA4513EF9018E3DC6FC593E97FF153EF093103BFB54A03E953B083EFC4524BC527C393E9237483F024AE0BB917D6B3E9BD8383EEEE2863DE08FA83E9D5D1C3EE94F8B3DE3675E3E9B53723EE8AB713DB73C923E8D028A3F0661F2BC9650A43E9526743F05BC023D3E73A33E97950C3EFE65383C90385C,
3E9E89A93EE6CCC43D2837F83EAA11CB3EE441143D59524C3E9D058E3EE4228A3C5BF8BA3E9D5D1C3EE94F8B3DE3675E3E9CC8363EE9F46F3E03C6863EA8A8B13EE1D40F3E1B6F1A3E98A4C23F02DBC63D8586873E8DCA8E3F0D61B33D5E6FF83E8A76323F0FD1893D8C06183E95099E3F06A3483DA2FCF03E98A4C23F02DBC63D8586873E8A76323F0FD1893D8C0618,
3E8F98D93F0A60D43E19103D3E95F9593F05205C3E03586D3E8BA7113F1058683DFE81453E89A6B53F11B8FE3DA439153E87D3913F13A5093DE402083E8DB20C3F0F341E3DC919F03E8D028A3F0661F2BC9650A43E82F5563F0DF4A1BC88FC933E89819D3F0B25B33BDB9C733EAA11CB3EE441143D59524C3EAF7BC03EDE6C6E3CDEDD053E9D058E3EE4228A3C5BF8BA,
3E9B584B3EEA65063D72D5E03EAA11CB3EE441143D59524C3E9B671B3EEA148C3D4787483E9A09683EEF7DB73D2A34873E9B584B3EEA65063D72D5E03E9B671B3EEA148C3D4787483E94532A3EFBD72C3E10F3883E9410F93F0401D63E144ED73E91756D3F00955B3E23F6C23E9926A63EF59FD33C9988D33E97FF153EF093103BFB54A03E97950C3EFE65383C90385C,
3E9782F53F0297C03D3A1F4B3E97950C3EFE65383C90385C3E9526743F05BC023D3E73A33E9B53723EE8AB713DB73C923EAC51983EE446B73D8FF1953E9D48023EE867063D91800A3E972DA13EF9E1B13DFC41143E9BA4513EF9018E3DC6FC593E96E3933F031A093DE0FFDA3E89819D3F0B25B33BDB9C733E82F5563F0DF4A1BC88FC933E74DE7F3F1388DBBC55E8D5,
3E9B34A43EEF23AB3E12BA9D3EA67A313EE4DE7F3E20F1F53E9CC8363EE9F46F3E03C6863E9A7EFA3EECE1C63D968E823E9B584B3EEA65063D72D5E03E9A09683EEF7DB73D2A34873E9A14F03EF61DEB3D5157AC3E9A7EFA3EECE1C63D968E823E9A09683EEF7DB73D2A34873E98A4C23F02DBC63D8586873E9782F53F0297C03D3A1F4B3E9526743F05BC023D3E73A3,
3EAA11CB3EE441143D59524C3E9E89A93EE6CCC43D2837F83E9B671B3EEA148C3D4787483E9D058E3EE4228A3C5BF8BA3EA1B1533EDC3A64BC8151A43E9DC1C63EDF56EBBC2E89EC3E9237483F024AE0BB917D6B3E8D028A3F0661F2BC9650A43E97950C3EFE65383C90385C3EA67A313EE4DE7F3E20F1F53EA8A8B13EE1D40F3E1B6F1A3E9CC8363EE9F46F3E03C686,
3E958EA83EF6AE7D3E114DF93E9CC8363EE9F46F3E03C6863E9BD8383EEEE2863DE08FA83E97FF153EF093103BFB54A03E9A56153EE83D793CCB295F3E99D6F13EEF4730BA5ED2893E9BD8383EEEE2863DE08FA83E9CC8363EE9F46F3E03C6863E9D5D1C3EE94F8B3DE3675E3EB50EDC3ED71822BAC79F663EA9A2403EDABABFBC1EC2CE3EAF7BC03EDE6C6E3CDEDD05,
3E9B53723EE8AB713DB73C923E9A7EFA3EECE1C63D968E823E9BD8383EEEE2863DE08FA83E95099E3F06A3483DA2FCF03E8A76323F0FD1893D8C06183E89A6B53F11B8FE3DA439153E9A7EFA3EECE1C63D968E823E9D48023EE867063D91800A3E9B584B3EEA65063D72D5E03E945E923F090D283DE24E593E8BA7113F1058683DFE81453E95F9593F05205C3E03586D,
3EAF7BC03EDE6C6E3CDEDD053EA1B1533EDC3A64BC8151A43E9D058E3EE4228A3C5BF8BA3E9A09683EEF7DB73D2A34873E9B495A3EEA48733D10678C3E9926A63EF59FD33C9988D33E9B0AD43EFDCDD53DAB6E933E98A4C23F02DBC63D8586873E95099E3F06A3483DA2FCF03E958EA83EF6AE7D3E114DF93E9B34A43EEF23AB3E12BA9D3E9CC8363EE9F46F3E03C686,
3E9BA4513EF9018E3DC6FC593E9B6F1A3EFBEF283D8075F73E9B0AD43EFDCDD53DAB6E933E95F9593F05205C3E03586D3E9410F93F0401D63E144ED73E94532A3EFBD72C3E10F3883E972DA13EF9E1B13DFC41143E95F9593F05205C3E03586D3E94532A3EFBD72C3E10F3883E91756D3F00955B3E23F6C23E9239C53EFBF8983E2864453E94532A3EFBD72C3E10F388,
3E97FF153EF093103BFB54A03E99D6F13EEF4730BA5ED2893E953B083EFC4524BC527C393EB2D0E53EE0F96E3DE5308C3EA8A8B13EE1D40F3E1B6F1A3EB221423EDC7EAE3E1872F33E98A4C23F02DBC63D8586873E9B0AD43EFDCDD53DAB6E933E9B6F1A3EFBEF283D8075F73E9B6F1A3EFBEF283D8075F73E9A14F03EF61DEB3D5157AC3E9782F53F0297C03D3A1F4B,
3E9D5D1C3EE94F8B3DE3675E3EA8A8B13EE1D40F3E1B6F1A3EAA7D033EE4F7883DDDECE53E8B79B73F0DB9953E1C111B3E8F98D93F0A60D43E19103D3E8BA7113F1058683DFE81453E89819D3F0B25B33BDB9C733E85872F3F11058E3CAD87F93E877CAA3F1138473D2E9DD83E89819D3F0B25B33BDB9C733E7F42783F147BFE3C8BE7293E85872F3F11058E3CAD87F9,
3E877CAA3F1138473D2E9DD83E89A6B53F11B8FE3DA439153E8A76323F0FD1893D8C06183E8DCA8E3F0D61B33D5E6FF83E877CAA3F1138473D2E9DD83E8A76323F0FD1893D8C06183E87D3913F13A5093DE402083E8BA7113F1058683DFE81453E8DB20C3F0F341E3DC919F03EA8A8B13EE1D40F3E1B6F1A3EB2D0E53EE0F96E3DE5308C3EAA7D033EE4F7883DDDECE5,
3E9B671B3EEA148C3D4787483E9E89A93EE6CCC43D2837F83E9B495A3EEA48733D10678C3E9A09683EEF7DB73D2A34873E9B671B3EEA148C3D4787483E9B495A3EEA48733D10678C3E9526743F05BC023D3E73A33E89819D3F0B25B33BDB9C733E8DCA8E3F0D61B33D5E6FF83E95F9593F05205C3E03586D3E972DA13EF9E1B13DFC41143E96E3933F031A093DE0FFDA,
3E97FF153EF093103BFB54A03E9237483F024AE0BB917D6B3E97950C3EFE65383C90385C3E8DB20C3F0F341E3DC919F03E95099E3F06A3483DA2FCF03E89A6B53F11B8FE3DA439153E945E923F090D283DE24E593E8DB20C3F0F341E3DC919F03E8BA7113F1058683DFE81453EAC51983EE446B73D8FF1953E9B53723EE8AB713DB73C923EAA7D033EE4F7883DDDECE5,
3E9039693F00F3993E55219B3E8841463F0929FE3E4B62843E85CC213F09CC963E6203E63E94CFAF3EF747FA3E218C193E958EA83EF6AE7D3E114DF93E94532A3EFBD72C3E10F3883E9BA4513EF9018E3DC6FC593E9B0AD43EFDCDD53DAB6E933E96E3933F031A093DE0FFDA3E9D058E3EE4228A3C5BF8BA3E99D6F13EEF4730BA5ED2893E9A56153EE83D793CCB295F,
3E8D0B0F3EF63CDA3E899D453E8D97923EFEA7053E7E7FF63E88BB6F3F00C1983E8C29E13E8369983F079A4A3E8107103E7FBFC63F0E8B8F3E745C793E73DC053F0BE6C53E8AFE823E83DC6A3F0D5FFE3E497D073E77CC3A3F16D8A13E42DA123E85CC213F09CC963E6203E63E963F363EF9098D3E2FFAC23E9239C53EFBF8983E2864453E905B7D3EFEA67F3E3A187A,
3E9C7CB73ECDEC5F3E98A2A93EA073363ED3DFF43E90AD473E93D1CC3EEFA2CF3E8BFB593E958EA83EF6AE7D3E114DF93E94CFAF3EF747FA3E218C193E9B34A43EEF23AB3E12BA9D3E77CC3A3F16D8A13E42DA123E83DC6A3F0D5FFE3E497D073E80FEAC3F1431F03E3781C73E94CFAF3EF747FA3E218C193E94532A3EFBD72C3E10F3883E9239C53EFBF8983E286445,
3EAAE6433EDF00263E32702A3EA67A313EE4DE7F3E20F1F53EA6D6133EEB9DE53E41AEF73E653BD13F1497533E8462E53E5529BB3F17C5CE3E84FC613E5E264E3F102CA13E909C3D3E95F9593F05205C3E03586D3E8F98D93F0A60D43E19103D3E9410F93F0401D63E144ED73E8D97923EFEA7053E7E7FF63E9039693F00F3993E55219B3E85CC213F09CC963E6203E6,
3E8009D53F158B3F3E14B6E93E8B79B73F0DB9953E1C111B3E8BA7113F1058683DFE81453E87D3913F13A5093DE402083E8009D53F158B3F3E14B6E93E8BA7113F1058683DFE81453EA9567E3EC688BE3E860B4E3EA18C3B3EDDA0383E87C43B3EA073363ED3DFF43E90AD473E8B79B73F0DB9953E1C111B3E8950983F09DB123E3E11563E8F98D93F0A60D43E19103D,
3E8950983F09DB123E3E11563E8841463F0929FE3E4B62843E8BEBC03F041F753E441A693E9039693F00F3993E55219B3E9919263EF92AD83E40470B3E905B7D3EFEA67F3E3A187A3E8369983F079A4A3E8107103E85CC213F09CC963E6203E63E7FBFC63F0E8B8F3E745C793E9239C53EFBF8983E2864453E963F363EF9098D3E2FFAC23E94CFAF3EF747FA3E218C19,
3E9410F93F0401D63E144ED73E8E03B43F01FC1A3E31AD643E91756D3F00955B3E23F6C23E87A5093EF49E023E975F913E8D0B0F3EF63CDA3E899D453E847A3A3F00B5EE3E97D1BB3E653BD13F1497533E8462E53E73DC053F0BE6C53E8AFE823E71F2133F13190D3E7BFCEB3EA96BBA3EDB2FCB3E5338B43EB78BDF3ECCAEC93E4288483EABF2D43EDAA9F83E475968,
3EA15E7D3EE6E5473E7CCBC03EA574D63ED91BC53E80F0843EA47A183EE5EDF23E6A48303EA47A183EE5EDF23E6A48303EA86FCE3ED327893E68D25F3EA96BBA3EDB2FCB3E5338B43E8521BC3F1214273E2461313E80FEAC3F1431F03E3781C73E83DC6A3F0D5FFE3E497D073EA2B68D3EEB9E493E24E5933E94CFAF3EF747FA3E218C193E963F363EF9098D3E2FFAC2,
3E8E03B43F01FC1A3E31AD643E905B7D3EFEA67F3E3A187A3E9239C53EFBF8983E2864453E91756D3F00955B3E23F6C23E8E03B43F01FC1A3E31AD643E9239C53EFBF8983E2864453E9B34A43EEF23AB3E12BA9D3E94CFAF3EF747FA3E218C193EA2B68D3EEB9E493E24E5933E74C9003F146AF43E5F09963E71F2133F13190D3E7BFCEB3E7FBFC63F0E8B8F3E745C79,
3E8F98D93F0A60D43E19103D3E95F9593F05205C3E03586D3E8BA7113F1058683DFE81453E8369983F079A4A3E8107103E88BB6F3F00C1983E8C29E13E8D97923EFEA7053E7E7FF63E8E03B43F01FC1A3E31AD643E9410F93F0401D63E144ED73E8950983F09DB123E3E11563E9D5D1C3EE94F8B3DE3675E3E9CC8363EE9F46F3E03C6863EA8A8B13EE1D40F3E1B6F1A,
3EA41B973EED696E3E5737DA3EA8E1723EE43B713E493D533EA6D6133EEB9DE53E41AEF73E94532A3EFBD72C3E10F3883E9410F93F0401D63E144ED73E91756D3F00955B3E23F6C23E8369983F079A4A3E8107103E8D97923EFEA7053E7E7FF63E85CC213F09CC963E6203E63EA2B68D3EEB9E493E24E5933EA67A313EE4DE7F3E20F1F53E9B34A43EEF23AB3E12BA9D,
3E8B79B73F0DB9953E1C111B3E8009D53F158B3F3E14B6E93E8521BC3F1214273E2461313EA15E7D3EE6E5473E7CCBC03E9E69493EF0A45D3E6CC7D23E95BF8C3EF47F133E829E6F3E8F98D93F0A60D43E19103D3E8950983F09DB123E3E11563E9410F93F0401D63E144ED73E6B677F3F09D4633E999AA63E78AE753F0728743E93B3EA3E73DC053F0BE6C53E8AFE82,
3E9919263EF92AD83E40470B3EA41B973EED696E3E5737DA3EA6D6133EEB9DE53E41AEF73E9919263EF92AD83E40470B3E9039693F00F3993E55219B3EA41B973EED696E3E5737DA3EA8A8B13EE1D40F3E1B6F1A3EA67A313EE4DE7F3E20F1F53EAAE6433EDF00263E32702A3EAF13F03EDA749F3E2CE28F3EA8A8B13EE1D40F3E1B6F1A3EAAE6433EDF00263E32702A,
3EB221423EDC7EAE3E1872F33EA8A8B13EE1D40F3E1B6F1A3EAF13F03EDA749F3E2CE28F3EA67A313EE4DE7F3E20F1F53EA8A8B13EE1D40F3E1B6F1A3E9CC8363EE9F46F3E03C6863E9B34A43EEF23AB3E12BA9D3EA67A313EE4DE7F3E20F1F53E9CC8363EE9F46F3E03C6863EA47A183EE5EDF23E6A48303EA96BBA3EDB2FCB3E5338B43EA8E1723EE43B713E493D53,
3EA2B68D3EEB9E493E24E5933E963F363EF9098D3E2FFAC23E9919263EF92AD83E40470B3E9E69493EF0A45D3E6CC7D23EA41B973EED696E3E5737DA3E8D97923EFEA7053E7E7FF63E5E264E3F102CA13E909C3D3E6B677F3F09D4633E999AA63E73DC053F0BE6C53E8AFE823EA18C3B3EDDA0383E87C43B3EA9567E3EC688BE3E860B4E3EA574D63ED91BC53E80F084,
3E5E264E3F102CA13E909C3D3E73DC053F0BE6C53E8AFE823E653BD13F1497533E8462E53E8E5C0C3EE6223E3E9E2C993E913B5C3EEC63493E91EF313E87A5093EF49E023E975F913E913B5C3EEC63493E91EF313E93D1CC3EEFA2CF3E8BFB593E8D0B0F3EF63CDA3E899D453E963F363EF9098D3E2FFAC23E905B7D3EFEA67F3E3A187A3E9919263EF92AD83E40470B,
3EB78BDF3ECCAEC93E4288483EA96BBA3EDB2FCB3E5338B43EB1140A3ECD629E3E5CD5B73E93D1CC3EEFA2CF3E8BFB593EA073363ED3DFF43E90AD473EA18C3B3EDDA0383E87C43B3E95BF8C3EF47F133E829E6F3E93D1CC3EEFA2CF3E8BFB593EA18C3B3EDDA0383E87C43B3E9C7CB73ECDEC5F3E98A2A93E913B5C3EEC63493E91EF313E8E5C0C3EE6223E3E9E2C99,
3EA2B68D3EEB9E493E24E5933E9919263EF92AD83E40470B3EA6D6133EEB9DE53E41AEF73EA18C3B3EDDA0383E87C43B3EA15E7D3EE6E5473E7CCBC03E95BF8C3EF47F133E829E6F3E958EA83EF6AE7D3E114DF93E9B34A43EEF23AB3E12BA9D3E9CC8363EE9F46F3E03C6863E8BEBC03F041F753E441A693E9039693F00F3993E55219B3E905B7D3EFEA67F3E3A187A,
3EA6D6133EEB9DE53E41AEF73EA67A313EE4DE7F3E20F1F53EA2B68D3EEB9E493E24E5933E95F9593F05205C3E03586D3E9410F93F0401D63E144ED73E94532A3EFBD72C3E10F3883E8841463F0929FE3E4B62843E9039693F00F3993E55219B3E8BEBC03F041F753E441A693E91756D3F00955B3E23F6C23E9239C53EFBF8983E2864453E94532A3EFBD72C3E10F388,
3E73DC053F0BE6C53E8AFE823E78AE753F0728743E93B3EA3E8369983F079A4A3E8107103EA41B973EED696E3E5737DA3E9039693F00F3993E55219B3E8D97923EFEA7053E7E7FF63E8D0B0F3EF63CDA3E899D453E93D1CC3EEFA2CF3E8BFB593E95BF8C3EF47F133E829E6F3E8D97923EFEA7053E7E7FF63E8D0B0F3EF63CDA3E899D453E95BF8C3EF47F133E829E6F,
3EABF2D43EDAA9F83E4759683EA8E1723EE43B713E493D533EA96BBA3EDB2FCB3E5338B43EB1140A3ECD629E3E5CD5B73EA96BBA3EDB2FCB3E5338B43EA86FCE3ED327893E68D25F3E95BF8C3EF47F133E829E6F3E9E69493EF0A45D3E6CC7D23E8D97923EFEA7053E7E7FF63E8B79B73F0DB9953E1C111B3E8521BC3F1214273E2461313E8950983F09DB123E3E1156,
3E8BEBC03F041F753E441A693E905B7D3EFEA67F3E3A187A3E8E03B43F01FC1A3E31AD643E6B677F3F09D4633E999AA63E5E264E3F102CA13E909C3D3E5A03C53F0E61073E98BB0A3EB2D0E53EE0F96E3DE5308C3EA8A8B13EE1D40F3E1B6F1A3EB221423EDC7EAE3E1872F33E8841463F0929FE3E4B62843E83DC6A3F0D5FFE3E497D073E85CC213F09CC963E6203E6,
3EA8A8B13EE1D40F3E1B6F1A3EB2D0E53EE0F96E3DE5308C3EAA7D033EE4F7883DDDECE53E9D5D1C3EE94F8B3DE3675E3EA8A8B13EE1D40F3E1B6F1A3EAA7D033EE4F7883DDDECE53E8521BC3F1214273E2461313E83DC6A3F0D5FFE3E497D073E8950983F09DB123E3E11563E8B79B73F0DB9953E1C111B3E8F98D93F0A60D43E19103D3E8BA7113F1058683DFE8145,
3E88BB6F3F00C1983E8C29E13E8369983F079A4A3E8107103E847A3A3F00B5EE3E97D1BB3E78AE753F0728743E93B3EA3E847A3A3F00B5EE3E97D1BB3E8369983F079A4A3E8107103EA47A183EE5EDF23E6A48303EA574D63ED91BC53E80F0843EA86FCE3ED327893E68D25F3EA41B973EED696E3E5737DA3EA47A183EE5EDF23E6A48303EA8E1723EE43B713E493D53,
3EAAE6433EDF00263E32702A3EA8E1723EE43B713E493D533EABF2D43EDAA9F83E4759683EA15E7D3EE6E5473E7CCBC03EA47A183EE5EDF23E6A48303EA41B973EED696E3E5737DA3E9E69493EF0A45D3E6CC7D23EA15E7D3EE6E5473E7CCBC03EA41B973EED696E3E5737DA3E7FBFC63F0E8B8F3E745C793E85CC213F09CC963E6203E63E77CC3A3F16D8A13E42DA12,
3E7FBFC63F0E8B8F3E745C793E71F2133F13190D3E7BFCEB3E73DC053F0BE6C53E8AFE823EAAE6433EDF00263E32702A3EA6D6133EEB9DE53E41AEF73EA8E1723EE43B713E493D533E913B5C3EEC63493E91EF313E8D0B0F3EF63CDA3E899D453E87A5093EF49E023E975F913E74C9003F146AF43E5F09963E7FBFC63F0E8B8F3E745C793E77CC3A3F16D8A13E42DA12,
3E8950983F09DB123E3E11563E83DC6A3F0D5FFE3E497D073E8841463F0929FE3E4B62843E93D1CC3EEFA2CF3E8BFB593E913B5C3EEC63493E91EF313E9C7CB73ECDEC5F3E98A2A93E8950983F09DB123E3E11563E8BEBC03F041F753E441A693E8E03B43F01FC1A3E31AD643E8D0B0F3EF63CDA3E899D453E88BB6F3F00C1983E8C29E13E847A3A3F00B5EE3E97D1BB,
3E724DD33EDA3F8A3EB6BB993E749E883EE69EA13EB15A6C3E59C94F3EEB506E3EB88F433E69F1AE3ED17F413EBE5CF63E724DD33EDA3F8A3EB6BB993E59C94F3EEB506E3EB88F433E9C7CB73ECDEC5F3E98A2A93EA073363ED3DFF43E90AD473E93D1CC3EEFA2CF3E8BFB593EA574D63ED91BC53E80F0843EA15E7D3EE6E5473E7CCBC03EA18C3B3EDDA0383E87C43B,
3E749E883EE69EA13EB15A6C3E7B3B753EF50C5F3EA55B8A3E47B17D3EF3A7113EBBBAFE3E7515CF3F02772D3E9FF1523E78AE753F0728743E93B3EA3E6B677F3F09D4633E999AA63E857D5B3EE010C73EAA79DD3E897E353ED26C5D3EAF060C3E8E5C0C3EE6223E3E9E2C993E87A5093EF49E023E975F913E8D0B0F3EF63CDA3E899D453E847A3A3F00B5EE3E97D1BB,
3E7B3B753EF50C5F3EA55B8A3E7515CF3F02772D3E9FF1523E47B17D3EF3A7113EBBBAFE3E78AE753F0728743E93B3EA3E7515CF3F02772D3E9FF1523E847A3A3F00B5EE3E97D1BB3E5E264E3F102CA13E909C3D3E6B677F3F09D4633E999AA63E73DC053F0BE6C53E8AFE823E6B677F3F09D4633E999AA63E78AE753F0728743E93B3EA3E73DC053F0BE6C53E8AFE82,
3E9C7CB73ECDEC5F3E98A2A93E913B5C3EEC63493E91EF313E8E5C0C3EE6223E3E9E2C993E897E353ED26C5D3EAF060C3E95A7D23ED02F0E3EA16A6A3E8E5C0C3EE6223E3E9E2C993E8E5C0C3EE6223E3E9E2C993E913B5C3EEC63493E91EF313E87A5093EF49E023E975F913E7B3B753EF50C5F3EA55B8A3E847A3A3F00B5EE3E97D1BB3E7515CF3F02772D3E9FF152,
3E4AE5793EE401A33EBFED633E34827B3ED32D0A3ECBD61F3E69F1AE3ED17F413EBE5CF63E87A5093EF49E023E975F913E847A3A3F00B5EE3E97D1BB3E7B3B753EF50C5F3EA55B8A3E9C7CB73ECDEC5F3E98A2A93E8E5C0C3EE6223E3E9E2C993E95A7D23ED02F0E3EA16A6A3E749E883EE69EA13EB15A6C3E857D5B3EE010C73EAA79DD3E7B3B753EF50C5F3EA55B8A,
3E8E5C0C3EE6223E3E9E2C993E87A5093EF49E023E975F913E857D5B3EE010C73EAA79DD3E73DC053F0BE6C53E8AFE823E78AE753F0728743E93B3EA3E8369983F079A4A3E8107103E5F86A13F088E043EA1EF313E43AD193F049A133EB0D34A3E7515CF3F02772D3E9FF1523E5A03C53F0E61073E98BB0A3E5F86A13F088E043EA1EF313E6B677F3F09D4633E999AA6,
3E88BB6F3F00C1983E8C29E13E8369983F079A4A3E8107103E847A3A3F00B5EE3E97D1BB3E78AE753F0728743E93B3EA3E847A3A3F00B5EE3E97D1BB3E8369983F079A4A3E8107103E47B17D3EF3A7113EBBBAFE3E7515CF3F02772D3E9FF1523E43AD193F049A133EB0D34A3E6B677F3F09D4633E999AA63E5E264E3F102CA13E909C3D3E5A03C53F0E61073E98BB0A,
3E8195893ED0826B3EB64A173E749E883EE69EA13EB15A6C3E724DD33EDA3F8A3EB6BB993E8195893ED0826B3EB64A173E724DD33EDA3F8A3EB6BB993E69F1AE3ED17F413EBE5CF63E7515CF3F02772D3E9FF1523E6B677F3F09D4633E999AA63E5F86A13F088E043EA1EF313E913B5C3EEC63493E91EF313E8D0B0F3EF63CDA3E899D453E87A5093EF49E023E975F91,
3E8195893ED0826B3EB64A173E897E353ED26C5D3EAF060C3E749E883EE69EA13EB15A6C3E8D0B0F3EF63CDA3E899D453E88BB6F3F00C1983E8C29E13E847A3A3F00B5EE3E97D1BB3E59C94F3EEB506E3EB88F433E749E883EE69EA13EB15A6C3E47B17D3EF3A7113EBBBAFE3E69F1AE3ED17F413EBE5CF63E59C94F3EEB506E3EB88F433E4AE5793EE401A33EBFED63,
3EAA6AEC3F1AB8D8BEECEAF23EA23E7D3F22E9BCBEF243573EAB55473F24EF9ABEEC9A133E93D1CC3EEFA2CF3E8BFB593E913B5C3EEC63493E91EF313E9C7CB73ECDEC5F3E98A2A93E87A5093EF49E023E975F913E7B3B753EF50C5F3EA55B8A3E857D5B3EE010C73EAA79DD3E897E353ED26C5D3EAF060C3E857D5B3EE010C73EAA79DD3E749E883EE69EA13EB15A6C,
3EAD3DA73F32EAC8BED45DC83EAC8FFC3F2F8E3BBEDE4C303EA554333F368A0DBED9A2E83E9580C33F23CE10BEF9B9B63EA061203F2CFCA4BEEE3D813EA23E7D3F22E9BCBEF243573E6FA7A83F29F634BEF95A293E737E2C3F36E771BEF7AE143E880A7C3F295B14BEF9E4D63E96B2F23F14BE0EBF00D4453EA1C0CA3F16F135BEF963BB3EA08E153F128E71BEF997C4,
3E8D56B03F3CB70BBEE8995B3E956FDB3F35656FBEED50873E90F96E3F335AB8BEF28E0D3E8EDC1A3F176DCABF0223D13E96B2F23F14BE0EBF00D4453E8AE6643F11C5C5BF01EAFF3E5888723F3A6EA8BEF852F83E6C54373F3281CBBEF8A47F3E55BC453F373D9FBEF80C743E66262D3F2261E1BEFFA4E83E87B9E03F23E100BEFDA1883E773EAB3F1D63CCBF00DFBD,
3E84F7233F35BDD7BEF62E6F3E90F96E3F335AB8BEF28E0D3E9084623F29CE5BBEF837503E87B9E03F23E100BEFDA1883E880A7C3F295B14BEF9E4D63E9084623F29CE5BBEF837503E87B9E03F23E100BEFDA1883E8AFAF83F1F01EBBF00B34E3E773EAB3F1D63CCBF00DFBD3E6FA7A83F29F634BEF95A293E543E533F2D934FBEF7CF813E6C54373F3281CBBEF8A47F,
3EA061203F2CFCA4BEEE3D813EAC00543F28D003BEE8F9093EAB55473F24EF9ABEEC9A133EA098913F1CCDC8BEF80A5B3E9878FB3F1B9171BEFF36263EA23E7D3F22E9BCBEF243573E497E993F10535DBEFDE13B3E55757D3F149279BF00A0C33E64F54D3F0ED730BF0024923E6578A33F17924BBF0162073E7458043F11DCB5BF01C11E3E55757D3F149279BF00A0C3,
3EABBC2C3F14B9AABEEC2DCF3EA1C0CA3F16F135BEF963BB3EAA6AEC3F1AB8D8BEECEAF23E7458043F11DCB5BF01C11E3E855F353F16699CBF0253973E8AE6643F11C5C5BF01EAFF3EAC8FFC3F2F8E3BBEDE4C303E9FCB713F337889BEE6F7E43EA554333F368A0DBED9A2E83E773EAB3F1D63CCBF00DFBD3E855F353F16699CBF0253973E6578A33F17924BBF016207,
3E9084623F29CE5BBEF837503E9580C33F23CE10BEF9B9B63E87B9E03F23E100BEFDA1883EABBC2C3F14B9AABEEC2DCF3EAB7B6C3F0EA79CBEE1B4BB3EA5FB943F0EE70CBEF097633E8EDC1A3F176DCABF0223D13E855F353F16699CBF0253973E8AFAF83F1F01EBBF00B34E3E837C783F0D14C2BF0038E33E7458043F11DCB5BF01C11E3E8AE6643F11C5C5BF01EAFF,
3EA5FB943F0EE70CBEF097633EA1C0CA3F16F135BEF963BB3EABBC2C3F14B9AABEEC2DCF3E9580C33F23CE10BEF9B9B63E9878FB3F1B9171BEFF36263E8AFAF83F1F01EBBF00B34E3E84F7233F35BDD7BEF62E6F3E9084623F29CE5BBEF837503E880A7C3F295B14BEF9E4D63E4CD3173F16F7A1BF0134483E6578A33F17924BBF0162073E55757D3F149279BF00A0C3,
3EA1C0CA3F16F135BEF963BB3EA098913F1CCDC8BEF80A5B3EAA6AEC3F1AB8D8BEECEAF23E6FA7A83F29F634BEF95A293E87B9E03F23E100BEFDA1883E66262D3F2261E1BEFFA4E83E5DEBD93F2753F8BEFCDAD33E6FA7A83F29F634BEF95A293E66262D3F2261E1BEFFA4E83E9878FB3F1B9171BEFF36263EA098913F1CCDC8BEF80A5B3EA1C0CA3F16F135BEF963BB,
3E8AE6643F11C5C5BF01EAFF3E96B2F23F14BE0EBF00D4453E92B7DC3F0F0B28BEFFEBD13E413B9F3F249E88BF0117613E66262D3F2261E1BEFFA4E83E5027523F200725BF0147173E9878FB3F1B9171BEFF36263E96B2F23F14BE0EBF00D4453E8EDC1A3F176DCABF0223D13E956FDB3F35656FBEED50873E9FCB713F337889BEE6F7E43EA061203F2CFCA4BEEE3D81,
3E737E2C3F36E771BEF7AE143E6C54373F3281CBBEF8A47F3E5888723F3A6EA8BEF852F83E773EAB3F1D63CCBF00DFBD3E6578A33F17924BBF0162073E66262D3F2261E1BEFFA4E83EAC00543F28D003BEE8F9093E9FCB713F337889BEE6F7E43EAC8FFC3F2F8E3BBEDE4C303E8D56B03F3CB70BBEE8995B3EA554333F368A0DBED9A2E83E9FCB713F337889BEE6F7E4,
3E8AE6643F11C5C5BF01EAFF3E855F353F16699CBF0253973E8EDC1A3F176DCABF0223D13EA098913F1CCDC8BEF80A5B3EA23E7D3F22E9BCBEF243573EAA6AEC3F1AB8D8BEECEAF23E87B9E03F23E100BEFDA1883E9580C33F23CE10BEF9B9B63E8AFAF83F1F01EBBF00B34E3E7458043F11DCB5BF01C11E3E6578A33F17924BBF0162073E855F353F16699CBF025397,
3E8D56B03F3CB70BBEE8995B3E9FCB713F337889BEE6F7E43E956FDB3F35656FBEED50873E6C54373F3281CBBEF8A47F3E543E533F2D934FBEF7CF813E4805603F2FAA69BEF5FB0D3E4C3A003F3335A0BEF628ED3E6C54373F3281CBBEF8A47F3E4805603F2FAA69BEF5FB0D3E84F7233F35BDD7BEF62E6F3E86A2903F3BA030BEEF9B353E90F96E3F335AB8BEF28E0D,
3E8AFAF83F1F01EBBF00B34E3E9878FB3F1B9171BEFF36263E8EDC1A3F176DCABF0223D13E8AFAF83F1F01EBBF00B34E3E855F353F16699CBF0253973E773EAB3F1D63CCBF00DFBD3EAB7B6C3F0EA79CBEE1B4BB3EABF9C63F11EC3EBEDA17093EA876C03F0CAAFCBED9904B3E58AEB83F1CABB4BF00FE153E6578A33F17924BBF0162073E4CD3173F16F7A1BF013448,
3E92B7DC3F0F0B28BEFFEBD13E837C783F0D14C2BF0038E33E8AE6643F11C5C5BF01EAFF3E8D56B03F3CB70BBEE8995B3E90F96E3F335AB8BEF28E0D3E86A2903F3BA030BEEF9B353EAC00543F28D003BEE8F9093EA061203F2CFCA4BEEE3D813E9FCB713F337889BEE6F7E43E96B2F23F14BE0EBF00D4453E9D2D453F0C8C82BEF6B3143E92B7DC3F0F0B28BEFFEBD1,
3E90F96E3F335AB8BEF28E0D3EA061203F2CFCA4BEEE3D813E9084623F29CE5BBEF837503EA061203F2CFCA4BEEE3D813E9580C33F23CE10BEF9B9B63E9084623F29CE5BBEF837503E956FDB3F35656FBEED50873EA061203F2CFCA4BEEE3D813E90F96E3F335AB8BEF28E0D3E7458043F11DCB5BF01C11E3E837C783F0D14C2BF0038E33E64F54D3F0ED730BF002492,
3EAB55473F24EF9ABEEC9A133EA23E7D3F22E9BCBEF243573EA061203F2CFCA4BEEE3D813EA23E7D3F22E9BCBEF243573E9878FB3F1B9171BEFF36263E9580C33F23CE10BEF9B9B63E5DEBD93F2753F8BEFCDAD33E66262D3F2261E1BEFFA4E83E413B9F3F249E88BF0117613E5DEBD93F2753F8BEFCDAD33E543E533F2D934FBEF7CF813E6FA7A83F29F634BEF95A29,
3E96B2F23F14BE0EBF00D4453E9878FB3F1B9171BEFF36263EA1C0CA3F16F135BEF963BB3E87B9E03F23E100BEFDA1883E6FA7A83F29F634BEF95A293E880A7C3F295B14BEF9E4D63E66262D3F2261E1BEFFA4E83E6578A33F17924BBF0162073E58AEB83F1CABB4BF00FE153E5027523F200725BF0147173E66262D3F2261E1BEFFA4E83E58AEB83F1CABB4BF00FE15,
3E64F54D3F0ED730BF0024923E55757D3F149279BF00A0C33E7458043F11DCB5BF01C11E3E6C54373F3281CBBEF8A47F3E4C3A003F3335A0BEF628ED3E55BC453F373D9FBEF80C743EA08E153F128E71BEF997C43EA5FB943F0EE70CBEF097633E9D2D453F0C8C82BEF6B3143EA08E153F128E71BEF997C43E9D2D453F0C8C82BEF6B3143E96B2F23F14BE0EBF00D445,
3E9CCD963F3192EABEAB54A03EA0409E3F35A933BEAF9AAE3E975FF63F393DD9BEA9717E3E6FA7A83F29F634BEF95A293E6C54373F3281CBBEF8A47F3E737E2C3F36E771BEF7AE143EA08E153F128E71BEF997C43EA1C0CA3F16F135BEF963BB3EA5FB943F0EE70CBEF097633E737E2C3F36E771BEF7AE143E84F7233F35BDD7BEF62E6F3E880A7C3F295B14BEF9E4D6,
3E9D933E3F18358BBE9B78033E9661283F11289EBE9B27673EA494B43F13D86BBE9F279A3EB69AD43F2464AABEBFA5093EA977A73F2F163CBEB516333EB10F523F262C99BEB73C0C3EA494B43F13D86BBE9F279A3E9661283F11289EBE9B27673EA12F4D3F0F62D8BEA0CB083E6E321A3F380DC3BE9088D73E73CF2D3F349BB7BE95B4893E7BA3013F3A0818BE92FCAD,
3EA605683F38D317BECEAE3A3EAD3DA73F32EAC8BED45DC83EA554333F368A0DBED9A2E83E8B328B3F1340B3BE8A25D93E8392193F0D466FBE8A27F23E8F5CD13F11CBABBE951F3F3E860A853F2D46C3BE9B517A3E851B933F324F12BE9EBBBA3E7F583A3F3295A7BE9BA4513EAD3DA73F32EAC8BED45DC83EAC8FFC3F2F8E3BBEDE4C303EA554333F368A0DBED9A2E8,
3EB69AD43F2464AABEBFA5093EB203C53F2E5B53BEC3D3C33EA88DF33F335D25BEB8913A3EB203C53F2E5B53BEC3D3C33EA4DCCA3F39D8E8BEC449FD3EA6DACB3F36C8A3BEBCD7F13E86E71D3F0C84B6BE9737763E8CF3343F0AE88EBE9E23F23E8F5CD13F11CBABBE951F3F3E95AFB03F2971E3BEA474DA3EA7BF833F20F26BBEA5E7213EA1D0853F29A166BEABBE66,
3E851B933F324F12BE9EBBBA3E83C72E3F3670E3BE9D0D4A3E7F583A3F3295A7BE9BA4513E8BBBE83F2D1CF3BEA0E5C53E975FF63F393DD9BEA9717E3E90C7E33F327019BEA42EBA3E685BE23F325786BE8919263E73CF2D3F349BB7BE95B4893E6E321A3F380DC3BE9088D73EAD53483F11244ABEA4F8B63EA12F4D3F0F62D8BEA0CB083EA679683F0B89F8BEA81C71,
3E92B6AE3F1F2FCBBE94ED913E978FAC3F1FD07DBE9AB0423E8BBBE83F2D1CF3BEA0E5C53E860A853F2D46C3BE9B517A3E8A99D93F2993F7BE9A3D0C3E8BBBE83F2D1CF3BEA0E5C53E8F5CD13F11CBABBE951F3F3E8392193F0D466FBE8A27F23E86E71D3F0C84B6BE9737763EA977A73F2F163CBEB516333EA949623F271B48BEAF92B03EB10F523F262C99BEB73C0C,
3E90C7E33F327019BEA42EBA3E851B933F324F12BE9EBBBA3E8BBBE83F2D1CF3BEA0E5C53E90C7E33F327019BEA42EBA3E8B7AC43F39409ABEA1797D3E83C72E3F3670E3BE9D0D4A3E851B933F324F12BE9EBBBA3E90C7E33F327019BEA42EBA3E83C72E3F3670E3BE9D0D4A3EAC8FFC3F2F8E3BBEDE4C303E9FCB713F337889BEE6F7E43EA554333F368A0DBED9A2E8,
3E9661283F11289EBE9B27673E9D933E3F18358BBE9B78033E9578C43F180FCBBE9669CF3E9D933E3F18358BBE9B78033E95CE9E3F1B3B32BE96C43F3E9578C43F180FCBBE9669CF3EA7BF833F20F26BBEA5E7213EA4BAF93F1CD552BEA06C013EB116233F1BE415BEA8533B3EA88DF33F335D25BEB8913A3EA6DACB3F36C8A3BEBCD7F13E9E72323F3BAF10BEB54E6E,
3E8BB2DD3F220903BE8B95C43E8D13303F1BF76ABE870BAF3E95CE9E3F1B3B32BE96C43F3EAD53483F11244ABEA4F8B63EA494B43F13D86BBE9F279A3EA12F4D3F0F62D8BEA0CB083EAD53483F11244ABEA4F8B63EA679683F0B89F8BEA81C713EB449FD3F0D8373BEB02D383E860A853F2D46C3BE9B517A3E685BE23F325786BE8919263E800B033F2B6CDFBE89B7E1,
3E8B328B3F1340B3BE8A25D93E9578C43F180FCBBE9669CF3E8C8D7E3F1909AFBE869C673E8BBBE83F2D1CF3BEA0E5C53E95AFB03F2971E3BEA474DA3EA1D0853F29A166BEABBE663E9CCD963F3192EABEAB54A03E8BBBE83F2D1CF3BEA0E5C53EA1D0853F29A166BEABBE663E8D13303F1BF76ABE870BAF3E9578C43F180FCBBE9669CF3E95CE9E3F1B3B32BE96C43F,
3EA977A73F2F163CBEB516333EA88DF33F335D25BEB8913A3EA0409E3F35A933BEAF9AAE3E9E72323F3BAF10BEB54E6E3EA0409E3F35A933BEAF9AAE3EA88DF33F335D25BEB8913A3E7F583A3F3295A7BE9BA4513E73CF2D3F349BB7BE95B4893E685BE23F325786BE8919263E9578C43F180FCBBE9669CF3E8D13303F1BF76ABE870BAF3E8C8D7E3F1909AFBE869C67,
3EA977A73F2F163CBEB516333EA1D0853F29A166BEABBE663EA949623F271B48BEAF92B03EA1D0853F29A166BEABBE663EA977A73F2F163CBEB516333EA0409E3F35A933BEAF9AAE3E9661283F11289EBE9B27673E9578C43F180FCBBE9669CF3E8F5CD13F11CBABBE951F3F3E8D56B03F3CB70BBEE8995B3EA554333F368A0DBED9A2E83E9FCB713F337889BEE6F7E4,
3EA4DCCA3F39D8E8BEC449FD3EB203C53F2E5B53BEC3D3C33EB0151A3F3173B8BECBECAB3EAD3DA73F32EAC8BED45DC83EA605683F38D317BECEAE3A3EB0151A3F3173B8BECBECAB3E800B033F2B6CDFBE89B7E13E8A99D93F2993F7BE9A3D0C3E860A853F2D46C3BE9B517A3EA1D0853F29A166BEABBE663EA7BF833F20F26BBEA5E7213EA949623F271B48BEAF92B0,
3E95CE9E3F1B3B32BE96C43F3E978FAC3F1FD07DBE9AB0423E92B6AE3F1F2FCBBE94ED913E8B328B3F1340B3BE8A25D93E8F5CD13F11CBABBE951F3F3E9578C43F180FCBBE9669CF3EABF9C63F11EC3EBEDA17093EAB9ECF3F0E02B8BED708CC3EA876C03F0CAAFCBED9904B3EAB7B6C3F0EA79CBEE1B4BB3EABF9C63F11EC3EBEDA17093EA876C03F0CAAFCBED9904B,
3E7F583A3F3295A7BE9BA4513E83C72E3F3670E3BE9D0D4A3E73CF2D3F349BB7BE95B4893E9661283F11289EBE9B27673E8CF3343F0AE88EBE9E23F23EA12F4D3F0F62D8BEA0CB083E978FAC3F1FD07DBE9AB0423EA7BF833F20F26BBEA5E7213E95AFB03F2971E3BEA474DA3E978FAC3F1FD07DBE9AB0423E95AFB03F2971E3BEA474DA3E8BBBE83F2D1CF3BEA0E5C5,
3E8F5CD13F11CBABBE951F3F3E8CF3343F0AE88EBE9E23F23E9661283F11289EBE9B27673EB0151A3F3173B8BECBECAB3EA605683F38D317BECEAE3A3EA4DCCA3F39D8E8BEC449FD3EA1D0853F29A166BEABBE663EA0409E3F35A933BEAF9AAE3E9CCD963F3192EABEAB54A03E83C72E3F3670E3BE9D0D4A3E7BA3013F3A0818BE92FCAD3E73CF2D3F349BB7BE95B489,
3E8A99D93F2993F7BE9A3D0C3E92B6AE3F1F2FCBBE94ED913E8BBBE83F2D1CF3BEA0E5C53E92B6AE3F1F2FCBBE94ED913E800B033F2B6CDFBE89B7E13E8BB2DD3F220903BE8B95C43EA88DF33F335D25BEB8913A3EB203C53F2E5B53BEC3D3C33EA6DACB3F36C8A3BEBCD7F13EA949623F271B48BEAF92B03EA7BF833F20F26BBEA5E7213EB116233F1BE415BEA8533B,
3EA4BAF93F1CD552BEA06C013E9D933E3F18358BBE9B78033EB27B4E3F15BBE0BEA651B13EB116233F1BE415BEA8533B3EA4BAF93F1CD552BEA06C013EB27B4E3F15BBE0BEA651B13EA494B43F13D86BBE9F279A3EAD53483F11244ABEA4F8B63EB27B4E3F15BBE0BEA651B13E9D933E3F18358BBE9B78033EA494B43F13D86BBE9F279A3EB27B4E3F15BBE0BEA651B1,
3E851B933F324F12BE9EBBBA3E860A853F2D46C3BE9B517A3E8BBBE83F2D1CF3BEA0E5C53E978FAC3F1FD07DBE9AB0423EA4BAF93F1CD552BEA06C013EA7BF833F20F26BBEA5E7213E95CE9E3F1B3B32BE96C43F3E92B6AE3F1F2FCBBE94ED913E8BB2DD3F220903BE8B95C43EA977A73F2F163CBEB516333EB69AD43F2464AABEBFA5093EA88DF33F335D25BEB8913A,
3E685BE23F325786BE8919263E860A853F2D46C3BE9B517A3E7F583A3F3295A7BE9BA4513EB6EF1C3F1FD252BEB546F63EB10F523F262C99BEB73C0C3EA949623F271B48BEAF92B03EB116233F1BE415BEA8533B3EB6EF1C3F1FD252BEB546F63EA949623F271B48BEAF92B03E92B6AE3F1F2FCBBE94ED913E8A99D93F2993F7BE9A3D0C3E800B033F2B6CDFBE89B7E1,
3E8B7AC43F39409ABEA1797D3E90C7E33F327019BEA42EBA3E975FF63F393DD9BEA9717E3E975FF63F393DD9BEA9717E3E8BBBE83F2D1CF3BEA0E5C53E9CCD963F3192EABEAB54A03E95CE9E3F1B3B32BE96C43F3E9D933E3F18358BBE9B78033EA4BAF93F1CD552BEA06C013E978FAC3F1FD07DBE9AB0423E95CE9E3F1B3B32BE96C43F3EA4BAF93F1CD552BEA06C01,
3E8B328B3F1340B3BE8A25D93E8392193F0D466FBE8A27F23E8F5CD13F11CBABBE951F3F3E6ADC903F24FF43BE6BF76A3E5AEC073F2823EABE64B9CB3E5238973F2365EDBE58726D3E5B2D4D3F1298EEBE23860A3E76B8B73F0A0232BE1902153E71244A3F0C1A26BE2897203E6E321A3F380DC3BE9088D73E73CF2D3F349BB7BE95B4893E7BA3013F3A0818BE92FCAD,
3E7C4AC73F15F9BEBE73760C3E66CCE63F15C800BE5E69F03E75CC423F0F3BC9BE79A4DF3E685BE23F325786BE8919263E73CF2D3F349BB7BE95B4893E6E321A3F380DC3BE9088D73E71244A3F0C1A26BE2897203E7B68CF3F086AF4BE4CB07D3E5B2D4D3F1298EEBE23860A3E64095F3F0E8D43BE4DBB9D3E5B2D4D3F1298EEBE23860A3E7B68CF3F086AF4BE4CB07D,
3E8561B33F119EC7BE8405D53E7C4AC73F15F9BEBE73760C3E7D96A73F0C6DA4BE84371E3E6B79533F2D43AFBE8194C03E6ADC903F24FF43BE6BF76A3E800B033F2B6CDFBE89B7E13E8F5CD13F11CBABBE951F3F3E8392193F0D466FBE8A27F23E86E71D3F0C84B6BE9737763E75CC423F0F3BC9BE79A4DF3E66CCE63F15C800BE5E69F03E5DC2F43F12642CBE59131F,
3E860A853F2D46C3BE9B517A3E685BE23F325786BE8919263E800B033F2B6CDFBE89B7E13E75CC423F0F3BC9BE79A4DF3E5DC2F43F12642CBE59131F3E6AEFB33F0EA36ABE6741D13E50C0AD3F15E2BDBE5595FF3E66CCE63F15C800BE5E69F03E67B2CC3F1BAB75BE621EA33E6EAC433F20850ABE692C493E67B2CC3F1BAB75BE621EA33E7CE8D93F1BF045BE7258D6,
3E5B2D4D3F1298EEBE23860A3E64095F3F0E8D43BE4DBB9D3E45B35B3F158DCEBE44E0983E45B35B3F158DCEBE44E0983E64095F3F0E8D43BE4DBB9D3E57631B3F1278E2BE5419A03E8D13303F1BF76ABE870BAF3E9578C43F180FCBBE9669CF3E95CE9E3F1B3B32BE96C43F3E8BB2DD3F220903BE8B95C43E8D13303F1BF76ABE870BAF3E95CE9E3F1B3B32BE96C43F,
3E6121683F1EFE0DBE5CAEA73E50F8C63F1C28A2BE523AB03E67B2CC3F1BAB75BE621EA33E7F583A3F3295A7BE9BA4513E73CF2D3F349BB7BE95B4893E685BE23F325786BE8919263E9578C43F180FCBBE9669CF3E8D13303F1BF76ABE870BAF3E8C8D7E3F1909AFBE869C673E8B328B3F1340B3BE8A25D93E9578C43F180FCBBE9669CF3E8C8D7E3F1909AFBE869C67,
3E5DC2F43F12642CBE59131F3E64095F3F0E8D43BE4DBB9D3E6565803F0E9BAEBE587AD13E5E51D23F11B164BE17A2CF3E6958973F0C5261BE05989E3E76B8B73F0A0232BE1902153E67B2CC3F1BAB75BE621EA33E50F8C63F1C28A2BE523AB03E50C0AD3F15E2BDBE5595FF3E8BB2DD3F220903BE8B95C43E800B033F2B6CDFBE89B7E13E6ADC903F24FF43BE6BF76A,
3E800B033F2B6CDFBE89B7E13E8A99D93F2993F7BE9A3D0C3E860A853F2D46C3BE9B517A3E8B328B3F1340B3BE8A25D93E7D96A73F0C6DA4BE84371E3E8392193F0D466FBE8A27F23E5F6C273F33DB3CBE8489D23E685BE23F325786BE8919263E6E321A3F380DC3BE9088D73E8D13303F1BF76ABE870BAF3E7CE8D93F1BF045BE7258D63E830F493F1921CDBE78E326,
3E6ADC903F24FF43BE6BF76A3E6121683F1EFE0DBE5CAEA73E6EAC433F20850ABE692C493E64095F3F0E8D43BE4DBB9D3E5DC2F43F12642CBE59131F3E57631B3F1278E2BE5419A03E7CE8D93F1BF045BE7258D63E6ADC903F24FF43BE6BF76A3E6EAC433F20850ABE692C493E53EEA23F2FCA64BE7564B63E6B79533F2D43AFBE8194C03E685BE23F325786BE891926,
3E66CCE63F15C800BE5E69F03E50C0AD3F15E2BDBE5595FF3E5DC2F43F12642CBE59131F3E7D96A73F0C6DA4BE84371E3E7C4AC73F15F9BEBE73760C3E75CC423F0F3BC9BE79A4DF3E67B2CC3F1BAB75BE621EA33E66CCE63F15C800BE5E69F03E7CE8D93F1BF045BE7258D63E8B328B3F1340B3BE8A25D93E8F5CD13F11CBABBE951F3F3E9578C43F180FCBBE9669CF,
3E5DC2F43F12642CBE59131F3E6565803F0E9BAEBE587AD13E6AEFB33F0EA36ABE6741D13E92B6AE3F1F2FCBBE94ED913E800B033F2B6CDFBE89B7E13E8BB2DD3F220903BE8B95C43E8561B33F119EC7BE8405D53E7D96A73F0C6DA4BE84371E3E8B328B3F1340B3BE8A25D93E76B8B73F0A0232BE1902153E5B2D4D3F1298EEBE23860A3E5E51D23F11B164BE17A2CF,
3E7CE8D93F1BF045BE7258D63E7C4AC73F15F9BEBE73760C3E830F493F1921CDBE78E3263E6B79533F2D43AFBE8194C03E53EEA23F2FCA64BE7564B63E5AEC073F2823EABE64B9CB3E6ADC903F24FF43BE6BF76A3E6B79533F2D43AFBE8194C03E5AEC073F2823EABE64B9CB3E6B79533F2D43AFBE8194C03E800B033F2B6CDFBE89B7E13E685BE23F325786BE891926,
3E92B6AE3F1F2FCBBE94ED913E8A99D93F2993F7BE9A3D0C3E800B033F2B6CDFBE89B7E13E685BE23F325786BE8919263E5F6C273F33DB3CBE8489D23E53EEA23F2FCA64BE7564B63E95CE9E3F1B3B32BE96C43F3E92B6AE3F1F2FCBBE94ED913E8BB2DD3F220903BE8B95C43E5238973F2365EDBE58726D3E6121683F1EFE0DBE5CAEA73E6ADC903F24FF43BE6BF76A,
3E6958973F0C5261BE05989E3E5E51D23F11B164BE17A2CF3E61EEEE3F0FF67FBDDBDF093E685BE23F325786BE8919263E860A853F2D46C3BE9B517A3E7F583A3F3295A7BE9BA4513E66CCE63F15C800BE5E69F03E7C4AC73F15F9BEBE73760C3E7CE8D93F1BF045BE7258D63E5F6C273F33DB3CBE8489D23E6E321A3F380DC3BE9088D73E5CE5713F384A94BE86F998,
3E7C4AC73F15F9BEBE73760C3E8561B33F119EC7BE8405D53E8C8D7E3F1909AFBE869C673E8C8D7E3F1909AFBE869C673E8561B33F119EC7BE8405D53E8B328B3F1340B3BE8A25D93E6ADC903F24FF43BE6BF76A3E7CE8D93F1BF045BE7258D63E8BB2DD3F220903BE8B95C43E8D13303F1BF76ABE870BAF3E8BB2DD3F220903BE8B95C43E7CE8D93F1BF045BE7258D6,
3E51B4BB3F19E9F2BC1795B33E6279143F1AE46D3CA539753E6C55863F169B073AF16F443E67B2CC3F1BAB75BE621EA33E6EAC433F20850ABE692C493E6121683F1EFE0DBE5CAEA73E830F493F1921CDBE78E3263E7C4AC73F15F9BEBE73760C3E8C8D7E3F1909AFBE869C673E8D13303F1BF76ABE870BAF3E830F493F1921CDBE78E3263E8C8D7E3F1909AFBE869C67,
3E71040C3F10DB6ABD2458043E7CBF6E3F09740CBD7202103E7024703F0C9DD0BD73A57F3E71040C3F10DB6ABD2458043E890E883F07078EBD2B4C7F3E7CBF6E3F09740CBD7202103E61B79E3F12BBEDBD56A26E3E7024703F0C9DD0BD73A57F3E6409A23F0FB667BD8FCE743E61EEEE3F0FF67FBDDBDF093E56E7603F121CEFBDAF14553E70724B3F0BF983BDC28ED6,
3E74DE7F3F1388DBBC55E8D53E71040C3F10DB6ABD2458043E6103003F1676A7BCBA365D3E6C55863F169B073AF16F443E74DE7F3F1388DBBC55E8D53E6103003F1676A7BCBA365D3E6103003F1676A7BCBA365D3E51B4BB3F19E9F2BC1795B33E6C55863F169B073AF16F443E7F42783F147BFE3C8BE7293E89819D3F0B25B33BDB9C733E74DE7F3F1388DBBC55E8D5,
3E61B79E3F12BBEDBD56A26E3E6103003F1676A7BCBA365D3E71040C3F10DB6ABD2458043E5E51D23F11B164BE17A2CF3E6958973F0C5261BE05989E3E76B8B73F0A0232BE1902153E89819D3F0B25B33BDB9C733E82F5563F0DF4A1BC88FC933E74DE7F3F1388DBBC55E8D53E74DE7F3F1388DBBC55E8D53E6C55863F169B073AF16F443E7F42783F147BFE3C8BE729,
3E6279143F1AE46D3CA539753E51B4BB3F19E9F2BC1795B33E4BE7B03F1ED05F3CE8BE2F3E61B79E3F12BBEDBD56A26E3E6409A23F0FB667BD8FCE743E56E7603F121CEFBDAF14553E890E883F07078EBD2B4C7F3E71040C3F10DB6ABD2458043E82F5563F0DF4A1BC88FC933E82F5563F0DF4A1BC88FC933E71040C3F10DB6ABD2458043E74DE7F3F1388DBBC55E8D5,
3E71FAFD3F1AB6F23DFCA5373E7F63C33F1897853DBC66D33E6DA72A3F1BEF4A3DC5B0793E6958973F0C5261BE05989E3E5E51D23F11B164BE17A2CF3E61EEEE3F0FF67FBDDBDF093E70724B3F0BF983BDC28ED63E56E7603F121CEFBDAF14553E6409A23F0FB667BD8FCE743E7024703F0C9DD0BD73A57F3E61B79E3F12BBEDBD56A26E3E71040C3F10DB6ABD245804,
3E7F42783F147BFE3C8BE7293E89819D3F0B25B33BDB9C733E74DE7F3F1388DBBC55E8D53E7286B63F1B396D3D9CDD513E71A5873F1A6F503D605AB43E6279143F1AE46D3CA539753E877CAA3F1138473D2E9DD83E8DCA8E3F0D61B33D5E6FF83E89819D3F0B25B33BDB9C733E51B4BB3F19E9F2BC1795B33E6279143F1AE46D3CA539753E6C55863F169B073AF16F44,
3E8009D53F158B3F3E14B6E93E8B79B73F0DB9953E1C111B3E8BA7113F1058683DFE81453E87D3913F13A5093DE402083E8009D53F158B3F3E14B6E93E8BA7113F1058683DFE81453E7F42783F147BFE3C8BE7293E6279143F1AE46D3CA539753E71A5873F1A6F503D605AB43E6C55863F169B073AF16F443E6279143F1AE46D3CA539753E7F42783F147BFE3C8BE729,
3E6C55863F169B073AF16F443E74DE7F3F1388DBBC55E8D53E6103003F1676A7BCBA365D3E7EAFEE3F16EAEA3D4D6D3B3E877CAA3F1138473D2E9DD83E85872F3F11058E3CAD87F93E562A5E3F20C31A3DAC61D83E7286B63F1B396D3D9CDD513E6279143F1AE46D3CA539753E6103003F1676A7BCBA365D3E51B4BB3F19E9F2BC1795B33E6C55863F169B073AF16F44,
3E6279143F1AE46D3CA539753E4BE7B03F1ED05F3CE8BE2F3E562A5E3F20C31A3DAC61D83E71FAFD3F1AB6F23DFCA5373E6DA72A3F1BEF4A3DC5B0793E6478853F1DEB743E1CF0FA3E71FAFD3F1AB6F23DFCA5373E6478853F1DEB743E1CF0FA3E6EF0283F1BAA8B3E1459DA3E74DE7F3F1388DBBC55E8D53E6C55863F169B073AF16F443E7F42783F147BFE3C8BE729,
3E401A7A3F23F0133DD9FE433E45208E3F232E7B3E1544FE3E6478853F1DEB743E1CF0FA3E89819D3F0B25B33BDB9C733E82F5563F0DF4A1BC88FC933E74DE7F3F1388DBBC55E8D53E7EAFEE3F16EAEA3D4D6D3B3E7F42783F147BFE3C8BE7293E71A5873F1A6F503D605AB43E89A6B53F11B8FE3DA439153E87D3913F13A5093DE402083E8DB20C3F0F341E3DC919F0,
3E89A6B53F11B8FE3DA439153E7EAFEE3F16EAEA3D4D6D3B3E7F63C33F1897853DBC66D33E85872F3F11058E3CAD87F93E7F42783F147BFE3C8BE7293E7EAFEE3F16EAEA3D4D6D3B3E6EF0283F1BAA8B3E1459DA3E8009D53F158B3F3E14B6E93E71FAFD3F1AB6F23DFCA5373E95099E3F06A3483DA2FCF03E8A76323F0FD1893D8C06183E89A6B53F11B8FE3DA43915,
3E6DA72A3F1BEF4A3DC5B0793E562A5E3F20C31A3DAC61D83E6478853F1DEB743E1CF0FA3E7F63C33F1897853DBC66D33E87D3913F13A5093DE402083E89A6B53F11B8FE3DA439153E71FAFD3F1AB6F23DFCA5373E87D3913F13A5093DE402083E7F63C33F1897853DBC66D33E7EAFEE3F16EAEA3D4D6D3B3E7286B63F1B396D3D9CDD513E7F63C33F1897853DBC66D3,
3E6279143F1AE46D3CA539753E51B4BB3F19E9F2BC1795B33E4BE7B03F1ED05F3CE8BE2F3E7286B63F1B396D3D9CDD513E6DA72A3F1BEF4A3DC5B0793E7F63C33F1897853DBC66D33E71A5873F1A6F503D605AB43E7286B63F1B396D3D9CDD513E7EAFEE3F16EAEA3D4D6D3B3E562A5E3F20C31A3DAC61D83E401A7A3F23F0133DD9FE433E6478853F1DEB743E1CF0FA,
3E89819D3F0B25B33BDB9C733E7F42783F147BFE3C8BE7293E85872F3F11058E3CAD87F93E877CAA3F1138473D2E9DD83E7EAFEE3F16EAEA3D4D6D3B3E89A6B53F11B8FE3DA439153E87D3913F13A5093DE402083E71FAFD3F1AB6F23DFCA5373E8009D53F158B3F3E14B6E93E7286B63F1B396D3D9CDD513E562A5E3F20C31A3DAC61D83E6DA72A3F1BEF4A3DC5B079,
3E877CAA3F1138473D2E9DD83E89A6B53F11B8FE3DA439153E8A76323F0FD1893D8C06183E8DCA8E3F0D61B33D5E6FF83E877CAA3F1138473D2E9DD83E8A76323F0FD1893D8C06183E87D3913F13A5093DE402083E8BA7113F1058683DFE81453E8DB20C3F0F341E3DC919F03E89819D3F0B25B33BDB9C733E85872F3F11058E3CAD87F93E877CAA3F1138473D2E9DD8,
3E6478853F1DEB743E1CF0FA3E3FBDAD3F2373B03E32602D3E5C49343F1E24683E4033E83E77CC3A3F16D8A13E42DA123E83DC6A3F0D5FFE3E497D073E80FEAC3F1431F03E3781C73E83DC6A3F0D5FFE3E497D073E77CC3A3F16D8A13E42DA123E85CC213F09CC963E6203E63E8DB20C3F0F341E3DC919F03E95099E3F06A3483DA2FCF03E89A6B53F11B8FE3DA43915,
3E77CC3A3F16D8A13E42DA123E6CDA6E3F1944353E4DE6153E74C9003F146AF43E5F09963E8009D53F158B3F3E14B6E93E8B79B73F0DB9953E1C111B3E8BA7113F1058683DFE81453E87D3913F13A5093DE402083E8009D53F158B3F3E14B6E93E8BA7113F1058683DFE81453E653BD13F1497533E8462E53E5529BB3F17C5CE3E84FC613E5E264E3F102CA13E909C3D,
3E653BD13F1497533E8462E53E73DC053F0BE6C53E8AFE823E71F2133F13190D3E7BFCEB3E3FBDAD3F2373B03E32602D3E6478853F1DEB743E1CF0FA3E45208E3F232E7B3E1544FE3E77CC3A3F16D8A13E42DA123E80FEAC3F1431F03E3781C73E75D3DD3F19B1533E310C2C3E6CDA6E3F1944353E4DE6153E5C49343F1E24683E4033E83E5FEF7C3F1C155D3E510ECB,
3E71FAFD3F1AB6F23DFCA5373E6DA72A3F1BEF4A3DC5B0793E6478853F1DEB743E1CF0FA3E71FAFD3F1AB6F23DFCA5373E6478853F1DEB743E1CF0FA3E6EF0283F1BAA8B3E1459DA3E74C9003F146AF43E5F09963E71F2133F13190D3E7BFCEB3E7FBFC63F0E8B8F3E745C793E8521BC3F1214273E2461313E80FEAC3F1431F03E3781C73E83DC6A3F0D5FFE3E497D07,
3E8B79B73F0DB9953E1C111B3E8009D53F158B3F3E14B6E93E8521BC3F1214273E2461313E75D3DD3F19B1533E310C2C3E7C95C03F17A2AD3E2967883E6EF0283F1BAA8B3E1459DA3E6EF0283F1BAA8B3E1459DA3E6478853F1DEB743E1CF0FA3E75D3DD3F19B1533E310C2C3E74C9003F146AF43E5F09963E61769B3F1779EA3E7A9DE93E71F2133F13190D3E7BFCEB,
3E74C9003F146AF43E5F09963E6CDA6E3F1944353E4DE6153E60DF9C3F18430B3E63647C3E401A7A3F23F0133DD9FE433E45208E3F232E7B3E1544FE3E6478853F1DEB743E1CF0FA3E6CDA6E3F1944353E4DE6153E77CC3A3F16D8A13E42DA123E75D3DD3F19B1533E310C2C3E8009D53F158B3F3E14B6E93E7C95C03F17A2AD3E2967883E8521BC3F1214273E246131,
3E6DA72A3F1BEF4A3DC5B0793E562A5E3F20C31A3DAC61D83E6478853F1DEB743E1CF0FA3E6EF0283F1BAA8B3E1459DA3E8009D53F158B3F3E14B6E93E71FAFD3F1AB6F23DFCA5373E5E264E3F102CA13E909C3D3E73DC053F0BE6C53E8AFE823E653BD13F1497533E8462E53E75D3DD3F19B1533E310C2C3E80FEAC3F1431F03E3781C73E7C95C03F17A2AD3E296788,
3E7C95C03F17A2AD3E2967883E80FEAC3F1431F03E3781C73E8521BC3F1214273E2461313E8B79B73F0DB9953E1C111B3E8521BC3F1214273E2461313E8950983F09DB123E3E11563E61769B3F1779EA3E7A9DE93E74C9003F146AF43E5F09963E60DF9C3F18430B3E63647C3E562A5E3F20C31A3DAC61D83E401A7A3F23F0133DD9FE433E6478853F1DEB743E1CF0FA,
3E7FBFC63F0E8B8F3E745C793E85CC213F09CC963E6203E63E77CC3A3F16D8A13E42DA123E8521BC3F1214273E2461313E83DC6A3F0D5FFE3E497D073E8950983F09DB123E3E11563E6478853F1DEB743E1CF0FA3E5C49343F1E24683E4033E83E75D3DD3F19B1533E310C2C3E87D3913F13A5093DE402083E71FAFD3F1AB6F23DFCA5373E8009D53F158B3F3E14B6E9,
3E7FBFC63F0E8B8F3E745C793E71F2133F13190D3E7BFCEB3E73DC053F0BE6C53E8AFE823E6CDA6E3F1944353E4DE6153E5FEF7C3F1C155D3E510ECB3E60DF9C3F18430B3E63647C3E74C9003F146AF43E5F09963E7FBFC63F0E8B8F3E745C793E77CC3A3F16D8A13E42DA123E6CDA6E3F1944353E4DE6153E75D3DD3F19B1533E310C2C3E5C49343F1E24683E4033E8,
3E6FA7A83F29F634BEF95A293E737E2C3F36E771BEF7AE143E880A7C3F295B14BEF9E4D63E653BD13F1497533E8462E53E71F2133F13190D3E7BFCEB3E61769B3F1779EA3E7A9DE93E61769B3F1779EA3E7A9DE93E5529BB3F17C5CE3E84FC613E653BD13F1497533E8462E53E7C95C03F17A2AD3E2967883E8009D53F158B3F3E14B6E93E6EF0283F1BAA8B3E1459DA,
3EAD3DA73F32EAC8BED45DC83EAC8FFC3F2F8E3BBEDE4C303EA554333F368A0DBED9A2E83E5FD6953F4C6B48BED4FCA43E73C85C3F4B3AACBECE26D53E685FD03F49AF9FBEDD76EE3E5F44D43F42687FBEF208183E74FDB13F4470EBBEE883773E8001D63F3BCAEABEF2AE6D3E6356DA3F3E6DCEBEF4CA923E5F44D43F42687FBEF208183E8001D63F3BCAEABEF2AE6D,
3E44C7B03F4A6916BEEA67C73E685FD03F49AF9FBEDD76EE3E619E733F476039BEE8F3453E8D56B03F3CB70BBEE8995B3E956FDB3F35656FBEED50873E90F96E3F335AB8BEF28E0D3E44C7B03F4A6916BEEA67C73E4D17C63F4C1CC5BEDFEFE13E685FD03F49AF9FBEDD76EE3E5888723F3A6EA8BEF852F83E6C54373F3281CBBEF8A47F3E55BC453F373D9FBEF80C74,
3E9430B13F40BA84BED5DBDB3E8D56B03F3CB70BBEE8995B3E84C63F3F4541FABEDB777D3EAC8FFC3F2F8E3BBEDE4C303E9FCB713F337889BEE6F7E43EA554333F368A0DBED9A2E83E84F7233F35BDD7BEF62E6F3E90F96E3F335AB8BEF28E0D3E9084623F29CE5BBEF837503E685FD03F49AF9FBEDD76EE3E73C85C3F4B3AACBECE26D53E84C63F3F4541FABEDB777D,
3E5F44D43F42687FBEF208183E6356DA3F3E6DCEBEF4CA923E42A3CF3F3FA494BEFBA98F3E84F7233F35BDD7BEF62E6F3E9084623F29CE5BBEF837503E880A7C3F295B14BEF9E4D63E6356DA3F3E6DCEBEF4CA923E8001D63F3BCAEABEF2AE6D3E737E2C3F36E771BEF7AE143E8D56B03F3CB70BBEE8995B3E86A2903F3BA030BEEF9B353E74FDB13F4470EBBEE88377,
3E5F44D43F42687FBEF208183E307A293F444189BEFC7D5F3E74FDB13F4470EBBEE883773E8001D63F3BCAEABEF2AE6D3E74FDB13F4470EBBEE883773E86A2903F3BA030BEEF9B353E956FDB3F35656FBEED50873E9FCB713F337889BEE6F7E43EA061203F2CFCA4BEEE3D813E685FD03F49AF9FBEDD76EE3E74FDB13F4470EBBEE883773E619E733F476039BEE8F345,
3E737E2C3F36E771BEF7AE143E6C54373F3281CBBEF8A47F3E5888723F3A6EA8BEF852F83E685FD03F49AF9FBEDD76EE3E84C63F3F4541FABEDB777D3E74FDB13F4470EBBEE883773E8D56B03F3CB70BBEE8995B3EA554333F368A0DBED9A2E83E9FCB713F337889BEE6F7E43E307A293F444189BEFC7D5F3E44113C3F479192BEF1BC773E74FDB13F4470EBBEE88377,
3E685FD03F49AF9FBEDD76EE3E4D17C63F4C1CC5BEDFEFE13E5FD6953F4C6B48BED4FCA43E8D56B03F3CB70BBEE8995B3E9FCB713F337889BEE6F7E43E956FDB3F35656FBEED50873E6356DA3F3E6DCEBEF4CA923E5888723F3A6EA8BEF852F83E42A3CF3F3FA494BEFBA98F3E84F7233F35BDD7BEF62E6F3E86A2903F3BA030BEEF9B353E90F96E3F335AB8BEF28E0D,
3E737E2C3F36E771BEF7AE143E8001D63F3BCAEABEF2AE6D3E84F7233F35BDD7BEF62E6F3E9430B13F40BA84BED5DBDB3E84C63F3F4541FABEDB777D3E8DB63D3F44F356BECE28023E619E733F476039BEE8F3453E74FDB13F4470EBBEE883773E44113C3F479192BEF1BC773E84C63F3F4541FABEDB777D3E73C85C3F4B3AACBECE26D53E8DB63D3F44F356BECE2802,
3E8D56B03F3CB70BBEE8995B3E90F96E3F335AB8BEF28E0D3E86A2903F3BA030BEEF9B353E84F7233F35BDD7BEF62E6F3E8001D63F3BCAEABEF2AE6D3E86A2903F3BA030BEEF9B353EA554333F368A0DBED9A2E83E8D56B03F3CB70BBEE8995B3E9430B13F40BA84BED5DBDB3E84C63F3F4541FABEDB777D3E8D56B03F3CB70BBEE8995B3E74FDB13F4470EBBEE88377,
3E737E2C3F36E771BEF7AE143E84F7233F35BDD7BEF62E6F3E880A7C3F295B14BEF9E4D63E6356DA3F3E6DCEBEF4CA923E737E2C3F36E771BEF7AE143E5888723F3A6EA8BEF852F83E6C54373F3281CBBEF8A47F3E4C3A003F3335A0BEF628ED3E55BC453F373D9FBEF80C743E956FDB3F35656FBEED50873EA061203F2CFCA4BEEE3D813E90F96E3F335AB8BEF28E0D,
3E7DECE53F4669F0BE91D3AA3E8380ED3F467F1BBE9BCEA73E78E8EA3F4951A4BE92F0173E9A73713F3BFAA0BEAF37FC3E9E72323F3BAF10BEB54E6E3E9433D73F40B0AFBEAE97D03E9CCD963F3192EABEAB54A03EA0409E3F35A933BEAF9AAE3E975FF63F393DD9BEA9717E3E6FA7A83F29F634BEF95A293E6C54373F3281CBBEF8A47F3E737E2C3F36E771BEF7AE14,
3E6E321A3F380DC3BE9088D73E7BA3013F3A0818BE92FCAD3E6BFD723F3C622CBE8E81243E8B7AC43F39409ABEA1797D3E975FF63F393DD9BEA9717E3E90A99B3F3F7DA6BEA82E023E6E321A3F380DC3BE9088D73E73CF2D3F349BB7BE95B4893E7BA3013F3A0818BE92FCAD3E9433D73F40B0AFBEAE97D03E9E72323F3BAF10BEB54E6E3E8B68273F463FBCBEADF8F4,
3E5FD6953F4C6B48BED4FCA43E5948563F4E1E71BECC3B0C3E73C85C3F4B3AACBECE26D53E810BC83F3B6D65BE94B3A23E83D0E13F42B1A3BE963A193E80C5EB3F40DFDFBE923A8E3EAD3DA73F32EAC8BED45DC83EAC8FFC3F2F8E3BBEDE4C303EA554333F368A0DBED9A2E83E5FD6953F4C6B48BED4FCA43E73C85C3F4B3AACBECE26D53E685FD03F49AF9FBEDD76EE,
3E7789E73F4B8A5DBEC4E8753E78F29D3F4C0757BEB3EB5B3E8EC7EB3F458549BEC258923E78F29D3F4C0757BEB3EB5B3E85019F3F49691ABEB005603E8EC7EB3F458549BEC258923EA605683F38D317BECEAE3A3EAD3DA73F32EAC8BED45DC83EA554333F368A0DBED9A2E83E8380ED3F467F1BBE9BCEA73E7DECE53F4669F0BE91D3AA3E83D0E13F42B1A3BE963A19,
3EB203C53F2E5B53BEC3D3C33EA4DCCA3F39D8E8BEC449FD3EA6DACB3F36C8A3BEBCD7F13EA605683F38D317BECEAE3A3E994EE43F40D39EBEC14E5D3EA4DCCA3F39D8E8BEC449FD3E4E18263F5028F6BEA769CB3E7610283F4C5C36BEA37B073E78F29D3F4C0757BEB3EB5B3E8615663F3B776CBE9C74FB3E7BA3013F3A0818BE92FCAD3E83C72E3F3670E3BE9D0D4A,
3E7789E73F4B8A5DBEC4E8753E8DB63D3F44F356BECE28023E73C85C3F4B3AACBECE26D53E685BE23F325786BE8919263E73CF2D3F349BB7BE95B4893E6E321A3F380DC3BE9088D73E8B68273F463FBCBEADF8F43E7AD96A3F4AD2CCBE9BAC4F3E8380ED3F467F1BBE9BCEA73E5A25963F4DA47BBE8D7A783E65208E3F4BEDB7BE8C73263E6D75193F4CB9AABE96F36F,
3E851B933F324F12BE9EBBBA3E83C72E3F3670E3BE9D0D4A3E7F583A3F3295A7BE9BA4513E8BBBE83F2D1CF3BEA0E5C53E975FF63F393DD9BEA9717E3E90C7E33F327019BEA42EBA3EA605683F38D317BECEAE3A3EA554333F368A0DBED9A2E83E99BB283F3FE0ACBECE058A3E69AF193F435979BE8C6D1E3E7BA3013F3A0818BE92FCAD3E80C5EB3F40DFDFBE923A8E,
3E83D0E13F42B1A3BE963A193E7DECE53F4669F0BE91D3AA3E80C5EB3F40DFDFBE923A8E3E99BB283F3FE0ACBECE058A3E9430B13F40BA84BED5DBDB3E8DB63D3F44F356BECE28023E7BA3013F3A0818BE92FCAD3E69AF193F435979BE8C6D1E3E6BFD723F3C622CBE8E81243E685FD03F49AF9FBEDD76EE3E73C85C3F4B3AACBECE26D53E84C63F3F4541FABEDB777D,
3EAC8FFC3F2F8E3BBEDE4C303E9FCB713F337889BEE6F7E43EA554333F368A0DBED9A2E83E85019F3F49691ABEB005603E8B68273F463FBCBEADF8F43E994EE43F40D39EBEC14E5D3E8B68273F463FBCBEADF8F43E85019F3F49691ABEB005603E7610283F4C5C36BEA37B073E8B68273F463FBCBEADF8F43E8380ED3F467F1BBE9BCEA73E8955503F43EF39BEA3E6E6,
3EA88DF33F335D25BEB8913A3EA6DACB3F36C8A3BEBCD7F13E9E72323F3BAF10BEB54E6E3E90C7E33F327019BEA42EBA3E8B7AC43F39409ABEA1797D3E83C72E3F3670E3BE9D0D4A3E851B933F324F12BE9EBBBA3E90C7E33F327019BEA42EBA3E83C72E3F3670E3BE9D0D4A3E9430B13F40BA84BED5DBDB3E8D56B03F3CB70BBEE8995B3E84C63F3F4541FABEDB777D,
3E7AD96A3F4AD2CCBE9BAC4F3E8B68273F463FBCBEADF8F43E7610283F4C5C36BEA37B073E994EE43F40D39EBEC14E5D3E99BB283F3FE0ACBECE058A3E8EC7EB3F458549BEC258923E3F62303F50850ABEC75B813E4F9A4A3F500AD0BEBAA9503E657D5B3F4DEB10BEBFF8A93EA6DACB3F36C8A3BEBCD7F13EA4DCCA3F39D8E8BEC449FD3E9E72323F3BAF10BEB54E6E,
3E99BB283F3FE0ACBECE058A3EA554333F368A0DBED9A2E83E9430B13F40BA84BED5DBDB3E9A73713F3BFAA0BEAF37FC3E90A99B3F3F7DA6BEA82E023E975FF63F393DD9BEA9717E3E6D75193F4CB9AABE96F36F3E78E8EA3F4951A4BE92F0173E7AD96A3F4AD2CCBE9BAC4F3E8804323F4041EEBE9F6BC23E90A99B3F3F7DA6BEA82E023E8955503F43EF39BEA3E6E6,
3E994EE43F40D39EBEC14E5D3E8EC7EB3F458549BEC258923E85019F3F49691ABEB005603E8B68273F463FBCBEADF8F43E8955503F43EF39BEA3E6E63E90A99B3F3F7DA6BEA82E023E9E72323F3BAF10BEB54E6E3EA0409E3F35A933BEAF9AAE3EA88DF33F335D25BEB8913A3E69AF193F435979BE8C6D1E3E80C5EB3F40DFDFBE923A8E3E6F9C203F4874B8BE8C8C50,
3E657D5B3F4DEB10BEBFF8A93E4F9A4A3F500AD0BEBAA9503E6070B93F4EC53BBEB2DE653E7789E73F4B8A5DBEC4E8753E657D5B3F4DEB10BEBFF8A93E6070B93F4EC53BBEB2DE653EA0409E3F35A933BEAF9AAE3E9E72323F3BAF10BEB54E6E3E9A73713F3BFAA0BEAF37FC3EA977A73F2F163CBEB516333EA88DF33F335D25BEB8913A3EA0409E3F35A933BEAF9AAE,
3EA1D0853F29A166BEABBE663EA977A73F2F163CBEB516333EA0409E3F35A933BEAF9AAE3E810BC83F3B6D65BE94B3A23E80C5EB3F40DFDFBE923A8E3E7BA3013F3A0818BE92FCAD3E9E72323F3BAF10BEB54E6E3EA4DCCA3F39D8E8BEC449FD3E994EE43F40D39EBEC14E5D3E8D56B03F3CB70BBEE8995B3EA554333F368A0DBED9A2E83E9FCB713F337889BEE6F7E4,
3E9433D73F40B0AFBEAE97D03E8B68273F463FBCBEADF8F43E90A99B3F3F7DA6BEA82E023E7BA3013F3A0818BE92FCAD3E8615663F3B776CBE9C74FB3E810BC83F3B6D65BE94B3A23E8615663F3B776CBE9C74FB3E8804323F4041EEBE9F6BC23E83D0E13F42B1A3BE963A193E810BC83F3B6D65BE94B3A23E8615663F3B776CBE9C74FB3E83D0E13F42B1A3BE963A19,
3E84C63F3F4541FABEDB777D3E73C85C3F4B3AACBECE26D53E8DB63D3F44F356BECE28023E685FD03F49AF9FBEDD76EE3E4D17C63F4C1CC5BEDFEFE13E5FD6953F4C6B48BED4FCA43EAD3DA73F32EAC8BED45DC83EA605683F38D317BECEAE3A3EB0151A3F3173B8BECBECAB3E9A73713F3BFAA0BEAF37FC3E975FF63F393DD9BEA9717E3EA0409E3F35A933BEAF9AAE,
3E994EE43F40D39EBEC14E5D3EA605683F38D317BECEAE3A3E99BB283F3FE0ACBECE058A3EA4DCCA3F39D8E8BEC449FD3EB203C53F2E5B53BEC3D3C33EB0151A3F3173B8BECBECAB3E9A73713F3BFAA0BEAF37FC3E9433D73F40B0AFBEAE97D03E90A99B3F3F7DA6BEA82E023E9E72323F3BAF10BEB54E6E3E994EE43F40D39EBEC14E5D3E8B68273F463FBCBEADF8F4,
3E5948563F4E1E71BECC3B0C3E7789E73F4B8A5DBEC4E8753E73C85C3F4B3AACBECE26D53E8EC7EB3F458549BEC258923E99BB283F3FE0ACBECE058A3E8DB63D3F44F356BECE28023E7789E73F4B8A5DBEC4E8753E5948563F4E1E71BECC3B0C3E657D5B3F4DEB10BEBFF8A93E9430B13F40BA84BED5DBDB3E84C63F3F4541FABEDB777D3E8DB63D3F44F356BECE2802,
3E6D75193F4CB9AABE96F36F3E7610283F4C5C36BEA37B073E6082CF3F4E834DBE9DA8373E83C72E3F3670E3BE9D0D4A3E7BA3013F3A0818BE92FCAD3E73CF2D3F349BB7BE95B4893E7F583A3F3295A7BE9BA4513E83C72E3F3670E3BE9D0D4A3E73CF2D3F349BB7BE95B4893E8DB63D3F44F356BECE28023E7789E73F4B8A5DBEC4E8753E8EC7EB3F458549BEC25892,
3E6070B93F4EC53BBEB2DE653E78F29D3F4C0757BEB3EB5B3E7789E73F4B8A5DBEC4E8753EB0151A3F3173B8BECBECAB3EA605683F38D317BECEAE3A3EA4DCCA3F39D8E8BEC449FD3EA1D0853F29A166BEABBE663EA0409E3F35A933BEAF9AAE3E9CCD963F3192EABEAB54A03E3F62303F50850ABEC75B813E657D5B3F4DEB10BEBFF8A93E5948563F4E1E71BECC3B0C,
3E85019F3F49691ABEB005603E78F29D3F4C0757BEB3EB5B3E7610283F4C5C36BEA37B073EA554333F368A0DBED9A2E83E8D56B03F3CB70BBEE8995B3E9430B13F40BA84BED5DBDB3EA88DF33F335D25BEB8913A3EB203C53F2E5B53BEC3D3C33EA6DACB3F36C8A3BEBCD7F13E8B7AC43F39409ABEA1797D3E8615663F3B776CBE9C74FB3E83C72E3F3670E3BE9D0D4A,
3E975FF63F393DD9BEA9717E3E8BBBE83F2D1CF3BEA0E5C53E9CCD963F3192EABEAB54A03E7610283F4C5C36BEA37B073E4E18263F5028F6BEA769CB3E6082CF3F4E834DBE9DA8373E6D75193F4CB9AABE96F36F3E7AD96A3F4AD2CCBE9BAC4F3E7610283F4C5C36BEA37B073E78F29D3F4C0757BEB3EB5B3E6070B93F4EC53BBEB2DE653E4E18263F5028F6BEA769CB,
3E7DECE53F4669F0BE91D3AA3E78E8EA3F4951A4BE92F0173E6F9C203F4874B8BE8C8C503E80C5EB3F40DFDFBE923A8E3E7DECE53F4669F0BE91D3AA3E6F9C203F4874B8BE8C8C503E6D75193F4CB9AABE96F36F3E6082CF3F4E834DBE9DA8373E5A25963F4DA47BBE8D7A783E8B7AC43F39409ABEA1797D3E90C7E33F327019BEA42EBA3E975FF63F393DD9BEA9717E,
3E78E8EA3F4951A4BE92F0173E6D75193F4CB9AABE96F36F3E65208E3F4BEDB7BE8C73263E6F9C203F4874B8BE8C8C503E78E8EA3F4951A4BE92F0173E65208E3F4BEDB7BE8C73263E8615663F3B776CBE9C74FB3E8B7AC43F39409ABEA1797D3E90A99B3F3F7DA6BEA82E023E8804323F4041EEBE9F6BC23E8615663F3B776CBE9C74FB3E90A99B3F3F7DA6BEA82E02,
3E7DECE53F4669F0BE91D3AA3E8380ED3F467F1BBE9BCEA73E78E8EA3F4951A4BE92F0173E78E8EA3F4951A4BE92F0173E8380ED3F467F1BBE9BCEA73E7AD96A3F4AD2CCBE9BAC4F3E8955503F43EF39BEA3E6E63E8380ED3F467F1BBE9BCEA73E8804323F4041EEBE9F6BC23E8804323F4041EEBE9F6BC23E8380ED3F467F1BBE9BCEA73E83D0E13F42B1A3BE963A19,
3E8380ED3F467F1BBE9BCEA73E7DECE53F4669F0BE91D3AA3E83D0E13F42B1A3BE963A193E6E321A3F380DC3BE9088D73E7BA3013F3A0818BE92FCAD3E6BFD723F3C622CBE8E81243E5CE5713F384A94BE86F9983E6E321A3F380DC3BE9088D73E6BFD723F3C622CBE8E81243E6E321A3F380DC3BE9088D73E73CF2D3F349BB7BE95B4893E7BA3013F3A0818BE92FCAD,
3E7BA3013F3A0818BE92FCAD3E69AF193F435979BE8C6D1E3E6BFD723F3C622CBE8E81243E69AF193F435979BE8C6D1E3E7BA3013F3A0818BE92FCAD3E80C5EB3F40DFDFBE923A8E3E685BE23F325786BE8919263E73CF2D3F349BB7BE95B4893E6E321A3F380DC3BE9088D73E5A25963F4DA47BBE8D7A783E65208E3F4BEDB7BE8C73263E6D75193F4CB9AABE96F36F,
3E5133C23F498FE7BE8420B43E69AF193F435979BE8C6D1E3E6F9C203F4874B8BE8C8C503E52B6F23F4B8DD6BE8561913E5133C23F498FE7BE8420B43E6F9C203F4874B8BE8C8C503E59FA123F446801BE86B8FA3E69AF193F435979BE8C6D1E3E5133C23F498FE7BE8420B43E83D0E13F42B1A3BE963A193E7DECE53F4669F0BE91D3AA3E80C5EB3F40DFDFBE923A8E,
3E55B0FF3F406339BE82415F3E69AF193F435979BE8C6D1E3E59FA123F446801BE86B8FA3E69AF193F435979BE8C6D1E3E80C5EB3F40DFDFBE923A8E3E6F9C203F4874B8BE8C8C503E5CE5713F384A94BE86F9983E6BFD723F3C622CBE8E81243E5D8F933F3D7247BE8440D13E5D8F933F3D7247BE8440D13E6BFD723F3C622CBE8E81243E69AF193F435979BE8C6D1E,
3E65208E3F4BEDB7BE8C73263E4519BD3F4D2B5EBE84E7AB3E52B6F23F4B8DD6BE8561913E5F6C273F33DB3CBE8489D23E6E321A3F380DC3BE9088D73E5CE5713F384A94BE86F9983E55B0FF3F406339BE82415F3E5D8F933F3D7247BE8440D13E69AF193F435979BE8C6D1E3E5F6C273F33DB3CBE8489D23E685BE23F325786BE8919263E6E321A3F380DC3BE9088D7,
3E7DECE53F4669F0BE91D3AA3E78E8EA3F4951A4BE92F0173E6F9C203F4874B8BE8C8C503E80C5EB3F40DFDFBE923A8E3E7DECE53F4669F0BE91D3AA3E6F9C203F4874B8BE8C8C503E6D75193F4CB9AABE96F36F3E6082CF3F4E834DBE9DA8373E5A25963F4DA47BBE8D7A783E5A25963F4DA47BBE8D7A783E4519BD3F4D2B5EBE84E7AB3E65208E3F4BEDB7BE8C7326,
3EBD97D53D53A81EBD7BD7B23EBC74DA3D1DBCA9BDA3DDDB3EBBC8E23D5700CEBD9A9DA63E52B6F23F4B8DD6BE8561913E6F9C203F4874B8BE8C8C503E65208E3F4BEDB7BE8C73263E78E8EA3F4951A4BE92F0173E6D75193F4CB9AABE96F36F3E65208E3F4BEDB7BE8C73263E6F9C203F4874B8BE8C8C503E78E8EA3F4951A4BE92F0173E65208E3F4BEDB7BE8C7326,
3EA227D03DE70197BD84028E3EAC45243DD6AA4CBD6B7BAF3EA95D0B3DCDD378BD98EE283E9E6BA53E13CF70BD0ABA383EAC156E3E29F1F1BC84D5523EA82BA63E0936C6BC70DC773EB5054B3C724D90BC76CACD3EB17AAB3C72D3C83B8AAC973EB0ED5F3C4A07F6BC8650E73EB152D23D263950BDDFFCDB3EA2B64A3D1C39BDBE043C3A3EAD1F823D5B1B7ABDEACD9F,
3EB4E4003CA50F843BB873793EB915383CC5F5AEBC2433513EB899BF3D77CFE6BBE3CD9A3EAF3B433DC1D10BBD8B8F9B3EB350093D9DB2B3BD89DCF93EB01C2E3D9C9470BDB79FA93EB152D23D263950BDDFFCDB3EB64C943D444AE8BDBB2F663EB051223CBE4EF0BDDB078E3EB051223CBE4EF0BDDB078E3E9ABFBA3C9AFC05BE0F92B03EA2B64A3D1C39BDBE043C3A,
3EB12DDC3D86ACA83CF7E1B93EADCF033CF8D7173D54E7EF3EB899BF3D77CFE6BBE3CD9A3EA95D0B3DCDD378BD98EE283EAC45243DD6AA4CBD6B7BAF3EAF3B433DC1D10BBD8B8F9B3EA95D0B3DCDD378BD98EE283EAA0C6B3D92146ABDDE646F3E9F97683DBF3301BDC4CF073E9F97683DBF3301BDC4CF073EAA0C6B3D92146ABDDE646F3EA2593A3D985836BDEA2B17,
3EB17AAB3C72D3C83B8AAC973EB5054B3C724D90BC76CACD3EB4E4003CA50F843BB873793EBD3CFF3D84399BBD467F0B3EBDAC693D61F9F0BD1A7D243EBD97D53D53A81EBD7BD7B23EB64C943D444AE8BDBB2F663EBA3FCD3D809A24BD8E0C9E3EBBC8E23D5700CEBD9A9DA63E9986123C365237BD81322F3EB0ED5F3C4A07F6BC8650E73E9F54B03C403793BC10928A,
3EBD907E3CDEDF1EBD16366D3EBB8A1A3C9AC57EBD48F7553EBE47783CD26B72BD5ED9E03EB5F15A3C5D3BB0BD343FA33EAFDE513C4DFEFCBDA406C03EB5ED293C7AD29ABDA6E43B3EA2593A3D985836BDEA2B173EAA0C6B3D92146ABDDE646F3EA3BFD73D5D744FBDFE2AC33EB5054B3C724D90BC76CACD3EB915383CC5F5AEBC2433513EB4E4003CA50F843BB87379,
3EBC74DA3D1DBCA9BDA3DDDB3EB452833CA28BB1BDC295213EB64C943D444AE8BDBB2F663EA5069A3DF5E8D5BC54E0983EA82BA63E0936C6BC70DC773EAF5D9A3E0B7AE5B9902DE03EB452833CA28BB1BDC295213EBC74DA3D1DBCA9BDA3DDDB3EBBDE613CC8E25DBD9F23CD3EBD3CFF3D84399BBD467F0B3EBD97D53D53A81EBD7BD7B23EBA3FCD3D809A24BD8E0C9E,
3EA4447C3DE6149CBD0C71933EA94CEC3DD972CDBC8A95853EB0DE2B3DCE9574BD3190D13EB0DE2B3DCE9574BD3190D13EA58D583DE5B963BD3A9B073EA4447C3DE6149CBD0C71933EB01C2E3D9C9470BDB79FA93EB350093D9DB2B3BD89DCF93EB64C943D444AE8BDBB2F663EB64C943D444AE8BDBB2F663EB350093D9DB2B3BD89DCF93EBA3FCD3D809A24BD8E0C9E,
3EB17AAB3C72D3C83B8AAC973EA84FF43C3E1EB43BA31E7E3EB0ED5F3C4A07F6BC8650E73EA58D583DE5B963BD3A9B073EAC45243DD6AA4CBD6B7BAF3EA227D03DE70197BD84028E3EA9A9763DEB2F233C263F9A3EA6B28E3DE71E6D3AC9320E3EAF5D9A3E0B7AE5B9902DE03EA94CEC3DD972CDBC8A95853EB24E163DC4C943BC9D4F9C3EB0DE2B3DCE9574BD3190D1,
3EB5ED293C7AD29ABDA6E43B3EB452833CA28BB1BDC295213EBBDE613CC8E25DBD9F23CD3EA5069A3DF5E8D5BC54E0983EAF5D9A3E0B7AE5B9902DE03EA6B28E3DE71E6D3AC9320E3EB25A043DC4A7B5BD4FB1183EB350093D9DB2B3BD89DCF93EAF3B433DC1D10BBD8B8F9B3EB152D23D263950BDDFFCDB3EB257863D75946CBDCBD2B73EB64C943D444AE8BDBB2F66,
3EB257863D75946CBDCBD2B73EB152D23D263950BDDFFCDB3EAD1F823D5B1B7ABDEACD9F3EBDAC693D61F9F0BD1A7D243EB899BF3D77CFE6BBE3CD9A3EBD907E3CDEDF1EBD16366D3EB3ACF73CC039AC3C86F8AD3EB4E4003CA50F843BB873793EB899BF3D77CFE6BBE3CD9A3EB899BF3D77CFE6BBE3CD9A3EB86C013DAEEAEABCCC2F833EAF4D593DA38C973CD377E2,
3EB92C493DA9B068BD3906463EB86C013DAEEAEABCCC2F833EBD3CFF3D84399BBD467F0B3EB0DE2B3DCE9574BD3190D13EB25A043DC4A7B5BD4FB1183EAC45243DD6AA4CBD6B7BAF3EA58D583DE5B963BD3A9B073EB0DE2B3DCE9574BD3190D13EAC45243DD6AA4CBD6B7BAF3EA6CFA73C5C3BD6BDDFF8233EAFDE513C4DFEFCBDA406C03E9986123C365237BD81322F,
3EA6CFA73C5C3BD6BDDFF8233E9ABFBA3C9AFC05BE0F92B03EB051223CBE4EF0BDDB078E3EBB8A1A3C9AC57EBD48F7553EBBDE613CC8E25DBD9F23CD3EBE47783CD26B72BD5ED9E03EB5ED293C7AD29ABDA6E43B3EBB8A1A3C9AC57EBD48F7553EB5F15A3C5D3BB0BD343FA33EB86C013DAEEAEABCCC2F833EBDAC693D61F9F0BD1A7D243EBD3CFF3D84399BBD467F0B,
3EAF3B433DC1D10BBD8B8F9B3EAC45243DD6AA4CBD6B7BAF3EB25A043DC4A7B5BD4FB1183EAFDE513C4DFEFCBDA406C03EB452833CA28BB1BDC295213EB5ED293C7AD29ABDA6E43B3EB24E163DC4C943BC9D4F9C3EB86C013DAEEAEABCCC2F833EB0DE2B3DCE9574BD3190D13EBD907E3CDEDF1EBD16366D3EB899BF3D77CFE6BBE3CD9A3EB915383CC5F5AEBC243351,
3EB051223CBE4EF0BDDB078E3EB64C943D444AE8BDBB2F663EB452833CA28BB1BDC295213EB24E163DC4C943BC9D4F9C3EAF4D593DA38C973CD377E23EB86C013DAEEAEABCCC2F833EA2B64A3D1C39BDBE043C3A3EB152D23D263950BDDFFCDB3EB051223CBE4EF0BDDB078E3EAF5D9A3E0B7AE5B9902DE03EB2326E3E17DE513B24F4413EAF7D0F3E0323793C8EFBB1,
3EAAE0A03DC646F13C3A34443EA94CEC3DD972CDBC8A95853EA83C083DD57FFABB5A4CE83EAC156E3E29F1F1BC84D5523EAF5D9A3E0B7AE5B9902DE03EA82BA63E0936C6BC70DC773EA3BFD73D5D744FBDFE2AC33EAD1F823D5B1B7ABDEACD9F3EA2B64A3D1C39BDBE043C3A3EBB8A1A3C9AC57EBD48F7553EBA2C023C9FBE77BCBB8A1A3EB5F15A3C5D3BB0BD343FA3,
3EBC74DA3D1DBCA9BDA3DDDB3EB64C943D444AE8BDBB2F663EBBC8E23D5700CEBD9A9DA63EB5054B3C724D90BC76CACD3EBA2C023C9FBE77BCBB8A1A3EB915383CC5F5AEBC2433513EAAE0A03DC646F13C3A34443EAF4D593DA38C973CD377E23EB24E163DC4C943BC9D4F9C3EA94CEC3DD972CDBC8A95853EAAE0A03DC646F13C3A34443EB24E163DC4C943BC9D4F9C,
3EA9A9763DEB2F233C263F9A3EAF5D9A3E0B7AE5B9902DE03EAF7D0F3E0323793C8EFBB13EBDAC693D61F9F0BD1A7D243EB86C013DAEEAEABCCC2F833EB899BF3D77CFE6BBE3CD9A3EBD907E3CDEDF1EBD16366D3EBA2C023C9FBE77BCBB8A1A3EBB8A1A3C9AC57EBD48F7553EB12DDC3D86ACA83CF7E1B93EB899BF3D77CFE6BBE3CD9A3EAF4D593DA38C973CD377E2,
3EB0DE2B3DCE9574BD3190D13EB92C493DA9B068BD3906463EB25A043DC4A7B5BD4FB1183EB92C493DA9B068BD3906463EBA3FCD3D809A24BD8E0C9E3EB350093D9DB2B3BD89DCF93EB25A043DC4A7B5BD4FB1183EB92C493DA9B068BD3906463EB350093D9DB2B3BD89DCF93EAAE0A03DC646F13C3A34443EA83C083DD57FFABB5A4CE83EA810843DD373B03C4FAEFF,
3EB92C493DA9B068BD3906463EBD3CFF3D84399BBD467F0B3EBA3FCD3D809A24BD8E0C9E3EBBC8E23D5700CEBD9A9DA63EBA3FCD3D809A24BD8E0C9E3EBD97D53D53A81EBD7BD7B23EB915383CC5F5AEBC2433513EBA2C023C9FBE77BCBB8A1A3EBD907E3CDEDF1EBD16366D3EB01C2E3D9C9470BDB79FA93EA95D0B3DCDD378BD98EE283EAF3B433DC1D10BBD8B8F9B,
3EA84FF43C3E1EB43BA31E7E3E9F54B03C403793BC10928A3EB0ED5F3C4A07F6BC8650E73EBDAC693D61F9F0BD1A7D243EBD907E3CDEDF1EBD16366D3EBE47783CD26B72BD5ED9E03EBD97D53D53A81EBD7BD7B23EBDAC693D61F9F0BD1A7D243EBE47783CD26B72BD5ED9E03EB5F15A3C5D3BB0BD343FA33E9986123C365237BD81322F3EAFDE513C4DFEFCBDA406C0,
3EB01C2E3D9C9470BDB79FA93EB64C943D444AE8BDBB2F663EB257863D75946CBDCBD2B73EB01C2E3D9C9470BDB79FA93EB257863D75946CBDCBD2B73EAA0C6B3D92146ABDDE646F3EAA0C6B3D92146ABDDE646F3EA95D0B3DCDD378BD98EE283EB01C2E3D9C9470BDB79FA93EB5F15A3C5D3BB0BD343FA33EB0ED5F3C4A07F6BC8650E73E9986123C365237BD81322F,
3EB5054B3C724D90BC76CACD3EB0ED5F3C4A07F6BC8650E73EB5F15A3C5D3BB0BD343FA33EBA2C023C9FBE77BCBB8A1A3EB5054B3C724D90BC76CACD3EB5F15A3C5D3BB0BD343FA33EB2326E3E17DE513B24F4413EAF5D9A3E0B7AE5B9902DE03EAC156E3E29F1F1BC84D5523EB0DE2B3DCE9574BD3190D13EB86C013DAEEAEABCCC2F833EB92C493DA9B068BD390646,
3EBC74DA3D1DBCA9BDA3DDDB3EBD97D53D53A81EBD7BD7B23EBE47783CD26B72BD5ED9E03EBBDE613CC8E25DBD9F23CD3EBC74DA3D1DBCA9BDA3DDDB3EBE47783CD26B72BD5ED9E03EB452833CA28BB1BDC295213EAFDE513C4DFEFCBDA406C03EA6CFA73C5C3BD6BDDFF8233EAA0C6B3D92146ABDDE646F3EAD1F823D5B1B7ABDEACD9F3EA3BFD73D5D744FBDFE2AC3,
3EBBDE613CC8E25DBD9F23CD3EBB8A1A3C9AC57EBD48F7553EB5ED293C7AD29ABDA6E43B3EA6CFA73C5C3BD6BDDFF8233EB051223CBE4EF0BDDB078E3EB452833CA28BB1BDC295213EADCF033CF8D7173D54E7EF3EB3ACF73CC039AC3C86F8AD3EB899BF3D77CFE6BBE3CD9A3EAD1F823D5B1B7ABDEACD9F3EAA0C6B3D92146ABDDE646F3EB257863D75946CBDCBD2B7,
3EB5054B3C724D90BC76CACD3EB17AAB3C72D3C83B8AAC973EB0ED5F3C4A07F6BC8650E73EB01E693DE255B03D327DCC3EA800433DC0BD453D6922D93EA849233DC153BD3D17EDC83EA849233DC153BD3D17EDC83EAF4D593DA38C973CD377E23EA8F14E3DC1E2583CD675583EB7F1FA3E1AB4313D1F53823EBC51983E1DC6193D89613D3EB645803E05B4AB3D49BF9C,
3EAD627C3DC5B39E3DCC79F63EA592753DACA57A3DE116EC3EA595BC3DAC710D3DA569B13EAA7E0F3DC1C68F3D966E013EA6774F3DAD2AA63D8E1EF73EA800433DC0BD453D6922D93EB095F23DD9934F3D7399F63EAA7E0F3DC1C68F3D966E013EA800433DC0BD453D6922D93EBB7A3E3E01A2623E12EF0B3EAFA4403DC2CB213E1587943EB518D23DDDEACD3E039ABF,
3EAC6B483DBA0F0A3E03953E3EAD627C3DC5B39E3DCC79F63EB79DB23DEA4CA53DEBFE3B3EA1F9CF3D98DBCF3DF86EC13EAC6B483DBA0F0A3E03953E3EAA235B3DB041CC3E1FD8AE3EBC87FD3E16277C3DFE93183EC083343E0C15903DDB634E3EBE3A193E2879813DFF06703EB095F23DD9934F3D7399F63EA800433DC0BD453D6922D93EB01E693DE255B03D327DCC,
3EB173973DF0E7793CE83C293EB645803E05B4AB3D49BF9C3EB01E693DE255B03D327DCC3EA6774F3DAD2AA63D8E1EF73EA832763D8571093DAC2CE43EACC7D23D843ED93D6E31D73EBC51983E1DC6193D89613D3EBD3B6D3E2324423D9A77E63EBD5B683E0E603D3DA9185D3EB4E4003CA50F843BB873793EB915383CC5F5AEBC2433513EB899BF3D77CFE6BBE3CD9A,
3EAFA4403DC2CB213E1587943EAC6B483DBA0F0A3E03953E3EB518D23DDDEACD3E039ABF3EAAC8C53CA6F8273D9B9B673EA5655E3C800A7C3DC06B7B3EA580803C4DC4443D8E19333EB12DDC3D86ACA83CF7E1B93EADCF033CF8D7173D54E7EF3EB899BF3D77CFE6BBE3CD9A3EB79DB23DEA4CA53DEBFE3B3EB26E543DDF0A1C3D9E57DA3EBC46953DF8F3673DDD97F6,
3EAA03603DCFF7E03CDEA67F3EB173973DF0E7793CE83C293EB01E693DE255B03D327DCC3EA849233DC153BD3D17EDC83EAA03603DCFF7E03CDEA67F3EB01E693DE255B03D327DCC3EAA235B3DB041CC3E1FD8AE3EA09C803D97C3503E24C76D3EA1F9CF3D98DBCF3DF86EC13EAC6B483DBA0F0A3E03953E3EB79DB23DEA4CA53DEBFE3B3EB518D23DDDEACD3E039ABF,
3EAC6B483DBA0F0A3E03953E3EAFA4403DC2CB213E1587943EAA235B3DB041CC3E1FD8AE3EB5054B3C724D90BC76CACD3EB915383CC5F5AEBC2433513EB4E4003CA50F843BB873793EB17AAB3C72D3C83B8AAC973EB5054B3C724D90BC76CACD3EB4E4003CA50F843BB873793EBC46953DF8F3673DDD97F63EB26E543DDF0A1C3D9E57DA3EBDDF223E01E4B43DCE581D,
3EB645803E05B4AB3D49BF9C3EB173973DF0E7793CE83C293EB7F1FA3E1AB4313D1F53823EA9A7C13CC9FD7A3DB3764F3EAA90473D0D9A523D9814943EA5334C3CB5C1833DE4E4863EAD4B8C3C8EF9983D3C36113EADCF033CF8D7173D54E7EF3EAD58433CA624573D700BCC3EB79DB23DEA4CA53DEBFE3B3EAD627C3DC5B39E3DCC79F63EB26E543DDF0A1C3D9E57DA,
3EAD4B8C3C8EF9983D3C36113EB17AAB3C72D3C83B8AAC973EB1409A3CA936C63CF17DF23EBB7A3E3E01A2623E12EF0B3EB518D23DDDEACD3E039ABF3EBB19C63E07789A3DFB19613EA832763D8571093DAC2CE43EA4BDFD3D667D783DE0AA653EAA90473D0D9A523D9814943EB173973DF0E7793CE83C293EB4677B3E1EFFE33CC24E593EB7F1FA3E1AB4313D1F5382,
3EA9A9763DEB2F233C263F9A3EA6B28E3DE71E6D3AC9320E3EAF5D9A3E0B7AE5B9902DE03EA4EA4B3C37D4173D3DC4873EAD58433CA624573D700BCC3EA580803C4DC4443D8E19333EB518D23DDDEACD3E039ABF3EB79DB23DEA4CA53DEBFE3B3EBB19C63E07789A3DFB19613EBD5B683E0E603D3DA9185D3EC083343E0C15903DDB634E3EBDDF223E01E4B43DCE581D,
3EA5069A3DF5E8D5BC54E0983EAF5D9A3E0B7AE5B9902DE03EA6B28E3DE71E6D3AC9320E3EB17AAB3C72D3C83B8AAC973EA84FF43C3E1EB43BA31E7E3EB0ED5F3C4A07F6BC8650E73EAAC8C53CA6F8273D9B9B673EAA90473D0D9A523D9814943EA9A7C13CC9FD7A3DB3764F3EA5655E3C800A7C3DC06B7B3EAAC8C53CA6F8273D9B9B673EA9A7C13CC9FD7A3DB3764F,
3EBD5B683E0E603D3DA9185D3EB7DB0A3E0103C93D89307B3EBC51983E1DC6193D89613D3EB899BF3D77CFE6BBE3CD9A3EB86C013DAEEAEABCCC2F833EAF4D593DA38C973CD377E23EAC6B483DBA0F0A3E03953E3EA1F9CF3D98DBCF3DF86EC13EA592753DACA57A3DE116EC3EAD627C3DC5B39E3DCC79F63EAC6B483DBA0F0A3E03953E3EA592753DACA57A3DE116EC,
3EAF4D593DA38C973CD377E23EACC7D23D843ED93D6E31D73EB12DDC3D86ACA83CF7E1B93EC0754F3E16CD6C3DD352223EC083343E0C15903DDB634E3EBD5B683E0E603D3DA9185D3EBCDDB53E27A1C23DBAE6003EC0754F3E16CD6C3DD352223EBD5B683E0E603D3DA9185D3EB3ACF73CC039AC3C86F8AD3EB4E4003CA50F843BB873793EB899BF3D77CFE6BBE3CD9A,
3EB26E543DDF0A1C3D9E57DA3EB7DB0A3E0103C93D89307B3EBDDF223E01E4B43DCE581D3EB3ACF73CC039AC3C86F8AD3EADCF033CF8D7173D54E7EF3EB1409A3CA936C63CF17DF23EADCF033CF8D7173D54E7EF3EAA90473D0D9A523D9814943EAD58433CA624573D700BCC3EACC7D23D843ED93D6E31D73EADCF033CF8D7173D54E7EF3EB12DDC3D86ACA83CF7E1B9,
3EB24E163DC4C943BC9D4F9C3EAF4D593DA38C973CD377E23EB86C013DAEEAEABCCC2F833EAF5D9A3E0B7AE5B9902DE03EB2326E3E17DE513B24F4413EAF7D0F3E0323793C8EFBB13EAA03603DCFF7E03CDEA67F3EA849233DC153BD3D17EDC83EA8F14E3DC1E2583CD675583EB7DB0A3E0103C93D89307B3EBD5B683E0E603D3DA9185D3EBDDF223E01E4B43DCE581D,
3EB095F23DD9934F3D7399F63EB7DB0A3E0103C93D89307B3EB26E543DDF0A1C3D9E57DA3EAA7E0F3DC1C68F3D966E013EB095F23DD9934F3D7399F63EB26E543DDF0A1C3D9E57DA3EAD627C3DC5B39E3DCC79F63EA595BC3DAC710D3DA569B13EAA7E0F3DC1C68F3D966E013EB26E543DDF0A1C3D9E57DA3EAD627C3DC5B39E3DCC79F63EAA7E0F3DC1C68F3D966E01,
3EAA7E0F3DC1C68F3D966E013EA595BC3DAC710D3DA569B13EA6774F3DAD2AA63D8E1EF73EB97A463E1C779A3E246C333EBB7A3E3E01A2623E12EF0B3EBC87FD3E16277C3DFE93183EA82FF93DAEE5263D5AC3653EA6774F3DAD2AA63D8E1EF73EACC7D23D843ED93D6E31D73EB3ACF73CC039AC3C86F8AD3EB17AAB3C72D3C83B8AAC973EB4E4003CA50F843BB87379,
3EAD4B8C3C8EF9983D3C36113EB1409A3CA936C63CF17DF23EADCF033CF8D7173D54E7EF3EAAE0A03DC646F13C3A34443EAF4D593DA38C973CD377E23EB24E163DC4C943BC9D4F9C3EA94CEC3DD972CDBC8A95853EAAE0A03DC646F13C3A34443EB24E163DC4C943BC9D4F9C3EAAE0A03DC646F13C3A34443EA94CEC3DD972CDBC8A95853EA83C083DD57FFABB5A4CE8,
3EC083343E0C15903DDB634E3EBC87FD3E16277C3DFE93183EBB19C63E07789A3DFB19613EBC46953DF8F3673DDD97F63EC083343E0C15903DDB634E3EBB19C63E07789A3DFB19613EAD4B8C3C8EF9983D3C36113EA4EA4B3C37D4173D3DC4873EB17AAB3C72D3C83B8AAC973EB17AAB3C72D3C83B8AAC973EA4EA4B3C37D4173D3DC4873EA84FF43C3E1EB43BA31E7E,
3EB79DB23DEA4CA53DEBFE3B3EBC46953DF8F3673DDD97F63EBB19C63E07789A3DFB19613EAA90473D0D9A523D9814943EAAC8C53CA6F8273D9B9B673EAD58433CA624573D700BCC3EAAC8C53CA6F8273D9B9B673EA580803C4DC4443D8E19333EAD58433CA624573D700BCC3EB12DDC3D86ACA83CF7E1B93EB899BF3D77CFE6BBE3CD9A3EAF4D593DA38C973CD377E2,
3EA810843DD373B03C4FAEFF3EA9A9763DEB2F233C263F9A3EAA03603DCFF7E03CDEA67F3EA8F14E3DC1E2583CD675583EA810843DD373B03C4FAEFF3EAA03603DCFF7E03CDEA67F3EA9A9763DEB2F233C263F9A3EAF7D0F3E0323793C8EFBB13EB173973DF0E7793CE83C293EAA03603DCFF7E03CDEA67F3EA9A9763DEB2F233C263F9A3EB173973DF0E7793CE83C29,
3EA9A9763DEB2F233C263F9A3EAF5D9A3E0B7AE5B9902DE03EAF7D0F3E0323793C8EFBB13EA8F14E3DC1E2583CD675583EAF4D593DA38C973CD377E23EAAE0A03DC646F13C3A34443EA810843DD373B03C4FAEFF3EA8F14E3DC1E2583CD675583EAAE0A03DC646F13C3A34443EBDDF223E01E4B43DCE581D3EC083343E0C15903DDB634E3EBC46953DF8F3673DDD97F6,
3EA84FF43C3E1EB43BA31E7E3E9F54B03C403793BC10928A3EB0ED5F3C4A07F6BC8650E73EB7DB0A3E0103C93D89307B3EB645803E05B4AB3D49BF9C3EBC51983E1DC6193D89613D3EAA90473D0D9A523D9814943EA4BDFD3D667D783DE0AA653EA5334C3CB5C1833DE4E4863EAAE0A03DC646F13C3A34443EA83C083DD57FFABB5A4CE83EA810843DD373B03C4FAEFF,
3EB2326E3E17DE513B24F4413EAF5D9A3E0B7AE5B9902DE03EAC156E3E29F1F1BC84D5523EB01E693DE255B03D327DCC3EB645803E05B4AB3D49BF9C3EB7DB0A3E0103C93D89307B3EB095F23DD9934F3D7399F63EB01E693DE255B03D327DCC3EB7DB0A3E0103C93D89307B3EAF7D0F3E0323793C8EFBB13EB4677B3E1EFFE33CC24E593EB173973DF0E7793CE83C29,
3EAF7D0F3E0323793C8EFBB13EB2326E3E17DE513B24F4413EB4677B3E1EFFE33CC24E593EA82FF93DAEE5263D5AC3653EACC7D23D843ED93D6E31D73EAF4D593DA38C973CD377E23EBC87FD3E16277C3DFE93183EBB7A3E3E01A2623E12EF0B3EBB19C63E07789A3DFB19613EA82FF93DAEE5263D5AC3653EAF4D593DA38C973CD377E23EA849233DC153BD3D17EDC8,
3EACC7D23D843ED93D6E31D73EAA90473D0D9A523D9814943EADCF033CF8D7173D54E7EF3EC083343E0C15903DDB634E3EC0754F3E16CD6C3DD352223EBE3A193E2879813DFF06703EAD58433CA624573D700BCC3EA4EA4B3C37D4173D3DC4873EAD4B8C3C8EF9983D3C36113EB3ACF73CC039AC3C86F8AD3EB1409A3CA936C63CF17DF23EB17AAB3C72D3C83B8AAC97,
3EBB7A3E3E01A2623E12EF0B3EAFA4403DC2CB213E1587943EB518D23DDDEACD3E039ABF3EAA90473D0D9A523D9814943EACC7D23D843ED93D6E31D73EA832763D8571093DAC2CE43EBD5B683E0E603D3DA9185D3EBD3B6D3E2324423D9A77E63EBCDDB53E27A1C23DBAE6003EADCF033CF8D7173D54E7EF3EB3ACF73CC039AC3C86F8AD3EB899BF3D77CFE6BBE3CD9A,
3EA1F9CF3D98DBCF3DF86EC13EAC6B483DBA0F0A3E03953E3EAA235B3DB041CC3E1FD8AE3EAC0C413E2121683E61D6493EA9F9CF3E1CB9ED3E77A3123EA54F593E0592963E66A7263EA47AE13DAEBCC73E304FB13EA09C803D97C3503E24C76D3EAA235B3DB041CC3E1FD8AE3EBB7A3E3E01A2623E12EF0B3EAD0E133DC9D40F3E2F1B693EAFA4403DC2CB213E158794,
3EAFA4403DC2CB213E1587943EAC6B483DBA0F0A3E03953E3EB518D23DDDEACD3E039ABF3EB97A463E1C779A3E246C333EB59B1B3DFCBE623E2962073EBB7A3E3E01A2623E12EF0B3EA47AE13DAEBCC73E304FB13EAA235B3DB041CC3E1FD8AE3EAD0E133DC9D40F3E2F1B693EA9081C3E09EBA73E59FA553EA775FB3DDBDAD73E45989E3EAF7EE53DF7D4173E405037,
3EA5E9C03DBD47393E3A98AB3EA47AE13DAEBCC73E304FB13EAD0E133DC9D40F3E2F1B693EA775FB3DDBDAD73E45989E3EA5E9C03DBD47393E3A98AB3EAD0E133DC9D40F3E2F1B693EA54F593E0592963E66A7263EA9081C3E09EBA73E59FA553EAC0C413E2121683E61D6493EAA235B3DB041CC3E1FD8AE3EA09C803D97C3503E24C76D3EA1F9CF3D98DBCF3DF86EC1,
3EAEAB7A3E2483453E58AF813EA9081C3E09EBA73E59FA553EB701753E20342B3E4454153EA240D93E04F7233E7B14EC3EA9F9CF3E1CB9ED3E77A3123EA6512B3E20285F3E8246173EBB7A3E3E01A2623E12EF0B3EB518D23DDDEACD3E039ABF3EBB19C63E07789A3DFB19613EAC6B483DBA0F0A3E03953E3EAFA4403DC2CB213E1587943EAA235B3DB041CC3E1FD8AE,
3EAD0E133DC9D40F3E2F1B693EBB7A3E3E01A2623E12EF0B3EB59B1B3DFCBE623E2962073EAD0E133DC9D40F3E2F1B693EAF7EE53DF7D4173E4050373EA775FB3DDBDAD73E45989E3EB59B1B3DFCBE623E2962073EB8F0203E1A4B553E39FF0D3EB638863E0CF2063E3DC0DB3EA9081C3E09EBA73E59FA553EB638863E0CF2063E3DC0DB3EB701753E20342B3E445415,
3EAF7EE53DF7D4173E4050373EAD0E133DC9D40F3E2F1B693EB59B1B3DFCBE623E2962073EB638863E0CF2063E3DC0DB3EAF7EE53DF7D4173E4050373EB59B1B3DFCBE623E2962073EAD0E133DC9D40F3E2F1B693EAA235B3DB041CC3E1FD8AE3EAFA4403DC2CB213E1587943EB97A463E1C779A3E246C333EBB7A3E3E01A2623E12EF0B3EBC87FD3E16277C3DFE9318,
3EBC87FD3E16277C3DFE93183EBB7A3E3E01A2623E12EF0B3EBB19C63E07789A3DFB19613EAF7EE53DF7D4173E4050373EB638863E0CF2063E3DC0DB3EA9081C3E09EBA73E59FA553EA9081C3E09EBA73E59FA553EAEAB7A3E2483453E58AF813EAC0C413E2121683E61D6493EA54F593E0592963E66A7263EA9F9CF3E1CB9ED3E77A3123EA240D93E04F7233E7B14EC,
3EBA62023E764E8BBC7BC5DF3EBB89D73E643915B9B3D4AE3EB66B613E6E5040BCB0531A3E9E6BA53E13CF70BD0ABA383EAC156E3E29F1F1BC84D5523EA82BA63E0936C6BC70DC773EB638863E0CF2063E3DC0DB3EB8F0203E1A4B553E39FF0D3EB701753E20342B3E4454153EB8F0203E1A4B553E39FF0D3EB59B1B3DFCBE623E2962073EB97A463E1C779A3E246C33,
3EBA05143E9C57C1BD56FDA83EACA5593E88BCBEBD3BB2FF3EA4E67D3E9A4181BD8E37153EB83EC93E84EC85BCE13B193EB4BF6E3E8C41FFBD24DA0A3EBAE83A3E918C5DBD06F7A13EB83EC93E84EC85BCE13B193EBAE83A3E918C5DBD06F7A13EC20CAE3E93E39FBC48BC9D3EBB89D73E643915B9B3D4AE3EBFBC3C3E712B1B3C38E8EA3EBC347F3E5CB4F23C2AA7DF,
3EBFBC3C3E712B1B3C38E8EA3EBB89D73E643915B9B3D4AE3EC06EE33E82EE20BA9A02753EC587723E97CED93B8B97783EC2BE8C3E8AAE083C19E0E73EC20CAE3E93E39FBC48BC9D3EACA5593E88BCBEBD3BB2FF3EABA3873E6E4D5EBD0F8B593EA191DE3E880F34BD659E1F3EACA5593E88BCBEBD3BB2FF3EB4BF6E3E8C41FFBD24DA0A3EB83EC93E84EC85BCE13B19,
3EAC156E3E29F1F1BC84D5523E9E6BA53E13CF70BD0ABA383E9ACA583E4D5ED0BD27FC333EBAE83A3E918C5DBD06F7A13EB4BF6E3E8C41FFBD24DA0A3EBA05143E9C57C1BD56FDA83EB4BF6E3E8C41FFBD24DA0A3EACA5593E88BCBEBD3BB2FF3EBA05143E9C57C1BD56FDA83EABA3873E6E4D5EBD0F8B593EB66B613E6E5040BCB0531A3EB08B543E4E9707BC7A4830,
3EABA3873E6E4D5EBD0F8B593EACA5593E88BCBEBD3BB2FF3EB66B613E6E5040BCB0531A3EB08B543E4E9707BC7A48303EB58B1E3E39EBEABB0CD63D3EAC156E3E29F1F1BC84D5523EB606B83E2E98573C84AB603EB58B1E3E39EBEABB0CD63D3EBD47BF3E46C6583C98DCDB3EC20CAE3E93E39FBC48BC9D3EC2BE8C3E8AAE083C19E0E73EC06EE33E82EE20BA9A0275,
3EABA3873E6E4D5EBD0F8B593E904C063E832B77BD931B153EA191DE3E880F34BD659E1F3EBFBC3C3E712B1B3C38E8EA3EC06EE33E82EE20BA9A02753EC2BE8C3E8AAE083C19E0E73EB66B613E6E5040BCB0531A3EACA5593E88BCBEBD3BB2FF3EB83EC93E84EC85BCE13B193EAF5D9A3E0B7AE5B9902DE03EB2326E3E17DE513B24F4413EAF7D0F3E0323793C8EFBB1,
3EAC156E3E29F1F1BC84D5523EAF5D9A3E0B7AE5B9902DE03EA82BA63E0936C6BC70DC773EB606B83E2E98573C84AB603EB2326E3E17DE513B24F4413EB58B1E3E39EBEABB0CD63D3EABA3873E6E4D5EBD0F8B593E9ACA583E4D5ED0BD27FC333E8D6FDB3E5A0FD4BD7EE1BD3E904C063E832B77BD931B153EABA3873E6E4D5EBD0F8B593E8D6FDB3E5A0FD4BD7EE1BD,
3EBD47BF3E46C6583C98DCDB3EB58B1E3E39EBEABB0CD63D3EBA85A93E4FC04D3BBDEC5F3EAC156E3E29F1F1BC84D5523EB58B1E3E39EBEABB0CD63D3EB2326E3E17DE513B24F4413EA4E67D3E9A4181BD8E37153EACA5593E88BCBEBD3BB2FF3EA191DE3E880F34BD659E1F3EBA62023E764E8BBC7BC5DF3EB66B613E6E5040BCB0531A3EB83EC93E84EC85BCE13B19,
3EBA62023E764E8BBC7BC5DF3EC20CAE3E93E39FBC48BC9D3EC06EE33E82EE20BA9A02753EB08B543E4E9707BC7A48303EB66B613E6E5040BCB0531A3EBB89D73E643915B9B3D4AE3EBB89D73E643915B9B3D4AE3EBC347F3E5CB4F23C2AA7DF3EBA85A93E4FC04D3BBDEC5F3EBA85A93E4FC04D3BBDEC5F3EB58B1E3E39EBEABB0CD63D3EB08B543E4E9707BC7A4830,
3EBB89D73E643915B9B3D4AE3EBA62023E764E8BBC7BC5DF3EC06EE33E82EE20BA9A02753EB2326E3E17DE513B24F4413EAF5D9A3E0B7AE5B9902DE03EAC156E3E29F1F1BC84D5523E9ACA583E4D5ED0BD27FC333EABA3873E6E4D5EBD0F8B593EB08B543E4E9707BC7A48303E9ACA583E4D5ED0BD27FC333EB08B543E4E9707BC7A48303EAC156E3E29F1F1BC84D552,
3EBC79F63E5B08573CA227073EC0A56A3E4FBB953CFCCE1C3EBD47BF3E46C6583C98DCDB3EB7F1FA3E1AB4313D1F53823EBC51983E1DC6193D89613D3EB645803E05B4AB3D49BF9C3EBB89D73E643915B9B3D4AE3EBA85A93E4FC04D3BBDEC5F3EB08B543E4E9707BC7A48303EB83EC93E84EC85BCE13B193EC20CAE3E93E39FBC48BC9D3EBA62023E764E8BBC7BC5DF,
3EC412F13E9C83233E0F21F73EC5E6153E92EC4A3E1E02213EC577753E8D4EB13E0471F83ECCB1893E8C6A7F3DD685123ECC00B93E9481D43DEA90473EC761ED3E84B4293DF3DA733EC6DF613E7619983DC39C523EC4D1423E7276323D95B7073ECB9CB73E8426BB3DBCA7D63EBC7D5F3E2CB4293D2B17053EBC51983E1DC6193D89613D3EB7F1FA3E1AB4313D1F5382,
3EC6B7AA3E4AD18D3DD736483EC6A9613E5A89FC3DC1B9FA3EC674083E721A2E3DD558A73EC75BC43E9187623CDA40533EC436973E85EBD93D0E3AC13EC2BE8C3E8AAE083C19E0E73EBB89D73E643915B9B3D4AE3EBFBC3C3E712B1B3C38E8EA3EBC347F3E5CB4F23C2AA7DF3EC577753E8D4EB13E0471F83EC744703E9BD31C3E02C4D63EC412F13E9C83233E0F21F7,
3ECC00B93E9481D43DEA90473ECDAA2E3E8A51E33DB3DAF93ECDE4C53E92CA153DAA83B23EBC51983E1DC6193D89613D3EBD3B6D3E2324423D9A77E63EBD5B683E0E603D3DA9185D3EC3D2523E74D8FD3E02A6F43EC761ED3E84B4293DF3DA733EC577753E8D4EB13E0471F83EBC87FD3E16277C3DFE93183EC083343E0C15903DDB634E3EBE3A193E2879813DFF0670,
3EBC347F3E5CB4F23C2AA7DF3EBD29993E6E1A823CCD9C6B3EBC79F63E5B08573CA227073EBDAE823E3B35B13CDDD8F93EB7F1FA3E1AB4313D1F53823EB4677B3E1EFFE33CC24E593EC6B7AA3E4AD18D3DD736483EC674083E721A2E3DD558A73EC48B443E69702E3DFF6B1A3EC436973E85EBD93D0E3AC13EC188D33E770A813D24E8B83EBD29993E6E1A823CCD9C6B,
3EC6DF613E7619983DC39C523EC761ED3E84B4293DF3DA733EC674083E721A2E3DD558A73EC3C3403E3ED2CC3D9865D83EC30B393E3F7B183D42B0EA3EC4F50A3E4FDB4D3D75BF6A3EC182233E6A39C53D3813013EC4F50A3E4FDB4D3D75BF6A3EC0A56A3E4FBB953CFCCE1C3EBC79F63E5B08573CA227073EC182233E6A39C53D3813013EC0A56A3E4FBB953CFCCE1C,
3ECB9CB73E8426BB3DBCA7D63ECAC5193E847AC03D86C8F73ECDAA2E3E8A51E33DB3DAF93EBD29993E6E1A823CCD9C6B3EC188D33E770A813D24E8B83EC182233E6A39C53D3813013EBFBC3C3E712B1B3C38E8EA3EBFBEDB3E82E9683CAF7B183EBD29993E6E1A823CCD9C6B3EC3A0A53E396AF03E0700CE3EBE3A193E2879813DFF06703EBFA0733E2D6B233DE73FFB,
3EB645803E05B4AB3D49BF9C3EB173973DF0E7793CE83C293EB7F1FA3E1AB4313D1F53823EC6A9613E5A89FC3DC1B9FA3EC427C83E49E4503DB0C4DF3EC4F50A3E4FDB4D3D75BF6A3EC744703E9BD31C3E02C4D63EC577753E8D4EB13E0471F83ECC00B93E9481D43DEA90473EC587723E97CED93B8B97783EC2BE8C3E8AAE083C19E0E73EC20CAE3E93E39FBC48BC9D,
3EC423313E3C58253DD545413EBD93E63E33E1CA3DB95AAF3EC427C83E49E4503DB0C4DF3EC3C3403E3ED2CC3D9865D83EBC51983E1DC6193D89613D3EC070333E2F4BE83D5BF1633EBC79F63E5B08573CA227073EBA85A93E4FC04D3BBDEC5F3EBC347F3E5CB4F23C2AA7DF3EB173973DF0E7793CE83C293EB4677B3E1EFFE33CC24E593EB7F1FA3E1AB4313D1F5382,
3EC30FAE3E4C08B73E209B303EC36EB53E3E18AD3E173F313EC6AA2A3E5492BC3E0C621B3EC6EED93E4A1C263E02F4CF3EC6AA2A3E5492BC3E0C621B3EC36EB53E3E18AD3E173F313EBFBC3C3E712B1B3C38E8EA3EBB89D73E643915B9B3D4AE3EC06EE33E82EE20BA9A02753ECDAA2E3E8A51E33DB3DAF93ECAC5193E847AC03D86C8F73ECB87163E8A19A83D843A21,
3EBCDDB53E27A1C23DBAE6003EC0754F3E16CD6C3DD352223EBD5B683E0E603D3DA9185D3EBC87FD3E16277C3DFE93183EBE3A193E2879813DFF06703EB97A463E1C779A3E246C333EBD5B683E0E603D3DA9185D3EB7DB0A3E0103C93D89307B3EBC51983E1DC6193D89613D3EC6B7AA3E4AD18D3DD736483EC427C83E49E4503DB0C4DF3EC6A9613E5A89FC3DC1B9FA,
3EC20CAE3E93E39FBC48BC9D3EC2BE8C3E8AAE083C19E0E73EC06EE33E82EE20BA9A02753EBC7D5F3E2CB4293D2B17053EB7F1FA3E1AB4313D1F53823EBDAE823E3B35B13CDDD8F93ECAC5193E847AC03D86C8F73EC4D1423E7276323D95B7073EC188D33E770A813D24E8B83EC0754F3E16CD6C3DD352223EC083343E0C15903DDB634E3EBD5B683E0E603D3DA9185D,
3EC36EB53E3E18AD3E173F313EC3A0A53E396AF03E0700CE3EC6EED93E4A1C263E02F4CF3EB606B83E2E98573C84AB603EB58B1E3E39EBEABB0CD63D3EBD47BF3E46C6583C98DCDB3EBDAE823E3B35B13CDDD8F93EB606B83E2E98573C84AB603EBD47BF3E46C6583C98DCDB3EC08F213E5CAF713E30C5223EC30FAE3E4C08B73E209B303EC6AA2A3E5492BC3E0C621B,
3EBDAE823E3B35B13CDDD8F93EC0A56A3E4FBB953CFCCE1C3EC30B393E3F7B183D42B0EA3EB4677B3E1EFFE33CC24E593EB2326E3E17DE513B24F4413EB606B83E2E98573C84AB603EC4D1423E7276323D95B7073EC6DF613E7619983DC39C523EC674083E721A2E3DD558A73EC6A9613E5A89FC3DC1B9FA3EC4D1423E7276323D95B7073EC674083E721A2E3DD558A7,
3EC423313E3C58253DD545413EC3A0A53E396AF03E0700CE3EBFA0733E2D6B233DE73FFB3EBFA0733E2D6B233DE73FFB3EC0754F3E16CD6C3DD352223EBCDDB53E27A1C23DBAE6003EBD93E63E33E1CA3DB95AAF3EBFA0733E2D6B233DE73FFB3EBCDDB53E27A1C23DBAE6003EAF5D9A3E0B7AE5B9902DE03EB2326E3E17DE513B24F4413EAF7D0F3E0323793C8EFBB1,
3EC188D33E770A813D24E8B83EC436973E85EBD93D0E3AC13ECAC5193E847AC03D86C8F73EC3C3403E3ED2CC3D9865D83EC070333E2F4BE83D5BF1633EC30B393E3F7B183D42B0EA3EC6AA2A3E5492BC3E0C621B3EC6EED93E4A1C263E02F4CF3EC6B7AA3E4AD18D3DD736483EC48B443E69702E3DFF6B1A3EC6AA2A3E5492BC3E0C621B3EC6B7AA3E4AD18D3DD73648,
3EC6A9613E5A89FC3DC1B9FA3EC4F50A3E4FDB4D3D75BF6A3EC4D1423E7276323D95B7073EC75BC43E9187623CDA40533EC99C393E949A783D6E46D03EC436973E85EBD93D0E3AC13EBFBC3C3E712B1B3C38E8EA3EC06EE33E82EE20BA9A02753EC2BE8C3E8AAE083C19E0E73EBFBEDB3E82E9683CAF7B183EBFBC3C3E712B1B3C38E8EA3EC2BE8C3E8AAE083C19E0E7,
3ECB9CB73E8426BB3DBCA7D63ECCB1893E8C6A7F3DD685123EC761ED3E84B4293DF3DA733EC6DF613E7619983DC39C523ECB9CB73E8426BB3DBCA7D63EC761ED3E84B4293DF3DA733EC3D2523E74D8FD3E02A6F43EC674083E721A2E3DD558A73EC761ED3E84B4293DF3DA733EC674083E721A2E3DD558A73EC3D2523E74D8FD3E02A6F43EC48B443E69702E3DFF6B1A,
3EB97A463E1C779A3E246C333EBB7A3E3E01A2623E12EF0B3EBC87FD3E16277C3DFE93183EB606B83E2E98573C84AB603EB2326E3E17DE513B24F4413EB58B1E3E39EBEABB0CD63D3EC423313E3C58253DD545413EC6B7AA3E4AD18D3DD736483EC3A0A53E396AF03E0700CE3ECB9CB73E8426BB3DBCA7D63ECDAA2E3E8A51E33DB3DAF93ECCB1893E8C6A7F3DD68512,
3EBC79F63E5B08573CA227073EBD47BF3E46C6583C98DCDB3EBA85A93E4FC04D3BBDEC5F3ECB87163E8A19A83D843A213EC99C393E949A783D6E46D03ECDE4C53E92CA153DAA83B23EAC156E3E29F1F1BC84D5523EB58B1E3E39EBEABB0CD63D3EB2326E3E17DE513B24F4413EC08F213E5CAF713E30C5223EC6AA2A3E5492BC3E0C621B3EC23B363E6D7D393E1B7282,
3EC4D1423E7276323D95B7073ECAC5193E847AC03D86C8F73ECB9CB73E8426BB3DBCA7D63EBD93E63E33E1CA3DB95AAF3EC423313E3C58253DD545413EBFA0733E2D6B233DE73FFB3EBA85A93E4FC04D3BBDEC5F3EB58B1E3E39EBEABB0CD63D3EB08B543E4E9707BC7A48303EBD47BF3E46C6583C98DCDB3EB58B1E3E39EBEABB0CD63D3EBA85A93E4FC04D3BBDEC5F,
3EC083343E0C15903DDB634E3EBC87FD3E16277C3DFE93183EBB19C63E07789A3DFB19613EC75BC43E9187623CDA40533EC2BE8C3E8AAE083C19E0E73EC587723E97CED93B8B97783EC436973E85EBD93D0E3AC13EBFBEDB3E82E9683CAF7B183EC2BE8C3E8AAE083C19E0E73EC577753E8D4EB13E0471F83EC5E6153E92EC4A3E1E02213EC681023E8A78073E1CBD98,
3EBE3A193E2879813DFF06703EC3A0A53E396AF03E0700CE3EC36EB53E3E18AD3E173F313EC3C3403E3ED2CC3D9865D83EC427C83E49E4503DB0C4DF3EBD93E63E33E1CA3DB95AAF3EBD3B6D3E2324423D9A77E63EC3C3403E3ED2CC3D9865D83EBD93E63E33E1CA3DB95AAF3EC423313E3C58253DD545413EC427C83E49E4503DB0C4DF3EC6B7AA3E4AD18D3DD73648,
3EBC51983E1DC6193D89613D3EBC7D5F3E2CB4293D2B17053EC070333E2F4BE83D5BF1633EC681023E8A78073E1CBD983EC23B363E6D7D393E1B72823EC357A33E7AA4BA3E10A4A03EC23B363E6D7D393E1B72823EC6AA2A3E5492BC3E0C621B3EC48B443E69702E3DFF6B1A3EC436973E85EBD93D0E3AC13EBD29993E6E1A823CCD9C6B3EBFBEDB3E82E9683CAF7B18,
3EC681023E8A78073E1CBD983EC357A33E7AA4BA3E10A4A03EC577753E8D4EB13E0471F83EC48B443E69702E3DFF6B1A3EC3D2523E74D8FD3E02A6F43EC357A33E7AA4BA3E10A4A03EBB89D73E643915B9B3D4AE3EBC347F3E5CB4F23C2AA7DF3EBA85A93E4FC04D3BBDEC5F3EBC7D5F3E2CB4293D2B17053EC30B393E3F7B183D42B0EA3EC070333E2F4BE83D5BF163,
3EB7DB0A3E0103C93D89307B3EB645803E05B4AB3D49BF9C3EBC51983E1DC6193D89613D3EBD3B6D3E2324423D9A77E63EBD93E63E33E1CA3DB95AAF3EBCDDB53E27A1C23DBAE6003EC182233E6A39C53D3813013EC4D1423E7276323D95B7073EC4F50A3E4FDB4D3D75BF6A3EC761ED3E84B4293DF3DA733ECC00B93E9481D43DEA90473EC577753E8D4EB13E0471F8,
3EBC347F3E5CB4F23C2AA7DF3EBFBC3C3E712B1B3C38E8EA3EBD29993E6E1A823CCD9C6B3EC182233E6A39C53D3813013EC188D33E770A813D24E8B83EC4D1423E7276323D95B7073EBBB5393E2CA2123E210C6F3EB97A463E1C779A3E246C333EBE3A193E2879813DFF06703EC36EB53E3E18AD3E173F313EBBB5393E2CA2123E210C6F3EBE3A193E2879813DFF0670,
3EAF7D0F3E0323793C8EFBB13EB4677B3E1EFFE33CC24E593EB173973DF0E7793CE83C293EC427C83E49E4503DB0C4DF3EC3C3403E3ED2CC3D9865D83EC4F50A3E4FDB4D3D75BF6A3EBC7D5F3E2CB4293D2B17053EBDAE823E3B35B13CDDD8F93EC30B393E3F7B183D42B0EA3EC30B393E3F7B183D42B0EA3EC0A56A3E4FBB953CFCCE1C3EC4F50A3E4FDB4D3D75BF6A,
3EC182233E6A39C53D3813013EBC79F63E5B08573CA227073EBD29993E6E1A823CCD9C6B3EAF7D0F3E0323793C8EFBB13EB2326E3E17DE513B24F4413EB4677B3E1EFFE33CC24E593EBC87FD3E16277C3DFE93183EBB7A3E3E01A2623E12EF0B3EBB19C63E07789A3DFB19613EB2326E3E17DE513B24F4413EAF5D9A3E0B7AE5B9902DE03EAC156E3E29F1F1BC84D552,
3EC0754F3E16CD6C3DD352223EBFA0733E2D6B233DE73FFB3EBE3A193E2879813DFF06703EC083343E0C15903DDB634E3EC0754F3E16CD6C3DD352223EBE3A193E2879813DFF06703EBC51983E1DC6193D89613D3EC3C3403E3ED2CC3D9865D83EBD3B6D3E2324423D9A77E63EBDAE823E3B35B13CDDD8F93EB4677B3E1EFFE33CC24E593EB606B83E2E98573C84AB60,
3ECC00B93E9481D43DEA90473ECCB1893E8C6A7F3DD685123ECDAA2E3E8A51E33DB3DAF93EC357A33E7AA4BA3E10A4A03EC3D2523E74D8FD3E02A6F43EC577753E8D4EB13E0471F83EC436973E85EBD93D0E3AC13EC99C393E949A783D6E46D03ECB87163E8A19A83D843A213ECAC5193E847AC03D86C8F73EC436973E85EBD93D0E3AC13ECB87163E8A19A83D843A21,
3EBD5B683E0E603D3DA9185D3EBD3B6D3E2324423D9A77E63EBCDDB53E27A1C23DBAE6003EC48B443E69702E3DFF6B1A3EC357A33E7AA4BA3E10A4A03EC23B363E6D7D393E1B72823ECDAA2E3E8A51E33DB3DAF93ECB87163E8A19A83D843A213ECDE4C53E92CA153DAA83B23EC3A0A53E396AF03E0700CE3EC6B7AA3E4AD18D3DD736483EC6EED93E4A1C263E02F4CF,
3EAB28743E356B013E79B90F3EA9F9CF3E1CB9ED3E77A3123EAC3F603E3DB7AE3E6D47393EB596A73E886B7B3E65B2D53EBCEDB33E9384773E59E98E3EB832FD3E9214AD3E70C0F03EBB89D73E643915B9B3D4AE3EBA85A93E4FC04D3BBDEC5F3EB08B543E4E9707BC7A48303EC0A56A3E4FBB953CFCCE1C3EBDAE823E3B35B13CDDD8F93EBD47BF3E46C6583C98DCDB,
3EB194E23E4487773E585B9F3EACC1223E49A0AE3E6DC6A03EAC3F603E3DB7AE3E6D47393EC681023E8A78073E1CBD983EC065303E6BFF473E31819D3EC23B363E6D7D393E1B72823EAC0C413E2121683E61D6493EA9F9CF3E1CB9ED3E77A3123EA54F593E0592963E66A7263EC412F13E9C83233E0F21F73EC5E6153E92EC4A3E1E02213EC577753E8D4EB13E0471F8,
3EB976793E609E993E5298893EB194E23E4487773E585B9F3EBA01473E55F2CB3E42D1AF3EA5E8D53E8FBF403E8FB1183EAF720D3E8D81CF3E839A5B3EAC6DA43E95ECE53E8A64803EC30FAE3E4C08B73E209B303EC08F213E5CAF713E30C5223EBF0F173E4D3B2A3E36A7F03EBF74693E415B573E2A7E743EC30FAE3E4C08B73E209B303EBF0F173E4D3B2A3E36A7F0,
3EB977C93E2FC6113E32E59B3EB97A463E1C779A3E246C333EBBB5393E2CA2123E210C6F3EBF74693E415B573E2A7E743EBF0F173E4D3B2A3E36A7F03EB828C33E3CA31E3E3BB98C3EB832FD3E9214AD3E70C0F03EAF720D3E8D81CF3E839A5B3EAE7CF23E7CA7D63E7C881E3EB194E23E4487773E585B9F3EB2684D3E3AF1453E4BA0623EB5D0D93E45BF6A3E447C74,
3EB832FD3E9214AD3E70C0F03EAE7CF23E7CA7D63E7C881E3EB596A73E886B7B3E65B2D53EB97A463E1C779A3E246C333EB59B1B3DFCBE623E2962073EBB7A3E3E01A2623E12EF0B3EB194E23E4487773E585B9F3EB5D0D93E45BF6A3E447C743EBA01473E55F2CB3E42D1AF3EA9DD1A3E6EAD4F3E820D353EAE7CF23E7CA7D63E7C881E3EA97EDC3E808ACE3E875BC4,
3EB2684D3E3AF1453E4BA0623EAC0C413E2121683E61D6493EAEAB7A3E2483453E58AF813EA54F593E0592963E66A7263EA9081C3E09EBA73E59FA553EAC0C413E2121683E61D6493EC30FAE3E4C08B73E209B303EBBB5393E2CA2123E210C6F3EC36EB53E3E18AD3E173F313EAB28743E356B013E79B90F3EAC3F603E3DB7AE3E6D47393EA897423E4E6EEB3E7D273D,
3EBA01473E55F2CB3E42D1AF3EBF0F173E4D3B2A3E36A7F03EC08F213E5CAF713E30C5223EBF74693E415B573E2A7E743EB828C33E3CA31E3E3BB98C3EB977C93E2FC6113E32E59B3EBF0F173E4D3B2A3E36A7F03EB5D0D93E45BF6A3E447C743EB828C33E3CA31E3E3BB98C3EB828C33E3CA31E3E3BB98C3EB2684D3E3AF1453E4BA0623EB701753E20342B3E445415,
3EA9081C3E09EBA73E59FA553EB638863E0CF2063E3DC0DB3EB701753E20342B3E4454153EAEAB7A3E2483453E58AF813EA9081C3E09EBA73E59FA553EB701753E20342B3E4454153EA240D93E04F7233E7B14EC3EA9F9CF3E1CB9ED3E77A3123EA6512B3E20285F3E8246173EACC1223E49A0AE3E6DC6A03EAE7CF23E7CA7D63E7C881E3EA9DD1A3E6EAD4F3E820D35,
3EC6EED93E4A1C263E02F4CF3EC6AA2A3E5492BC3E0C621B3EC36EB53E3E18AD3E173F313EB596A73E886B7B3E65B2D53EBE5F743E8D91043E4DFE333EBCEDB33E9384773E59E98E3EB59B1B3DFCBE623E2962073EB8F0203E1A4B553E39FF0D3EB638863E0CF2063E3DC0DB3E9DB1213E7A19013E8EDEDB3EA9DD1A3E6EAD4F3E820D353EA97EDC3E808ACE3E875BC4,
3EBE5F743E8D91043E4DFE333EBF55373E97A0513E4E10493EBCEDB33E9384773E59E98E3EACC1223E49A0AE3E6DC6A03EB194E23E4487773E585B9F3EB976793E609E993E5298893EBC87FD3E16277C3DFE93183EBE3A193E2879813DFF06703EB97A463E1C779A3E246C333EC30FAE3E4C08B73E209B303EC36EB53E3E18AD3E173F313EC6AA2A3E5492BC3E0C621B,
3EC36EB53E3E18AD3E173F313EC3A0A53E396AF03E0700CE3EC6EED93E4A1C263E02F4CF3EA6512B3E20285F3E8246173EA9F9CF3E1CB9ED3E77A3123EAB28743E356B013E79B90F3EC499AF3E8CD1203E2F3B643EC065303E6BFF473E31819D3EC681023E8A78073E1CBD983EC08F213E5CAF713E30C5223EC30FAE3E4C08B73E209B303EC6AA2A3E5492BC3E0C621B,
3EB97A463E1C779A3E246C333EB977C93E2FC6113E32E59B3EB8F0203E1A4B553E39FF0D3EB8F0203E1A4B553E39FF0D3EB977C93E2FC6113E32E59B3EB701753E20342B3E4454153EB977C93E2FC6113E32E59B3EBBB5393E2CA2123E210C6F3EBF74693E415B573E2A7E743EBBB5393E2CA2123E210C6F3EC30FAE3E4C08B73E209B303EBF74693E415B573E2A7E74,
3EC08F213E5CAF713E30C5223EC6AA2A3E5492BC3E0C621B3EC23B363E6D7D393E1B72823EB97A463E1C779A3E246C333EBB7A3E3E01A2623E12EF0B3EBC87FD3E16277C3DFE93183EAC3F603E3DB7AE3E6D47393EAC0C413E2121683E61D6493EB2684D3E3AF1453E4BA0623EB194E23E4487773E585B9F3EAC3F603E3DB7AE3E6D47393EB2684D3E3AF1453E4BA062,
3EB976793E609E993E5298893EBDA0173E8479D53E44DE3C3EB611993E6E12E83E5E44743EB87EE13E7FB86F3E5D40683EBE5F743E8D91043E4DFE333EB596A73E886B7B3E65B2D53EC0B3D53E91A06A3E3DD3783EBE5F743E8D91043E4DFE333EBDA0173E8479D53E44DE3C3EC499AF3E8CD1203E2F3B643EC681023E8A78073E1CBD983EC5E6153E92EC4A3E1E0221,
3EB5D0D93E45BF6A3E447C743EBF0F173E4D3B2A3E36A7F03EBA01473E55F2CB3E42D1AF3EC499AF3E8CD1203E2F3B643EC4100E3E96A8B93E2E2D623EC0B3D53E91A06A3E3DD3783EBDA0173E8479D53E44DE3C3EBE5F743E8D91043E4DFE333EB87EE13E7FB86F3E5D40683EB611993E6E12E83E5E44743EBDA0173E8479D53E44DE3C3EB87EE13E7FB86F3E5D4068,
3EB611993E6E12E83E5E44743EB87EE13E7FB86F3E5D40683EAE7CF23E7CA7D63E7C881E3EC577753E8D4EB13E0471F83EC5E6153E92EC4A3E1E02213EC681023E8A78073E1CBD983EAF720D3E8D81CF3E839A5B3EA97EDC3E808ACE3E875BC43EAE7CF23E7CA7D63E7C881E3EA7E2A43E3B95E63E83AE683EA6512B3E20285F3E8246173EAB28743E356B013E79B90F,
3EACC1223E49A0AE3E6DC6A03EA9DD1A3E6EAD4F3E820D353EA5A8373E5C69F93E82BA7C3EC681023E8A78073E1CBD983EC23B363E6D7D393E1B72823EC357A33E7AA4BA3E10A4A03EC23B363E6D7D393E1B72823EC6AA2A3E5492BC3E0C621B3EC48B443E69702E3DFF6B1A3EBE3A193E2879813DFF06703EC3A0A53E396AF03E0700CE3EC36EB53E3E18AD3E173F31,
3EA5E8D53E8FBF403E8FB1183EA97EDC3E808ACE3E875BC43EAF720D3E8D81CF3E839A5B3EA54F593E0592963E66A7263EA9F9CF3E1CB9ED3E77A3123EA240D93E04F7233E7B14EC3EB828C33E3CA31E3E3BB98C3EB701753E20342B3E4454153EB977C93E2FC6113E32E59B3EC681023E8A78073E1CBD983EC357A33E7AA4BA3E10A4A03EC577753E8D4EB13E0471F8,
3EC499AF3E8CD1203E2F3B643EB976793E609E993E5298893EC065303E6BFF473E31819D3EBBB5393E2CA2123E210C6F3EB97A463E1C779A3E246C333EBE3A193E2879813DFF06703EC36EB53E3E18AD3E173F313EBBB5393E2CA2123E210C6F3EBE3A193E2879813DFF06703E9F9FED3E9D4C553E9997A23EA5E8D53E8FBF403E8FB1183EAC6DA43E95ECE53E8A6480,
3EC08F213E5CAF713E30C5223EC065303E6BFF473E31819D3EBA01473E55F2CB3E42D1AF3EA9081C3E09EBA73E59FA553EAEAB7A3E2483453E58AF813EAC0C413E2121683E61D6493EC23B363E6D7D393E1B72823EC065303E6BFF473E31819D3EC08F213E5CAF713E30C5223EB976793E609E993E5298893EBA01473E55F2CB3E42D1AF3EC065303E6BFF473E31819D,
3EAC3F603E3DB7AE3E6D47393EA9F9CF3E1CB9ED3E77A3123EAC0C413E2121683E61D6493EBC87FD3E16277C3DFE93183EBB7A3E3E01A2623E12EF0B3EBB19C63E07789A3DFB19613EAE7CF23E7CA7D63E7C881E3EACC1223E49A0AE3E6DC6A03EB611993E6E12E83E5E44743EB2684D3E3AF1453E4BA0623EAEAB7A3E2483453E58AF813EB701753E20342B3E445415,
3EC4100E3E96A8B93E2E2D623EC499AF3E8CD1203E2F3B643EC5E6153E92EC4A3E1E02213EB8F0203E1A4B553E39FF0D3EB59B1B3DFCBE623E2962073EB97A463E1C779A3E246C333EBE5F743E8D91043E4DFE333EC0B3D53E91A06A3E3DD3783EBF55373E97A0513E4E10493E9DB1213E7A19013E8EDEDB3EA5A8373E5C69F93E82BA7C3EA9DD1A3E6EAD4F3E820D35,
3EC0B3D53E91A06A3E3DD3783EBDA0173E8479D53E44DE3C3EC499AF3E8CD1203E2F3B643EA897423E4E6EEB3E7D273D3EACC1223E49A0AE3E6DC6A03EA5A8373E5C69F93E82BA7C3EB611993E6E12E83E5E44743EACC1223E49A0AE3E6DC6A03EB976793E609E993E5298893EC48B443E69702E3DFF6B1A3EC357A33E7AA4BA3E10A4A03EC23B363E6D7D393E1B7282,
3EB87EE13E7FB86F3E5D40683EB596A73E886B7B3E65B2D53EAE7CF23E7CA7D63E7C881E3EB832FD3E9214AD3E70C0F03EB56D3B3E9E0F803E79B0683EAF720D3E8D81CF3E839A5B3EAC6DA43E95ECE53E8A64803EAF720D3E8D81CF3E839A5B3EB56D3B3E9E0F803E79B0683EBDA0173E8479D53E44DE3C3EB976793E609E993E5298893EC499AF3E8CD1203E2F3B64,
3EAB28743E356B013E79B90F3EA897423E4E6EEB3E7D273D3EA7E2A43E3B95E63E83AE683EB5D0D93E45BF6A3E447C743EB2684D3E3AF1453E4BA0623EB828C33E3CA31E3E3BB98C3EAC3F603E3DB7AE3E6D47393EACC1223E49A0AE3E6DC6A03EA897423E4E6EEB3E7D273D3EB638863E0CF2063E3DC0DB3EB8F0203E1A4B553E39FF0D3EB701753E20342B3E445415,
3EB83EC93E84EC85BCE13B193EBAE83A3E918C5DBD06F7A13EC20CAE3E93E39FBC48BC9D3EAA02323EB26AA9BD931FCD3EB5C0333EBABF12BD62A1B63EB2AF143EA64C94BD83AD193EB4F93C3ECAC4D6BD1802C13EAF739F3ED23209BCF3D9EC3EB8409E3ED1274EBC60114D3E9F9FED3E9D4C553E9997A23EA5E8D53E8FBF403E8FB1183EAC6DA43E95ECE53E8A6480,
3EB83EC93E84EC85BCE13B193EB4BF6E3E8C41FFBD24DA0A3EBAE83A3E918C5DBD06F7A13EA014723EA626D5BDA580C33EAA02323EB26AA9BD931FCD3EB2AF143EA64C94BD83AD193EC1BDE83EC3A344BC45C1403EC348F53EB6AC64BCF253DA3EBC4AE83EC6A8FCBCD4ED2D3EAF7BC03EDE6C6E3CDEDD053EB68C693ED930163C9AE0C13EB50EDC3ED71822BAC79F66,
3EC732BE3EB49B843C086DF83EC9CA3A3EAD1DCDBB6D1BF83EC8AFC43EB3506EBC0B502B3EC624573EBAC68BB9E7BC3C3EC732BE3EB49B843C086DF83EC8AFC43EB3506EBC0B502B3EA9A2403EDABABFBC1EC2CE3EAF739F3ED23209BCF3D9EC3EA1B1533EDC3A64BC8151A43EC7685A3EBF64AE3CA5DF223EC624573EBAC68BB9E7BC3C3EC449FD3EC7A8D63C24B125,
3EBD34593EABC89FBD577B7C3EBF4C4D3EA5F8B1BD4C37E73EB2AF143EA64C94BD83AD193EC1BDE83EC3A344BC45C1403EB8409E3ED1274EBC60114D3EC04BE43ECEF21F3C052F7F3EAAE2543EBE5DE1BD86A4CA3E9D0DD03EB31855BDABFA093E9CFEDF3EC0C283BDA745BF3EBA05143E9C57C1BD56FDA83EACA5593E88BCBEBD3BB2FF3EA4E67D3E9A4181BD8E3715,
3EC587723E97CED93B8B97783EC2C7753E9CFEDFBCF7EE4E3EC9B21C3EA2B7FEBB8672753EB5C0333EBABF12BD62A1B63EB4F93C3ECAC4D6BD1802C13EC131A93EB29E4DBD2A619E3EB50EDC3ED71822BAC79F663EB8409E3ED1274EBC60114D3EAF739F3ED23209BCF3D9EC3EA1B1533EDC3A64BC8151A43EAF739F3ED23209BCF3D9EC3EA4C4CE3ED1A672BD3CA750,
3EB2AF143EA64C94BD83AD193EBF4C4D3EA5F8B1BD4C37E73EBA05143E9C57C1BD56FDA83EA4E67D3E9A4181BD8E37153EB2AF143EA64C94BD83AD193EBA05143E9C57C1BD56FDA83EB2AF143EA64C94BD83AD193EB5C0333EBABF12BD62A1B63EBD34593EABC89FBD577B7C3EC2C7753E9CFEDFBCF7EE4E3EC972EF3EA94B5ABC7998073EC9B21C3EA2B7FEBB867275,
3EAEB52D3ECCDD94BD2A832C3EA4C4CE3ED1A672BD3CA7503EAF739F3ED23209BCF3D9EC3EC972EF3EA94B5ABC7998073EC131A93EB29E4DBD2A619E3EC348F53EB6AC64BCF253DA3EC587723E97CED93B8B97783EC2BE8C3E8AAE083C19E0E73EC20CAE3E93E39FBC48BC9D3EA9A2403EDABABFBC1EC2CE3EB50EDC3ED71822BAC79F663EAF739F3ED23209BCF3D9EC,
3EC04BE43ECEF21F3C052F7F3EB50EDC3ED71822BAC79F663EB68C693ED930163C9AE0C13EC1BDE83EC3A344BC45C1403EC04BE43ECEF21F3C052F7F3EC449FD3EC7A8D63C24B1253EC732BE3EB49B843C086DF83EC624573EBAC68BB9E7BC3C3EC7685A3EBF64AE3CA5DF223E9D0DD03EB31855BDABFA093EAA02323EB26AA9BD931FCD3EA014723EA626D5BDA580C3,
3EBAE83A3E918C5DBD06F7A13EB4BF6E3E8C41FFBD24DA0A3EBA05143E9C57C1BD56FDA83EC20CAE3E93E39FBC48BC9D3EBAE83A3E918C5DBD06F7A13EC2C7753E9CFEDFBCF7EE4E3EB4BF6E3E8C41FFBD24DA0A3EACA5593E88BCBEBD3BB2FF3EBA05143E9C57C1BD56FDA83EBF4C4D3EA5F8B1BD4C37E73EBD34593EABC89FBD577B7C3EC131A93EB29E4DBD2A619E,
3EB4F93C3ECAC4D6BD1802C13EB8409E3ED1274EBC60114D3EBC4AE83EC6A8FCBCD4ED2D3EC1BDE83EC3A344BC45C1403EC8AFC43EB3506EBC0B502B3EC348F53EB6AC64BCF253DA3EC20CAE3E93E39FBC48BC9D3EC2BE8C3E8AAE083C19E0E73EC06EE33E82EE20BA9A02753EAA02323EB26AA9BD931FCD3E9D0DD03EB31855BDABFA093EAAE2543EBE5DE1BD86A4CA,
3EAAE2543EBE5DE1BD86A4CA3E9CFEDF3EC0C283BDA745BF3EA9CCFB3ECC1B76BD5234EC3EC624573EBAC68BB9E7BC3C3EC8AFC43EB3506EBC0B502B3EC1BDE83EC3A344BC45C1403EB50EDC3ED71822BAC79F663EA9A2403EDABABFBC1EC2CE3EAF7BC03EDE6C6E3CDEDD053EBAE83A3E918C5DBD06F7A13EBA05143E9C57C1BD56FDA83EC2C7753E9CFEDFBCF7EE4E,
3EAEB52D3ECCDD94BD2A832C3EAF739F3ED23209BCF3D9EC3EB4F93C3ECAC4D6BD1802C13EC781623EA71C113C50678C3EC9CA3A3EAD1DCDBB6D1BF83EC732BE3EB49B843C086DF83EA4E67D3E9A4181BD8E37153EACA5593E88BCBEBD3BB2FF3EA191DE3E880F34BD659E1F3EBF4C4D3EA5F8B1BD4C37E73EC972EF3EA94B5ABC7998073EC2C7753E9CFEDFBCF7EE4E,
3EC131A93EB29E4DBD2A619E3EB4F93C3ECAC4D6BD1802C13EBC4AE83EC6A8FCBCD4ED2D3EBA62023E764E8BBC7BC5DF3EC20CAE3E93E39FBC48BC9D3EC06EE33E82EE20BA9A02753EB8409E3ED1274EBC60114D3EB50EDC3ED71822BAC79F663EC04BE43ECEF21F3C052F7F3EB5C0333EBABF12BD62A1B63EC131A93EB29E4DBD2A619E3EBD34593EABC89FBD577B7C,
3EC587723E97CED93B8B97783EC9B21C3EA2B7FEBB8672753EC6BA6B3E9E54503C7B1E193EC781623EA71C113C50678C3EC6BA6B3E9E54503C7B1E193EC9B21C3EA2B7FEBB8672753EC9CA3A3EAD1DCDBB6D1BF83EC781623EA71C113C50678C3EC9B21C3EA2B7FEBB8672753EC449FD3EC7A8D63C24B1253EC624573EBAC68BB9E7BC3C3EC1BDE83EC3A344BC45C140,
3EC972EF3EA94B5ABC7998073EC8AFC43EB3506EBC0B502B3EC9CA3A3EAD1DCDBB6D1BF83EC2C7753E9CFEDFBCF7EE4E3EC587723E97CED93B8B97783EC20CAE3E93E39FBC48BC9D3EA9CCFB3ECC1B76BD5234EC3EA4C4CE3ED1A672BD3CA7503EAEB52D3ECCDD94BD2A832C3EBA05143E9C57C1BD56FDA83EBF4C4D3EA5F8B1BD4C37E73EC2C7753E9CFEDFBCF7EE4E,
3EB5C0333EBABF12BD62A1B63EAEB52D3ECCDD94BD2A832C3EB4F93C3ECAC4D6BD1802C13EB2AF143EA64C94BD83AD193EA4E67D3E9A4181BD8E37153EA014723EA626D5BDA580C33EAAE2543EBE5DE1BD86A4CA3EA9CCFB3ECC1B76BD5234EC3EAEB52D3ECCDD94BD2A832C3EB8409E3ED1274EBC60114D3EC1BDE83EC3A344BC45C1403EBC4AE83EC6A8FCBCD4ED2D,
3EAA02323EB26AA9BD931FCD3EAAE2543EBE5DE1BD86A4CA3EB5C0333EBABF12BD62A1B63EC131A93EB29E4DBD2A619E3EC972EF3EA94B5ABC7998073EBF4C4D3EA5F8B1BD4C37E73EAAE2543EBE5DE1BD86A4CA3EAEB52D3ECCDD94BD2A832C3EB5C0333EBABF12BD62A1B63EC131A93EB29E4DBD2A619E3EBC4AE83EC6A8FCBCD4ED2D3EC348F53EB6AC64BCF253DA,
3EC761CC3EAC942D3E1606B83EC2CEAB3EA0270F3E217B533EC412F13E9C83233E0F21F73EC9B21C3EA2B7FEBB8672753EC972EF3EA94B5ABC7998073EC9CA3A3EAD1DCDBB6D1BF83EB83EC93E84EC85BCE13B193EC20CAE3E93E39FBC48BC9D3EBA62023E764E8BBC7BC5DF3EC972EF3EA94B5ABC7998073EC348F53EB6AC64BCF253DA3EC8AFC43EB3506EBC0B502B,
3EC577753E8D4EB13E0471F83EC744703E9BD31C3E02C4D63EC412F13E9C83233E0F21F73EC412F13E9C83233E0F21F73EC5E6153E92EC4A3E1E02213EC577753E8D4EB13E0471F83ECCB1893E8C6A7F3DD685123ECC00B93E9481D43DEA90473EC761ED3E84B4293DF3DA733EB656AC3EDDA76E3D5501193EB63ED13EDE9AF63DB81E043EBEAAD23ED633483D88E714,
3EAF7BC03EDE6C6E3CDEDD053EB68C693ED930163C9AE0C13EB50EDC3ED71822BAC79F663EBF9C413ECFF0ED3CB493863EC188D33ED12EE83D1420B43EC449FD3EC7A8D63C24B1253EC75BC43E9187623CDA40533EC436973E85EBD93D0E3AC13EC2BE8C3E8AAE083C19E0E73ECBBD163EA1537A3D4845133EC9F46F3E9F5B3E3D90D2803EC99C393E949A783D6E46D0,
3EC7685A3EBF64AE3CA5DF223EC624573EBAC68BB9E7BC3C3EC449FD3EC7A8D63C24B1253EC83D143EB859213D7CA9693EC7429A3EACEE393D9130593ECA20793EAB9F993D66C4C63ECC00B93E9481D43DEA90473ECDAA2E3E8A51E33DB3DAF93ECDE4C53E92CA153DAA83B23EBFA41E3EC635833E1CE4EB3EC52C173EC011D33DEF84023EBFC3F83ED0EAE23E048840,
3EC1BDE83EC3A344BC45C1403EB8409E3ED1274EBC60114D3EC04BE43ECEF21F3C052F7F3EC732BE3EB49B843C086DF83EC9CA3A3EAD1DCDBB6D1BF83EC8AFC43EB3506EBC0B502B3EC624573EBAC68BB9E7BC3C3EC732BE3EB49B843C086DF83EC8AFC43EB3506EBC0B502B3EC838193EA24D6E3DF984A13ECC00B93E9481D43DEA90473EC93FD13EA3D1243DD4CC25,
3EC52C173EC011D33DEF84023EBFA41E3EC635833E1CE4EB3EC7D8F13EB6E1BD3E0FD8AE3EC8E7583EA5CB793DA9DA593EC7429A3EACEE393D9130593EC93AD63EAFEA813DB80A9E3EC2CEAB3EA0270F3E217B533EC5E6153E92EC4A3E1E02213EC412F13E9C83233E0F21F73ECB30513E9CD24E3D2B80ED3ECBBD163EA1537A3D4845133EC99C393E949A783D6E46D0,
3EC8E7583EA5CB793DA9DA593EC93AD63EAFEA813DB80A9E3EC93FD13EA3D1243DD4CC253EBFC3F83ED0EAE23E0488403EC41B543ECBA8E73DC136613EBEF0283ED535A83DD093963ECA20793EAB9F993D66C4C63EC7429A3EACEE393D9130593EC9F46F3E9F5B3E3D90D2803EC587723E97CED93B8B97783EC2C7753E9CFEDFBCF7EE4E3EC9B21C3EA2B7FEBB867275,
3EC1BDE83EC3A344BC45C1403EC04BE43ECEF21F3C052F7F3EC449FD3EC7A8D63C24B1253EC732BE3EB49B843C086DF83EC624573EBAC68BB9E7BC3C3EC7685A3EBF64AE3CA5DF223EC744703E9BD31C3E02C4D63EC577753E8D4EB13E0471F83ECC00B93E9481D43DEA90473EC587723E97CED93B8B97783EC2BE8C3E8AAE083C19E0E73EC20CAE3E93E39FBC48BC9D,
3EC563023EC9843C3D01908E3EC7685A3EBF64AE3CA5DF223EC449FD3EC7A8D63C24B1253EC93AD63EAFEA813DB80A9E3EC83D143EB859213D7CA9693EC809913EC2BFDB3D6EC17F3EBEF0283ED535A83DD093963EC41B543ECBA8E73DC136613EC469B63ECD8A553D94213A3EBEAAD23ED633483D88E7143EBEF0283ED535A83DD093963EC469B63ECD8A553D94213A,
3EC732BE3EB49B843C086DF83EC8E1933EB18F603CF3CF703EC781623EA71C113C50678C3EC469B63ECD8A553D94213A3EC4FA273ECACC4F3D3CCD103EBEAAD23ED633483D88E7143EC9F46F3E9F5B3E3D90D2803EC93FD13EA3D1243DD4CC253ECDE4C53E92CA153DAA83B23EC04BE43ECEF21F3C052F7F3EB50EDC3ED71822BAC79F663EB68C693ED930163C9AE0C1,
3EC587723E97CED93B8B97783EC6BA6B3E9E54503C7B1E193EC75BC43E9187623CDA40533EC20CAE3E93E39FBC48BC9D3EC2BE8C3E8AAE083C19E0E73EC06EE33E82EE20BA9A02753EC809913EC2BFDB3D6EC17F3EC83D143EB859213D7CA9693EC8E0A83EB437823D3F84453EC7D8F13EB6E1BD3E0FD8AE3EC46CDB3EB874A73E29728A3EC761CC3EAC942D3E1606B8,
3EC9F46F3E9F5B3E3D90D2803ECBBD163EA1537A3D4845133ECA20793EAB9F993D66C4C63EC7429A3EACEE393D9130593EC8E7583EA5CB793DA9DA593EC9F46F3E9F5B3E3D90D2803EC6BA6B3E9E54503C7B1E193ECB30513E9CD24E3D2B80ED3EC75BC43E9187623CDA40533EC412F13E9C83233E0F21F73EC838193EA24D6E3DF984A13EC761CC3EAC942D3E1606B8,
3EC744703E9BD31C3E02C4D63ECC00B93E9481D43DEA90473EC838193EA24D6E3DF984A13EC809913EC2BFDB3D6EC17F3EC469B63ECD8A553D94213A3EC41B543ECBA8E73DC136613EC8E1933EB18F603CF3CF703EC5F6553EBCCE813D0FD2A63EC8E0A83EB437823D3F84453EC4FA273ECACC4F3D3CCD103EC5F6553EBCCE813D0FD2A63EC563023EC9843C3D01908E,
3EC99C393E949A783D6E46D03EC75BC43E9187623CDA40533ECB30513E9CD24E3D2B80ED3EC75BC43E9187623CDA40533EC99C393E949A783D6E46D03EC436973E85EBD93D0E3AC13EB58D583EDA90693D03009B3EBF9C413ECFF0ED3CB493863EB68C693ED930163C9AE0C13EC449FD3EC7A8D63C24B1253EC188D33ED12EE83D1420B43EC563023EC9843C3D01908E,
3EB63ED13EDE9AF63DB81E043EBA81343EDADECA3DE4DA903EBEF0283ED535A83DD093963EC732BE3EB49B843C086DF83EC7685A3EBF64AE3CA5DF223EC8E1933EB18F603CF3CF703ECB30513E9CD24E3D2B80ED3EC6BA6B3E9E54503C7B1E193EC781623EA71C113C50678C3EB50EDC3ED71822BAC79F663EA9A2403EDABABFBC1EC2CE3EAF7BC03EDE6C6E3CDEDD05,
3ECB87163E8A19A83D843A213EC99C393E949A783D6E46D03ECDE4C53E92CA153DAA83B23EBEF0283ED535A83DD093963EBA81343EDADECA3DE4DA903EBFC3F83ED0EAE23E0488403EC809913EC2BFDB3D6EC17F3EC8E0A83EB437823D3F84453EC5F6553EBCCE813D0FD2A63EC8E0A83EB437823D3F84453EC83D143EB859213D7CA9693ECA20793EAB9F993D66C4C6,
3EC981173EB1AB2A3DFFF25E3EC93AD63EAFEA813DB80A9E3EC52C173EC011D33DEF84023EC46CDB3EB874A73E29728A3EC7D8F13EB6E1BD3E0FD8AE3EBFA41E3EC635833E1CE4EB3EB68C693ED930163C9AE0C13EBF9C413ECFF0ED3CB493863EC04BE43ECEF21F3C052F7F3EC99C393E949A783D6E46D03EC9F46F3E9F5B3E3D90D2803ECDE4C53E92CA153DAA83B2,
3EC781623EA71C113C50678C3EC9CA3A3EAD1DCDBB6D1BF83EC732BE3EB49B843C086DF83EC41B543ECBA8E73DC136613EBFC3F83ED0EAE23E0488403EC52C173EC011D33DEF84023EC981173EB1AB2A3DFFF25E3EC52C173EC011D33DEF84023EC7D8F13EB6E1BD3E0FD8AE3EC93AD63EAFEA813DB80A9E3EC41B543ECBA8E73DC136613EC52C173EC011D33DEF8402,
3EC577753E8D4EB13E0471F83EC5E6153E92EC4A3E1E02213EC681023E8A78073E1CBD983EC8E7583EA5CB793DA9DA593EC93FD13EA3D1243DD4CC253EC9F46F3E9F5B3E3D90D2803EBFC3F83ED0EAE23E0488403EB66F2F3ED8E3043E180B673EB60F1B3ED2C7DA3E2B4A663EBFA41E3EC635833E1CE4EB3EBFC3F83ED0EAE23E0488403EB60F1B3ED2C7DA3E2B4A66,
3EC8E0A83EB437823D3F84453ECA20793EAB9F993D66C4C63ECBBD163EA1537A3D4845133EB656AC3EDDA76E3D5501193EC188D33ED12EE83D1420B43EB58D583EDA90693D03009B3EB58D583EDA90693D03009B3EC188D33ED12EE83D1420B43EBF9C413ECFF0ED3CB493863EC75BC43E9187623CDA40533EC2BE8C3E8AAE083C19E0E73EC587723E97CED93B8B9778,
3EC7429A3EACEE393D9130593EC83D143EB859213D7CA9693EC93AD63EAFEA813DB80A9E3EB8409E3ED1274EBC60114D3EB50EDC3ED71822BAC79F663EC04BE43ECEF21F3C052F7F3EC761ED3E84B4293DF3DA733ECC00B93E9481D43DEA90473EC577753E8D4EB13E0471F83EC5F6553EBCCE813D0FD2A63EC4FA273ECACC4F3D3CCD103EC809913EC2BFDB3D6EC17F,
3EBF9C413ECFF0ED3CB493863EC449FD3EC7A8D63C24B1253EC04BE43ECEF21F3C052F7F3EC449FD3EC7A8D63C24B1253EC624573EBAC68BB9E7BC3C3EC1BDE83EC3A344BC45C1403EC188D33ED12EE83D1420B43EB656AC3EDDA76E3D5501193EBEAAD23ED633483D88E7143EC4FA273ECACC4F3D3CCD103EC188D33ED12EE83D1420B43EBEAAD23ED633483D88E714,
3EB2D0E53EE0F96E3DE5308C3EB66F2F3ED8E3043E180B673EBA81343EDADECA3DE4DA903EC587723E97CED93B8B97783EC9B21C3EA2B7FEBB8672753EC6BA6B3E9E54503C7B1E193EC781623EA71C113C50678C3EC6BA6B3E9E54503C7B1E193EC9B21C3EA2B7FEBB8672753EC9CA3A3EAD1DCDBB6D1BF83EC781623EA71C113C50678C3EC9B21C3EA2B7FEBB867275,
3EC93AD63EAFEA813DB80A9E3EC981173EB1AB2A3DFFF25E3EC93FD13EA3D1243DD4CC253ECB30513E9CD24E3D2B80ED3EC781623EA71C113C50678C3EC8E1933EB18F603CF3CF703EC2C7753E9CFEDFBCF7EE4E3EC587723E97CED93B8B97783EC20CAE3E93E39FBC48BC9D3EB66F2F3ED8E3043E180B673EBFC3F83ED0EAE23E0488403EBA81343EDADECA3DE4DA90,
3EC744703E9BD31C3E02C4D63EC838193EA24D6E3DF984A13EC412F13E9C83233E0F21F73EC5F6553EBCCE813D0FD2A63EC8E1933EB18F603CF3CF703EC7685A3EBF64AE3CA5DF223EB63ED13EDE9AF63DB81E043EBEF0283ED535A83DD093963EBEAAD23ED633483D88E7143EC981173EB1AB2A3DFFF25E3EC838193EA24D6E3DF984A13EC93FD13EA3D1243DD4CC25,
3EC838193EA24D6E3DF984A13EC981173EB1AB2A3DFFF25E3EC761CC3EAC942D3E1606B83EC981173EB1AB2A3DFFF25E3EC7D8F13EB6E1BD3E0FD8AE3EC761CC3EAC942D3E1606B83ECC00B93E9481D43DEA90473ECCB1893E8C6A7F3DD685123ECDAA2E3E8A51E33DB3DAF93EC436973E85EBD93D0E3AC13EC99C393E949A783D6E46D03ECB87163E8A19A83D843A21,
3EC809913EC2BFDB3D6EC17F3EC4FA273ECACC4F3D3CCD103EC469B63ECD8A553D94213A3EC93AD63EAFEA813DB80A9E3EC809913EC2BFDB3D6EC17F3EC41B543ECBA8E73DC136613EC7685A3EBF64AE3CA5DF223EC563023EC9843C3D01908E3EC5F6553EBCCE813D0FD2A63ECDAA2E3E8A51E33DB3DAF93ECB87163E8A19A83D843A213ECDE4C53E92CA153DAA83B2,
3ECB30513E9CD24E3D2B80ED3EC8E1933EB18F603CF3CF703ECBBD163EA1537A3D4845133EC563023EC9843C3D01908E3EC188D33ED12EE83D1420B43EC4FA273ECACC4F3D3CCD103EB66F2F3ED8E3043E180B673EB2D0E53EE0F96E3DE5308C3EB221423EDC7EAE3E1872F33ECDE4C53E92CA153DAA83B23EC93FD13EA3D1243DD4CC253ECC00B93E9481D43DEA9047,
3EB596A73E886B7B3E65B2D53EBCEDB33E9384773E59E98E3EB832FD3E9214AD3E70C0F03EC761CC3EAC942D3E1606B83EC2CEAB3EA0270F3E217B533EC412F13E9C83233E0F21F73EBAB0853EAA69163E4A20583EBDD67C3E9F2A393E50F66A3EBF6B3C3EA0BAA63E3C73EF3EC8E1933EB18F603CF3CF703EC8E0A83EB437823D3F84453ECBBD163EA1537A3D484513,
3EC2CEAB3EA0270F3E217B533EC761CC3EAC942D3E1606B83EC11B613EA6D9173E32224F3EC412F13E9C83233E0F21F73EC5E6153E92EC4A3E1E02213EC577753E8D4EB13E0471F83EBF6B3C3EA0BAA63E3C73EF3EBDD67C3E9F2A393E50F66A3EC0B3D53E91A06A3E3DD3783E9F9FED3E9D4C553E9997A23EAC6DA43E95ECE53E8A64803EABDA0E3EA159813E8D8BA4,
3EB246173EA522853E8144ED3EB81ECD3EA3A42F3E6E50833EB20E843EAF41293E7440293EBF6B3C3EA0BAA63E3C73EF3EC0B3D53E91A06A3E3DD3783EC4100E3E96A8B93E2E2D623EB60F1B3ED2C7DA3E2B4A663EAF13F03EDA749F3E2CE28F3EB78BDF3ECCAEC93E4288483EA9567E3EC688BE3E860B4E3EAC35263EBDCEE13E70E90C3EA8C2833EC68CEF3E701084,
3EA5E8D53E8FBF403E8FB1183EAF720D3E8D81CF3E839A5B3EAC6DA43E95ECE53E8A64803EBFA41E3EC635833E1CE4EB3EC52C173EC011D33DEF84023EBFC3F83ED0EAE23E0488403EBB608D3EC60C5B3E438D1E3EBFB0D53EC07D4E3E340B783EB60F1B3ED2C7DA3E2B4A663EBF6B3C3EA0BAA63E3C73EF3EC4100E3E96A8B93E2E2D623EC2CEAB3EA0270F3E217B53,
3EC2CEAB3EA0270F3E217B533EC5E6153E92EC4A3E1E02213EC412F13E9C83233E0F21F73EB19FA13EB7396D3E66D1183EB6F9DB3EBA49E43E5693C03EB371DA3EC563243E60C49C3EB832FD3E9214AD3E70C0F03EAF720D3E8D81CF3E839A5B3EAE7CF23E7CA7D63E7C881E3EB4C9643EB12C6B3E6074213EB20E843EAF41293E7440293EB81ECD3EA3A42F3E6E5083,
3EC52C173EC011D33DEF84023EBFA41E3EC635833E1CE4EB3EC7D8F13EB6E1BD3E0FD8AE3EBDD67C3E9F2A393E50F66A3EBBADE23E9B5F1C3E65C3163EBF55373E97A0513E4E10493EB832FD3E9214AD3E70C0F03EAE7CF23E7CA7D63E7C881E3EB596A73E886B7B3E65B2D53EB78BDF3ECCAEC93E4288483EAF13F03EDA749F3E2CE28F3EAAE6433EDF00263E32702A,
3EAEFD653EAF20433E8513733EA865B63EB093323E8D857B3EABDA0E3EA159813E8D8BA43EB20E843EAF41293E7440293EAC35263EBDCEE13E70E90C3EADB9E93EB638C93E8147F13EAEFD653EAF20433E8513733EB20E843EAF41293E7440293EADB9E93EB638C93E8147F13EAC35263EBDCEE13E70E90C3EB19FA13EB7396D3E66D1183EB371DA3EC563243E60C49C,
3EC2B0213EAF06F73E32F9873EBAB0853EAA69163E4A20583EC11B613EA6D9173E32224F3EB246173EA522853E8144ED3EB20E843EAF41293E7440293EAEFD653EAF20433E8513733EA96BBA3EDB2FCB3E5338B43EB78BDF3ECCAEC93E4288483EABF2D43EDAA9F83E4759683EB66F2F3ED8E3043E180B673EAF13F03EDA749F3E2CE28F3EB60F1B3ED2C7DA3E2B4A66,
3EBCEDB33E9384773E59E98E3EBBADE23E9B5F1C3E65C3163EB832FD3E9214AD3E70C0F03EB596A73E886B7B3E65B2D53EBE5F743E8D91043E4DFE333EBCEDB33E9384773E59E98E3EB6F9DB3EBA49E43E5693C03EB7FC983EC56B663E5054AC3EB371DA3EC563243E60C49C3EB7FC983EC56B663E5054AC3EBB608D3EC60C5B3E438D1E3EB78BDF3ECCAEC93E428848,
3EB78BDF3ECCAEC93E4288483EBB608D3EC60C5B3E438D1E3EB60F1B3ED2C7DA3E2B4A663EBE5F743E8D91043E4DFE333EBF55373E97A0513E4E10493EBCEDB33E9384773E59E98E3EC7D8F13EB6E1BD3E0FD8AE3EC46CDB3EB874A73E29728A3EC761CC3EAC942D3E1606B83EBDD67C3E9F2A393E50F66A3EBAB0853EAA69163E4A20583EB4C9643EB12C6B3E607421,
3EB7FC983EC56B663E5054AC3EB78BDF3ECCAEC93E4288483EB1140A3ECD629E3E5CD5B73EB7FC983EC56B663E5054AC3EB6F9DB3EBA49E43E5693C03EBCC7D23EBBCE213E4AA92E3EBB608D3EC60C5B3E438D1E3EB7FC983EC56B663E5054AC3EBCC7D23EBBCE213E4AA92E3EC412F13E9C83233E0F21F73EC838193EA24D6E3DF984A13EC761CC3EAC942D3E1606B8,
3EBDD67C3E9F2A393E50F66A3EB81ECD3EA3A42F3E6E50833EBBADE23E9B5F1C3E65C3163EBBADE23E9B5F1C3E65C3163EBCEDB33E9384773E59E98E3EBF55373E97A0513E4E10493EB20E843EAF41293E7440293EB19FA13EB7396D3E66D1183EAC35263EBDCEE13E70E90C3EB66F2F3ED8E3043E180B673EB221423EDC7EAE3E1872F33EAF13F03EDA749F3E2CE28F,
3EB4C9643EB12C6B3E6074213EBAB0853EAA69163E4A20583EB6F9DB3EBA49E43E5693C03EABDA0E3EA159813E8D8BA43EA865B63EB093323E8D857B3EA4228A3EA7587D3E94868C3EC499AF3E8CD1203E2F3B643EC681023E8A78073E1CBD983EC5E6153E92EC4A3E1E02213EB19FA13EB7396D3E66D1183EB20E843EAF41293E7440293EB4C9643EB12C6B3E607421,
3EBFB0D53EC07D4E3E340B783EBCC7D23EBBCE213E4AA92E3EC46CDB3EB874A73E29728A3EC0B3D53E91A06A3E3DD3783EBE5F743E8D91043E4DFE333EBDA0173E8479D53E44DE3C3EB78BDF3ECCAEC93E4288483EA96BBA3EDB2FCB3E5338B43EB1140A3ECD629E3E5CD5B73EBAB0853EAA69163E4A20583EBCC7D23EBBCE213E4AA92E3EB6F9DB3EBA49E43E5693C0,
3EBDD67C3E9F2A393E50F66A3EB4C9643EB12C6B3E6074213EB81ECD3EA3A42F3E6E50833EBAB0853EAA69163E4A20583EBF6B3C3EA0BAA63E3C73EF3EC11B613EA6D9173E32224F3EC46CDB3EB874A73E29728A3EC7D8F13EB6E1BD3E0FD8AE3EBFA41E3EC635833E1CE4EB3EBFB0D53EC07D4E3E340B783EBB608D3EC60C5B3E438D1E3EBCC7D23EBBCE213E4AA92E,
3EBFB0D53EC07D4E3E340B783EBFA41E3EC635833E1CE4EB3EB60F1B3ED2C7DA3E2B4A663EBFC3F83ED0EAE23E0488403EB66F2F3ED8E3043E180B673EB60F1B3ED2C7DA3E2B4A663EBFA41E3EC635833E1CE4EB3EBFC3F83ED0EAE23E0488403EB60F1B3ED2C7DA3E2B4A663EC499AF3E8CD1203E2F3B643EC4100E3E96A8B93E2E2D623EC0B3D53E91A06A3E3DD378,
3EA9567E3EC688BE3E860B4E3EA73C4F3EB80DE53E901B433EADB9E93EB638C93E8147F13E9F9FED3E9D4C553E9997A23EA5E8D53E8FBF403E8FB1183EAC6DA43E95ECE53E8A64803EA9567E3EC688BE3E860B4E3EADB9E93EB638C93E8147F13EAC35263EBDCEE13E70E90C3EC577753E8D4EB13E0471F83EC5E6153E92EC4A3E1E02213EC681023E8A78073E1CBD98,
3EB2D0E53EE0F96E3DE5308C3EB66F2F3ED8E3043E180B673EBA81343EDADECA3DE4DA903EB1140A3ECD629E3E5CD5B73EA96BBA3EDB2FCB3E5338B43EA86FCE3ED327893E68D25F3EB1140A3ECD629E3E5CD5B73EA86FCE3ED327893E68D25F3EA8C2833EC68CEF3E7010843EA73C4F3EB80DE53E901B433EA865B63EB093323E8D857B3EADB9E93EB638C93E8147F1,
3EB78BDF3ECCAEC93E4288483EAAE6433EDF00263E32702A3EABF2D43EDAA9F83E4759683EAC6DA43E95ECE53E8A64803EB246173EA522853E8144ED3EABDA0E3EA159813E8D8BA43EB56D3B3E9E0F803E79B0683EB81ECD3EA3A42F3E6E50833EB246173EA522853E8144ED3EB66F2F3ED8E3043E180B673EBFC3F83ED0EAE23E0488403EBA81343EDADECA3DE4DA90,
3EB832FD3E9214AD3E70C0F03EBBADE23E9B5F1C3E65C3163EB56D3B3E9E0F803E79B0683E9F9FED3E9D4C553E9997A23EABDA0E3EA159813E8D8BA43EA4228A3EA7587D3E94868C3EA8C2833EC68CEF3E7010843EAC35263EBDCEE13E70E90C3EB371DA3EC563243E60C49C3EB1140A3ECD629E3E5CD5B73EB371DA3EC563243E60C49C3EB7FC983EC56B663E5054AC,
3EC0B3D53E91A06A3E3DD3783EBDD67C3E9F2A393E50F66A3EBF55373E97A0513E4E10493EBE5F743E8D91043E4DFE333EC0B3D53E91A06A3E3DD3783EBF55373E97A0513E4E10493EB4C9643EB12C6B3E6074213EB6F9DB3EBA49E43E5693C03EB19FA13EB7396D3E66D1183EBCC7D23EBBCE213E4AA92E3EBAB0853EAA69163E4A20583EC2B0213EAF06F73E32F987,
3EC5E6153E92EC4A3E1E02213EC2CEAB3EA0270F3E217B533EC4100E3E96A8B93E2E2D623EC4100E3E96A8B93E2E2D623EC499AF3E8CD1203E2F3B643EC5E6153E92EC4A3E1E02213EB371DA3EC563243E60C49C3EB1140A3ECD629E3E5CD5B73EA8C2833EC68CEF3E7010843EBFB0D53EC07D4E3E340B783EC46CDB3EB874A73E29728A3EBFA41E3EC635833E1CE4EB,
3EC11B613EA6D9173E32224F3EBF6B3C3EA0BAA63E3C73EF3EC2CEAB3EA0270F3E217B533EC46CDB3EB874A73E29728A3EC2B0213EAF06F73E32F9873EC761CC3EAC942D3E1606B83EC838193EA24D6E3DF984A13EC981173EB1AB2A3DFFF25E3EC761CC3EAC942D3E1606B83EC981173EB1AB2A3DFFF25E3EC7D8F13EB6E1BD3E0FD8AE3EC761CC3EAC942D3E1606B8,
3EAC6DA43E95ECE53E8A64803EAF720D3E8D81CF3E839A5B3EB56D3B3E9E0F803E79B0683EC0B3D53E91A06A3E3DD3783EBDA0173E8479D53E44DE3C3EC499AF3E8CD1203E2F3B643EC11B613EA6D9173E32224F3EC761CC3EAC942D3E1606B83EC2B0213EAF06F73E32F9873EA865B63EB093323E8D857B3EAEFD653EAF20433E8513733EADB9E93EB638C93E8147F1,
3EB66F2F3ED8E3043E180B673EB2D0E53EE0F96E3DE5308C3EB221423EDC7EAE3E1872F33EB56D3B3E9E0F803E79B0683EB246173EA522853E8144ED3EAC6DA43E95ECE53E8A64803EB246173EA522853E8144ED3EAEFD653EAF20433E8513733EABDA0E3EA159813E8D8BA43EB832FD3E9214AD3E70C0F03EB56D3B3E9E0F803E79B0683EAF720D3E8D81CF3E839A5B,
3EABDA0E3EA159813E8D8BA43EA865B63EB093323E8D857B3EA4228A3EA7587D3E94868C3E9F9FED3E9D4C553E9997A23EAC6DA43E95ECE53E8A64803EABDA0E3EA159813E8D8BA43EBCC7D23EBBCE213E4AA92E3EC2B0213EAF06F73E32F9873EC46CDB3EB874A73E29728A3EBBADE23E9B5F1C3E65C3163EB81ECD3EA3A42F3E6E50833EB56D3B3E9E0F803E79B068,
3EABBC2C3F14B9AABEEC2DCF3EAB7B6C3F0EA79CBEE1B4BB3EA5FB943F0EE70CBEF097633EAD1C5C3F12872BBEE3E78E3EABF9C63F11EC3EBEDA17093EAB7B6C3F0EA79CBEE1B4BB3E9F9FED3E9D4C553E9997A23EABDA0E3EA159813E8D8BA43EA4228A3EA7587D3E94868C3E9F9FED3E9D4C553E9997A23EA5E8D53E8FBF403E8FB1183EAC6DA43E95ECE53E8A6480,
3EAB7B6C3F0EA79CBEE1B4BB3EABF9C63F11EC3EBEDA17093EA876C03F0CAAFCBED9904B3EA50BFA3F0A4239BEE737973EAB7B6C3F0EA79CBEE1B4BB3EA5E7EA3F0A3444BEDECBFB3EA5FB943F0EE70CBEF097633EA1C0CA3F16F135BEF963BB3EABBC2C3F14B9AABEEC2DCF3EAB7B6C3F0EA79CBEE1B4BB3EA50BFA3F0A4239BEE737973EA5FB943F0EE70CBEF09763,
3EB449FD3F0D8373BEB02D383EA679683F0B89F8BEA81C713EAF00AC3F0A1D43BEB1BE4D3EA729913F08BB0ABED040C03EAE4DC23F0ABDD3BECEB9C33EA2B5C43F056788BEC88E9B3EAD1C5C3F12872BBEE3E78E3EAB7B6C3F0EA79CBEE1B4BB3EABBC2C3F14B9AABEEC2DCF3EA5E7EA3F0A3444BEDECBFB3EAB7B6C3F0EA79CBEE1B4BB3EA876C03F0CAAFCBED9904B,
3EBB773A3F167935BEC569B13EB804963F0FAD2ABEC852503EB97E353F163444BECAD1073EB2D7733F10A409BED214273EAE4DC23F0ABDD3BECEB9C33EAB9ECF3F0E02B8BED708CC3EB555E73F0C27D9BEB880FA3EAF00AC3F0A1D43BEB1BE4D3EAE14593F085B4BBEBAF4283EAE4DC23F0ABDD3BECEB9C33EA729913F08BB0ABED040C03EA4CA4F3F0A4192BED6CBDA,
3EAE4DC23F0ABDD3BECEB9C33EA4CA4F3F0A4192BED6CBDA3EAB9ECF3F0E02B8BED708CC3EAE14593F085B4BBEBAF4283EB46B273F0BC8C1BEC4E0543EB555E73F0C27D9BEB880FA3EAD53483F11244ABEA4F8B63EA12F4D3F0F62D8BEA0CB083EA679683F0B89F8BEA81C713EB449FD3F0D8373BEB02D383EB555E73F0C27D9BEB880FA3EBA63523F120F2CBEB4CD96,
3EAE14593F085B4BBEBAF4283EA60BB33F075A42BEB3CD363EA6A4EC3F05C68FBEC0826B3EAD1C5C3F12872BBEE3E78E3EABF9C63F11EC3EBEDA17093EAB7B6C3F0EA79CBEE1B4BB3EB46B273F0BC8C1BEC4E0543EAE14593F085B4BBEBAF4283EAD13513F0843C4BEC5D8B63EAB9ECF3F0E02B8BED708CC3EABF9C63F11EC3EBEDA17093EB2D7733F10A409BED21427,
3EAD53483F11244ABEA4F8B63EA494B43F13D86BBE9F279A3EA12F4D3F0F62D8BEA0CB083EAD53483F11244ABEA4F8B63EA679683F0B89F8BEA81C713EB449FD3F0D8373BEB02D383EB433513F110A67BEAA7A203EAD53483F11244ABEA4F8B63EB449FD3F0D8373BEB02D383EAF00AC3F0A1D43BEB1BE4D3EB555E73F0C27D9BEB880FA3EB449FD3F0D8373BEB02D38,
3EB7CB4F3F138940BEAD5FDD3EB449FD3F0D8373BEB02D383EBA63523F120F2CBEB4CD963EA876C03F0CAAFCBED9904B3EAB9ECF3F0E02B8BED708CC3EA4CA4F3F0A4192BED6CBDA3EAE14593F085B4BBEBAF4283EA6A4EC3F05C68FBEC0826B3EAD13513F0843C4BEC5D8B63EA60BB33F075A42BEB3CD363EAE14593F085B4BBEBAF4283EAF00AC3F0A1D43BEB1BE4D,
3EA6A4EC3F05C68FBEC0826B3EA2B5C43F056788BEC88E9B3EAD13513F0843C4BEC5D8B63EA60BB33F075A42BEB3CD363EAF00AC3F0A1D43BEB1BE4D3EA679683F0B89F8BEA81C713EAE4DC23F0ABDD3BECEB9C33EB2D7733F10A409BED214273EB804963F0FAD2ABEC852503EB555E73F0C27D9BEB880FA3EB46B273F0BC8C1BEC4E0543EB804963F0FAD2ABEC85250,
3EBAB10C3F10F590BEBCAADA3EB555E73F0C27D9BEB880FA3EB804963F0FAD2ABEC852503EA5E7EA3F0A3444BEDECBFB3EAB7B6C3F0EA79CBEE1B4BB3EA876C03F0CAAFCBED9904B3EABF9C63F11EC3EBEDA17093EAB9ECF3F0E02B8BED708CC3EA876C03F0CAAFCBED9904B3EAB7B6C3F0EA79CBEE1B4BB3EABF9C63F11EC3EBEDA17093EA876C03F0CAAFCBED9904B,
3EB97E353F163444BECAD1073EB804963F0FAD2ABEC852503EB2D7733F10A409BED214273EB555E73F0C27D9BEB880FA3EBAB10C3F10F590BEBCAADA3EBA63523F120F2CBEB4CD963EB449FD3F0D8373BEB02D383EB7CB4F3F138940BEAD5FDD3EB433513F110A67BEAA7A203EB804963F0FAD2ABEC852503EBB773A3F167935BEC569B13EBAB10C3F10F590BEBCAADA,
3EABF9C63F11EC3EBEDA17093EB2EBA23F18A16ABED61F193EB2D7733F10A409BED214273EAE4DC23F0ABDD3BECEB9C33EB804963F0FAD2ABEC852503EB46B273F0BC8C1BEC4E0543EAD13513F0843C4BEC5D8B63EAE4DC23F0ABDD3BECEB9C33EB46B273F0BC8C1BEC4E0543EB97E353F163444BECAD1073EB2D7733F10A409BED214273EB2EBA23F18A16ABED61F19,
3EA9A2403EDABABFBC1EC2CE3EAF739F3ED23209BCF3D9EC3EA1B1533EDC3A64BC8151A43EAF7BC03EDE6C6E3CDEDD053EB68C693ED930163C9AE0C13EB50EDC3ED71822BAC79F663EA1B1533EDC3A64BC8151A43EAF7BC03EDE6C6E3CDEDD053EA9A2403EDABABFBC1EC2CE3EA2B5C43F056788BEC88E9B3EAE4DC23F0ABDD3BECEB9C33EAD13513F0843C4BEC5D8B6,
3EB50EDC3ED71822BAC79F663EA9A2403EDABABFBC1EC2CE3EAF7BC03EDE6C6E3CDEDD053EC04BE43ECEF21F3C052F7F3EB50EDC3ED71822BAC79F663EB68C693ED930163C9AE0C13EA9A2403EDABABFBC1EC2CE3EB50EDC3ED71822BAC79F663EAF739F3ED23209BCF3D9EC3EA1B1533EDC3A64BC8151A43EAF739F3ED23209BCF3D9EC3EA4C4CE3ED1A672BD3CA750,
3EB656AC3EDDA76E3D5501193EB63ED13EDE9AF63DB81E043EBEAAD23ED633483D88E7143E9D48023EE867063D91800A3EAA11CB3EE441143D59524C3E9B584B3EEA65063D72D5E03EA1B1533EDC3A64BC8151A43EAF7BC03EDE6C6E3CDEDD053EA9A2403EDABABFBC1EC2CE3EAF7BC03EDE6C6E3CDEDD053EA1B1533EDC3A64BC8151A43E9D058E3EE4228A3C5BF8BA,
3EAA7D033EE4F7883DDDECE53E9B53723EE8AB713DB73C923E9D5D1C3EE94F8B3DE3675E3EB63ED13EDE9AF63DB81E043EB2D0E53EE0F96E3DE5308C3EBA81343EDADECA3DE4DA903EAF7BC03EDE6C6E3CDEDD053EB68C693ED930163C9AE0C13EB50EDC3ED71822BAC79F663EAC51983EE446B73D8FF1953EB63ED13EDE9AF63DB81E043EB656AC3EDDA76E3D550119,
3EC04BE43ECEF21F3C052F7F3EB50EDC3ED71822BAC79F663EB68C693ED930163C9AE0C13EB68C693ED930163C9AE0C13EAF7BC03EDE6C6E3CDEDD053EB58D583EDA90693D03009B3EAC51983EE446B73D8FF1953EAA11CB3EE441143D59524C3E9D48023EE867063D91800A3EAA11CB3EE441143D59524C3EAC51983EE446B73D8FF1953EB656AC3EDDA76E3D550119,
3E9B53723EE8AB713DB73C923EAC51983EE446B73D8FF1953E9D48023EE867063D91800A3E9B584B3EEA65063D72D5E03EAA11CB3EE441143D59524C3E9B671B3EEA148C3D4787483EAA11CB3EE441143D59524C3EAF7BC03EDE6C6E3CDEDD053E9D058E3EE4228A3C5BF8BA3E9E89A93EE6CCC43D2837F83EAA11CB3EE441143D59524C3E9D058E3EE4228A3C5BF8BA,
3EB63ED13EDE9AF63DB81E043EBA81343EDADECA3DE4DA903EBEF0283ED535A83DD093963EB50EDC3ED71822BAC79F663EA9A2403EDABABFBC1EC2CE3EAF7BC03EDE6C6E3CDEDD053EAA11CB3EE441143D59524C3E9E89A93EE6CCC43D2837F83E9B671B3EEA148C3D4787483EB58D583EDA90693D03009B3EBF9C413ECFF0ED3CB493863EB68C693ED930163C9AE0C1,
3EB68C693ED930163C9AE0C13EBF9C413ECFF0ED3CB493863EC04BE43ECEF21F3C052F7F3EAF7BC03EDE6C6E3CDEDD053EAA11CB3EE441143D59524C3EB656AC3EDDA76E3D5501193EB58D583EDA90693D03009B3EAF7BC03EDE6C6E3CDEDD053EB656AC3EDDA76E3D5501193EBEF0283ED535A83DD093963EBA81343EDADECA3DE4DA903EBFC3F83ED0EAE23E048840,
3EAA7D033EE4F7883DDDECE53EB2D0E53EE0F96E3DE5308C3EAC51983EE446B73D8FF1953EAF7BC03EDE6C6E3CDEDD053EA1B1533EDC3A64BC8151A43E9D058E3EE4228A3C5BF8BA3EB656AC3EDDA76E3D5501193EC188D33ED12EE83D1420B43EB58D583EDA90693D03009B3EB58D583EDA90693D03009B3EC188D33ED12EE83D1420B43EBF9C413ECFF0ED3CB49386,
3EB2D0E53EE0F96E3DE5308C3EB66F2F3ED8E3043E180B673EBA81343EDADECA3DE4DA903EB2D0E53EE0F96E3DE5308C3EA8A8B13EE1D40F3E1B6F1A3EB221423EDC7EAE3E1872F33EC188D33ED12EE83D1420B43EB656AC3EDDA76E3D5501193EBEAAD23ED633483D88E7143EB2D0E53EE0F96E3DE5308C3EB63ED13EDE9AF63DB81E043EAC51983EE446B73D8FF195,
3EB63ED13EDE9AF63DB81E043EBEF0283ED535A83DD093963EBEAAD23ED633483D88E7143EA8A8B13EE1D40F3E1B6F1A3EB2D0E53EE0F96E3DE5308C3EAA7D033EE4F7883DDDECE53E9D5D1C3EE94F8B3DE3675E3EA8A8B13EE1D40F3E1B6F1A3EAA7D033EE4F7883DDDECE53EB66F2F3ED8E3043E180B673EBFC3F83ED0EAE23E0488403EBA81343EDADECA3DE4DA90,
3EAAE6433EDF00263E32702A3EA67A313EE4DE7F3E20F1F53EA6D6133EEB9DE53E41AEF73EB60F1B3ED2C7DA3E2B4A663EAF13F03EDA749F3E2CE28F3EB78BDF3ECCAEC93E4288483EB66F2F3ED8E3043E180B673EB2D0E53EE0F96E3DE5308C3EB221423EDC7EAE3E1872F33EAC51983EE446B73D8FF1953E9B53723EE8AB713DB73C923EAA7D033EE4F7883DDDECE5,
3EAF13F03EDA749F3E2CE28F3EA8A8B13EE1D40F3E1B6F1A3EAAE6433EDF00263E32702A3EA96BBA3EDB2FCB3E5338B43EB78BDF3ECCAEC93E4288483EABF2D43EDAA9F83E4759683EB66F2F3ED8E3043E180B673EAF13F03EDA749F3E2CE28F3EB60F1B3ED2C7DA3E2B4A663EB78BDF3ECCAEC93E4288483EAF13F03EDA749F3E2CE28F3EAAE6433EDF00263E32702A,
3EB78BDF3ECCAEC93E4288483EA96BBA3EDB2FCB3E5338B43EB1140A3ECD629E3E5CD5B73EB221423EDC7EAE3E1872F33EA8A8B13EE1D40F3E1B6F1A3EAF13F03EDA749F3E2CE28F3EB66F2F3ED8E3043E180B673EB221423EDC7EAE3E1872F33EAF13F03EDA749F3E2CE28F3EA8A8B13EE1D40F3E1B6F1A3EA67A313EE4DE7F3E20F1F53EAAE6433EDF00263E32702A,
3EB2D0E53EE0F96E3DE5308C3EB66F2F3ED8E3043E180B673EBA81343EDADECA3DE4DA903EB2D0E53EE0F96E3DE5308C3EA8A8B13EE1D40F3E1B6F1A3EB221423EDC7EAE3E1872F33EABF2D43EDAA9F83E4759683EA8E1723EE43B713E493D533EA96BBA3EDB2FCB3E5338B43EB1140A3ECD629E3E5CD5B73EA96BBA3EDB2FCB3E5338B43EA86FCE3ED327893E68D25F,
3EB78BDF3ECCAEC93E4288483EAAE6433EDF00263E32702A3EABF2D43EDAA9F83E4759683EA8A8B13EE1D40F3E1B6F1A3EB2D0E53EE0F96E3DE5308C3EAA7D033EE4F7883DDDECE53E9D5D1C3EE94F8B3DE3675E3EA8A8B13EE1D40F3E1B6F1A3EAA7D033EE4F7883DDDECE53EB66F2F3ED8E3043E180B673EBFC3F83ED0EAE23E0488403EBA81343EDADECA3DE4DA90,
3EAA6AEC3F1AB8D8BEECEAF23EA23E7D3F22E9BCBEF243573EAB55473F24EF9ABEEC9A133EB66F2F3ED8E3043E180B673EB2D0E53EE0F96E3DE5308C3EB221423EDC7EAE3E1872F33EAAE6433EDF00263E32702A3EA6D6133EEB9DE53E41AEF73EA8E1723EE43B713E493D533EAAE6433EDF00263E32702A3EA8E1723EE43B713E493D533EABF2D43EDAA9F83E475968,
3EBAF8BE3F20DFBDBED536503EB6AF683F1AA993BED06DB53EB68C263F1CABC5BEDBC6EB3EAD1C5C3F12872BBEE3E78E3EAD742E3F17C05DBEDEB3BC3EABF9C63F11EC3EBEDA17093EAD3DA73F32EAC8BED45DC83EAC8FFC3F2F8E3BBEDE4C303EA554333F368A0DBED9A2E83EAC8FFC3F2F8E3BBEDE4C303EB356753F2D1F71BED756003EB5F9593F271DD6BEDE3476,
3EB5F9593F271DD6BEDE34763EBAF8BE3F20DFBDBED536503EB6E02A3F223BBCBEDF67903EA061203F2CFCA4BEEE3D813EAC00543F28D003BEE8F9093EAB55473F24EF9ABEEC9A133EAD1C5C3F12872BBEE3E78E3EABF9C63F11EC3EBEDA17093EAB7B6C3F0EA79CBEE1B4BB3EAB55473F24EF9ABEEC9A133EB5F9593F271DD6BEDE34763EB6E02A3F223BBCBEDF6790,
3EABBC2C3F14B9AABEEC2DCF3EA1C0CA3F16F135BEF963BB3EAA6AEC3F1AB8D8BEECEAF23EAC8FFC3F2F8E3BBEDE4C303E9FCB713F337889BEE6F7E43EA554333F368A0DBED9A2E83EB356753F2D1F71BED756003EB9C5E73F276C05BED0EC103EB5F9593F271DD6BEDE34763EAA6AEC3F1AB8D8BEECEAF23EAB55473F24EF9ABEEC9A133EB6E02A3F223BBCBEDF6790,
3EABBC2C3F14B9AABEEC2DCF3EAE14E03F192A52BEE1999A3EAD742E3F17C05DBEDEB3BC3EABBC2C3F14B9AABEEC2DCF3EAB7B6C3F0EA79CBEE1B4BB3EA5FB943F0EE70CBEF097633EB68C263F1CABC5BEDBC6EB3EAE14E03F192A52BEE1999A3EAD5F143F1BCD9ABEE7F77B3EB6E02A3F223BBCBEDF67903EAD5F143F1BCD9ABEE7F77B3EAA6AEC3F1AB8D8BEECEAF2,
3EB2EBA23F18A16ABED61F193EABF9C63F11EC3EBEDA17093EAD742E3F17C05DBEDEB3BC3EAD3DA73F32EAC8BED45DC83EB356753F2D1F71BED756003EAC8FFC3F2F8E3BBEDE4C303EA1C0CA3F16F135BEF963BB3EA098913F1CCDC8BEF80A5B3EAA6AEC3F1AB8D8BEECEAF23EA5FB943F0EE70CBEF097633EA1C0CA3F16F135BEF963BB3EABBC2C3F14B9AABEEC2DCF,
3EA098913F1CCDC8BEF80A5B3EA23E7D3F22E9BCBEF243573EAA6AEC3F1AB8D8BEECEAF23EAE14E03F192A52BEE1999A3EAA6AEC3F1AB8D8BEECEAF23EAD5F143F1BCD9ABEE7F77B3EAC00543F28D003BEE8F9093E9FCB713F337889BEE6F7E43EAC8FFC3F2F8E3BBEDE4C303EABBC2C3F14B9AABEEC2DCF3EAD742E3F17C05DBEDEB3BC3EAD1C5C3F12872BBEE3E78E,
3EAB7B6C3F0EA79CBEE1B4BB3EABF9C63F11EC3EBEDA17093EA876C03F0CAAFCBED9904B3EBAF8BE3F20DFBDBED536503EB68C263F1CABC5BEDBC6EB3EB6E02A3F223BBCBEDF67903EB5F9593F271DD6BEDE34763EAB55473F24EF9ABEEC9A133EAC00543F28D003BEE8F9093EAA6AEC3F1AB8D8BEECEAF23EAE14E03F192A52BEE1999A3EABBC2C3F14B9AABEEC2DCF,
3EAC00543F28D003BEE8F9093EA061203F2CFCA4BEEE3D813E9FCB713F337889BEE6F7E43EAC8FFC3F2F8E3BBEDE4C303EB5F9593F271DD6BEDE34763EAC00543F28D003BEE8F9093EB2EBA23F18A16ABED61F193EAD742E3F17C05DBEDEB3BC3EAE14E03F192A52BEE1999A3EB68C263F1CABC5BEDBC6EB3EB2EBA23F18A16ABED61F193EAE14E03F192A52BEE1999A,
3EAB55473F24EF9ABEEC9A133EA23E7D3F22E9BCBEF243573EA061203F2CFCA4BEEE3D813EB9C5E73F276C05BED0EC103EBAF8BE3F20DFBDBED536503EB5F9593F271DD6BEDE34763EAD1C5C3F12872BBEE3E78E3EAB7B6C3F0EA79CBEE1B4BB3EABBC2C3F14B9AABEEC2DCF3EB6AF683F1AA993BED06DB53EB2EBA23F18A16ABED61F193EB68C263F1CABC5BEDBC6EB,
3EAD3DA73F32EAC8BED45DC83EB690363F2BB646BECCB72C3EB356753F2D1F71BED756003EAC8FFC3F2F8E3BBEDE4C303EB356753F2D1F71BED756003EB5F9593F271DD6BEDE34763EB921CD3F1D6617BECB502B3EB99F3C3F200B78BEC413773EBB773A3F167935BEC569B13EB6E02A3F223BBCBEDF67903EB68C263F1CABC5BEDBC6EB3EAD5F143F1BCD9ABEE7F77B,
3EAD1C5C3F12872BBEE3E78E3EAD742E3F17C05DBEDEB3BC3EABF9C63F11EC3EBEDA17093EAD3DA73F32EAC8BED45DC83EAC8FFC3F2F8E3BBEDE4C303EA554333F368A0DBED9A2E83EB69AD43F2464AABEBFA5093EA977A73F2F163CBEB516333EB10F523F262C99BEB73C0C3EBAF8BE3F20DFBDBED536503EB9C5E73F276C05BED0EC103EBB3C823F22CD9FBECC447C,
3EB10F523F262C99BEB73C0C3EB6EF1C3F1FD252BEB546F63EB69AD43F2464AABEBFA5093EB69AD43F2464AABEBFA5093EBB3C823F22CD9FBECC447C3EB8157F3F28028EBEC6AE5C3EBB773A3F167935BEC569B13EB804963F0FAD2ABEC852503EB97E353F163444BECAD1073EA605683F38D317BECEAE3A3EAD3DA73F32EAC8BED45DC83EA554333F368A0DBED9A2E8,
3EAD53483F11244ABEA4F8B63EA12F4D3F0F62D8BEA0CB083EA679683F0B89F8BEA81C713EB449FD3F0D8373BEB02D383EB555E73F0C27D9BEB880FA3EBA63523F120F2CBEB4CD963EB69AD43F2464AABEBFA5093EB203C53F2E5B53BEC3D3C33EA88DF33F335D25BEB8913A3EB203C53F2E5B53BEC3D3C33EA4DCCA3F39D8E8BEC449FD3EA6DACB3F36C8A3BEBCD7F1,
3EB7CB4F3F138940BEAD5FDD3EBA63523F120F2CBEB4CD963EBA7E523F1A46E1BEB3380D3EAB9ECF3F0E02B8BED708CC3EABF9C63F11EC3EBEDA17093EB2D7733F10A409BED214273EA977A73F2F163CBEB516333EA949623F271B48BEAF92B03EB10F523F262C99BEB73C0C3EBAF8BE3F20DFBDBED536503EB6AF683F1AA993BED06DB53EB68C263F1CABC5BEDBC6EB,
3EB5F9593F271DD6BEDE34763EBAF8BE3F20DFBDBED536503EB6E02A3F223BBCBEDF67903EB8157F3F28028EBEC6AE5C3EB690363F2BB646BECCB72C3EB203C53F2E5B53BEC3D3C33EBA7E523F1A46E1BEB3380D3EB6EF1C3F1FD252BEB546F63EB116233F1BE415BEA8533B3EAD1C5C3F12872BBEE3E78E3EABF9C63F11EC3EBEDA17093EAB7B6C3F0EA79CBEE1B4BB,
3EA7BF833F20F26BBEA5E7213EA4BAF93F1CD552BEA06C013EB116233F1BE415BEA8533B3EB99F3C3F200B78BEC413773EBB3C823F22CD9FBECC447C3EB69AD43F2464AABEBFA5093EAC8FFC3F2F8E3BBEDE4C303E9FCB713F337889BEE6F7E43EA554333F368A0DBED9A2E83EB356753F2D1F71BED756003EB9C5E73F276C05BED0EC103EB5F9593F271DD6BEDE3476,
3EBA7E523F1A46E1BEB3380D3EB99F3C3F200B78BEC413773EB6EF1C3F1FD252BEB546F63EAD53483F11244ABEA4F8B63EA494B43F13D86BBE9F279A3EA12F4D3F0F62D8BEA0CB083EAD53483F11244ABEA4F8B63EA679683F0B89F8BEA81C713EB449FD3F0D8373BEB02D383EB433513F110A67BEAA7A203EAD53483F11244ABEA4F8B63EB449FD3F0D8373BEB02D38,
3EB7CB4F3F138940BEAD5FDD3EB27B4E3F15BBE0BEA651B13EB433513F110A67BEAA7A203EB7CB4F3F138940BEAD5FDD3EB449FD3F0D8373BEB02D383EBA63523F120F2CBEB4CD963EB921CD3F1D6617BECB502B3EBB773A3F167935BEC569B13EB97E353F163444BECAD1073EB99F3C3F200B78BEC413773EB69AD43F2464AABEBFA5093EB6EF1C3F1FD252BEB546F6,
3EBA63523F120F2CBEB4CD963EBC4DA93F185A4FBEBE8E1D3EBA7E523F1A46E1BEB3380D3EBC4DA93F185A4FBEBE8E1D3EB99F3C3F200B78BEC413773EBA7E523F1A46E1BEB3380D3EB2EBA23F18A16ABED61F193EABF9C63F11EC3EBEDA17093EAD742E3F17C05DBEDEB3BC3EAD3DA73F32EAC8BED45DC83EB356753F2D1F71BED756003EAC8FFC3F2F8E3BBEDE4C30,
3EB9C5E73F276C05BED0EC103EB8157F3F28028EBEC6AE5C3EBB3C823F22CD9FBECC447C3EAD3DA73F32EAC8BED45DC83EA605683F38D317BECEAE3A3EB0151A3F3173B8BECBECAB3EBAF8BE3F20DFBDBED536503EB68C263F1CABC5BEDBC6EB3EB6E02A3F223BBCBEDF67903EBB773A3F167935BEC569B13EB99F3C3F200B78BEC413773EBC4DA93F185A4FBEBE8E1D,
3EB27B4E3F15BBE0BEA651B13EAD53483F11244ABEA4F8B63EB433513F110A67BEAA7A203EABF9C63F11EC3EBEDA17093EAB9ECF3F0E02B8BED708CC3EA876C03F0CAAFCBED9904B3EAB7B6C3F0EA79CBEE1B4BB3EABF9C63F11EC3EBEDA17093EA876C03F0CAAFCBED9904B3EA4DCCA3F39D8E8BEC449FD3EB203C53F2E5B53BEC3D3C33EB0151A3F3173B8BECBECAB,
3EB0151A3F3173B8BECBECAB3EA605683F38D317BECEAE3A3EA4DCCA3F39D8E8BEC449FD3EBA7E523F1A46E1BEB3380D3EB116233F1BE415BEA8533B3EB27B4E3F15BBE0BEA651B13EB2EBA23F18A16ABED61F193EAD742E3F17C05DBEDEB3BC3EAE14E03F192A52BEE1999A3EB68C263F1CABC5BEDBC6EB3EB2EBA23F18A16ABED61F193EAE14E03F192A52BEE1999A,
3EB0151A3F3173B8BECBECAB3EB690363F2BB646BECCB72C3EAD3DA73F32EAC8BED45DC83EA949623F271B48BEAF92B03EA7BF833F20F26BBEA5E7213EB116233F1BE415BEA8533B3EB804963F0FAD2ABEC852503EBB773A3F167935BEC569B13EBAB10C3F10F590BEBCAADA3EBAB10C3F10F590BEBCAADA3EB555E73F0C27D9BEB880FA3EB804963F0FAD2ABEC85250,
3EA494B43F13D86BBE9F279A3EAD53483F11244ABEA4F8B63EB27B4E3F15BBE0BEA651B13E9D933E3F18358BBE9B78033EA494B43F13D86BBE9F279A3EB27B4E3F15BBE0BEA651B13EB690363F2BB646BECCB72C3EB9C5E73F276C05BED0EC103EB356753F2D1F71BED756003EA88DF33F335D25BEB8913A3EB203C53F2E5B53BEC3D3C33EA6DACB3F36C8A3BEBCD7F1,
3EB6AF683F1AA993BED06DB53EB2EBA23F18A16ABED61F193EB68C263F1CABC5BEDBC6EB3EA977A73F2F163CBEB516333EB69AD43F2464AABEBFA5093EA88DF33F335D25BEB8913A3EA4BAF93F1CD552BEA06C013E9D933E3F18358BBE9B78033EB27B4E3F15BBE0BEA651B13EB116233F1BE415BEA8533B3EA4BAF93F1CD552BEA06C013EB27B4E3F15BBE0BEA651B1,
3EB116233F1BE415BEA8533B3EB6EF1C3F1FD252BEB546F63EA949623F271B48BEAF92B03EB69AD43F2464AABEBFA5093EB8157F3F28028EBEC6AE5C3EB203C53F2E5B53BEC3D3C33EB203C53F2E5B53BEC3D3C33EB690363F2BB646BECCB72C3EB0151A3F3173B8BECBECAB3EB449FD3F0D8373BEB02D383EB7CB4F3F138940BEAD5FDD3EB433513F110A67BEAA7A20,
3EB921CD3F1D6617BECB502B3EB6AF683F1AA993BED06DB53EBAF8BE3F20DFBDBED536503EBB3C823F22CD9FBECC447C3EB921CD3F1D6617BECB502B3EBAF8BE3F20DFBDBED536503EB555E73F0C27D9BEB880FA3EBAB10C3F10F590BEBCAADA3EBA63523F120F2CBEB4CD963EB6EF1C3F1FD252BEB546F63EB10F523F262C99BEB73C0C3EA949623F271B48BEAF92B0,
3EB6AF683F1AA993BED06DB53EB97E353F163444BECAD1073EB2EBA23F18A16ABED61F193EB97E353F163444BECAD1073EB804963F0FAD2ABEC852503EB2D7733F10A409BED214273EBAB10C3F10F590BEBCAADA3EBC4DA93F185A4FBEBE8E1D3EBA63523F120F2CBEB4CD963EB921CD3F1D6617BECB502B3EB97E353F163444BECAD1073EB6AF683F1AA993BED06DB5,
3EB9C5E73F276C05BED0EC103EBAF8BE3F20DFBDBED536503EB5F9593F271DD6BEDE34763EBAB10C3F10F590BEBCAADA3EBB773A3F167935BEC569B13EBC4DA93F185A4FBEBE8E1D3EB690363F2BB646BECCB72C3EB8157F3F28028EBEC6AE5C3EB9C5E73F276C05BED0EC103EB97E353F163444BECAD1073EB2D7733F10A409BED214273EB2EBA23F18A16ABED61F19,
3EAD3DA73F32EAC8BED45DC83EAC8FFC3F2F8E3BBEDE4C303EA554333F368A0DBED9A2E83EB7CB4F3F138940BEAD5FDD3EBA7E523F1A46E1BEB3380D3EB27B4E3F15BBE0BEA651B13EABF9C63F11EC3EBEDA17093EB2EBA23F18A16ABED61F193EB2D7733F10A409BED214273EB921CD3F1D6617BECB502B3EBB3C823F22CD9FBECC447C3EB99F3C3F200B78BEC41377,
3EB203C53F2E5B53BEC3D3C33EA4DCCA3F39D8E8BEC449FD3EA6DACB3F36C8A3BEBCD7F13EA605683F38D317BECEAE3A3EAD3DA73F32EAC8BED45DC83EA554333F368A0DBED9A2E83EAD3DA73F32EAC8BED45DC83EAC8FFC3F2F8E3BBEDE4C303EA554333F368A0DBED9A2E83EAC8FFC3F2F8E3BBEDE4C303E9FCB713F337889BEE6F7E43EA554333F368A0DBED9A2E8,
3EB0151A3F3173B8BECBECAB3EA605683F38D317BECEAE3A3EA4DCCA3F39D8E8BEC449FD3EA4DCCA3F39D8E8BEC449FD3EB203C53F2E5B53BEC3D3C33EB0151A3F3173B8BECBECAB3EAD3DA73F32EAC8BED45DC83EA605683F38D317BECEAE3A3EB0151A3F3173B8BECBECAB3EAC8FFC3F2F8E3BBEDE4C303E9FCB713F337889BEE6F7E43EA554333F368A0DBED9A2E8,
0000000000000000000000000000000000000000000000000000000000000000000000000000000000000000000000000000000000000000000000000000000000000000000000000000000000000000000000000000000000000000000000000000000000000000000000003EA88DF33F335D25BEB8913A3EB203C53F2E5B53BEC3D3C33EA6DACB3F36C8A3BEBCD7F1
;
