# File generated by ImageToStl.com - Free Image and 3D model conversion tools

mtllib bunny_10k_compressed_basetoolbox (1).mtl

o obj1
v 0.48999301 0.130914 0.15645
v 0.50591499 0.16022199 0.14352
v 0.499403 0.152968 0.1559
v 0.155956 0.479112 -0.130492
v 0.165001 0.49670401 -0.123673
v 0.19015799 0.47839499 -0.122421
v 0.00629 0.026231 -0.16821299
v -0.004353 0.018629 -0.169815
v -0.019588 0.011407 -0.173696
v -0.29301 0.079307 0.198144
v -0.310157 0.07499 0.216699
v -0.30770499 0.081842 0.229596
v 0.294458 0.18181001 0.30080101
v 0.27517599 0.158346 0.302771
v 0.30228901 0.165098 0.286071
v -0.39171299 0.52111101 0.31779301
v -0.403761 0.54195899 0.340437
v -0.406744 0.53410399 0.326489
v 0.049754 0.89598101 -0.140119
v 0.05008 0.899872 -0.121403
v 0.048349 0.89052802 -0.11822
v -0.31411099 0.83403301 -0.308476
v -0.31444401 0.83760297 -0.352294
v -0.307585 0.85211301 -0.32122099
v -0.40858501 0.85240698 -0.162517
v -0.41234499 0.88083398 -0.21672601
v -0.38733399 0.848113 -0.188701
v 0.40182999 0.056308 0.029889
v 0.39616901 0.046425 0.058073
v 0.379105 0.040652 0.038409
v -0.403723 0.32885501 0.251371
v -0.36977699 0.31237799 0.26897001
v -0.397248 0.362795 0.26763299
v 0.037977 0.88976401 -0.135097
v -0.47963101 0.751715 0.076415
v -0.45774901 0.73269802 0.057794
v -0.48313701 0.736049 0.096974
v -0.132512 0.057449 0.31019899
v -0.129136 0.038141 0.31779701
v -0.124105 0.054066 0.319823
v 0.25140101 0.019643 0.06883
v 0.20599701 0.015191 0.092303
v 0.248431 0.018128 0.057221
v -0.020025 0.015077 -0.117345
v 0.006699 0.010371 -0.116487
v -0.037195 0.030554 -0.110903
v -0.092322 0.011231 0.154093
v -0.104837 0.007039 0.162126
v -0.098179 0.007717 0.142461
v -0.30477199 0.295638 0.28891999
v -0.30696201 0.27470601 0.27950799
v -0.27475199 0.28385699 0.29401901
v -0.013676 0.408503 0.35986799
v -0.029767 0.41053799 0.34267899
v -0.037112 0.39603299 0.35346401
v -0.162221 0.088741 -0.09975
v -0.151769 0.0863 -0.13285001
v -0.17613199 0.06652 -0.122491
v -0.26365101 0.131384 0.054047
v -0.26322901 0.11455 0.068603
v -0.25935599 0.14254101 0.063742
v 0.184036 0.31392401 0.37386501
v 0.204065 0.31086901 0.37077701
v 0.19738901 0.33283299 0.36462799
v -0.24632201 0.17953099 -0.043096
v -0.25387201 0.200527 -0.037787
v -0.24913099 0.209961 -0.050393
v -0.25646299 0.10575 0.252121
v -0.28944299 0.09396 0.25729799
v -0.27637401 0.094932 0.27606601
v -0.44633901 0.374533 0.20793501
v -0.42838401 0.39006999 0.232392
v -0.45007199 0.41168401 0.20923901
v -0.31589499 0.80491799 0.021482
v -0.29830301 0.79557103 0.012084
v -0.30622599 0.79098898 0.003808
v 0.13531201 0.090223 -0.17626999
v 0.108516 0.078816 -0.165153
v 0.099014 0.088371 -0.180096
v -0.38255301 0.481962 0.25571999
v -0.383616 0.457041 0.258793
v -0.36756101 0.47476301 0.261711
v -0.260616 0.60926902 -0.036685
v -0.29075199 0.63663 -0.040722
v -0.252435 0.634296 -0.026651
v 0.228246 0.010658 0.15776201
v 0.23849501 0.020901 0.1381
v 0.09427 0.035191 0.125569
v 0.0929 0.03189 0.105113
v 0.107475 0.016205 0.107071
v 0.26390901 0.01082 0.033078
v 0.27799201 0.020729 0.011301
v 0.27564201 0.01182 0.03124
v 0.23323099 0.014126 -0.05958
v 0.21667799 0.011417 -0.085135
v 0.230753 0.013059 -0.079424
v -0.00969 0.42720601 0.33131599
v 0.027205 0.434421 0.34274101
v -0.015786 0.43013299 0.315806
v 0.36116999 0.208471 -0.068494
v 0.37079501 0.22975899 -0.066558
v 0.37619999 0.206938 -0.044703
v 0.33756 0.30977699 -0.108721
v 0.354215 0.300181 -0.084963
v 0.33633801 0.283577 -0.100853
v -0.25262699 0.020785 0.32180399
v -0.21886 0.027254 0.317709
v -0.238424 0.042287 0.322705
v -0.239447 0.17631499 0.18817399
v -0.23522 0.15301099 0.180631
v -0.233118 0.147599 0.199765
v 0.049255 0.13057201 0.35599899
v 0.06708 0.154076 0.36781001
v 0.038898 0.151078 0.35926801
v -0.39627701 0.81151402 -0.012732
v -0.397903 0.81918198 -0.042486
v -0.40162101 0.79845202 -0.024394
v -0.23211101 0.105595 0.26170501
v -0.22106101 0.08608 0.290407
v -0.21829601 0.106309 0.26240501
v -0.270376 0.058168 0.31730601
v -0.25337899 0.044097 0.32464001
v -0.2423 0.065078 0.31532699
v 0.36284301 0.028331 0.081205
v 0.41382599 0.053962 0.096859
v 0.41006699 0.34949499 0.16685
v 0.41875401 0.30663201 0.14416701
v 0.41271299 0.360466 0.150814
v -0.47599 0.37499201 0.159991
v -0.463332 0.374648 0.18463799
v -0.476376 0.39208201 0.166495
v 0.141554 0.49187601 0.28969699
v 0.141899 0.48179999 0.29210401
v 0.15776099 0.48297101 0.290647
v -0.30997899 0.96723402 -0.39401799
v -0.308202 0.967444 -0.37590799
v -0.304158 0.96529901 -0.38769501
v -0.35723299 0.88053101 -0.31107399
v -0.35076201 0.90280098 -0.336714
v -0.348813 0.85921401 -0.33053899
v -0.357416 0.93433499 -0.34517899
v -0.35990599 0.96495402 -0.364391
v -0.34208801 0.95593798 -0.377202
v -0.35093799 0.014889 -0.017579
v -0.35086 0.024516 -0.016676
v -0.34282601 0.020441 -0.029284
v -0.38557199 0.58778697 0.366144
v -0.382961 0.625175 0.36254299
v -0.39709601 0.61483902 0.361586
v 0.028072 0.013112 0.29417801
v 0.016006 0.012121 0.304178
v 0.022883 0.042644 0.26688501
v -0.164198 0.007085 -0.015912
v -0.116964 0.035545 -0.007763
v -0.16267499 0.005704 -0.001984
v 0.1794 0.52783102 -0.116441
v 0.14826301 0.52635998 -0.123882
v -0.330944 0.72359997 0.295654
v -0.34297699 0.70961303 0.31299299
v -0.33463001 0.69364798 0.306256
v 0.096528 0.60912001 0.23208299
v 0.091993 0.596062 0.249404
v 0.123362 0.60435402 0.23630901
v -0.158692 0.84232599 0.028639
v -0.142543 0.84383601 0.021456
v -0.156358 0.851192 0.024808
v -0.380896 0.81868201 0.168907
v -0.364573 0.81266499 0.202737
v -0.35808 0.81971502 0.17523199
v 0.157006 0.011218 0.26265901
v 0.16344599 0.040235 0.22607601
v 0.17198201 0.032025 0.235309
v -0.101149 0.03562 0.00753
v -0.127027 0.004806 0.054241
v -0.07795 0.031825 0.147646
v -0.08103 0.015672 0.128153
v -0.069075 0.27820799 -0.22915199
v -0.038702 0.255193 -0.242852
v -0.063413 0.25414601 -0.22576
v -0.064295 0.32480299 0.34899199
v -0.05533 0.364739 0.35498199
v -0.071838 0.34847 0.332048
v 0.109194 0.031303 -0.088493
v 0.117998 0.012049 -0.097066
v 0.135296 0.017534 -0.089393
v 0.028494 0.883017 -0.081903
v 0.02892 0.87014002 -0.076106
v 0.040132 0.879188 -0.096249
v 0.27174601 0.07142 0.276986
v 0.27077699 0.099529 0.272439
v 0.254592 0.098201 0.282772
v -0.058635 0.075737 -0.179078
v -0.087225 0.059167 -0.188106
v -0.096801 0.070122 -0.183735
v 0.220718 0.53827798 0.261323
v 0.19861799 0.535797 0.266123
v 0.20813601 0.50371701 0.281688
v -0.079263 0.961896 -0.09804
v -0.040245 0.97010601 -0.12769499
v -0.075249 0.95154703 -0.106071
v -0.39298701 0.82242501 -0.027956
v -0.38365301 0.82958001 -0.023448
v -0.38284701 0.84137601 -0.042823
v -0.096052 0.127827 0.25746799
v -0.111702 0.115863 0.26591399
v -0.109333 0.108798 0.27898699
v 0.026179 0.09467 0.32996601
v 0.025814 0.079858 0.34238699
v 0.037092 0.094398 0.32868299
v -0.089648 0.15944 -0.119211
v -0.07918 0.16363101 -0.145225
v -0.085591 0.140168 -0.130463
v 0.40923801 0.222216 0.186542
v 0.42386401 0.23685201 0.177515
v 0.410983 0.23469 0.177074
v -0.055208 0.012803 0.300181
v -0.062037 0.023003 0.27513099
v -0.043225 0.040919 0.26682699
v -0.185259 0.011508 0.129648
v -0.127547 0.014411 0.15369201
v -0.142721 0.016259 0.17269801
v -0.11624 0.007045 0.152551
v -0.124891 0.007348 0.17147
v 0.139778 0.30568799 0.38295701
v 0.15769701 0.31279799 0.380483
v 0.14651 0.33706799 0.38941801
v 0.40795699 0.29793501 -0.003172
v 0.40313801 0.26434699 3.4E-05
v 0.397881 0.27746901 -0.019669
v 0.38634801 0.41610101 -0.024548
v 0.399717 0.42583501 0.016538
v 0.408317 0.384615 0.002016
v 0.17438699 0.014506 -0.039654
v 0.14336801 0.012679 0.005878
v 0.152977 0.034265 -0.030822
v -0.306972 0.77431899 -0.12524401
v -0.30222899 0.78906798 -0.097739
v -0.305859 0.76640302 -0.090173
v -0.34100199 0.75269598 0.28945801
v -0.354114 0.73313999 0.30946499
v -0.342224 0.73429298 0.301662
v -0.347155 0.539509 0.341802
v -0.32834199 0.54507399 0.32514501
v -0.34409499 0.55278701 0.35212699
v -0.38679999 0.79861403 -0.098605
v -0.39307901 0.78826499 -0.121348
v -0.393424 0.78821898 -0.098575
v -0.32215601 0.428307 0.29151201
v -0.320012 0.45616001 0.28965601
v -0.33415201 0.453816 0.28423399
v -0.30355 0.818847 -0.22527499
v -0.318674 0.81316102 -0.272479
v -0.30530399 0.83834797 -0.26065999
v 0.181734 0.49736401 0.281948
v 0.164445 0.49213099 0.285597
v 0.171855 0.48640099 0.29345101
v -0.374744 0.40487301 0.283355
v -0.405534 0.37704 0.26048699
v -0.213948 0.183726 -0.068081
v -0.210586 0.203779 -0.073415
v -0.19587199 0.17143799 -0.069122
v -0.115923 0.53704298 -0.102762
v -0.103056 0.54492599 -0.097052
v -0.095889 0.532493 -0.106012
v 0.190285 0.58924299 0.24199
v 0.196766 0.55224597 0.257541
v 0.26003999 0.118612 -0.146192
v 0.25009501 0.096445 -0.130707
v 0.248069 0.125567 -0.16011401
v 0.26390401 0.094238 -0.119964
v 0.26281101 0.085808 -0.108551
v 0.25539699 0.085249 -0.117592
v -0.46211299 0.64428103 0.33463499
v -0.47317001 0.636379 0.316883
v -0.46272999 0.60438299 0.332847
v -0.249835 0.85708398 0.033765
v -0.218068 0.87940401 0.030413
v -0.224922 0.88029701 0.007411
v 0.192965 0.107351 0.32707199
v 0.214469 0.096508 0.303617
v 0.212869 0.134688 0.33013999
v 0.01866 0.194116 0.369688
v 0.03086 0.20286401 0.37626201
v 0.019794 0.213899 0.36811799
v 0.04177 0.16865601 0.36814401
v -0.193005 0.75712502 0.050592
v -0.18346199 0.759718 0.042977
v -0.19337399 0.76789498 0.061042
v 0.041698 0.004983 -0.146465
v 0.042376 0.021453 -0.159481
v 0.062332 0.013271 -0.154019
v 0.028685 0.01245 -0.159637
v 0.47874501 0.26337001 0.066316
v 0.499621 0.25527501 0.078203
v 0.497751 0.244147 0.049881
v 0.165167 0.433218 -0.14849
v 0.134637 0.43676201 -0.152088
v 0.164766 0.44305199 -0.13671499
v -0.246704 0.73781401 0.18703
v -0.251791 0.763708 0.190861
v -0.25440499 0.75151402 0.208683
v -0.30942199 0.734882 -0.043593
v -0.303592 0.757496 -0.044735
v -0.302625 0.75810701 -0.03229
v -0.333251 0.72432297 -0.049871
v -0.34815499 0.72026199 -0.046368
v -0.34817901 0.727063 -0.05689
v -0.28698799 0.78640199 0.243076
v -0.30431101 0.77537698 0.256843
v -0.28481799 0.77505398 0.24797399
v -0.46250099 0.76909202 0.059597
v -0.48497999 0.761397 0.082193
v -0.258057 0.101653 0.269209
v -0.32326499 0.892398 -0.38697201
v -0.32249001 0.86509401 -0.38124701
v -0.32927099 0.87647301 -0.37887999
v 0.056918 0.094111 0.328127
v 0.043577 0.110515 0.34398201
v 0.109863 0.51211601 0.294705
v 0.079584 0.52592897 0.291089
v 0.083707 0.495711 0.30281699
v -0.31679901 0.97813898 -0.377083
v -0.31027299 0.97249597 -0.38844201
v -0.32047999 0.97966802 -0.38920999
v -0.32168999 0.80228502 0.004966
v -0.31090501 0.79105401 -0.007501
v 0.092117 0.25810799 0.39768001
v 0.073103 0.236779 0.38440901
v 0.095513 0.24033201 0.388423
v -0.41071901 0.89178097 -0.23880699
v -0.38056701 0.89924997 -0.277109
v -0.384826 0.87600499 -0.239869
v 0.073514 0.46266001 0.30175
v 0.062725 0.49205899 0.30358201
v 0.051109 0.48069701 0.30094099
v 0.059286 0.457802 0.303408
v 0.053057 0.44580901 0.332167
v 0.071045 0.45391101 0.30719
v 0.23499499 0.31428999 -0.177303
v 0.26386201 0.29859701 -0.16330899
v 0.24831501 0.29124999 -0.16951799
v 0.21014901 0.223847 -0.190458
v 0.189114 0.22377799 -0.193865
v 0.20287199 0.24130499 -0.198184
v -0.433994 0.65279901 0.355418
v -0.420578 0.67626101 0.35026899
v -0.43417501 0.68576401 0.33703601
v -0.35724801 0.33137 -0.101927
v -0.348241 0.34531301 -0.105957
v -0.33770001 0.32540399 -0.108441
v -0.250958 0.45084301 -0.12949499
v -0.26446399 0.46797201 -0.115551
v -0.23284 0.484038 -0.118427
v -0.298444 0.35301 -0.118077
v -0.29283199 0.33012199 -0.120893
v -0.311634 0.329267 -0.117315
v 0.39976299 0.226533 0.18788899
v 0.422084 0.24868999 0.15841299
v 0.40925899 0.251865 0.168346
v -0.44706899 0.51416898 0.030681
v -0.45429999 0.51647598 0.040627
v -0.455621 0.52736902 0.030885
v -0.26773399 0.153027 0.023113
v -0.26507601 0.148165 0.008825
v -0.26949799 0.129529 0.027601
v 0.40065101 0.24536601 0.185509
v 0.41478601 0.26700601 0.151427
v 0.401878 0.28289899 0.188181
v 0.30294001 0.09366 -0.049567
v 0.320838 0.109871 -0.040622
v 0.30763599 0.093414 -0.039865
v 0.27147299 0.54649001 0.238144
v 0.23863401 0.556817 0.249755
v 0.25200701 0.52969801 0.25666499
v -0.24772599 0.75648397 0.000427
v -0.21555699 0.78197199 -0.016933
v -0.217544 0.75920898 -0.004888
v 0.061711 0.043368 0.26233599
v 0.053103 0.012856 0.287678
v 0.047845 0.042512 0.26026699
v 0.087628 0.024657 0.33135799
v 0.093955 0.01563 0.323039
v 0.111764 0.022187 0.32265699
v 0.153642 0.014295 0.053941
v 0.143454 0.006712 0.070107
v -0.119389 0.25452399 -0.112209
v -0.118334 0.23452801 -0.102583
v -0.125049 0.25930399 -0.10909
v -0.374731 0.27119401 -0.05111
v -0.380063 0.288618 -0.060448
v -0.36944199 0.290411 -0.07601
v -0.43703601 0.31792501 -0.001699
v -0.43226099 0.289453 0.013594
v -0.44072801 0.29796401 0.021072
v -0.448309 0.42733601 -0.012403
v -0.447373 0.44532099 -0.013649
v -0.436721 0.44127399 -0.027165
v -0.347927 0.067438 0.02497
v -0.35683399 0.046986 0.012478
v -0.36115301 0.046387 0.030763
v -0.318712 0.009486 0.222572
v -0.32722101 0.013095 0.24087
v -0.33446899 0.018059 0.22087801
v -0.223988 0.103716 0.13612799
v -0.23981 0.090691 0.16019601
v -0.232434 0.1081 0.156068
v -0.247723 0.091434 0.172279
v -0.28923801 0.068944 0.17871299
v -0.25443101 0.097886 0.19656999
v -0.075496 0.052491 0.36676699
v -0.080013 0.03851 0.36807901
v -0.061485 0.051674 0.37029901
v -0.20149399 0.017062 0.064138
v -0.176883 0.005844 0.055342
v -0.179352 0.019524 0.066547
v 0.105694 0.041595 -0.06733
v 0.127736 0.042138 -0.048941
v 0.103889 0.038867 0.017756
v -0.187769 0.007458 -0.14027999
v -0.18713801 0.003556 -0.123042
v -0.19715001 0.012686 -0.113722
v 0.235111 0.28531399 0.35976401
v 0.212805 0.28812 0.369001
v 0.224315 0.26644501 0.35466501
v -0.237876 0.003727 0.092675
v -0.222794 0.012502 0.075187
v -0.15975399 0.45344701 0.28385901
v -0.161731 0.43012401 0.28961399
v -0.14066701 0.453982 0.285364
v -0.15255401 0.421305 0.291877
v 0.37218201 0.30309901 -0.062288
v 0.38690999 0.314805 -0.041606
v 0.37769499 0.29297599 -0.049879
v 0.177093 0.142497 -0.19024099
v 0.163405 0.14802399 -0.194515
v 0.19497 0.18379501 -0.18419001
v 0.030113 0.48543799 -0.14094
v 0.041751 0.50441599 -0.13529
v 0.048735 0.48703101 -0.140984
v -0.028798 1.00921202 -0.077128
v -0.034266 1.01645803 -0.085238
v -0.039223 1.01022995 -0.072147
v 0.00966 1.02211201 -0.150526
v -0.000627 1.00895905 -0.155747
v -0.000554 1.02146399 -0.14553501
v -0.41125801 0.26985201 -0.01522
v -0.41229901 0.26807401 -0.002331
v -0.42575201 0.287622 -0.007088
v -0.487486 0.57248598 0.313584
v -0.48708901 0.58961803 0.31592399
v -0.50323898 0.581025 0.29433399
v -0.33978999 0.77441001 0.27227899
v 0.15561099 0.00956 0.119409
v 0.148367 0.004593 0.098211
v 0.139091 0.007011 0.105196
v 0.140784 0.007023 0.091532
v -0.112324 0.89088798 -0.01866
v -0.103705 0.873963 -0.018479
v -0.092694 0.89116502 -0.032636
v -0.27158701 0.35362601 0.30537301
v -0.248069 0.356502 0.31229499
v -0.257092 0.36921901 0.30890501
v -0.22739901 0.36131501 0.31439
v -0.21452899 0.37340501 0.310873
v -0.241735 0.38186601 0.30822799
v -0.30549499 0.73262799 -0.03513
v -0.29351899 0.732683 -0.019381
v -0.29341099 0.72035003 -0.025254
v 0.29754201 0.079464 -0.033369
v 0.27623299 0.050736 -0.026039
v 0.26779601 0.057161 -0.038199
v -0.176589 0.38757899 -0.140495
v -0.173104 0.366126 -0.13485099
v -0.19017901 0.38339701 -0.13614599
v -0.091721 0.28928599 -0.212256
v -0.079267 0.310868 -0.225474
v -0.14855701 0.100975 -0.075242
v -0.141719 0.108817 -0.066955
v -0.130522 0.105314 -0.077432
v -0.111931 0.009034 0.25617099
v -0.119777 0.011547 0.240614
v -0.112483 0.01716 0.225582
v 0.26499701 0.00883 0.066697
v -0.41952401 0.54006302 0.32185599
v -0.33234099 0.93171799 -0.28548199
v -0.33922201 0.92111897 -0.242055
v -0.323533 0.91074401 -0.25465801
v 0.178977 0.019042 0.30891299
v 0.156112 0.020247 0.31445399
v 0.153293 0.013045 0.30479801
v -0.14833599 0.00457 0.064183
v -0.13577101 0.005737 0.074703
v -0.154375 0.016484 0.074259
v 0.27362701 0.202125 0.31198701
v 0.29651099 0.204024 0.30179
v 0.27696899 0.228267 0.307726
v 0.23171701 0.18527099 0.33642101
v 0.241833 0.153053 0.33198401
v 0.24387001 0.177166 0.33429301
v -0.155775 0.50984102 0.25985301
v -0.149422 0.539096 0.24093901
v -0.170017 0.52673101 0.250958
v 0.32498801 0.217931 -0.113827
v 0.33886901 0.246172 -0.101466
v 0.33060801 0.21200199 -0.108208
v 0.25457999 0.009704 0.046269
v 0.276456 0.31513599 0.335648
v 0.270298 0.29282299 0.33677399
v 0.29998499 0.30722299 0.31176701
v -0.106279 0.010473 0.18528099
v -0.122637 0.007782 0.18875501
v -0.30913401 0.83753097 -0.28625399
v -0.304304 0.86069101 -0.29473901
v -0.21494301 0.87233102 0.041991
v -0.180374 0.89226598 0.035345
v -0.188841 0.89979303 0.024398
v -0.16252001 0.83406901 0.035648
v -0.144191 0.83173901 0.0425
v -0.155735 0.77644998 0.029384
v -0.174624 0.76183498 0.01614
v -0.13979501 0.78040999 0.011644
v -0.19088501 0.005587 0.19557799
v -0.19071899 0.010045 0.213394
v -0.241695 0.007885 0.185711
v 0.41452101 0.32571799 0.023517
v 0.41085401 0.34345201 0.021466
v 0.41749799 0.35249501 0.051845
v 0.288472 0.035564 0.19842599
v 0.296193 0.053002 0.21713699
v 0.27754599 0.033496 0.20739099
v -0.357384 0.19999699 0.139292
v -0.36792499 0.22354899 0.163822
v -0.37242901 0.207222 0.125093
v -0.104156 0.50121403 -0.116867
v -0.0747 0.524378 -0.10777
v 0.173115 0.034944 0.215956
v -0.08299 0.36798599 -0.201965
v -0.071751 0.38497299 -0.199568
v -0.06113 0.37770101 -0.21987399
v -0.30097601 0.37204999 0.31332001
v -0.28121901 0.34413299 0.30262399
v -0.285873 0.36361799 0.31050399
v -0.009751 0.45729601 -0.148239
v -0.030549 0.480786 -0.14046
v 0.009808 0.48053801 -0.139534
v 0.50176197 0.13393 0.089625
v 0.505463 0.171141 0.045689
v 0.516958 0.176217 0.083657
v -0.165328 0.231282 0.28667301
v -0.15113901 0.220614 0.28868699
v -0.13098 0.228302 0.28749901
v -0.207693 0.264828 0.28503701
v -0.214119 0.25619799 0.27681401
v -0.194465 0.218022 0.27018201
v -0.322474 0.820683 0.16428401
v -0.29956001 0.81919903 0.156801
v -0.324393 0.82090002 0.115224
v 0.18358 0.076257 0.307706
v 0.172179 0.085321 0.32124999
v 0.160917 0.074103 0.313694
v 0.066847 0.41835999 0.37239701
v 0.089901 0.43477601 0.355948
v 0.052003 0.43291801 0.35613
v -0.31049299 0.060166 0.189198
v -0.166803 0.004533 0.189743
v -0.231075 0.006668 0.18606099
v -0.234485 0.004295 0.175767
v -0.005664 0.84391701 -0.040858
v -0.022582 0.83405298 -0.036189
v -0.009447 0.84054297 -0.056217
v 0.27375701 0.50295401 0.267055
v 0.24853501 0.49736801 0.27654701
v 0.268778 0.48093301 0.275475
v 0.19369499 0.636401 0.007543
v 0.17694999 0.64827001 0.030233
v 0.209297 0.63658297 0.022049
v -0.122758 0.875889 -0.007526
v 0.196483 0.008385 -0.064376
v 0.21178 0.009374 -0.022948
v -0.233603 0.003365 0.064615
v -0.28349301 0.003899 0.076427
v -0.229762 0.002982 -0.053438
v 0.044201 0.97567701 -0.18752401
v 0.036697 0.988253 -0.184607
v 0.039028 0.99312299 -0.17670999
v -0.19180401 0.212174 -0.082888
v -0.17251 0.192167 -0.076263
v -0.110868 0.005244 0.069194
v -0.120268 0.004651 0.055771
v -0.083812 0.034551 0.036144
v 0.14553601 0.007561 0.128607
v -0.39670199 0.97271699 -0.32613099
v -0.38225701 0.97886503 -0.331615
v -0.389972 0.97385901 -0.34082499
v -0.28708401 0.726686 0.245739
v -0.292393 0.70550102 0.238095
v -0.28229401 0.71895999 0.232613
v 0.47889999 0.267656 0.085888
v 0.164718 0.022242 0.048967
v 0.17501999 0.020265 0.040476
v 0.16334701 0.011294 0.046356
v 0.426891 0.177838 -0.021348
v 0.42373601 0.15820999 -0.028218
v 0.40210101 0.157594 -0.028502
v -0.12808 0.019061 0.101314
v -0.125618 0.01934 0.113572
v -0.118786 0.007253 0.101245
v -0.474222 0.35415 0.044061
v -0.46177801 0.33507901 0.052209
v -0.46452501 0.34214199 0.07094
v -0.47185701 0.52355599 0.25616899
v -0.44511601 0.51914299 0.22459
v -0.450212 0.51527703 0.26072901
v 0.182061 0.23324201 -0.194583
v 0.186915 0.253445 -0.20299999
v -0.018158 0.88738799 -0.066401
v 0.024404 0.90918499 -0.103413
v -0.086804 0.86219102 -0.013407
v 0.022858 0.87069398 -0.068837
v -0.26619399 0.83581603 0.018913
v -0.26881599 0.84148598 0.032582
v -0.26001599 0.84765899 0.022989
v 0.090503 0.01201 0.283932
v 0.077222 0.013584 0.28005999
v 0.085803 0.027994 0.265939
v 0.118781 0.010977 0.30232
v 0.116229 0.013422 0.312415
v 0.086552 0.010489 0.30662599
v -0.063084 0.011128 0.299851
v -0.228448 0.004985 -0.075843
v -0.23950499 0.00524 -0.066401
v -0.23519801 0.016556 -0.072256
v 0.18074501 0.020991 -0.140513
v 0.161475 0.011694 -0.13355801
v 0.148286 0.020809 -0.14685901
v 0.26287499 0.020121 0.095267
v 0.260425 0.023947 0.103428
v 0.27327099 0.013312 0.098002
v -0.289363 0.086452 0.282148
v -0.402881 0.81155002 -0.085732
v -0.40064299 0.80510598 -0.064358
v -0.40142399 0.81483603 -0.062352
v -0.164023 0.63831699 0.085037
v -0.171562 0.63470203 0.110395
v -0.15469199 0.63232499 0.107394
v -0.39703801 0.96449703 -0.33582699
v -0.21093801 0.42299199 0.305821
v -0.19637901 0.44290099 0.29297
v -0.214763 0.45081401 0.295048
v 0.150372 0.625741 -0.031295
v 0.117109 0.615358 -0.040757
v 0.110855 0.63299602 -0.013004
v 0.180731 0.012427 0.29677099
v -0.36197501 0.52395099 -0.053826
v -0.39826801 0.458709 -0.058484
v -0.387923 0.51313901 -0.04252
v -0.37948701 0.46085501 -0.072114
v -0.38596699 0.42987999 -0.079404
v 0.30726999 0.25064099 0.28836
v 0.32446301 0.288441 0.29399499
v 0.308992 0.27157199 0.29838201
v 0.097322 0.34682301 -0.23629101
v 0.108098 0.328536 -0.233349
v 0.08426 0.33755401 -0.241027
v -0.16578899 0.006435 -0.176201
v -0.162496 0.003654 -0.158813
v -0.17582799 0.008541 -0.16774701
v -0.0418 0.022754 -0.180764
v -0.021858 0.057261 -0.180788
v -0.07916 0.272771 0.283032
v -0.071829 0.25619099 0.28183001
v -0.056059 0.26574099 0.315566
v -0.37094301 0.73953199 -0.077349
v -0.37619799 0.75202602 -0.086596
v -0.36148301 0.74079698 -0.08984
v -0.33348501 0.052116 -0.021432
v -0.34402901 0.044655 -0.002493
v -0.33659801 0.055605 -0.002386
v 0.15952 0.02998 -0.070571
v 0.129003 0.033412 -0.081016
v 0.185211 0.009309 -0.070573
v 0.18016601 0.012511 -0.05416
v 0.133347 0.008536 0.033183
v 0.131185 0.007596 0.049971
v 0.120622 0.012623 0.040708
v -0.156526 0.13626499 0.27315399
v -0.167904 0.17375501 0.27879599
v -0.176208 0.124668 0.27096599
v 0.43344599 0.067273 0.060776
v 0.440281 0.07719 0.038807
v -0.201773 0.77160102 -0.014396
v -0.304546 0.011159 0.154456
v -0.314309 0.014816 0.161531
v -0.297111 0.02816 0.144679
v -0.115259 0.11138 -0.080349
v -0.14181501 0.097188 -0.101357
v -0.092301 0.119284 -0.101582
v -0.100237 0.111013 -0.104914
v -0.29860201 0.85227102 -0.222213
v -0.30190501 0.86712402 -0.27105701
v -0.488074 0.66154599 0.26570499
v -0.48374999 0.71446902 0.237786
v -0.48701599 0.66391301 0.234038
v -0.23986 0.696652 0.194354
v -0.236875 0.70592397 0.174373
v -0.217902 0.68881702 0.15064
v -0.34212399 0.83892202 -0.35506299
v -0.33613199 0.860533 -0.367755
v -0.33166301 0.84813303 -0.36936799
v -0.131348 0.78854698 -0.020446
v -0.16209801 0.77596802 -0.017402
v -0.151804 0.79526502 -0.03776
v -0.37722 0.429066 0.27533799
v -0.39783901 0.42982799 0.25730401
v 0.097188 0.042304 0.246645
v 0.102201 0.013889 0.272962
v 0.185377 0.28442699 0.37637201
v 0.38755801 0.236843 -0.036484
v 0.38395101 0.205676 -0.022268
v -0.104847 0.176955 -0.07449
v -0.101551 0.17938299 -0.089255
v -0.100117 0.160813 -0.07611
v 0.165249 0.45963901 -0.129438
v -0.135691 0.034541 -0.035107
v 0.001842 0.58830303 0.230795
v 0.020169 0.605048 0.221165
v -0.009252 0.60122597 0.20479099
v -0.094999 0.546776 0.23481099
v -0.085488 0.57075399 0.209867
v -0.107359 0.56235498 0.22063801
v -0.33495301 0.078961 0.047545
v -0.34473601 0.06805 0.040599
v -0.46468899 0.63033903 0.000141
v -0.47282699 0.64577901 0.022462
v -0.45593399 0.67677701 0.013422
v -0.40924099 0.799896 0.020707
v -0.42056099 0.78896099 0.019348
v -0.42137599 0.79777199 0.034441
v -0.447227 0.77855599 0.038597
v -0.43653801 0.76520997 0.026224
v -0.45339 0.74900699 0.051852
v -0.074993 0.34355801 -0.22750001
v -0.069005 0.314621 -0.23481201
v 0.28194201 0.10657 -0.122419
v 0.324633 0.148103 -0.081885
v 0.346881 0.172553 -0.072414
v 0.33006001 0.13746101 -0.060169
v -0.136115 0.015954 0.174335
v -0.142931 0.007883 0.191103
v -0.226303 0.011132 0.30474299
v -0.190541 0.010503 0.277816
v -0.179287 0.012724 0.291556
v 0.042581 0.90779197 -0.15620901
v 0.013454 0.88644201 -0.121298
v 0.013692 0.90252101 -0.135618
v -0.36514401 0.53264302 0.33999899
v -0.36035901 0.54748303 0.35417101
v 0.17071301 0.008486 -0.124691
v -0.11465 0.053493 0.33813101
v -0.109369 0.040582 0.34633499
v -0.016396 0.012331 0.345561
v 0.004232 0.014821 0.34663901
v -0.015063 0.014789 0.35355601
v -0.33697999 0.075799 0.059233
v -0.311912 0.079425 0.076606
v -0.31231499 0.086551 0.062317
v -0.034615 0.52732098 -0.113623
v -0.038124 0.50774503 -0.12986401
v -0.066412 0.51564097 -0.116229
v -0.014701 0.13399801 0.32845801
v -0.016215 0.165962 0.336101
v -0.033869 0.144346 0.30941501
v -0.091112 0.109731 -0.127188
v -0.101119 0.111263 -0.113754
v -0.085904 0.118978 -0.11835
v 0.053409 0.085398 0.328491
v -0.092257 0.336658 0.29249099
v -0.093668 0.29790601 0.283537
v -0.08633 0.30704799 0.29412401
v -0.16282 0.87220401 -0.065447
v -0.160991 0.898987 -0.062447
v -0.132213 0.87434 -0.083447
v 0.26230401 0.06516 -0.062945
v 0.26115799 0.06798 -0.080131
v 0.284776 0.08226 -0.069567
v -0.39983499 0.67075002 0.35656899
v -0.41477799 0.69889498 0.338361
v -0.056561 0.469722 0.29587701
v -0.035444 0.47997999 0.29505199
v -0.018349 0.52493203 0.27541
v -0.22984099 0.77211601 0.108916
v -0.24067 0.78613698 0.142434
v -0.236839 0.76949602 0.14245801
v -0.26246399 0.80833697 0.17127401
v -0.24971899 0.79588401 0.176939
v -0.25523299 0.80708498 0.144877
v 0.009616 1.01556599 -0.16023301
v 0.020497 1.01051998 -0.169495
v 0.018756 0.99955601 -0.175962
v -0.31404901 0.56010199 0.314814
v -0.30303499 0.56702602 0.29370999
v -0.31084901 0.57752103 0.32144701
v 0.248412 0.187122 -0.16689201
v 0.225719 0.17604101 -0.175878
v 0.21784 0.184797 -0.178905
v -0.105304 0.90415198 -0.023546
v -0.069318 0.958848 -0.041217
v -0.094026 0.93489099 -0.019834
v -0.44609901 0.289693 0.059062
v -0.436407 0.28101599 0.032014
v -0.437262 0.278505 0.059388
v -0.272302 0.019567 -0.059144
v -0.29310399 0.040205 -0.045658
v -0.26814499 0.054771 -0.048115
v 0.28275701 0.59169799 0.178065
v 0.27233499 0.60993803 0.139844
v 0.259682 0.61354703 0.164289
v -0.47712401 0.42609 0.16339201
v -0.466005 0.394732 0.186408
v -0.218087 0.120282 0.25003999
v -0.23357099 0.108703 0.246024
v 0.37365401 0.055295 0.001872
v 0.36447799 0.039544 0.022786
v 0.35287899 0.044236 0.004094
v -0.078464 0.137585 0.25264099
v -0.093342 0.13536 0.255097
v -0.077938 0.12905 0.25982001
v 0.20144901 0.012014 0.20586801
v 0.191753 0.015261 0.22055
v 0.18590499 0.017512 0.204197
v 0.01234 0.043771 0.27570599
v -0.38505101 0.77873802 -0.185522
v -0.38401499 0.78824902 -0.188557
v -0.374529 0.76937503 -0.192277
v 0.302239 0.011539 0.074999
v 0.29169199 0.010481 0.094206
v 0.28422999 0.011811 0.045923
v -0.38725701 0.97223198 -0.31213099
v -0.38184899 0.96445 -0.29844099
v -0.37664199 0.97966099 -0.324487
v -0.41101801 0.940364 -0.28305
v -0.41394201 0.93032998 -0.27585199
v -0.40406799 0.944152 -0.27570099
v -0.35961899 0.96308899 -0.307906
v 0.49353701 0.231489 0.031476
v 0.49070701 0.219171 0.021799
v 0.482274 0.24055301 0.030509
v 0.35295099 0.14398099 -0.035741
v 0.363529 0.15543599 -0.028163
v 0.35927999 0.139276 -0.032362
v -0.164639 0.54727399 0.23548999
v -0.15969101 0.57264602 0.21404
v -0.26468199 0.095063 -0.017073
v -0.27041101 0.076413 -0.031625
v -0.28952101 0.079122 -0.015619
v 0.21097399 0.419366 -0.14848299
v 0.18841501 0.42380801 -0.15497001
v 0.19681799 0.43214899 -0.14404599
v -0.17214 0.83428502 0.040682
v -0.163929 0.873276 0.039517
v -0.369995 0.81551301 -0.22556201
v -0.37433901 0.80997998 -0.203934
v -0.16609 0.0071 -0.028287
v -0.141303 0.036836 -0.038348
v -0.105595 0.154535 -0.065207
v -0.021524 0.232728 0.35628799
v -0.000343 0.222874 0.36628601
v -0.015367 0.24053399 0.36402899
v 0.075976 0.181796 -0.221844
v 0.048402 0.190203 -0.22416
v 0.073621 0.202049 -0.22625799
v -0.317765 0.242089 -0.065184
v -0.32504001 0.228367 -0.03947
v -0.34129399 0.27222401 -0.082976
v 0.143932 0.15761 -0.194929
v 0.145936 0.114347 -0.18301199
v -0.091342 0.035543 0.237698
v -0.104064 0.028618 0.22903
v 0.323553 0.284266 -0.122398
v -0.405503 0.840464 -0.146053
v -0.40799999 0.83842403 -0.130401
v -0.40886199 0.85614902 -0.14432
v -0.165544 0.048038 0.29715499
v -0.15150701 0.067403 0.28625399
v -0.157131 0.082032 0.28587499
v -0.174952 0.021376 -0.166434
v -0.180241 0.010249 -0.160753
v -0.177122 0.031644 -0.156958
v -0.17233001 0.018938 -0.173443
v -0.220669 0.66271597 0.003195
v -0.21096601 0.65540802 0.014214
v -0.221357 0.64477497 -0.004902
v 0.12852 0.108358 0.35370499
v 0.146025 0.095114 0.34305
v 0.14349 0.126596 0.36616701
v 0.119069 0.25918701 0.38941899
v 0.114533 0.29005301 0.39844301
v 0.104746 0.27425 0.39979199
v 0.12934101 0.27599099 0.38567701
v 0.154305 0.28695899 0.38652101
v -0.32847601 0.74801099 0.28254399
v -0.31538001 0.72364199 0.272421
v -0.056735 0.096125 -0.16645101
v -0.0606 0.107093 -0.16303299
v -0.042755 0.100628 -0.17215499
v 0.28676 0.078727 0.26037601
v 0.276436 0.05285 0.25863799
v 0.28707999 0.063522 0.247081
v -0.108937 0.18624499 -0.086871
v -0.110125 0.197312 -0.08306
v -0.106429 0.197697 -0.092665
v -0.37203401 0.017101 0.018022
v -0.36363301 0.00838 0.01173
v -0.36276299 0.006977 0.027141
v -0.35907301 0.022371 0.003484
v -0.113679 0.94044298 -0.000549
v -0.113945 0.92598099 0.002178
v -0.102086 0.93993801 -0.007214
v -0.12646399 0.92078 0.013341
v -0.139745 0.89660299 0.023497
v -0.12671 0.90044701 0.008656
v 0.007891 0.322485 -0.25254801
v 0.023234 0.298255 -0.244848
v 0.004808 0.30338201 -0.246263
v -0.379439 0.821055 0.10743
v -0.314255 0.81666398 0.073914
v -0.36690599 0.81802899 0.067245
v -0.19796 0.64493799 0.024355
v -0.188684 0.64537102 0.046649
v -0.18880901 0.63784498 0.017295
v -0.044262 0.95917499 -0.075502
v -0.022231 0.93865901 -0.092335
v -0.023709 0.97601998 -0.093706
v 0.360006 0.51156199 0.160464
v 0.37092301 0.483603 0.178211
v 0.37484699 0.48573101 0.157876
v 0.144318 0.012688 0.25875899
v 0.14717101 0.043311 0.232003
v 0.13602699 0.043544 0.241522
v 0.13291401 0.01244 0.26860499
v 0.122186 0.042714 0.239427
v 0.12770399 0.30434501 0.38919401
v 0.207698 0.010468 -0.108131
v 0.213282 0.023853 -0.124185
v 0.22167 0.014956 -0.097252
v 0.31948599 0.045822 0.189096
v -0.49563101 0.73711598 0.161156
v -0.497529 0.74248701 0.148587
v -0.49692801 0.72022498 0.146512
v -0.16178 0.022973 -0.17485
v -0.14876001 0.017401 -0.184873
v -0.41677901 0.62150002 -0.029518
v -0.43919101 0.63024598 -0.021641
v -0.414635 0.63466001 -0.029532
v -0.25367299 0.16139901 0.121188
v -0.26994801 0.168677 0.133131
v -0.28150299 0.168145 0.122003
v -0.086654 0.98042601 -0.055609
v -0.059521 0.99867499 -0.073608
v -0.090139 0.97478801 -0.07253
v 0.12834799 0.016414 0.021554
v -0.29435799 0.013411 0.30163899
v -0.31049201 0.01704 0.29306701
v -0.29288301 0.010158 0.28404501
v -0.238368 0.081854 0.14576501
v -0.284473 0.044867 0.139681
v -0.285007 0.045519 0.15092599
v -0.27254701 0.055237 0.142837
v -0.39485699 0.50269502 0.26183301
v -0.373119 0.48990899 0.258917
v -0.37571499 0.50428998 0.26482099
v 0.251284 0.021288 0.12660199
v -0.51593298 0.59235698 0.117273
v -0.51886803 0.60587698 0.14035399
v -0.51368701 0.62488198 0.122497
v -0.111258 0.96393698 -0.057284
v -0.29525501 0.091625 0.017872
v -0.312518 0.078958 0.004967
v -0.31030399 0.088528 0.02692
v -0.40241799 0.241596 0.058319
v -0.40192699 0.249541 0.033158
v -0.39387101 0.230758 0.048613
v 0.43456799 0.25764799 0.049607
v 0.424889 0.27068299 0.066053
v 0.42554 0.27280399 0.085684
v 0.00056 0.082958 -0.177212
v -0.003561 0.072078 -0.17370901
v -0.026503 0.090358 -0.17548101
v 0.40045601 0.21078099 0.19326299
v -0.211374 0.63827401 0.205294
v -0.22336499 0.65679801 0.213791
v -0.230436 0.64451998 0.229357
v 0.058173 0.290241 0.39377001
v 0.070714 0.311243 0.39444301
v 0.048894 0.31509 0.39792699
v -0.38281 0.86235303 -0.07871
v -0.39434299 0.85048097 -0.073663
v 0.51306099 0.237818 0.111109
v 0.50188702 0.239866 0.145265
v 0.50976199 0.22588 0.140691
v 0.173959 0.32587501 0.37716201
v -0.409684 0.91880101 -0.28046799
v -0.38315001 0.92026502 -0.299153
v -0.40415201 0.910164 -0.27180001
v -0.299124 0.03815 0.16828001
v -0.309652 0.039391 0.181558
v -0.29682001 0.049382 0.16470499
v -0.32841599 0.015779 0.20242999
v -0.33064401 0.026737 0.20609
v -0.32467401 0.024947 0.188814
v -0.320831 0.416179 -0.110003
v -0.34204301 0.42014 -0.098455
v -0.32206699 0.43716699 -0.101782
v -0.067594 0.40716201 0.31012201
v -0.063691 0.39892399 0.31297901
v -0.059663 0.41807199 0.30172801
v -0.082388 0.46901301 0.28936401
v -0.079487 0.45137399 0.29673401
v -0.067316 0.45399901 0.300163
v -0.37062299 0.74328601 -0.095524
v -0.346277 0.746261 -0.125053
v -0.25757599 0.84633899 0.013209
v -0.245616 0.85208601 0.000749
v -0.25869599 0.825257 0.00407
v 0.036966 0.35400099 -0.246251
v 0.054173 0.347256 -0.242935
v 0.020779 0.320198 -0.25078499
v 0.021834 0.59515202 -0.045134
v 0.003816 0.584961 -0.052835
v 0.010157 0.60707402 -0.027051
v -0.46025899 0.48150599 0.04199
v -0.46424401 0.453143 0.039974
v -0.46575099 0.47605401 0.0571
v -0.074391 0.034181 0.050543
v -0.26791 0.101821 -0.004784
v -0.276499 0.100561 0.012948
v -0.26907 0.115464 0.009396
v 0.123171 0.48805001 0.29527
v -0.03701 0.120051 0.30402601
v -0.048142 0.120073 0.29812601
v -0.045558 0.11217 0.32334399
v 0.132682 0.64981598 0.163959
v 0.106442 0.64038199 0.187601
v 0.145771 0.63742799 0.192507
v -0.063826 0.35836101 -0.23025
v -0.081746 0.34154201 -0.219092
v -0.27988401 0.32708201 0.30065599
v -0.291778 0.319096 0.29802799
v -0.39877799 0.85474199 -0.092534
v -0.236421 0.83518702 -0.014384
v 0.17419501 0.638484 0.18724699
v 0.16851 0.64732498 0.162725
v 0.15547401 0.64255899 0.182263
v 0.179206 0.57888699 0.25194299
v 0.283171 0.074142 -0.046025
v -0.47539899 0.35944101 0.066952
v 0.35823601 0.059408 -0.010361
v 0.386803 0.082005 -0.015281
v -0.33314201 0.77100098 -0.21003801
v -0.33813101 0.76437497 -0.19083799
v -0.35568401 0.76457798 -0.199434
v 0.266886 0.017438 0.110705
v -0.48497 0.71759897 0.102906
v -0.48683 0.68976098 0.100793
v -0.48989001 0.70503801 0.114996
v -0.47825801 0.699839 0.083099
v -0.47479701 0.69990802 0.07182
v -0.025931 1.01760101 -0.084983
v -0.20194601 0.009894 -0.10208
v -0.196254 0.00466 -0.101281
v -0.40950599 0.77142298 -0.005728
v -0.40634501 0.797328 0.006338
v -0.40574601 0.786529 -0.010793
v 0.23391899 0.008939 0.025048
v 0.248604 0.012622 0.004336
v 0.236265 0.59489 -0.034075
v 0.21322501 0.59510499 -0.050677
v 0.22572599 0.61872798 -0.001073
v -0.32374001 0.065395 -0.013271
v -0.30213699 0.054718 -0.036665
v 0.282572 0.413818 0.31337899
v 0.261805 0.38776201 0.33073801
v 0.280637 0.38935599 0.32090101
v 0.38857499 0.191864 0.20494699
v 0.36912999 0.154663 0.218511
v 0.38638401 0.15722901 0.22195099
v -0.008824 0.011732 0.31119299
v -0.001751 0.042583 0.27381399
v 0.00251 0.012146 0.301287
v 0.237524 0.01349 -0.033825
v 0.24630199 0.014797 -0.015807
v 0.239556 0.013065 -0.014627
v -0.012276 0.63150102 0.122469
v -0.036793 0.61822701 0.13961899
v -0.008649 0.62140298 0.16451
v 0.073452 0.094617 0.332993
v 0.059473 0.106238 0.34489399
v 0.069395 0.084554 0.325129
v 0.080768 0.0842 0.32340801
v 0.109907 0.0843 0.323383
v 0.099842 0.096534 0.338642
v -0.34909099 0.86445302 -0.075603
v -0.35307199 0.88722903 -0.120276
v -0.367387 0.867679 -0.076753
v 0.1346 0.10078 -0.184488
v -0.091499 0.007521 0.09511
v -0.101641 0.005408 0.082956
v -0.071062 0.032942 0.076365
v -0.104813 0.004698 0.101906
v -0.070218 0.56137699 0.222693
v -0.059484 0.54928303 0.234514
v -0.052401 0.57318002 0.22042701
v 0.171003 0.098549 0.337998
v 0.1561 0.086063 0.33230099
v -0.305244 0.002417 -0.01821
v -0.28955999 0.004362 -0.051054
v -0.26842499 0.003552 -0.054665
v 0.43542001 0.216031 0.003298
v 0.42912501 0.191276 -0.013926
v 0.413037 0.21635599 0.007365
v -0.42143899 0.32920101 -0.037398
v -0.42523801 0.31372601 -0.024065
v -0.43620399 0.339459 -0.025272
v 0.122628 0.187534 -0.21231499
v 0.127728 0.154121 -0.20134
v 0.105433 0.160918 -0.20525099
v -0.19178601 0.225311 -0.091192
v -0.39895999 0.63595003 0.36569601
v -0.40805101 0.653992 0.362838
v -0.41643 0.62841398 0.365179
v 0.34716901 0.201893 -0.080937
v 0.337138 0.18828399 -0.093029
v -0.221072 0.72137398 0.035109
v -0.21681701 0.731713 0.061685
v -0.218734 0.71125698 0.045369
v 0.31393099 0.47720399 -0.083866
v 0.33955801 0.45857599 -0.073095
v 0.31057799 0.45871699 -0.094183
v -0.276364 0.81888598 0.082485
v -0.260405 0.81896001 0.086336
v -0.266754 0.82638001 0.070705
v 0.483374 0.114403 0.146145
v 0.45941901 0.10115 0.16356499
v 0.473914 0.100676 0.137027
v -0.29931501 0.008159 0.134789
v -0.32445201 0.00587 0.08722
v -0.361956 0.71076697 -0.039444
v -0.343052 0.70586503 -0.042338
v -0.36239299 0.67741901 -0.043159
v -0.27912301 0.67441601 -0.032085
v -0.292106 0.65988702 -0.040011
v -0.31923801 0.67352402 -0.043192
v -0.074629 0.98620999 -0.043501
v -0.08411 0.97885299 -0.038143
v 0.41216499 0.36309201 0.010179
v 0.40671799 0.353921 -0.008766
v -0.120467 0.28723699 -0.12688901
v -0.111779 0.27101499 -0.145386
v -0.11873 0.270955 -0.12670501
v -0.17927501 0.63884503 0.032396
v -0.16934299 0.63962799 0.059247
v -0.179508 0.644467 0.093236
v -0.17796101 0.64388603 0.068044
v -0.194426 0.59164399 0.188058
v -0.194498 0.61486101 0.17861301
v -0.20858 0.585491 0.20386
v 0.18739 0.013662 0.196716
v 0.124411 0.03719 0.17203
v 0.140365 0.022875 0.169377
v 0.160207 0.040993 0.20771199
v 0.153909 0.04259 0.233964
v -0.23453499 0.18877999 -0.055876
v 0.164377 0.053796 -0.14651901
v 0.185899 0.072494 -0.15583301
v 0.189556 0.049961 -0.144363
v 0.247558 0.61404598 0.011474
v 0.293542 0.57189697 -0.011808
v 0.266105 0.58336699 -0.024505
v -0.072866 0.033801 0.063187
v -0.074673 0.100501 0.33078799
v -0.057491 0.104817 0.336465
v -0.064458 0.112796 0.31671
v -0.194997 0.75144398 0.011302
v -0.20850199 0.74056202 0.037166
v -0.21954 0.73987103 0.018494
v -0.074685 0.036983 0.251791
v -0.074141 0.037563 0.232246
v -0.066938 0.038871 0.25177899
v -0.093594 0.034684 0.224645
v -0.092555 0.0307 0.201233
v -0.083874 0.03315 0.205843
v -0.38880301 0.24374899 0.011353
v 0.48361301 0.239584 0.16911501
v 0.47159001 0.23926701 0.176744
v 0.47970501 0.220642 0.185009
v 0.225247 0.13044199 0.322871
v 0.220544 0.157354 0.33603099
v -0.115545 0.84095901 -0.07452
v -0.145906 0.83597499 -0.066645
v -0.139938 0.85211003 -0.075653
v -0.403375 0.511549 0.300953
v -0.41764599 0.52293098 0.314253
v -0.127508 0.034924 -0.073958
v -0.13803799 0.011687 -0.09393
v -0.116325 0.034463 -0.088998
v -0.46531299 0.67572999 0.313241
v -0.48774499 0.63986301 0.291998
v -0.26065999 0.175951 0.16021401
v -0.27194899 0.173768 0.154447
v -0.250682 0.163857 0.144417
v -0.34466699 0.97200698 -0.33317
v -0.33342901 0.98005599 -0.354848
v -0.360008 0.98696202 -0.344569
v 0.151804 0.231923 0.37935799
v 0.173346 0.23046599 0.375772
v 0.15306699 0.27044699 0.387703
v 0.14652 0.005386 0.085013
v 0.141967 0.009428 0.080426
v -0.389595 0.76984102 -0.093057
v -0.102711 0.009137 0.26974499
v -0.092955 0.010324 0.28247899
v -0.47398701 0.73356497 0.25001401
v -0.472718 0.75940698 0.218036
v -0.47810799 0.74386299 0.222011
v -0.454128 0.76734799 0.23924901
v -0.126085 0.014132 0.130154
v -0.12967201 0.005561 -0.192882
v -0.14255799 0.004423 -0.18148901
v -0.13558 0.012448 -0.191745
v -0.018879 0.52022099 -0.120456
v -0.016222 0.495662 -0.138152
v 0.018249 0.986422 -0.177068
v -0.011098 0.95674098 -0.149101
v -0.024622 0.98132098 -0.13936201
v -0.344814 0.51227897 0.26527399
v -0.36264801 0.51815897 0.30391699
v -0.228571 0.151939 0.111391
v -0.226292 0.14287101 0.135528
v -0.23425201 0.153982 0.13472401
v -0.284697 0.75783598 -0.00475
v -0.25858799 0.73876899 6.2E-05
v -0.283162 0.73612201 -0.008089
v -0.012527 0.003587 -0.155209
v -0.010653 0.43621001 0.308119
v -0.016769 0.43699399 0.307255
v 0.029428 0.38749999 -0.233064
v -0.003087 0.388338 -0.232622
v 0.028124 0.40260199 -0.223534
v 0.027303 0.36563301 -0.244087
v 0.14329 0.467069 0.30313599
v -0.35135201 0.84126902 -0.033147
v -0.341896 0.82306099 -0.012277
v -0.011637 1.02419305 -0.1303
v -0.01097 1.01454198 -0.141403
v -0.026843 1.00255704 -0.129811
v 0.20888101 0.097244 -0.157304
v 0.22742499 0.109314 -0.15180799
v 0.232144 0.098972 -0.14329401
v 0.47674501 0.171745 -0.000502
v 0.46231499 0.14099699 -0.006405
v 0.466337 0.179452 -0.010729
v 0.468977 0.19612999 0.200141
v 0.49217099 0.202024 0.17950501
v -0.18286701 0.91755003 -0.019954
v -0.208244 0.89714903 -0.003179
v -0.200793 0.90010899 0.012171
v -0.19825099 0.90264899 -0.021293
v -0.31170699 0.77712798 -0.171496
v -0.32205901 0.78494501 -0.221742
v 0.28852099 0.21448 -0.13765199
v 0.283629 0.23721801 -0.148096
v 0.30123901 0.246483 -0.139737
v -0.13634899 0.35164899 0.30331701
v -0.120122 0.34843501 0.29670599
v -0.142499 0.37461299 0.30038401
v 0.40384799 0.101766 -0.024053
v 0.39406699 0.114554 -0.033499
v 0.407702 0.092516 -0.016107
v -0.13397101 0.52668899 0.245699
v -0.13792799 0.50898701 0.25682199
v -0.102644 0.496443 0.27057299
v -0.32772401 0.79736602 -0.26927599
v -0.33236501 0.792395 -0.28771499
v -0.48487401 0.78925902 0.120104
v -0.46528801 0.80010301 0.138476
v -0.46536601 0.79952198 0.115992
v -0.492688 0.70151502 0.13039801
v -0.49247101 0.67895299 0.141716
v -0.49251199 0.70771003 0.148084
v -0.36217999 0.93567801 -0.25101501
v -0.35217199 0.911915 -0.18065999
v -0.50499099 0.62510902 0.203275
v -0.504704 0.58971602 0.20002399
v -0.50387698 0.61199498 0.211604
v -0.239546 0.003301 0.15626501
v -0.25279599 0.00521 0.159685
v 0.19668099 0.011391 -0.120287
v 0.170636 0.007622 -0.097436
v -0.29681101 0.82806402 -0.164794
v -0.29713899 0.84160501 -0.20495901
v -0.297768 0.84105802 -0.172795
v -0.22999801 0.116163 0.235999
v -0.24550401 0.107303 0.204365
v -0.26823199 0.096652 0.211689
v -0.24569701 0.107235 0.230496
v 0.18618301 0.031874 -0.142349
v 0.40361199 0.22211599 0.009885
v 0.40383899 0.206857 0.000719
v 0.39046699 0.204052 -0.010196
v -0.35788 0.64911801 0.34582001
v -0.35368499 0.68393302 0.330991
v -0.37430599 0.64216101 0.35664999
v -0.27832901 0.73587298 0.230459
v -0.263623 0.71988797 0.215719
v 0.39737499 0.061635 0.167557
v 0.382263 0.047644 0.149748
v 0.43205801 0.067151 0.132072
v 0.39594001 0.047345 0.118666
v 0.019621 0.221156 -0.238125
v 0.037044 0.25093299 -0.241182
v 0.046744 0.240851 -0.23240399
v -0.070247 0.003293 -0.165626
v -0.055652 0.00677 -0.129935
v -0.080241 0.005598 -0.13452899
v -0.017545 0.004752 -0.133238
v 0.234438 0.38779399 0.32960901
v 0.235264 0.37071899 0.33634299
v -0.28462699 0.036276 0.146791
v -0.09935 0.129695 -0.074521
v -0.092785 0.151345 -0.09405
v 0.049758 0.94528902 -0.181978
v 0.036186 0.96107203 -0.185845
v 0.016639 1.01593804 -0.158283
v 0.42807999 0.26010901 0.134389
v 0.41994199 0.27242401 0.13520899
v 0.417009 0.25580999 0.151485
v -0.11419 0.025609 -0.19373301
v -0.118243 0.058052 -0.18661501
v -0.100568 0.03128 -0.19295201
v 0.152712 0.234652 -0.206788
v 0.14833701 0.253003 -0.216333
v 0.167008 0.254747 -0.210154
v 0.14215299 0.041062 0.19794001
v 0.010416 0.215534 0.36758801
v 0.011286 0.235516 0.37448299
v 0.356814 0.23919401 -0.083308
v 0.353387 0.28057399 -0.07674
v 0.36787999 0.284762 -0.064608
v 0.084776 0.523947 -0.127683
v 0.108355 0.52071202 -0.122631
v 0.082287 0.50677699 -0.13818599
v -0.493469 0.53164899 0.10812
v -0.47015199 0.516581 0.130298
v -0.49691299 0.53919703 0.14104301
v -0.08222 0.264321 0.27814901
v -0.078354 0.19718599 0.26013801
v -0.069727 0.194831 0.262712
v 0.225117 0.020041 0.038555
v 0.23215599 0.017122 0.042475
v -0.117751 0.102668 -0.111797
v -0.089571 0.35855901 0.301808
v -0.098934 0.36396101 0.301341
v -0.101975 0.34797901 0.289974
v -0.083973 0.34979501 0.30674601
v -0.081676 0.37648401 0.30663201
v -0.35981801 0.010929 0.003658
v -0.346219 0.003818 0.001943
v -0.33147299 0.005416 -0.035823
v -0.184725 0.022664 0.30775601
v -0.16876499 0.023233 0.30149701
v -0.18733899 0.033351 0.30845499
v 0.22955801 0.038588 -0.117793
v 0.227844 0.052272 -0.132287
v -0.36643001 0.75222999 -0.12909
v -0.35013199 0.75177699 -0.14808901
v -0.34556201 0.93183702 -0.36012599
v -0.48536101 0.53312802 0.269555
v -0.490006 0.54079199 0.28108099
v -0.50086802 0.55109799 0.256809
v 0.32649401 0.38863 -0.113014
v 0.32606301 0.36467701 -0.118635
v 0.31262299 0.361743 -0.12527101
v 0.47876099 0.25118199 0.041741
v 0.450082 0.25151199 0.036804
v 0.465424 0.26638299 0.067213
v 0.489737 0.11348 0.104026
v 0.493081 0.123654 0.062052
v 0.47727099 0.100955 0.115477
v 0.483639 0.106648 0.085413
v -0.297851 0.75188601 -0.020811
v -0.28487301 0.76882303 0.000373
v -0.089894 0.003251 -0.183126
v -0.095204 0.013463 -0.193097
v -0.068408 0.009489 -0.184646
v -0.077754 0.23011699 -0.19053601
v -0.093091 0.251322 -0.181143
v -0.082348 0.24461199 -0.196851
v -0.44889399 0.52582502 0.305803
v -0.45159599 0.54007298 0.322357
v -0.468795 0.529432 0.294808
v -0.37599501 0.52256101 0.325477
v -0.37896001 0.51348799 0.29838601
v 0.30396599 0.220911 -0.122934
v 0.31549901 0.239896 -0.119386
v 0.23220301 0.19690201 0.33741099
v 0.21128701 0.19192301 0.34683901
v 0.009392 0.270859 0.38036001
v 0.034724 0.261565 0.38322899
v 0.026642 0.28423601 0.38937199
v -0.31445801 0.960868 -0.35497099
v -0.300971 0.94619501 -0.36642399
v -0.474161 0.66633701 0.027598
v -0.48455101 0.66413599 0.040451
v 0.198396 0.010665 0.163708
v -0.08937 0.236439 -0.176184
v -0.087007 0.213359 -0.173568
v -0.094135 0.22002 -0.15433601
v -0.14020801 0.018919 0.30224401
v -0.106948 0.023231 0.34436899
v -0.110344 0.020488 0.041123
v 0.178377 0.450436 -0.137531
v -0.318712 0.014863 0.172325
v -0.31854001 0.032319 0.17511
v -0.07021 0.58077598 0.199472
v -0.022731 0.58774799 0.21973801
v -0.050156 0.59502 0.186285
v 0.104173 0.23642799 0.387604
v 0.094593 0.21341699 0.38801101
v 0.105084 0.198065 0.38812
v 0.027126 0.63406903 0.167661
v 0.028411 0.62036699 0.19912601
v 0.392692 0.255777 -0.032037
v 0.39042601 0.29837099 -0.033718
v 0.44774199 0.186378 -0.015933
v 0.452952 0.210068 -0.001508
v 0.436369 0.087139 0.014809
v 0.44794199 0.088675 0.027537
v -0.084676 0.035562 0.23912001
v -0.41404399 0.81650501 0.135059
v -0.37002 0.821518 0.143635
v -0.30364999 0.594567 0.30776399
v -0.41237399 0.90446299 -0.25681499
v 0.189973 0.399771 0.35848901
v 0.168833 0.426671 0.34194899
v 0.167276 0.411681 0.355584
v 0.122492 0.65712303 0.114824
v 0.113078 0.65432501 0.13338999
v -0.16658799 0.047526 -0.157001
v -0.16570599 0.057005 -0.14467999
v -0.15494999 0.060797 -0.15227699
v -0.36746699 0.72224402 -0.04219
v -0.37808901 0.73398 -0.04206
v -0.37060499 0.73122299 -0.049269
v -0.47726399 0.35597801 0.090395
v -0.35432899 0.19172201 0.079896
v -0.35993001 0.196961 0.101923
v -0.370561 0.20412099 0.078908
v -0.43254799 0.78783602 0.226928
v -0.40264001 0.79386401 0.238069
v -0.41599 0.79851198 0.218592
v 0.075164 0.021974 -0.155956
v 0.117064 0.020609 -0.15233
v 0.106745 0.011649 -0.14767399
v -0.13653199 0.078444 -0.15956201
v -0.14153001 0.08431 -0.144416
v -0.12692 0.089942 -0.150589
v -0.40109801 0.53427798 -0.018973
v -0.392409 0.532179 -0.028168
v -0.40051499 0.52165997 -0.021355
v -0.105191 0.36337399 -0.158333
v -0.107269 0.38938701 -0.15134799
v -0.092684 0.38198701 -0.15587801
v 0.32993501 0.045043 -0.004276
v 0.33605999 0.055485 -0.012324
v -0.209693 0.006093 -0.085421
v -0.22153001 0.005279 -0.074733
v -0.219144 0.016773 -0.073637
v 0.111353 0.043757 0.248254
v 0.114591 0.011539 0.277628
v -0.119362 0.48596299 0.27028501
v -0.121132 0.46702299 0.281526
v 0.249818 0.51966399 -0.090813
v 0.25608701 0.50131798 -0.09329
v 0.227266 0.53287899 -0.094184
v 0.20300999 0.52534401 -0.10947
v 0.23416901 0.064207 0.301929
v 0.243968 0.079779 0.29428899
v 0.225425 0.071061 0.304171
v -0.14892299 0.022318 0.082344
v -0.32931301 0.87287498 -0.117439
v -0.333285 0.84960699 -0.07171
v -0.31498101 0.857566 -0.120013
v -0.48520401 0.543616 0.05092
v -0.475126 0.52448702 0.069372
v -0.496106 0.54381698 0.075545
v -0.45319501 0.504758 0.042826
v -0.45927799 0.50576401 0.064613
v -0.425071 0.71304399 0.32290801
v -0.058462 0.90672499 -0.060363
v 0.044773 0.087424 -0.18461999
v 0.024074 0.091182 -0.18663099
v 0.036399 0.114528 -0.19857299
v 0.14402799 0.007225 -0.12891901
v 0.134866 0.012263 -0.142527
v -0.20226 0.36780801 0.309744
v -0.19790301 0.34297699 0.30790699
v -0.178517 0.35762799 0.29880399
v -0.088611 0.020666 0.168181
v 0.010052 0.38995999 0.38337699
v 0.036164 0.40856099 0.37799701
v 0.022043 0.40613499 0.374239
v -0.28435501 0.82166398 0.060174
v 0.236624 0.026992 -0.085808
v 0.017605 0.49686599 0.29605901
v 0.018742 0.47973499 0.29912299
v 0.041554 0.467756 0.30085301
v 0.022757 0.87013203 -0.103484
v -0.32626399 0.012648 0.208312
v -0.32082501 0.023784 -0.040654
v -0.31604001 0.005401 -0.042869
v -0.091399 0.047923 0.35605299
v -0.27616999 0.059287 0.154954
v -0.154873 0.033076 0.29510301
v -0.15508901 0.019744 0.29565001
v -0.14607 0.026667 0.29775301
v -0.40983301 0.806238 0.045771
v 0.33645201 0.25312099 0.27535501
v 0.32346499 0.232961 0.28228199
v 0.35026199 0.249148 0.261338
v -0.36439401 0.84161299 -0.028813
v -0.38827699 0.243086 0.180163
v -0.41720599 0.24793901 0.113404
v -0.390306 0.227878 0.111985
v -0.120414 0.85486102 -0.081139
v -0.153685 0.473252 0.27531001
v -0.059084 0.53692698 0.246824
v -0.041821 0.52745903 0.26768899
v -0.040123 0.56584799 0.235367
v 0.434185 0.065007 0.088422
v 0.125926 0.011579 0.26806301
v 0.13941801 0.010596 0.28923401
v -0.116088 0.92397898 -0.086882
v -0.148545 0.93002898 -0.057919
v -0.120867 0.90343201 -0.088624
v -0.123073 0.100118 0.274445
v -0.124331 0.080177 0.30346701
v -0.271357 0.099928 0.230565
v -0.049272 0.033474 0.152582
v 0.040191 0.036611 0.1821
v -0.124608 0.83305401 0.036622
v -0.136867 0.852099 0.013694
v -0.42595699 0.57001102 0.33589
v -0.43496501 0.59277898 0.33877701
v -0.445126 0.572375 0.33810699
v 0.26100099 0.14215399 -0.16204201
v 0.284587 0.17156599 -0.14408299
v 0.27013999 0.12765101 -0.14203601
v 0.213652 0.014119 0.28538001
v 0.183798 0.010587 0.275534
v -0.28560299 0.753416 0.25150999
v -0.293412 0.76052302 0.25745299
v -0.29043299 0.73213798 0.25204301
v 0.324835 0.057987 0.198258
v 0.308377 0.074214 0.224672
v 0.31983599 0.078006 0.21410599
v -0.045538 0.54453999 -0.095336
v -0.060045 0.52801901 -0.104673
v -0.069696 0.54791099 -0.090789
v 0.30923 0.18297 -0.118369
v 0.32155299 0.196684 -0.113849
v 0.32483301 0.182642 -0.106433
v -0.19318999 0.62657499 -0.027476
v -0.177395 0.62683702 -0.020409
v -0.162332 0.119384 -0.063536
v -0.184413 0.14519501 -0.063299
v -0.169663 0.154218 -0.06644
v -0.32051799 0.018483 0.28059199
v -0.323897 0.014321 0.26221001
v -0.31093699 0.011715 0.27778
v -0.328531 0.02193 0.264781
v -0.33113301 0.036962 0.24393199
v -0.20425799 0.036653 -0.071661
v -0.203602 0.03151 -0.085464
v -0.206558 0.022725 -0.073569
v -0.20536999 0.052679 -0.067625
v -0.199826 0.044987 -0.077773
v 0.103908 0.069441 -0.15663201
v 0.084553 0.069402 -0.16198801
v -0.23994701 0.1072 0.241173
v 0.31463301 0.084778 -0.032335
v 0.339535 0.122712 -0.035161
v -0.50745201 0.65522599 0.13977
v -0.50220501 0.66180003 0.12645701
v 0.070285 0.44585201 0.33656001
v -0.122484 0.004632 0.087863
v -0.137756 0.017924 0.088366
v 0.315265 0.406609 0.29229599
v 0.32726201 0.37713999 0.29431501
v 0.34184301 0.410983 0.26854101
v -0.35122699 0.014511 0.087622
v -0.32628801 0.010831 0.108546
v -0.33300599 0.017854 0.108971
v -0.39134201 0.49749199 0.25600299
v -0.079459 0.27033499 -0.21796
v -0.092032 0.27263701 -0.200873
v -0.109894 0.28686699 -0.172902
v -0.10484 0.29076701 -0.181841
v -0.099878 0.27885801 -0.183
v 0.03164 0.046457 -0.165915
v -0.156618 0.93459398 -0.04028
v -0.148568 0.94222701 -0.031515
v -0.37715301 0.984438 -0.349453
v -0.37225899 0.97412097 -0.35794899
v -0.228103 0.161376 0.21834999
v -0.10193 0.037294 -0.09282
v 0.06727 0.46675599 -0.144627
v 0.074682 0.484633 -0.140872
v 0.083531 0.46683899 -0.14514101
v 0.127215 0.237416 -0.211652
v 0.30049399 0.083065 0.247133
v -0.40174201 0.81267399 -0.096549
v -0.40400901 0.83012199 -0.083422
v -0.406407 0.82678699 -0.109975
v 0.170095 0.294256 0.38293499
v 0.114514 0.018383 0.32034501
v -0.13032401 0.09407 0.27577201
v -0.16107599 0.10708 0.27471399
v -0.143004 0.073066 0.28356001
v -0.26341501 0.16189399 0.082841
v -0.24396101 0.153238 0.08979
v -0.265241 0.16137999 0.099096
v 0.29916799 0.014298 0.126238
v 0.305877 0.019961 0.14337701
v 0.28105199 0.01649 0.155472
v 0.40370601 0.070504 0.01355
v 0.17148399 0.010119 0.15358
v 0.18219 0.01272 0.14611401
v -0.033729 0.085732 -0.17512099
v 0.27340201 0.46803901 0.28871
v 0.298116 0.40219399 0.305639
v -0.43705899 0.512007 0.011904
v -0.426651 0.51520598 0.001601
v -0.42594799 0.49965799 -0.012781
v 0.124524 0.164526 0.371537
v 0.107123 0.136801 0.376001
v 0.124304 0.146635 0.36822501
v -0.091403 0.27120501 0.27906299
v -0.093764 0.22877499 0.27115101
v -0.086339 0.010008 0.284174
v -0.11434 0.074387 0.31708699
v -0.109088 0.093063 0.304791
v -0.32933801 0.068022 0.002683
v -0.33687499 0.076468 0.026753
v 0.037023 0.043576 0.26901799
v -0.17618801 0.76049399 0.026324
v 0.040641 0.011992 0.29777101
v -0.38891301 0.81192201 0.024445
v -0.386134 0.82468599 -0.144916
v -0.042967 0.397861 -0.21428201
v -0.51716399 0.58722299 0.14585701
v -0.51403201 0.57662702 0.109882
v -0.130289 0.79947799 -0.038603
v -0.126829 0.819471 -0.058518
v -0.105858 0.818694 -0.057069
v -0.386264 0.79794598 -0.13119701
v -0.38437 0.80643398 -0.124605
v -0.38742 0.78808397 -0.167271
v -0.468862 0.69077802 0.036552
v -0.084715 0.56399298 -0.077105
v -0.064054 0.58066702 -0.054893
v -0.043349 0.57531899 -0.067931
v -0.136181 0.474372 -0.125671
v -0.16985101 0.491319 -0.125058
v -0.152439 0.50150597 -0.120926
v -0.30776501 0.88914198 -0.39364299
v 0.155705 0.037252 -0.044922
v -0.082951 0.011521 0.29508701
v 0.238526 0.34229401 0.347767
v 0.232729 0.319612 0.35960999
v 0.25247899 0.32252899 0.34819099
v -0.235503 0.118712 0.214389
v -0.16645899 0.38508299 0.29382899
v -0.193358 0.40797001 0.29958501
v -0.186719 0.38315201 0.29666299
v -0.211436 0.019461 0.071964
v -0.31318399 0.323726 0.301967
v 0.392198 0.226937 -0.011968
v -0.397614 0.26701599 -0.029139
v -0.374578 0.25337499 -0.034421
v -0.38793501 0.25535101 -0.023465
v -0.34920001 0.230454 -0.020471
v -0.365381 0.236615 -0.007575
v -0.36855799 0.244206 -0.020359
v -0.16879 0.069706 0.29132199
v 0.091035 0.012273 -0.148862
v 0.093813 0.005954 -0.13721
v 0.022261 0.069699 -0.16699301
v 0.017581 0.079531 -0.175523
v -0.40196899 0.96163797 -0.303188
v -0.408171 0.95223403 -0.295389
v -0.41498899 0.91789001 -0.269319
v -0.413726 0.93202198 -0.28631201
v -0.081673 0.42083499 0.31004801
v -0.106431 0.421078 0.30689701
v -0.100887 0.40931499 0.307008
v -0.101023 0.44009799 0.30341899
v 0.44121501 0.1473 -0.022816
v 0.422382 0.106976 -0.018834
v 0.41174001 0.13285001 -0.031666
v -0.24340799 0.003833 0.102574
v -0.24631999 0 0.129866
v -0.25211599 0.004368 0.106912
v 0.27907601 0.009032 0.074498
v -0.40156001 0.29841101 0.230768
v -0.37733901 0.28732601 0.248614
v -0.37860399 0.77048802 -0.175264
v -0.08966 0.076455 0.34396499
v -0.067316 0.077001 0.35021999
v -0.068145 0.094637 0.34224901
v 0.17837501 0.20042101 0.373162
v 0.15684199 0.19925199 0.380979
v 0.16649801 0.188825 0.37393501
v 0.172627 0.21551301 0.37609199
v 0.004978 0.011604 0.32873499
v -0.005236 0.862436 -0.040464
v 0.006892 0.86295903 -0.049385
v 0.006708 0.87189502 -0.058876
v -0.209764 0.090551 0.28202501
v -0.267079 0.24270099 -0.086537
v -0.289956 0.21905901 -0.047402
v -0.290874 0.24349 -0.084841
v -0.24311601 0.003852 0.078969
v -0.21615499 0.72228801 0.07996
v -0.209491 0.69042599 0.075846
v 0.42085201 0.153734 0.224819
v 0.42033201 0.126698 0.22174001
v 0.43451899 0.15484001 0.218628
v 0.44623801 0.089322 0.164749
v 0.43694201 0.098349 0.187407
v 0.418118 0.077422 0.178177
v 0.08567 0.161814 -0.209932
v 0.092758 0.195099 -0.221929
v -0.048076 0.12807401 0.28801501
v -0.03325 0.12871601 0.305383
v 0.24265601 0.020016 0.054335
v -0.238657 0.73600698 0.0076
v -0.229233 0.71109903 0.020171
v -0.25393599 0.72377503 -0.002462
v -0.224658 0.68966001 0.018036
v -0.239226 0.66842598 -0.014588
v -0.24334399 0.69995099 0.002877
v -0.24281301 0.86397499 0.011383
v 0.28646901 0.092008 -0.097619
v 0.259758 0.076668 -0.101871
v -0.25830701 0.74002498 0.216368
v -0.40400401 0.75396597 -0.015774
v -0.39860499 0.768902 -0.041917
v -0.38788801 0.743258 -0.035242
v -0.34226599 0.98682302 -0.36099601
v -0.333915 0.98529798 -0.375898
v -0.35423899 0.98856598 -0.36430901
v -0.355003 0.78229302 -0.278164
v -0.34111401 0.78302002 -0.27164301
v -0.356345 0.77517402 -0.255968
v -0.012252 0.28884599 0.37900299
v -0.032951 0.28427401 0.365053
v -0.027494 0.259617 0.35985401
v -0.35465401 0.009077 -0.015068
v -0.34982201 0.006216 -0.011221
v 0.13442101 0.034184 -0.152962
v -0.50341398 0.61480403 0.24145
v -0.49537301 0.64015198 0.26508999
v -0.49930501 0.63430601 0.224755
v -0.001523 0.42010599 0.35362899
v 0.018906 0.42419499 0.35653999
v 0.37496701 0.32215899 0.239181
v 0.386195 0.32157901 0.22006699
v 0.38449499 0.35018399 0.22307
v 0.166196 0.012356 0.131099
v 0.072536 0.042184 0.25367701
v -0.130465 0.548132 0.22787701
v -0.069871 0.240532 -0.212255
v -0.038075 0.21058901 -0.222991
v -0.054997 0.211362 -0.20862
v 0.12759 0.23910899 0.38246399
v 0.35654101 0.52440703 0.1257
v 0.33295101 0.55795199 0.073415
v 0.33938101 0.54749697 0.133137
v 0.259738 0.59286201 0.208167
v 0.282442 0.56318098 0.216943
v 0.28715199 0.57863402 0.193941
v -0.075459 0.16516501 0.25463399
v -0.086484 0.146933 0.252177
v -0.49314401 0.76662499 0.172341
v -0.491528 0.74860501 0.19007801
v -0.127591 0.206066 0.28539699
v -0.138678 0.189614 0.28465101
v 0.101732 0.031662 0.046639
v 0.107757 0.020167 0.056557
v 0.093016 0.032578 0.070106
v -0.46778399 0.79550397 0.158749
v -0.41621199 0.81158799 0.176135
v -0.45782301 0.79066598 0.192168
v -0.233822 0.617975 -0.031687
v -0.25184 0.566553 -0.079167
v -0.268814 0.58637798 -0.053325
v 0.49809799 0.130748 0.13198701
v 0.48702899 0.113011 0.12931199
v -0.48447001 0.71578401 0.208726
v -0.48563001 0.69729298 0.23079
v -0.485008 0.72825098 0.211458
v 0.22902501 0.081551 -0.144668
v -0.271658 0.76170099 -0.001725
v -0.39888799 0.805152 0.21219
v -0.086955 0.007877 0.117016
v -0.064761 0.031752 0.114922
v -0.110177 0.005691 0.137114
v -0.25448099 0.085158 -0.033438
v -0.220697 0.088945 -0.050047
v -0.220902 0.124114 -0.04535
v -0.20121001 0.099421 -0.053969
v -0.41998899 0.55472898 0.33519599
v -0.41031 0.56500298 0.3493
v 0.100695 0.64277899 0.00642
v 0.087835 0.62552702 -0.032288
v -0.30398801 0.69759601 0.24936
v -0.31002599 0.69651902 0.259976
v -0.30335599 0.67686099 0.26179901
v 0.005188 0.16993999 -0.22543
v -0.021821 0.209058 -0.230386
v 0.02414 0.18238699 -0.23011801
v -0.128801 0.017393 0.13865601
v -0.122384 0.010409 0.136407
v -0.45936 0.426348 0.009872
v -0.46300101 0.411937 0.019948
v -0.47110799 0.42135301 0.032595
v 0.128499 0.090849 0.33675599
v 0.121305 0.074638 0.31635901
v 0.115231 0.114404 0.35862499
v 0.40095299 0.32123399 -0.015137
v 0.39228499 0.34933001 -0.043661
v -0.29209599 0.20023 -0.025006
v -0.30527899 0.22237501 -0.046107
v -0.22886799 0.13179 0.151126
v -0.1309 0.32393 0.30023301
v -0.38318101 0.77819997 -0.197267
v -0.025992 0.388008 0.36775899
v -0.029581 0.35678399 0.38141599
v -0.01207 0.38210499 0.37840199
v -0.37910199 0.65754402 -0.041649
v -0.39774701 0.65384001 -0.036036
v -0.39449 0.66857201 -0.035933
v 0.048488 0.93298298 -0.1441
v 0.042863 0.97807199 -0.170582
v 0.037995 0.968584 -0.15359899
v -0.158558 0.29379499 0.29793799
v -0.17447899 0.275648 0.29519501
v -0.150435 0.26887301 0.29043999
v -0.125912 0.50251102 -0.123063
v -0.046659 1.00785506 -0.086315
v -0.051872 1.00033402 -0.059278
v -0.060959 0.99805802 -0.061052
v -0.050584 0.99133003 -0.053689
v -0.006952 0.060501 0.36054799
v -0.010022 0.024165 0.36149001
v 0.005629 0.020149 0.353302
v 0.057716 0.0469 -0.163225
v 0.035384 0.64350098 0.133472
v 0.030078 0.644822 0.104004
v -0.166247 0.62541699 0.131019
v -0.133655 0.62529898 0.131715
v -0.27202499 0.181658 0.166722
v -0.006843 0.43059501 -0.15900899
v -0.024141 0.41024399 -0.204078
v -0.041044 0.411843 -0.18772399
v -0.026661 0.43563801 -0.151933
v 0.007164 0.437024 -0.15231
v -0.32697901 0.81312501 0.20126399
v -0.302811 0.81551301 0.183176
v 0.138041 0.007767 -0.106489
v -0.209961 0.74673003 0.062627
v -0.056455 0.62097198 0.096524
v -0.069319 0.61404902 0.124182
v -0.074482 0.61777401 0.089424
v 0.040891 0.59224999 -0.06133
v 0.042914 0.61394602 -0.039376
v 0.06554 0.012554 0.29052299
v 0.330771 0.27268299 0.28030601
v 0.35450801 0.27570301 0.26365101
v -0.43406999 0.27961999 0.103972
v -0.43898901 0.28662699 0.121439
v -0.43777001 0.28672001 0.087564
v 0.428536 0.26978701 0.114625
v 0.43832701 0.26830101 0.11411
v 0.43724799 0.26937401 0.098305
v -0.080812 0.32451501 0.31265599
v -0.209645 0.23519 0.27132899
v -0.22302499 0.24893799 0.26847199
v -0.081126 0.39370301 0.30408299
v -0.233927 0.79680401 0.095349
v -0.241716 0.81670201 0.086255
v -0.24818 0.811423 0.096158
v -0.007225 0.037941 -0.096745
v 0.089939 0.033267 -0.088019
v -0.35877001 0.20316701 0.038004
v -0.36116499 0.216847 0.0115
v -0.340388 0.198191 0.02342
v -0.244569 0.83056301 0.073758
v -0.22917201 0.83687299 0.070235
v -0.228744 0.81900299 0.080676
v -0.221955 0.13654099 0.110396
v -0.22046199 0.13832 0.119694
v -0.232325 0.136573 0.09719
v 0.30079699 0.340242 -0.133636
v 0.311593 0.32885799 -0.124041
v 0.29890499 0.305639 -0.13945299
v -0.49817899 0.76798701 0.13052601
v -0.495038 0.76934499 0.1077
v -0.49705401 0.75198197 0.128077
v 0.33483201 0.36223301 0.28986499
v 0.34879699 0.37751201 0.272407
v -0.098285 0.57625997 0.204262
v -0.283162 0.089256 -0.002785
v -0.29125401 0.56951398 0.28000501
v -0.26983601 0.55185598 0.25697401
v -0.26982 0.57520598 0.27186999
v 0.151241 0.42780399 -0.16694801
v 0.183632 0.040069 0.30940801
v 0.17339499 0.025689 0.31171599
v -0.27706501 0.16661701 0.049243
v -0.27102599 0.163351 0.037562
v -0.26639599 0.15368 0.043068
v -0.271772 0.103721 0.062181
v -0.280191 0.09538 0.065527
v -0.25696501 0.106195 0.081928
v -0.15063401 0.82314903 0.047934
v -0.476816 0.45776501 0.142704
v -0.46645999 0.48620901 0.12946101
v -0.47840199 0.466773 0.110273
v 0.36011201 0.29540601 -0.072884
v 0.059876 0.442781 -0.15737601
v 0.037883 0.44780499 -0.15093499
v 0.068382 0.446652 -0.15029199
v -0.466259 0.57819802 0.003178
v -0.47057599 0.55679899 0.025106
v -0.47508499 0.58897001 0.012073
v -0.040247 0.27394101 0.35302299
v -0.235672 0.74431401 0.12653001
v -0.22733399 0.73229998 0.120999
v -0.224583 0.74870402 0.092954
v 0.17094301 0.008869 -0.086988
v 0.143967 0.01015 -0.094548
v 0.110501 0.535357 0.28978401
v -0.008405 1.020625 -0.106821
v 0.005227 1.025406 -0.134854
v -0.002632 1.02832901 -0.12836801
v 0.072213 0.36835799 -0.232086
v -0.25983399 0.003548 0.108396
v -0.28941801 0.006511 0.14446799
v 0.224905 0.158328 -0.179694
v -0.192808 0.42132601 0.29803601
v -0.17797901 0.45069501 0.291504
v -0.40367299 0.72197098 0.32426
v -0.32953101 0.93296802 -0.38402399
v -0.472875 0.72452599 0.080984
v -0.120933 0.011732 0.22503801
v -0.164257 0.008608 0.203353
v 0.33335999 0.55120403 0.021063
v 0.34147501 0.54446697 0.04111
v -0.24536701 0.342931 0.31207401
v 0.34736499 0.053265 0.19043601
v 0.37375 0.052695 0.17510299
v 0.37314001 0.07031 0.203264
v 0.118261 0.53707701 -0.12094
v 0.136768 0.544761 -0.117585
v 0.115549 0.55778199 -0.105849
v -0.32063299 0.72181499 -0.04227
v -0.31329799 0.73565298 -0.054282
v -0.007388 0.89506 -0.121221
v -0.008853 0.93374002 -0.142985
v -0.24795701 0.070007 0.134808
v -0.23122001 0.086381 0.131093
v -0.25142199 0.070171 0.14713
v 0.34300199 0.224907 -0.095604
v -0.15741 0.43200499 -0.13561501
v -0.124224 0.40103099 -0.14831001
v -0.14980701 0.40006399 -0.144971
v -0.080604 0.391368 -0.169714
v -0.095203 0.368844 -0.165353
v 0.095391 0.53504997 -0.114704
v 0.060024 0.52885199 -0.125247
v 0.14481001 0.007692 0.039026
v 0.166529 0.007402 0.013268
v 0.208203 0.007718 0.019503
v -0.33835 0.216483 0.192587
v -0.21534599 0.007521 0.062661
v 0.34625199 0.27355799 -0.087585
v -0.151204 0.255721 -0.103566
v -0.140829 0.235829 -0.093471
v -0.156212 0.205017 -0.080093
v -0.41808099 0.521842 -0.002824
v -0.41693401 0.530994 -0.005481
v 0.230124 0.55580598 -0.081028
v 0.218804 0.57030398 -0.074502
v 0.252882 0.55736101 -0.066948
v 0.003651 0.61802202 -0.004711
v -0.042177 0.61051601 -0.000291
v -0.024607 0.62341303 0.031809
v -0.125471 0.084185 -0.16119701
v -0.105729 0.083341 -0.171396
v -0.208388 0.850959 -0.035426
v -0.21714801 0.866256 -0.023859
v 0.209379 0.25776801 -0.195002
v 0.224824 0.243848 -0.187786
v -0.004556 0.53350699 -0.115824
v 0.131668 0.036702 0.31716201
v 0.15327799 0.033156 0.31416199
v 0.16359299 0.060985 0.31243199
v -0.05713 0.040714 0.264121
v 0.175825 0.375956 0.374396
v 0.19096801 0.38681301 0.365971
v -0.494196 0.72035098 0.11201
v -0.48984799 0.74690199 0.10468
v -0.167625 0.095224 -0.072008
v -0.169238 0.102722 -0.065005
v 0.163011 0.087139 -0.161136
v 0.14559001 0.068842 -0.15353
v 0.006702 0.54354399 0.268567
v 0.054306 0.55227202 0.27693599
v 0.042631 0.56726497 0.26462299
v 0.082566 0.13903899 0.369838
v 0.075424 0.159318 0.36959401
v -0.237214 0.72585899 0.150313
v -0.179903 0.004431 -0.144656
v -0.1918 0.015302 -0.135717
v 0.129426 0.40804201 0.374542
v 0.116951 0.37513599 0.385102
v 0.153217 0.38712701 0.37429899
v -0.067016 0.160835 -0.172364
v -0.053427 0.13716801 -0.176423
v -0.06199 0.14487 -0.171417
v -0.17163 0.51146102 0.264521
v -0.37958199 0.77156502 0.278869
v -0.34379101 0.78675997 0.25977799
v -0.35140499 0.796987 0.243113
v -0.038628 0.95234001 -0.130091
v -0.460852 0.39631599 0.024655
v -0.471486 0.37492299 0.031644
v -0.46807101 0.397093 0.036966
v 0.023958 0.14943901 -0.215405
v 0.006532 0.12126 -0.20164301
v 0.39436099 0.138 -0.035232
v 0.37306899 0.107995 -0.032546
v 0.36212599 0.128415 -0.034264
v 0.114144 0.032387 0.023261
v 0.25703701 0.27638099 0.34266701
v 0.28064799 0.280756 0.32404199
v -0.434672 0.512743 0.259642
v -0.44693699 0.51864499 0.288416
v -0.047942 0.99903297 -0.102834
v -0.069828 0.98163998 -0.091233
v 0.206256 0.129798 -0.173989
v 0.172995 0.122138 -0.183805
v 0.200141 0.14651801 -0.18381999
v 0.364079 0.15808199 0.22035
v 0.35863101 0.17104 0.234531
v 0.34322301 0.12550201 0.22568899
v 0.083259 0.28669801 0.402136
v 0.08782 0.270156 0.40168899
v -0.35840601 0.24538 -0.031837
v -0.022572 0.12081 -0.190469
v -0.370736 0.20993 0.097635
v -0.164047 0.073847 -0.137886
v 0.39075699 0.099059 0.22291
v 0.385519 0.120009 0.227699
v 0.37648299 0.103283 0.22485299
v -0.13354599 0.021489 0.098017
v 0.50030899 0.190541 0.029806
v 0.497076 0.174758 0.027077
v 0.48914 0.183405 0.01682
v 0.27524501 0.029421 0.194864
v 0.25060201 0.015046 0.195014
v -0.40497899 0.25656 0.020391
v -0.40841201 0.26434401 0.013872
v -0.421772 0.25841099 0.051283
v -0.409769 0.30709201 -0.040789
v -0.41119301 0.28776699 -0.030754
v 0.44450501 0.079951 0.149426
v 0.415061 0.069102 0.16483299
v -0.21093901 0.82119 -0.033956
v -0.173907 0.84613699 -0.057518
v -0.38628399 0.94478202 -0.26152599
v -0.37041599 0.95356703 -0.28380501
v -0.40533701 0.96461397 -0.32527101
v -0.305457 0.014387 0.14338499
v -0.382402 0.85010397 -0.20432299
v -0.376665 0.83027703 -0.19078501
v -0.280036 0.82040101 0.024338
v 0.313122 0.124428 -0.086345
v 0.31266001 0.142151 -0.097684
v -0.318261 0.93980098 -0.39691299
v -0.31553099 0.90592498 -0.394196
v -0.29812199 0.91951799 -0.40233999
v 0.145344 0.036858 -0.067704
v 0.141022 0.039378 -0.027595
v -0.154485 0.89010799 0.033264
v -0.149709 0.87728697 0.028467
v -0.14770401 0.90568799 0.025998
v -0.130767 0.86118799 0.004153
v -0.14701501 0.862598 0.01528
v 0.015176 0.99986798 -0.137491
v -0.007337 0.99226701 -0.110776
v 0.024154 0.98318702 -0.142983
v 0.25659001 0.016675 0.072599
v 0.26018399 0.020308 0.082695
v -0.38458601 0.79508001 0.24173699
v 0.102709 0.305352 -0.22961
v 0.086211 0.31754801 -0.236945
v 0.17844801 0.022004 0.233435
v 0.18269999 0.023926 0.220294
v 0.16876701 0.012393 0.25233799
v -0.30674201 0.71266001 0.257379
v -0.30557999 0.73229098 0.26188201
v 0.05634 0.33520201 0.394779
v 0.070893 0.33775499 0.38918
v 0.061685 0.360055 0.39109099
v -0.186949 0.078321 -0.06352
v -0.185955 0.1004 -0.059656
v 0.15669701 0.181917 -0.19341999
v 0.14367101 0.185008 -0.199889
v 0.133894 0.172784 -0.204717
v -0.38936999 0.81453001 0.18689799
v -0.18941499 0.129109 -0.058974
v -0.20919999 0.150387 -0.058695
v -0.32203299 0.086995 0.044612
v -0.29443699 0.095165 0.051096
v -0.27884501 0.1013 0.026658
v -0.352853 0.063409 0.056385
v 0.36560899 0.185875 -0.054814
v 0.37453601 0.180608 -0.02513
v 0.174824 0.282736 -0.21036801
v 0.181941 0.26549 -0.203642
v -0.434789 0.52415198 0.307996
v -0.40917301 0.57699198 -0.031801
v -0.40353501 0.59989601 -0.036076
v -0.38560101 0.57610297 -0.04153
v 0.12896401 0.58050698 -0.081795
v 0.103415 0.58082002 -0.076037
v 0.15104599 0.59021401 -0.077293
v -0.062941 0.40052301 -0.18626399
v -0.07199 0.40426499 -0.161982
v 0.187806 0.12101 0.342765
v -0.000442 0.36479601 0.386996
v 0.020248 0.373815 0.38946801
v 0.053908 0.94566798 -0.169544
v -0.015882 0.141688 -0.20316701
v 0.46601099 0.109741 0.021412
v 0.46791101 0.12218 0.012225
v 0.485185 0.124485 0.036911
v 0.06716 0.28167999 -0.237694
v 0.060418 0.25244001 -0.23257899
v 0.05334 0.26459801 -0.239768
v -0.22642 0.40459099 -0.13426299
v -0.25495699 0.42541599 -0.133081
v -0.23486701 0.42068201 -0.13759001
v 0.111745 0.427481 0.36426699
v 0.111909 0.439403 0.34924999
v 0.098291 0.075314 0.320259
v -0.50749201 0.56942397 0.27128899
v -0.50835901 0.591519 0.27902299
v -0.23661201 0.213273 0.24186
v -0.23784401 0.186087 0.204036
v -0.23033001 0.19486099 0.224996
v 0.190253 0.20893399 0.363291
v 0.20566 0.219355 0.362232
v 0.191881 0.193113 0.35510901
v 0.198854 0.182561 0.348452
v -0.30094099 0.87976998 -0.35105401
v -0.30311999 0.87097698 -0.323764
v -0.303691 0.864788 -0.37644199
v -0.18000101 0.004971 0.193253
v -0.120482 0.015676 -0.197549
v -0.065274 0.83047497 -0.062301
v -0.036324 0.834382 -0.056787
v -0.092019 0.80817097 -0.034946
v 0.18979 0.30036899 -0.20019899
v 0.20106401 0.31083599 -0.19609299
v 0.212815 0.296386 -0.189751
v -0.18636499 0.80159903 0.06475
v -0.17227501 0.812962 0.056596
v -0.191898 0.81601799 0.061667
v -0.199821 0.49747199 -0.116393
v -0.20299 0.46646801 -0.13069201
v -0.45668501 0.55962503 0.007979
v -0.441964 0.54221302 0.002327
v -0.31913099 0.014324 0.182423
v -0.321854 0.01145 0.19754501
v 0.285449 0.15044001 -0.13044401
v 0.058733 0.578646 -0.081633
v 0.067418 0.59414798 -0.066314
v 0.084475 0.56355 -0.09089
v 0.209511 0.44939801 -0.140495
v 0.223655 0.43239999 -0.141798
v 0.274396 0.221479 -0.149368
v 0.27223101 0.233367 -0.157534
v -0.335437 0.66261899 0.316044
v -0.324029 0.628699 0.32763299
v -0.32120401 0.66189402 0.29235601
v -0.10893 0.010104 0.26753601
v 0.040831 0.16534901 -0.21722899
v 0.049599 0.141445 -0.213662
v 0.39811799 0.412453 0.17627899
v 0.38306099 0.377148 0.21598101
v 0.40463999 0.40348399 0.16146301
v 0.40086001 0.347662 0.192781
v 0.28309199 0.010861 0.100605
v -0.31680101 0.80160499 -0.24176399
v -0.25010401 0.276829 0.28859201
v -0.250193 0.32058999 0.31055099
v -0.22752699 0.22473601 0.25395301
v -0.23488501 0.24381 0.26491201
v -0.253575 0.24776401 0.26842499
v -0.43737701 0.79731399 0.200286
v -0.313752 0.76902699 -0.15309399
v -0.32498899 0.76762402 -0.18121
v -0.21663401 0.35011101 0.31367201
v 0.165795 0.012679 -0.081271
v 0.026249 1.00268495 -0.176873
v 0.03011 1.00491905 -0.16604701
v -0.126155 0.27761099 -0.116056
v -0.125431 0.30121401 -0.120436
v -0.12682199 0.316697 -0.135377
v -0.118831 0.30044299 -0.135038
v -0.042477 0.98967499 -0.062254
v -0.447079 0.49740401 0.17771401
v -0.45154899 0.486799 0.17253301
v -0.484671 0.437962 0.123735
v -0.483426 0.41286999 0.108645
v -0.48164001 0.420874 0.136014
v -0.48506701 0.43069199 0.095047
v -0.38150099 0.227309 0.020548
v -0.37435499 0.246187 -0.011625
v 0.012149 0.50211799 -0.127092
v -0.27949601 0.004856 -0.060285
v -0.30353099 0.005035 -0.051365
v 0.18729199 0.086001 0.310417
v 0.20338701 0.08777 0.30355501
v 0.41600201 0.393455 0.058354
v 0.40892801 0.410813 0.113829
v 0.103905 0.31995499 0.39306501
v 0.121835 0.31699699 0.39105299
v 0.30599299 0.104714 0.253243
v 0.33297101 0.163717 0.26578999
v 0.31352201 0.147264 0.27125201
v -0.050874 0.93520898 -0.071397
v 0.025099 0.23252299 0.36945799
v 0.040261 0.24125101 0.37799701
v 0.047163 0.39423999 -0.227625
v 0.054685 0.38327599 -0.231782
v -0.366694 0.98424399 -0.36221701
v 0.013426 0.44557601 0.306683
v -0.006842 0.44567299 0.302284
v -0.072852 0.038019 -0.100203
v -0.084928 0.038101 -0.084113
v -0.099412 0.035181 -0.100858
v 0.21993101 0.087408 0.29978099
v 0.111037 0.45568499 0.30735099
v 0.089471 0.45443299 0.30337101
v 0.108362 0.44720101 0.33298501
v -0.199892 0.53288198 0.245517
v -0.200911 0.55684298 0.222692
v 0.17532 0.38748199 -0.19499101
v 0.183964 0.37000799 -0.19744
v 0.156601 0.37607601 -0.209931
v -0.35507801 0.416825 0.290925
v -0.338254 0.401178 0.293237
v -0.148197 0.282065 -0.109797
v -0.172069 0.29196 -0.115726
v -0.15089899 0.30796 -0.118923
v -0.178202 0.34081301 -0.131258
v -0.161529 0.33968499 -0.130657
v -0.074486 0.436106 0.299393
v -0.058321 0.44293499 0.30609199
v -0.30260599 0.017153 -0.047384
v 0.21427099 0.021659 0.034718
v 0.20555501 0.018089 0.036216
v 0.21946201 0.014676 0.02908
v -0.188146 0.473658 0.28725001
v -0.17878 0.48727599 0.28181699
v -0.202931 0.48889601 0.27852699
v -0.152613 0.015111 -0.058395
v -0.13726801 0.035514 -0.048883
v -0.16357601 0.007519 -0.053677
v -0.15239599 0.007284 -0.088294
v -0.14319 0.015695 -0.080303
v 0.219193 0.34604201 0.35309899
v 0.25532901 0.215248 0.323549
v -0.168947 0.799353 0.053021
v 0.407895 0.42752299 0.058272
v -0.148082 0.56911302 0.21710899
v -0.14072099 0.59014499 0.201224
v -0.25995299 0.380683 0.31147999
v -0.27543199 0.372917 0.30756399
v 0.246613 0.24673399 0.34079701
v 0.144832 0.51565301 0.28919199
v 0.14947601 0.54053998 0.28046301
v 0.12826701 0.52002501 0.292918
v -0.097362 0.314098 -0.20262399
v -0.093913 0.34183601 -0.19567101
v -0.38380399 0.268859 0.228064
v -0.49996701 0.7306 0.122511
v -0.40558299 0.366144 -0.068897
v -0.38847801 0.343137 -0.08566
v -0.41554099 0.33516401 -0.052973
v -0.42913401 0.26304099 0.093646
v -0.43128699 0.267299 0.063648
v -0.41885999 0.25084701 0.076911
v -0.062256 0.81809801 -0.032076
v -0.104307 0.80050403 -0.022999
v -0.06463 0.81576902 -0.023304
v -0.05319 0.82308602 -0.014817
v -0.101086 0.80754101 0.006783
v -0.117836 0.794348 0.008223
v -0.118157 0.79165697 -0.001736
v -0.093194 0.83314401 0.021625
v -0.122775 0.80159098 0.019787
v -0.055533 0.91848099 -0.118787
v -0.069772 0.89385599 -0.106194
v -0.090719 0.91034001 -0.10278
v -0.31301001 0.80102903 -0.039072
v -0.32502201 0.81532502 -0.030391
v -0.327499 0.80956501 -0.010539
v -0.24089199 0.75040299 0.152549
v -0.34935299 0.807697 0.21918
v -0.33519301 0.81897902 0.18098301
v -0.319298 0.79828203 0.24029601
v 0.39721 0.449166 0.038913
v 0.394113 0.44957399 0.016836
v -0.096098 0.093359 0.31170201
v -0.082665 0.113647 0.29861599
v -0.113081 0.118854 -0.059336
v -0.503429 0.65459597 0.096121
v -0.50217199 0.64623803 0.081116
v -0.508825 0.62933701 0.096422
v -0.42658499 0.349749 -0.037504
v -0.40845501 0.399176 -0.066679
v -0.43748 0.368287 -0.03039
v -0.450959 0.339012 -0.006324
v -0.30886799 0.542611 0.27529299
v -0.29534501 0.54890001 0.263482
v 0.18769801 0.61774302 0.215123
v 0.153263 0.61687398 0.223116
v 0.086226 0.042578 0.256008
v 0.25492099 0.012487 0.001456
v 0.26692301 0.025541 -0.002416
v 0.26398599 0.012708 0.015564
v 0.25092 0.029185 -0.022751
v 0.26619601 0.048735 -0.033096
v 0.27593401 0.042918 -0.018594
v 0.25385299 0.019935 -0.001757
v 0.072292 0.642079 0.178644
v 0.055541 0.64266002 0.165187
v -0.396126 0.58673501 0.36229101
v -0.39125299 0.56123602 0.35940999
v -0.235386 0.86739898 0.000573
v -0.21426401 0.88503402 -0.015934
v 0.058153 0.064573 0.33746201
v 0.08407 0.065157 0.32850999
v -0.234905 0.15723801 0.15060399
v 0.15907601 0.102063 -0.17373499
v 0.14647201 0.081543 -0.16283999
v 0.18345 0.014324 0.03482
v 0.17090701 0.010578 0.033017
v 0.38928801 0.19362999 -0.009744
v -0.308397 0.077151 0.26007
v -0.29401001 0.075714 0.290696
v -0.28358901 0.076147 0.29868501
v -0.30366701 0.054341 0.294126
v -0.37601399 0.86185902 -0.238942
v -0.37728399 0.87856698 -0.25714999
v -0.12655801 0.95305598 -0.024213
v -0.166105 0.927589 -0.00959
v -0.26279899 0.154846 0.061783
v -0.38804901 0.65628898 0.359539
v -0.35405701 0.62430298 0.35729301
v -0.38337699 0.72596598 0.32199699
v -0.37755099 0.75322902 0.29943001
v -0.096309 0.175658 -0.105659
v -0.089013 0.183529 -0.13080101
v -0.33025399 0.017432 -0.037064
v 0.015652 0.86046797 -0.058309
v 0.007179 0.85066402 -0.053483
v 0.005897 0.84715199 -0.058273
v 0.000705 0.853971 -0.041256
v -0.093117 0.61077499 0.142535
v -0.117638 0.62321597 0.125983
v -0.116266 0.61589497 0.146109
v 0.29278299 0.26960999 -0.14906
v 0.2714 0.27503499 -0.162389
v 0.28008601 0.33215001 -0.152923
v 0.242709 0.418134 -0.14239199
v -0.081948 0.85533398 -0.08665
v 0.057803 0.081475 -0.18097199
v 0.047637 0.069535 -0.164079
v 0.29480299 0.101232 -0.101221
v 0.32735899 0.111985 0.23257101
v 0.18332499 0.18421599 0.35968599
v 0.205228 0.33077699 -0.190533
v -0.007485 0.97592998 -0.109535
v 0.25856701 0.58043402 0.22386099
v -0.368835 0.71399897 0.32588801
v -0.38247499 0.681081 0.34768501
v -0.459488 0.31274301 0.061597
v -0.45991901 0.311508 0.079591
v -0.072063 0.18592 -0.18137001
v 0.163022 0.34429401 -0.20758601
v 0.188916 0.33723 -0.195353
v 0.15485799 0.330217 -0.214048
v -0.39908299 0.63525897 -0.040356
v -0.36081001 0.63467902 -0.050617
v -0.39883801 0.62152302 -0.041091
v -0.246114 0.00582 0.145054
v -0.29679999 0.16933499 0.099081
v -0.27712899 0.102089 0.051545
v -0.26174799 0.093225 0.089458
v -0.233628 0.089671 0.119233
v -0.324 0.045877 0.20727199
v -0.33220899 0.03179 0.216874
v -0.322276 0.048563 0.22552601
v -0.29496601 0.939237 -0.39628801
v -0.293942 0.90312999 -0.382599
v -0.29264799 0.91963398 -0.39557901
v -0.20394699 0.63495398 -0.006514
v -0.20940299 0.63996202 0.001717
v 0.113921 0.016993 0.130137
v 0.104978 0.032459 0.140825
v 0.014669 0.52514398 -0.115735
v -0.003598 0.55339903 -0.097186
v 0.066769 0.62721002 -0.027839
v 0.070392 0.61141098 -0.053766
v 0.151728 0.65579402 0.058019
v 0.17187101 0.65365303 0.062938
v 0.154505 0.647111 0.014484
v -0.24279401 0.78193498 0.168706
v -0.10859 0.071328 0.33212599
v -0.209934 0.20590299 0.25278199
v -0.27218801 0.039397 0.32240999
v -0.174082 0.53913897 -0.097168
v -0.19203199 0.55862099 -0.093135
v -0.157646 0.55471802 -0.088813
v 0.26508099 0.015066 0.171333
v -0.205302 0.60999501 0.204074
v 0.201112 0.00955 0.15164199
v -0.294826 0.79970801 0.231892
v -0.27431601 0.79659599 0.223757
v -0.27632499 0.80329102 0.213034
v -0.30404899 0.79227901 0.24496999
v 0.15727399 0.168587 0.36661699
v 0.160569 0.15279999 0.362261
v 0.174704 0.171654 0.36224201
v 0.44462699 0.137995 0.20749301
v -0.008503 0.350223 0.39196599
v 0.008327 0.35274899 0.38905901
v -0.003618 0.33811799 0.39412099
v -0.346558 0.20919999 0.000701
v -0.32376099 0.194896 -0.001924
v -0.32616901 0.200277 -0.01111
v -0.30577499 0.18975499 -0.004831
v -0.069441 0.30128101 0.32207099
v -0.045825 0.26706499 0.337199
v -0.052488 0.30535701 0.36331999
v -0.29728499 0.9508 -0.39350799
v -0.301503 0.95125997 -0.399894
v -0.33475101 0.781039 -0.24501801
v -0.34226799 0.77055699 -0.220653
v -0.28732401 0.82057101 0.045593
v -0.376028 0.41863599 -0.087301
v -0.39818799 0.40598601 -0.077193
v -0.39178401 0.31814501 -0.065072
v -0.36774799 0.011729 0.040655
v -0.35371 0.005743 0.05024
v -0.36402899 0.012846 0.069751
v -0.248859 0.37849501 -0.138797
v -0.264424 0.41306201 -0.133109
v -0.17961299 0.63901103 0.115456
v 0.40043399 0.42291999 0.156534
v 0.383228 0.202581 0.207192
v 0.37395799 0.22754399 0.235304
v 0.37632701 0.206505 0.226814
v -0.195324 0.86073798 0.052959
v -0.20867901 0.82392699 0.07289
v -0.18445399 0.84364402 0.054271
v -0.211408 0.85111398 0.060544
v -0.36048299 0.70064002 0.32920799
v -0.104852 0.353834 -0.16144601
v -0.12096 0.35062 -0.152005
v 0.17189699 0.62757599 -0.021782
v 0.19553401 0.62019801 -0.020927
v 0.24597999 0.249091 -0.17937601
v 0.245454 0.234136 -0.179708
v -0.353131 0.570544 0.364039
v 0.050542 0.91015297 -0.157222
v 0.054598 0.92634201 -0.16665301
v 0.053621 0.91099501 -0.141587
v 0.048491 0.92944598 -0.174289
v -0.50128299 0.55169702 0.160091
v -0.46692899 0.52621502 0.163831
v 0.154054 0.012203 0.165665
v 0.128497 0.010055 0.132744
v -0.393462 0.545416 -0.026131
v -0.36280301 0.55106199 -0.042273
v -0.41097099 0.551355 -0.022078
v -0.39719799 0.56439501 -0.034291
v -0.47374001 0.70060301 0.283153
v -0.463505 0.708579 0.29186901
v -0.45429501 0.73716801 0.276052
v -0.252516 0.80888098 0.109471
v -0.273211 0.816019 0.110567
v -0.090502 0.38444799 0.30363399
v -0.116008 0.386123 0.30696699
v -0.49412799 0.72898 0.188151
v 0.079338 0.549766 -0.100391
v 0.134554 0.007926 0.075613
v -0.108039 0.21522599 -0.107216
v 0.237657 0.208827 -0.17770401
v 0.210871 0.20355199 -0.188051
v 0.179933 0.202792 -0.197733
v 0.198366 0.207156 -0.191185
v 0.189144 0.46018901 0.32585201
v 0.15717299 0.44701001 0.325151
v 0.174256 0.43554801 0.33378801
v -0.120193 0.011171 0.28794599
v -0.164487 0.011647 0.28252199
v -0.123689 0.009752 0.253851
v -0.144208 0.014264 0.292393
v -0.437828 0.33011901 -0.018503
v -0.32221001 0.56695998 0.33852601
v 0.066469 0.16062599 -0.211594
v 0.109649 0.46657199 0.30438399
v -0.051402 0.416787 -0.159347
v -0.097362 0.22050101 -0.134955
v -0.085154 0.198916 -0.15057001
v -0.13907801 0.61218703 -0.035547
v -0.14077599 0.59317303 -0.060801
v -0.153945 0.60171801 -0.057423
v -0.113902 0.60375899 -0.028026
v -0.11394 0.59150898 -0.044942
v 0.054774 0.60326099 0.235983
v 0.076594 0.606345 0.23684201
v -0.36936599 0.026796 0.036183
v -0.36285499 0.038215 0.026234
v -0.37089801 0.033919 0.050547
v -0.35675299 0.05157 0.036981
v -0.360742 0.040929 0.038389
v -0.25253999 0.72282302 0.20341299
v 0.26437199 0.251059 0.33104599
v 0.25400701 0.23308299 0.331765
v 0.371602 0.245315 -0.067715
v -0.32929599 0.80716002 -0.32420701
v -0.33307299 0.79914099 -0.30986699
v -0.12640101 0.341699 -0.140029
v -0.118842 0.31201801 -0.14612199
v -0.25489599 0.187567 0.18883801
v 0.257402 0.044377 -0.042766
v -0.029608 0.92865402 -0.131084
v -0.03207 0.899589 -0.117286
v 0.09523 0.28084499 -0.230212
v 0.109942 0.27212101 -0.227726
v 0.091824 0.26169699 -0.22704799
v 0.069362 0.13016599 -0.205902
v 0.038768 0.131568 -0.21170899
v -0.26776999 0.696648 0.22691301
v -0.294341 0.008404 0.210912
v 0.35505801 0.025586 0.09886
v -0.062516 0.165159 0.26704299
v -0.041012 0.20055699 0.30232501
v -0.411185 0.94822699 -0.30867699
v -0.411798 0.93649203 -0.29603899
v -0.28352901 0.44195899 -0.115624
v -0.26801899 0.44729 -0.120096
v -0.27477801 0.421615 -0.12835699
v -0.32849199 0.035438 0.25898099
v -0.312291 0.033776 0.290618
v 0.115511 0.010888 0.06779
v -0.484005 0.678029 0.207269
v 0.021858 0.859653 -0.070673
v 0.41945499 0.108954 0.212589
v 0.44913301 0.119714 0.193244
v 0.258623 0.224433 -0.170653
v 0.035255 0.45758399 0.303294
v 0.00767 0.469872 0.296868
v 0.0248 0.453594 0.301438
v -0.39872399 0.86922801 -0.119172
v -0.40505201 0.87779802 -0.157003
v 0.268455 0.053122 0.27212799
v 0.26105899 0.037959 0.26655599
v -0.18264499 0.003328 0.038824
v -0.16636001 0.195565 0.2841
v -0.14710499 0.170481 0.27958301
v -0.065744 0.37180999 0.333758
v -0.079718 0.110059 -0.144647
v -0.084454 0.12122 -0.126825
v -0.329476 0.50724798 0.26246801
v -0.34507999 0.49144 0.26234499
v -0.31878099 0.49577099 0.26869801
v -0.02992 0.037753 -0.06285
v -0.081775 0.035952 -0.050177
v -0.35659999 0.81862497 0.024357
v -0.36823401 0.816746 0.036035
v -0.35599601 0.81644797 0.052177
v -0.48601699 0.56002301 0.040591
v 0.124716 0.22796699 0.38387501
v -0.016883 0.85395497 -0.02532
v -0.36343801 0.797481 -0.29038101
v -0.35944501 0.79305297 -0.293495
v -0.36487499 0.78583699 -0.27774501
v -0.49391699 0.642268 0.057889
v -0.47982901 0.63735998 0.036161
v -0.45042899 0.462134 0.006594
v 0.247336 0.137556 -0.16814101
v 0.23131201 0.142178 -0.176054
v 0.30274501 0.159899 -0.114289
v 0.30258301 0.14145499 -0.116089
v 0.028349 0.117629 0.34658501
v 0.29034001 0.186676 -0.14104199
v 0.30844399 0.198318 -0.121755
v -0.248073 0.84970802 0.051187
v -0.040065 0.98557401 -0.122498
v -0.176388 0.247455 0.29009101
v -0.23553599 0.12262 0.17397299
v -0.281055 0.268298 0.28384101
v -0.30584601 0.231879 0.242698
v -0.27211899 0.234845 0.25804001
v 0.234818 0.100308 0.29201499
v -0.17499501 0.59205699 0.186064
v -0.149423 0.61793798 0.152081
v -0.176715 0.609267 0.159426
v -0.307845 0.79446298 -0.04815
v -0.30292299 0.79216498 -0.070337
v -0.30990401 0.82142699 -0.075396
v -0.426626 0.58726698 -0.022208
v -0.172855 0.00586 0.187316
v -0.33346799 0.51837701 0.26456499
v -0.32089001 0.52844 0.26837
v -0.123396 0.015472 -0.104832
v -0.108838 0.01363 -0.116862
v -0.13508099 0.31537801 -0.127286
v -0.35562399 0.26745 0.252134
v -0.34667 0.30518299 0.27845499
v 0.1082 0.121558 0.367726
v 0.077316 0.108906 0.34849799
v 0.008129 0.40419099 0.375579
v -0.19538 0.031939 -0.110132
v -0.429252 0.611996 0.356538
v -0.407087 0.60415 0.35680699
v -0.313721 0.049477 0.18489
v -0.32672301 0.035851 0.199646
v -0.356132 0.26519501 -0.063759
v 0.15077899 0.21806601 -0.207553
v 0.152668 0.208876 -0.20591199
v 0.120968 0.21119 -0.218925
v 0.401014 0.36319399 -0.021249
v 0.24558499 0.087296 -0.131565
v -0.36538601 0.033918 0.014891
v -0.35853401 0.50124103 0.25827101
v -0.248042 0.80198199 0.132544
v -0.239667 0.79426301 0.11317
v -0.390001 0.90473402 -0.172913
v -0.369555 0.91120303 -0.168034
v -0.39836901 0.91715801 -0.21530201
v -0.41266 0.50249499 0.243696
v -0.133442 0.116909 -0.062061
v 0.33687299 0.017182 0.089628
v 0.34758401 0.034644 0.152952
v 0.103513 0.61786801 -0.037938
v 0.208471 0.038983 -0.13551
v -0.14219999 0.37379399 -0.146365
v -0.12717099 0.36811599 -0.150708
v 0.041871 0.306292 0.396853
v 0.42697001 0.26084799 0.049146
v 0.42115301 0.26908499 0.045118
v -0.39516601 0.77803999 -0.058808
v -0.395206 0.77955002 -0.088707
v -0.394591 0.769005 -0.063913
v -0.38965499 0.78879499 -0.069426
v -0.50233501 0.561647 0.070593
v 0.136594 0.65802002 0.084432
v 0.163886 0.65662801 0.102117
v -0.243793 0.559506 0.24003699
v -0.21720099 0.58508301 0.225391
v -0.237755 0.58584201 0.246379
v -0.032506 1.01380098 -0.110241
v 0.046497 0.52240002 0.291309
v 0.076635 0.010084 -0.1069
v -0.25044101 0.126957 0.07933
v -0.25366899 0.153706 0.075439
v 0.45579201 0.080697 0.102484
v 0.333437 0.181389 0.27313301
v -0.148817 0.047295 0.289561
v -0.141856 0.065142 0.290411
v -0.33535701 0.97687501 -0.38665101
v -0.34935501 0.97229898 -0.37638
v -0.34567201 0.98489398 -0.377377
v -0.34621501 0.059584 0.010465
v 0.055137 0.29624501 -0.241292
v -0.46410099 0.50650197 0.13076299
v -0.465168 0.49759799 0.106724
v -0.464122 0.49742499 0.127231
v -0.054238 0.98076397 -0.050936
v 0.197317 0.15866899 -0.185836
v -0.093875 0.85307598 -0.00119
v -0.112291 0.86201698 -0.004633
v -0.114617 0.84225702 0.027942
v -0.189294 0.65486598 0.073501
v -0.27164799 0.477552 0.285889
v -0.25928101 0.44943899 0.29775199
v -0.252267 0.49689499 0.27462301
v -0.102505 0.295982 -0.19669899
v -0.40264899 0.76933801 0.27678099
v -0.093898 0.122142 0.269458
v -0.097676 0.109499 0.29350799
v -0.078478 0.120623 0.28671399
v 0.29088801 0.122529 -0.12678599
v -0.432136 0.81206298 0.117374
v -0.27427 0.76308399 0.22820701
v -0.40464199 0.95093799 -0.32167199
v -0.40238601 0.74952197 0.30025601
v -0.34182501 0.029234 0.098082
v -0.076068 0.031308 0.16098
v -0.066385 0.030992 0.142673
v -0.068978 0.020379 -0.186719
v -0.049858 0.32416299 0.373629
v -0.052608 0.33551499 0.36954001
v 0.175653 0.01642 -0.064427
v -0.4163 0.91023898 -0.257202
v -0.131275 0.617751 -0.018382
v -0.327943 0.197134 0.165794
v -0.341272 0.19347499 0.14497501
v -0.31752101 0.186147 0.148137
v 0.32459301 0.52592301 -0.038092
v 0.33980599 0.51869899 -0.022349
v 0.33112401 0.50346297 -0.048282
v -0.38488799 0.92947501 -0.229883
v -0.37474099 0.93811601 -0.247402
v -0.46641201 0.344096 0.034123
v 0.47117901 0.105362 0.038582
v -0.107958 0.32357401 0.28796199
v -0.114168 0.358969 0.29471299
v -0.30787301 0.008801 0.178031
v -0.270895 0.180575 -0.003471
v -0.26614401 0.198164 -0.030689
v -0.258472 0.18940701 -0.02942
v 0.28601599 0.46281001 -0.10641
v 0.25618899 0.465433 -0.119379
v 0.27621201 0.474659 -0.103903
v 0.21950001 0.38552201 0.35047799
v 0.209548 0.36384499 0.357375
v 0.225407 0.35786 0.346921
v -0.39610401 0.956438 -0.332306
v -0.17159601 0.25365299 -0.107917
v -0.367154 0.76343501 -0.181927
v -0.36473101 0.76950502 -0.22495601
v -0.007178 0.28687599 -0.24913999
v -0.440476 0.564758 -0.007527
v -0.42803299 0.55166399 -0.010339
v -0.463011 0.34920001 0.164445
v -0.48073301 0.36944601 0.135627
v -0.465036 0.34212801 0.126321
v -0.13912 0.26113501 -0.105948
v -0.286753 0.31184301 -0.119064
v -0.267272 0.30118099 -0.120512
v -0.274905 0.283512 -0.113668
v -0.22101399 0.51327503 -0.114054
v 0.089942 0.41934901 -0.203242
v 0.076846 0.43910301 -0.16801301
v 0.109362 0.434706 -0.17182399
v 0.260414 0.029259 0.24039701
v 0.242715 0.02029 0.26261401
v -0.374394 0.766913 -0.154351
v -0.39259899 0.779347 -0.117122
v -0.183348 0.02649 -0.143984
v -0.18688101 0.036151 -0.13816901
v 0.033835 0.94353002 -0.17779399
v -0.294736 0.423242 -0.112878
v -0.31780601 0.39800099 -0.114132
v -0.29268599 0.402264 -0.116963
v -0.23275 0.32834601 -0.133287
v -0.208744 0.31129399 -0.122347
v -0.243343 0.30193099 -0.121051
v -0.013056 0.576307 0.23913001
v 0.017078 0.58001697 0.249277
v 0.17329 0.60747898 -0.048545
v 0.144429 0.60241097 -0.058769
v -0.397944 0.81348199 0.062499
v -0.39792299 0.81861001 0.104952
v -0.51546597 0.62556303 0.159197
v 0.18561301 0.538499 0.26819301
v 0.152409 0.55361301 0.27241299
v -0.07071 0.472473 -0.144692
v -0.092682 0.475577 -0.137988
v -0.087046 0.485544 -0.135297
v -0.488879 0.78530598 0.138886
v -0.497069 0.76867098 0.15072
v 0.12965401 0.26182801 -0.221402
v 0.102121 0.23737501 -0.21797501
v 0.157639 0.007246 0.031488
v 0.17191499 0.009154 0.026337
v -0.33906299 0.007145 0.082704
v -0.07969 0.118818 -0.14015301
v -0.072279 0.131908 -0.153882
v -0.40984899 0.25823501 0.15772
v -0.43272701 0.289933 0.160932
v -0.42693001 0.27759999 0.14058501
v -0.44219899 0.74839503 0.028292
v -0.42998299 0.75428098 0.009188
v -0.426245 0.737279 0.002728
v -0.081063 0.410972 -0.153156
v -0.057232 0.42007601 -0.155214
v -0.34259 0.88320798 -0.348793
v -0.12636399 0.23280901 -0.095877
v -0.32418999 0.95987099 -0.39405
v 0.051979 0.030376 0.33947
v 0.030259 0.065759 0.346053
v -0.226704 0.437282 0.30042401
v 0.095677 0.039941 -0.07996
v -0.00631 0.85377401 -0.082619
v -0.175318 0.005158 -0.043909
v -0.192122 0.003691 -0.075851
v -0.16261899 0.00542 -0.075363
v 0.023719 0.15527301 0.35235199
v 0.027081 0.182822 0.37047201
v 0.26516899 0.432863 0.315523
v -0.44580799 0.38287199 -0.026711
v -0.452896 0.36974099 -0.009321
v -0.03931 0.17319299 -0.206466
v -0.01965 0.179695 -0.220415
v 0.02224 0.86065203 -0.086334
v 0.111261 0.012403 0.088902
v 0.12838 0.007593 0.088911
v 0.117577 0.011179 0.117384
v -0.084047 0.81209898 -0.002915
v -0.068351 0.83143699 0.006382
v -0.041618 0.82577503 -0.028573
v 0.35023499 0.087722 -0.030198
v 0.33364099 0.082175 -0.028291
v -0.075219 0.011384 -0.125002
v 0.202301 0.010315 0.029973
v -0.043273 0.86267799 -0.028626
v -0.32457301 0.054248 0.098108
v -0.30905399 0.058846 0.105748
v -0.32428399 0.067801 0.082902
v -0.40129399 0.819695 -0.11653
v -0.38668701 0.806476 -0.11368
v -0.20805 0.068031 0.30265
v -0.189427 0.07278 0.29708201
v -0.149196 0.31419799 0.29649699
v -0.13793699 0.30513799 0.29444399
v -0.33309299 0.75758499 -0.159013
v -0.34364399 0.76012403 -0.17487299
v -0.104952 0.13349099 -0.059293
v -0.117151 0.14725301 -0.058444
v -0.36716399 0.92328602 -0.209024
v -0.22671001 0.127783 0.22857299
v -0.21552999 0.152238 0.240621
v 0.23965199 0.449305 -0.138069
v 0.230168 0.462908 -0.133702
v 0.33692801 0.12997 -0.0424
v -0.38452399 0.54603201 0.35238001
v -0.154369 0.00666 -0.186452
v -0.085424 0.17025 0.25617501
v 0.466039 0.254599 0.16140801
v 0.44524699 0.248564 0.170699
v -0.320669 0.69702297 0.28277501
v -0.314253 0.67622298 0.27291799
v 0.36781901 0.47927001 -0.000242
v 0.36935601 0.50140297 0.031237
v 0.381827 0.475339 0.015987
v -0.17542499 0.46349001 -0.13179199
v -0.43633699 0.63372397 0.35717899
v 0.42348599 0.25246501 0.037907
v 0.40622199 0.240821 0.015569
v 0.417579 0.259693 0.032309
v -0.427367 0.77952701 0.019465
v -0.41815099 0.78643298 0.011704
v -0.13462 0.20022801 -0.079603
v 0.069384 0.012559 0.323246
v 0.07598 0.020382 0.333563
v -0.27362701 0.2613 -0.100447
v -0.30745301 0.71895999 -0.03535
v -0.060372 0.99097002 -0.047467
v 0.32343799 0.33715099 0.29313299
v 0.33462799 0.31567499 0.28760901
v 0.33284199 0.33802101 0.286771
v -0.30290899 0.79668599 -0.17816199
v -0.30112001 0.81030601 -0.19638
v 0.42897901 0.27106601 0.102333
v 0.43398899 0.26696199 0.081779
v -0.31637701 0.062963 0.26109001
v -0.495859 0.56377202 0.19677199
v -0.50245303 0.58036 0.20845599
v -0.400087 0.493994 0.243591
v -0.41328901 0.49574199 0.225925
v -0.39841899 0.47826099 0.24239901
v 0.19891199 0.077405 0.30470601
v -0.308806 0.315126 -0.115082
v -0.354754 0.94423598 -0.28029299
v -0.47700301 0.789729 0.09434
v -0.45577499 0.80129802 0.09539
v -0.462055 0.78973401 0.0732
v -0.26552701 0.70528001 -0.020133
v -0.257842 0.68171602 -0.015576
v -0.39379299 0.78033602 -0.041628
v 0.045231 0.36313501 -0.23773099
v -0.243339 0.0989 0.177931
v 0.16541301 0.12341 0.35469899
v 0.48577601 0.145318 0.17260399
v 0.468665 0.157772 0.199972
v 0.46929699 0.13833401 0.189749
v -0.454981 0.77881199 0.220331
v -0.23012701 0.229414 -0.074293
v -0.25854 0.213532 -0.048283
v -0.25535101 0.23702 -0.079994
v -0.452961 0.391406 -0.016686
v -0.28459501 0.0893 0.076132
v 0.025859 0.92871499 -0.117787
v 0.040181 0.89180601 -0.09951
v -0.167152 0.34521201 0.29364601
v -0.151511 0.332991 0.30081901
v -0.162715 0.365877 0.293942
v -0.46465501 0.780348 0.066556
v 0.12427 0.56384897 0.27275899
v 0.145229 0.58415598 0.25007501
v 0.111332 0.57673699 0.265286
v -0.045274 0.420019 0.30781499
v -0.03431 0.42024899 0.316255
v -0.035765 0.42635101 0.31016201
v -0.046058 0.409473 0.321814
v -0.14860401 0.56922603 -0.077572
v -0.142958 0.53965002 -0.101042
v -0.299761 0.57824898 -0.051265
v -0.332881 0.56488699 -0.048672
v -0.292119 0.59721297 -0.048054
v -0.324559 0.55822301 -0.053536
v -0.486967 0.71420801 0.167678
v -0.209526 0.80019498 0.0797
v -0.231121 0.33159801 0.30721501
v -0.21097501 0.32671401 0.30402401
v -0.404313 0.85290802 -0.112268
v -0.38556001 0.89041799 -0.13723101
v -0.37065899 0.89811301 -0.137776
v -0.392555 0.89349997 -0.151861
v -0.25376299 0.31797901 -0.131394
v 0.051932 0.203554 -0.228212
v 0.38559201 0.45178401 0.16682
v 0.04494 0.228736 0.37794599
v 0.059997 0.202985 0.384682
v -0.48210901 0.78603703 0.159097
v -0.48380601 0.40185499 0.147919
v -0.48576301 0.39261901 0.116881
v 0.316441 0.02247 0.029367
v 0.313905 0.015058 0.051316
v -0.448221 0.49046099 0.01933
v 0.292871 0.35124299 0.31838199
v 0.296727 0.37291601 0.30881101
v 0.28145799 0.35948101 0.32663199
v -0.079287 0.59650701 0.159942
v 0.05464 0.647219 0.062718
v 0.085703 0.65371102 0.084786
v 0.119419 0.653997 0.041333
v 0.21781 0.57975698 0.239048
v 0.20107301 0.59869701 0.23130199
v 0.041069 0.45078099 0.30964401
v -0.00085 0.46733999 0.300468
v 0.038081 0.974729 -0.187888
v -0.130511 0.009663 0.22927199
v 0.204146 0.011752 0.229055
v -0.28907201 0.011761 -0.055042
v -0.50368202 0.60119402 0.066754
v -0.50658298 0.57093 0.084527
v -0.22187699 0.027624 -0.069237
v -0.38590801 0.268785 -0.042917
v -0.50273597 0.62112302 0.27144599
v 0.133472 0.023237 0.31867301
v -0.06936 0.062794 0.36376801
v -0.10732 0.22734299 -0.112559
v -0.044475 0.49968499 -0.133277
v -0.041297 0.46876201 -0.146905
v -0.22177801 0.59538901 -0.063031
v -0.42563301 0.270044 0.028991
v -0.34430301 0.250366 -0.054864
v -0.35049099 0.245821 -0.036984
v 0.12778901 0.357333 -0.21660499
v -0.14827199 0.59874898 0.18978301
v -0.112338 0.163427 -0.063709
v -0.112426 0.184852 -0.074525
v -0.112468 0.335554 -0.157969
v -0.44464201 0.78797799 0.043152
v 0.393246 0.351509 0.204412
v -0.36883399 0.812352 -0.244196
v -0.36962199 0.82933003 -0.23193599
v -0.36504701 0.82379001 -0.25760201
v -0.41483501 0.89029098 -0.226457
v -0.413629 0.87893701 -0.19549701
v 0.077379 0.65036702 0.137594
v 0.13039 0.065073 0.31550801
v 0.26201001 0.54213703 -0.07339
v -0.12520801 0.293717 0.28944299
v -0.279654 0.809551 0.015431
v -0.26251599 0.81233799 0.002926
v 0.41963899 0.318477 0.04519
v 0.42140999 0.315045 0.081184
v 0.42125401 0.28743199 0.06497
v -0.22427399 0.057565 0.31357899
v 0.38544601 0.068957 0.192643
v 0.412406 0.086926 0.19464099
v 0.39417499 0.089993 0.213067
v -0.039769 0.85703999 -0.086669
v -0.057789 0.84114403 -0.073352
v 0.19375201 0.59325802 -0.064846
v 0.18641099 0.57453102 -0.086946
v -0.183974 0.19261 0.27458599
v -0.18140601 0.226147 0.27991399
v -0.162147 0.40635601 0.291042
v -0.233336 0.74598598 0.005806
v 0.51384401 0.17190599 0.119678
v -0.47944701 0.44605899 0.071504
v -0.47385001 0.432962 0.045128
v -0.29429501 0.53456599 0.25226399
v -0.31112999 0.52894002 0.26036799
v -0.30158901 0.517187 0.25848299
v 0.385676 0.47994301 0.044738
v -0.060659 0.013426 -0.182161
v -0.092327 0.83578801 -0.072582
v -0.017929 1.02493 -0.117229
v -0.31504801 0.041244 0.18586899
v -0.335085 0.81202799 0.031775
v -0.319451 0.81103498 0.036598
v -0.217051 0.52798599 0.25060099
v -0.25358 0.53407502 0.246951
v -0.40212199 0.89737302 -0.18128
v -0.096871 0.59318298 0.17685799
v 0.040881 0.881185 -0.120784
v 0.041952 0.87980801 -0.107887
v -0.428646 0.77053797 0.259325
v -0.45090899 0.44797 0.199857
v -0.46414 0.42574999 0.18796501
v 0.083923 0.091261 -0.186902
v 0.077788 0.081336 -0.179461
v -0.025736 0.120614 0.31297499
v -0.024361 0.112443 0.31925401
v -0.012993 0.120073 0.32231599
v 0.354386 0.17881 0.249125
v -0.022766 0.46600601 0.298944
v -0.40014601 0.25839201 -0.006752
v -0.42593899 0.286167 0.003091
v -0.011279 0.40378499 -0.21855401
v 0.037005 0.42105699 -0.203261
v 0.14285 0.017502 0.31406999
v 0.228442 0.020553 0.28719899
v 0.22775701 0.014466 0.26762101
v -0.084427 0.032333 -0.109178
v -0.089599 0.950288 -0.018739
v -0.322115 0.88884699 -0.174971
v -0.34964401 0.90244401 -0.15757699
v 0.063157 0.010738 0.30423
v -0.44448999 0.64634597 -0.01249
v -0.37562501 0.32762599 -0.091767
v -0.36934599 0.312372 -0.087068
v -0.22434001 0.63308501 -0.015269
v -0.138989 0.941764 -0.056395
v -0.484797 0.66330498 0.28226
v -0.48082301 0.70992798 0.259698
v 0.48135501 0.109317 0.056429
v 0.37889799 0.332537 -0.06874
v 0.362755 0.35335299 -0.093233
v 0.38190699 0.355847 -0.064678
v 0.200222 0.021337 0.30486101
v 0.21743201 0.035397 0.30298099
v 0.20306499 0.060912 0.30862099
v 0.360468 0.459598 0.21268199
v 0.35690001 0.42626601 0.236625
v 0.37180299 0.409174 0.228461
v 0.34639299 0.45042899 0.238886
v 0.059672 0.41075599 -0.214178
v 0.063539 0.43101901 -0.18483999
v 0.212442 0.489959 -0.112396
v -0.241438 0.175217 0.176006
v -0.35213301 0.382842 0.29051501
v -0.33130199 0.38577801 0.30223101
v 0.008341 0.46587601 -0.144898
v 0.029839 0.46309 -0.150287
v 0.014688 0.44520199 -0.147157
v -0.233059 0.78473401 0.108135
v -0.221012 0.77021301 0.09141
v 0.094963 0.59485 -0.062163
v -0.041597 0.34886399 0.377332
v -0.25233001 0.809102 -0.005168
v 0.027179 0.101547 0.332057
v 0.40637299 0.185736 0.213714
v -0.391271 0.79561001 -0.078228
v 0.047532 0.186993 0.380945
v 0.074413 0.186351 0.38234901
v -0.37342399 0.95052099 -0.34104499
v -0.302995 0.89786202 -0.31360799
v -0.301525 0.89686102 -0.330841
v -0.30239901 0.920479 -0.33949599
v -0.40360799 0.78100902 -0.024718
v -0.400426 0.79741001 -0.040579
v -0.089009 0.130556 -0.106026
v 0.089864 0.343586 0.39302701
v 0.082936 0.323818 0.39239001
v -0.44018099 0.52539003 0.016984
v -0.41692999 0.41248 -0.056915
v -0.378858 0.74261498 -0.056291
v -0.29765001 0.88904399 -0.391267
v -0.298372 0.87850797 -0.37962601
v -0.31925201 0.270789 -0.095039
v -0.30194801 0.259927 -0.092852
v -0.31124601 0.284922 -0.106411
v 0.24721999 0.20159499 0.32927901
v -0.037717 0.05517 0.37045601
v -0.048461 0.064563 0.36960599
v -0.50685298 0.56977397 0.238617
v -0.50540203 0.592076 0.22409301
v -0.50055802 0.557971 0.223592
v -0.215534 0.73278898 0.038233
v -0.227458 0.73184597 0.017461
v -0.32914999 0.043551 -0.030666
v -0.337816 0.53133202 0.312841
v -0.49845999 0.60768801 0.29779801
v -0.48445401 0.61251497 0.31366399
v -0.38814601 0.86321098 -0.213954
v -0.344971 0.18538199 0.092922
v -0.306151 0.172433 0.086327
v -0.33489001 0.18193799 0.10831
v 0.101019 0.38104901 -0.224189
v 0.114769 0.38218501 -0.218318
v 0.097145 0.36660299 -0.227791
v 0.16961101 0.404237 -0.18768799
v 0.192866 0.39025399 -0.187979
v 0.228751 0.024834 -0.103421
v 0.100754 0.126849 0.37084299
v 0.201234 0.29614499 0.37369701
v 0.22437701 0.30346 0.366561
v 0.21964499 0.123331 -0.166253
v 0.245038 0.149445 -0.172444
v -0.23456401 0.089945 0.29036099
v 0.14770199 0.18564101 0.381704
v 0.25609401 0.019492 0.12944999
v -0.34291601 0.65276003 0.33063799
v -0.109578 0.214853 0.27613199
v 0.29644501 0.092102 -0.071438
v -0.33517399 0.90849203 -0.36869401
v -0.243338 0.044671 -0.062814
v 0.008468 0.012191 -0.162632
v -0.062355 0.49735099 -0.133007
v 0.20415799 0.60970098 0.218687
v 0.202838 0.62554401 0.19784699
v 0.23195 0.61050397 0.19369499
v 0.25718999 0.183189 0.32790101
v 0.25444099 0.156404 0.32483801
v 0.27548099 0.182209 0.309982
v 0.17289799 0.600362 0.24006601
v -0.41769299 0.752846 0.28943399
v -0.064113 0.51850098 0.26187301
v -0.40801001 0.916951 -0.232636
v 0.33975601 0.209967 0.27364901
v 0.35188201 0.213662 0.26360399
v -0.012245 0.112422 0.32160699
v -0.016917 0.106176 0.33066499
v -0.24072701 0.50232702 -0.114604
v -0.270293 0.49011201 -0.11028
v -0.26224101 0.52060401 -0.105118
v -0.358904 0.35319501 0.287974
v -0.30413401 0.86141199 -0.172732
v -0.299458 0.85565001 -0.19305401
v -0.30546701 0.87382197 -0.21086
v 0.37479499 0.151379 -0.029016
v -0.28503099 0.39651701 0.31226799
v -0.30141401 0.40607601 0.30834201
v -0.222103 0.102695 0.12507001
v 0.011523 1.01683104 -0.141482
v -0.066447 0.981107 -0.039639
v 0.103887 0.64909899 0.15726399
v -0.47095001 0.51578701 0.101296
v -0.48985401 0.53314298 0.084546
v -0.031231 0.99939501 -0.073339
v 0.27946499 0.52326101 -0.070504
v 0.28444499 0.501809 -0.084069
v -0.452712 0.307726 0.043921
v 0.36605 0.51306897 0.08611
v -0.115109 0.28199801 0.28824201
v -0.101109 0.267582 0.280633
v -0.14216501 0.63507599 0.057046
v -0.138024 0.62719703 0.004526
v -0.119301 0.21965399 -0.0901
v -0.206717 0.68563098 0.109254
v -0.191274 0.65944701 0.097815
v -0.21734001 0.69905901 0.12969001
v -0.20166799 0.66706902 0.14803
v -0.187978 0.64473897 0.144091
v -0.36307999 0.906304 -0.31535801
v 0.112915 0.16935401 0.37427101
v 0.13183901 0.181072 0.382085
v -0.243587 0.41135901 0.30193499
v -0.231005 0.394539 0.30342799
v 0.22009601 0.377965 -0.175486
v 0.201612 0.41073 -0.16236199
v 0.28058401 0.354027 -0.147055
v 0.264943 0.33939701 -0.161146
v 0.26294899 0.36231199 -0.153321
v 0.206076 0.396045 -0.175032
v 0.29903999 0.050037 -0.016104
v 0.282226 0.035912 -0.009492
v -0.30359399 0.87562102 -0.24142
v 0.128079 0.059803 -0.15169901
v -0.181738 0.098047 0.27664
v 0.204907 0.55006403 -0.0946
v 0.140475 0.357191 0.39032701
v -0.31766501 0.51882499 0.2599
v 0.160073 0.54089302 -0.114973
v 0.43655601 0.10628 -0.007613
v -0.179695 0.61682498 0.146501
v -0.18791699 0.61440599 0.167547
v 0.041092 0.64191902 0.039116
v 0.075036 0.64669502 0.031144
v 0.067539 0.640791 0.010919
v -0.459463 0.528786 0.20769601
v -0.47257301 0.53866899 0.199635
v -0.44910699 0.51766503 0.188605
v -0.092189 0.80477798 -0.010567
v -0.019916 0.35555601 -0.243847
v -0.017505 0.31999001 -0.25000301
v -0.030254 0.32593599 -0.249299
v -0.211987 0.571841 0.216564
v -0.350124 0.77465397 -0.250498
v 0.086224 0.059914 -0.159347
v 0.27572501 0.042978 0.2384
v -0.36384299 0.53640503 -0.046217
v -0.051677 0.29537299 -0.24087299
v -0.35003701 0.60264403 0.364245
v -0.338622 0.57631302 0.358973
v -0.32012099 0.765369 0.26822901
v -0.35416299 0.803671 -0.31587499
v -0.34400901 0.79750901 -0.30930501
v -0.26223901 0.008852 -0.066094
v -0.271938 0.00411 -0.059285
v -0.148314 0.183421 -0.068792
v 0.084171 0.62797701 0.20914599
v 0.320346 0.120837 -0.060863
v -0.247068 0.78468001 0.18301301
v -0.25806201 0.78735203 0.204299
v 0.021421 0.255687 0.37450299
v 0.25250199 0.35590199 0.33930901
v 0.25991401 0.34204301 0.341777
v -0.38307199 0.360975 -0.090651
v -0.27028701 0.010175 0.30103999
v -0.26052299 0.39345801 0.312473
v -0.28257099 0.37873799 0.31089699
v -0.357878 0.032973 0.005479
v -0.26313001 0.76721197 0.21286801
v -0.319841 0.067041 0.23617201
v -0.386419 0.53228402 0.338038
v 0.42188299 0.280534 0.117345
v -0.31788099 0.91222298 -0.27894601
v -0.30843699 0.91635698 -0.31734601
v -0.32200101 0.93053299 -0.30433199
v -0.15324099 0.47302499 -0.12578
v -0.188898 0.41516301 -0.13611899
v -0.214285 0.44692001 -0.13551299
v 0.106362 0.037287 0.15614299
v 0.076166 0.036231 0.13607299
v -0.232053 0.14642601 0.157489
v 0.34924799 0.30339801 0.270316
v 0.34356001 0.338168 0.27495199
v -0.012847 0.492715 0.291466
v -0.476998 0.361159 0.123239
v -0.47211501 0.35664299 0.108165
v 0.191948 0.018156 -0.13392299
v -0.223603 0.17535999 0.228677
v -0.004103 0.31781 0.39393699
v -0.030265 0.30663201 0.38042799
v 0.00426 0.2965 0.38579899
v -0.015234 0.33065301 0.393455
v -0.299591 0.80975902 0.031308
v -0.287011 0.817523 0.031687
v -0.095611 0.43596601 -0.14256699
v -0.45513999 0.58483702 -0.008966
v -0.122552 0.012 0.306117
v 0.306207 0.33329001 0.302228
v 0.30694601 0.35189301 0.29947001
v 0.51740599 0.213043 0.117265
v 0.51187903 0.237479 0.081281
v -0.31205499 0.018333 0.130427
v 0.47485 0.18214899 -0.003053
v 0.47106299 0.199292 0.001617
v -0.126984 0.17279901 -0.065221
v -0.504785 0.54720801 0.107806
v -0.180619 0.018099 0.30312601
v -0.36006999 0.827326 -0.000936
v -0.124337 0.585199 -0.05536
v -0.44083199 0.55724502 0.33492601
v -0.33989701 0.39487401 -0.100668
v -0.142407 0.48323399 0.26770499
v -0.34780899 0.58480299 -0.049252
v -0.48567101 0.70948499 0.17833699
v -0.486397 0.69046497 0.165214
v 0.136401 0.28735599 -0.22311699
v 0.276409 0.34487301 0.32890099
v -0.35117501 0.52872097 0.32430801
v 0.124153 0.52445602 -0.124362
v -0.17284299 0.32416299 0.290777
v -0.168391 0.29880399 0.29779699
v -0.159254 0.31964299 0.294296
v 0.165392 0.28787199 -0.21642201
v 0.191641 0.28464901 -0.195318
v 0.414377 0.084562 -0.001858
v -0.41964999 0.256657 0.131777
v -0.42623201 0.26111501 0.117422
v -0.288977 0.0716 0.103331
v -0.26943201 0.059577 0.133422
v -0.17490999 0.88192397 -0.056436
v 0.253232 0.43683401 -0.13636
v -0.25824001 0.12518001 -0.011072
v -0.298758 0.47058401 -0.111407
v -0.45502499 0.65942401 0.33594
v -0.20656499 0.64635497 0.190772
v -0.21808299 0.67475998 0.18259899
v 0.31863901 0.573165 0.070817
v -0.32876 0.60894901 0.34587201
v 0.37890401 0.457589 -0.012314
v -0.370397 0.381816 0.28662601
v 0.36822701 0.45280999 -0.03977
v 0.34264901 0.47417101 -0.062121
v 0.349987 0.48259199 -0.044974
v -0.46181101 0.313456 0.120394
v -0.45774001 0.30633801 0.0975
v -0.44999799 0.29752299 0.12682
v -0.112673 0.006148 -0.12861399
v -0.098424 0.021416 -0.11372
v -0.32146001 0.74325299 -0.088759
v -0.32299101 0.73433697 -0.066983
v -0.27685699 0.19910499 0.20491999
v -0.29244301 0.21203101 0.221756
v -0.37552699 0.778494 -0.234826
v -0.099298 0.23709901 -0.148523
v -0.32765099 0.64661402 -0.049147
v 0.18222301 0.092421 0.324049
v 0.077719 0.45403901 -0.14471699
v 0.18777101 0.486655 0.29901999
v -0.038583 0.99943697 -0.064481
v -0.26898101 0.66962999 0.25008401
v -0.253088 0.67681402 0.229955
v -0.059727 0.121333 0.29306901
v 0.36848801 0.085679 0.21708401
v 0.065198 0.51116598 0.298132
v -0.464288 0.50619 0.095603
v -0.46603701 0.51564997 0.071298
v -0.18646599 0.25376299 0.29021701
v 0.1003 0.21012899 -0.219725
v 0.121942 0.039107 -0.074264
v 0.381587 0.48881099 0.080428
v -0.435507 0.300226 0.17267101
v -0.416798 0.28402701 0.190521
v -0.120581 0.59916502 0.183203
v -0.137538 0.61396098 0.161311
v -0.29206499 0.28005201 -0.106921
v 0.191507 0.516105 0.273283
v 0.233109 0.013298 -0.016249
v 0.148481 0.42360699 0.35631701
v 0.21160699 0.160657 0.34115201
v 0.32449999 0.42335901 -0.09129
v 0.34053501 0.43864599 -0.077432
v 0.29799801 0.443028 -0.106304
v 0.27063501 0.01107 0.124975
v 0.047506 0.920757 -0.13241901
v -0.35695201 0.024758 0.079189
v -0.445106 0.70395797 0.013436
v -0.436672 0.73075402 0.019187
v -0.43200499 0.69723499 -0.001233
v -0.45947999 0.71239901 0.030487
v -0.445519 0.731727 0.032758
v -0.50908798 0.58754897 0.260492
v 0.109192 0.44518501 -0.147955
v 0.41012001 0.139366 0.227322
v 0.42076099 0.17180599 0.22254699
v -0.45540899 0.46521899 0.016455
v 0.021183 0.56649101 0.26079699
v 0.050153 0.589522 0.24871799
v -0.039326 0.353423 -0.24177
v -0.063296 0.33321899 -0.236836
v -0.49751601 0.75429302 0.16712999
v 0.194677 0.42707801 0.33583701
v 0.20627099 0.42809901 0.33090001
v -0.38388199 0.217924 0.07935
v 0.31481501 0.55714899 -0.005931
v 0.36666101 0.47588399 0.195013
v 0.24608199 0.57460099 0.236275
v 0.244813 0.030594 0.28311399
v 0.25447199 0.049031 0.286356
v 0.22077499 0.024398 0.29883701
v -0.44685599 0.48154801 0.188123
v -0.42631999 0.495202 0.208014
v 0.365367 0.51231498 0.050525
v -0.08149 0.015309 0.35532501
v -0.080091 0.012573 0.34349301
v -0.044006 0.013503 0.35535699
v -0.054407 0.025686 0.37163901
v -0.049064 0.018893 0.36628801
v -0.036673 0.027206 0.37024301
v -0.41288701 0.903355 -0.221571
v 0.271817 0.207297 -0.15034699
v -0.37415501 0.82953501 -0.01055
v 0.026367 0.53031301 -0.110906
v -0.135427 0.45067701 -0.135958
v 0.44264799 0.168207 -0.022063
v -0.25823301 0.54854798 0.24764501
v -0.25785699 0.568829 0.26051101
v -0.133663 0.93321502 0.00474
v -0.104835 0.96110898 -0.021375
v -0.195832 0.36337399 -0.136448
v -0.229028 0.35835299 -0.133598
v -0.218545 0.382173 -0.134321
v -0.19832601 0.338496 -0.132441
v 0.26880801 0.56695497 -0.045445
v 0.113144 0.112973 -0.19416299
v 0.090714 0.123687 -0.19820499
v 0.114147 0.136498 -0.19266801
v -0.48809099 0.68083698 0.166372
v 0.053861 0.331166 -0.24228901
v 0.063028 0.31003201 -0.242778
v -0.274508 0.78303099 0.23399401
v -0.26051 0.79513299 0.20577601
v -0.111809 0.46218199 -0.13673399
v -0.058986 0.446114 -0.149202
v -0.037099 0.42403099 -0.155054
v -0.37352699 0.60271603 -0.044607
v 0.37504399 0.186774 0.21647
v -0.301247 0.66241401 0.27070501
v -0.30212599 0.62427503 0.296018
v -0.29087499 0.62182301 0.28654999
v -0.077705 0.024522 0.36693099
v -0.095011 0.019842 0.35219201
v 0.097161 0.48633999 0.30398801
v -0.238618 0.107003 0.262555
v -0.469522 0.40629199 0.046102
v -0.28547999 0.40410799 -0.119612
v -0.28369001 0.41724899 -0.121774
v -0.13149101 0.44279501 0.29318199
v -0.123494 0.43314001 0.29751199
v 0.18157899 0.105988 -0.17489
v -0.47387099 0.61856699 0.012243
v 0.351118 0.490082 -0.031013
v -0.144104 0.004843 -0.186847
v -0.235158 0.076676 0.30603999
v -0.23666701 0.60913497 0.24698199
v -0.22081999 0.60808498 0.22626799
v -0.227708 0.62703001 0.233079
v -0.035483 0.60669702 0.166104
v -0.051572 0.61251098 0.13854
v 0.244743 0.59170401 0.22017901
v 0.222063 0.59477299 0.219603
v -0.035045 0.23271701 0.33523199
v 0.04544 0.51012802 0.295921
v -0.336678 0.75054699 -0.134896
v -0.32800701 0.74721599 -0.112419
v -0.44582999 0.46278 -0.006584
v -0.43021601 0.45870501 -0.028036
v -0.468344 0.52326202 0.276425
v -0.074705 0.58962798 0.17643
v -0.17408 0.87469703 0.043376
v -0.45111001 0.70105797 0.31209901
v -0.37551099 0.84443802 -0.2184
v -0.393841 0.230324 0.090459
v -0.31107199 0.005007 -0.042055
v -0.43621501 0.32802001 0.214157
v -0.42644101 0.30865601 0.21414299
v -0.41512901 0.32282799 0.23803499
v -0.385582 0.230175 0.140544
v 0.288495 0.388533 -0.136511
v 0.258746 0.37735799 -0.151834
v 0.101844 0.41642499 0.372926
v 0.094342 0.397773 0.383021
v -0.119174 0.62954599 0.073451
v -0.133724 0.63121301 0.100535
v -0.355921 0.422025 -0.095985
v 0.065813 0.25874901 0.39603499
v -0.113696 0.302571 -0.163794
v -0.16886599 0.033409 -0.16787399
v 0.45522001 0.081582 0.079914
v -0.23078901 0.46824199 0.283099
v -0.22068501 0.48195601 0.27477199
v -0.23872399 0.49569601 0.27428001
v 0.20013399 0.090499 -0.157106
v 0.206689 0.068987 -0.15091
v -0.435808 0.51629502 0.206892
v -0.42082199 0.506091 0.224299
v -0.42646801 0.51111901 0.23596101
v -0.477761 0.52958298 0.235834
v -0.488713 0.53784198 0.234725
v 0.30723801 0.396981 -0.12054
v 0.287799 0.373207 -0.141578
v -0.28494701 0.170597 0.058751
v -0.315745 0.179708 0.057749
v -0.27846199 0.177858 0.016533
v 0.43824899 0.171905 0.216543
v 0.465471 0.174926 0.204101
v 0.44762599 0.18977 0.211339
v 0.276972 0.11974 0.27416199
v 0.29329601 0.119683 0.26537701
v -0.103572 0.191184 0.26734999
v 0.17478 0.34185001 0.38025001
v -0.394209 0.81053001 0.010985
v -0.024314 0.42749801 0.312208
v -0.035332 0.43636 0.30810699
v -0.229664 0.109239 0.105572
v -0.140191 0.005531 -0.113903
v -0.12932099 0.007919 -0.112965
v 0.119291 0.648031 0.014882
v -0.090149 0.971008 -0.027822
v -0.076812 0.97325402 -0.030863
v -0.470368 0.53676301 0.042072
v -0.225861 0.21198601 -0.065214
v 0.475979 0.151324 0.006194
v 0.31440899 0.165149 -0.102017
v -0.12547401 0.37492001 0.29851601
v -0.193211 0.39786601 -0.134406
v -0.17274 0.41764599 -0.139265
v -0.232089 0.45699799 -0.132248
v -0.125613 0.068552 -0.177967
v -0.111225 0.27668399 -0.159272
v 0.020933 0.63395101 0.025181
v 0.036668 0.623568 -0.018733
v 0.254109 0.028611 -0.007563
v 0.25793999 0.029529 -0.01393
v -0.008909 0.87655801 -0.106673
v 0.32694799 0.314601 -0.118843
v -0.32497701 0.71338898 -0.040996
v 0.191727 0.15644901 0.35743299
v -0.30426499 0.77342498 -0.039508
v 0.022369 0.95155299 -0.12732001
v 0.29679701 0.180969 -0.134481
v -0.22583701 0.557181 0.22943
v 0.013843 0.87250203 -0.062762
v 0.114637 0.035073 0.15804701
v 0.105068 0.03811 0.171343
v -0.42547601 0.52332801 0.003757
v 0.058605 0.020281 0.33856401
v 0.04595 0.017453 0.338467
v -0.225182 0.20270599 0.237276
v -0.24581 0.19602799 0.21187
v -0.30145299 0.86754799 -0.251941
v -0.30576301 0.89226103 -0.282837
v -0.31314 0.89471102 -0.24333601
v -0.50328702 0.65484297 0.172702
v 0.086948 0.018912 -0.09723
v 0.25183499 0.42403999 0.32315701
v -0.48622 0.776061 0.090458
v -0.49226701 0.78170902 0.114634
v -0.32223499 0.052165 0.20577601
v -0.019142 0.22154 -0.23773199
v 0.434156 0.226344 0.19194899
v 0.45798701 0.229543 0.188356
v 0.185976 0.54516703 -0.100797
v -0.216848 0.41088501 0.30885801
v -0.000275 0.13621099 0.342511
v -0.188382 0.322743 -0.123455
v -0.198569 0.302452 -0.117765
v -0.085424 0.96051598 -0.022167
v -0.45866501 0.335511 0.15121999
v -0.15921199 0.45202199 -0.13211501
v -0.208975 0.507783 0.26820099
v -0.32258499 0.35917601 0.30770001
v -0.31356499 0.37803799 0.31063101
v 0.074258 0.034571 0.333132
v 0.41418099 0.28097099 0.022632
v 0.312484 0.035831 0.00042
v -0.124798 0.56399697 -0.074885
v 0.000997 0.34789401 -0.250076
v 0.43943101 0.2043 0.20682099
v -0.208423 0.463983 0.28456599
v -0.481711 0.36774299 0.082091
v -0.13702799 0.046645 -0.182414
v -0.41996899 0.716775 -0.014981
v -0.42097399 0.68204302 -0.017055
v -0.18895601 0.300991 0.291262
v -0.205989 0.6681 0.043339
v -0.214441 0.68515199 0.038406
v 0.203448 0.38558501 0.35934901
v -0.13786399 0.28113499 -0.111544
v -0.014441 0.54388499 -0.106877
v 0.47567901 0.208643 0.009888
v 0.054482 0.94249201 -0.174207
v -0.40925699 0.95720798 -0.315395
v 0.307895 0.57773602 0.162496
v 0.31086299 0.57127899 0.173669
v 0.33680901 0.54510403 0.16745999
v 0.250002 0.064697 -0.12041
v -0.46128699 0.58095801 0.33542001
v -0.487721 0.54890698 0.18799999
v -0.50733298 0.56577402 0.171634
v 0.51236498 0.19339199 0.054202
v 0.50047898 0.22544301 0.038068
v -0.27289701 0.33803299 -0.13086399
v 0.031983 0.42688301 0.35459399
v 0.001884 0.221132 -0.242183
v 0.053371 0.224061 -0.227029
v -0.223074 0.787808 0.090005
v -0.21281201 0.77574599 0.082395
v -0.15213799 0.056 -0.16560499
v -0.17118099 0.77508801 0.044785
v -0.180383 0.76016498 0.035801
v 0.048463 0.06089 -0.162558
v -0.22683699 0.018995 0.31758299
v -0.253712 0.012464 0.30993101
v -0.48406899 0.37945601 0.107187
v -0.161659 0.91147399 0.020796
v -0.071382 0.49601701 0.27612901
v -0.465285 0.32027999 0.102925
v -0.46696001 0.34326199 0.094117
v -0.014824 1.02518201 -0.106019
v 0.18977299 0.4605 -0.134565
v -0.481033 0.612427 0.032749
v -0.45343 0.619757 -0.011961
v -0.29385701 0.024545 0.30999899
v 0.17008001 0.31330499 -0.210042
v -0.050666 0.87921798 -0.101038
v 0.331532 0.016962 0.070157
v 0.345065 0.33517101 -0.110261
v 0.364829 0.32728899 -0.089245
v 0.35365999 0.37191999 -0.097742
v 0.34838399 0.38927001 -0.094089
v 0.35778999 0.38805601 -0.081849
v 0.279726 0.084025 0.268134
v -0.35568199 0.73412198 -0.074102
v -0.34463999 0.74154902 -0.10207
v 0.17507701 0.59647501 -0.066583
v -0.171588 0.61792898 -0.04016
v -0.30200699 0.846618 -0.14187901
v 0.29652199 0.50277603 0.25874501
v 0.29565099 0.477768 0.26493099
v 0.25423801 0.011646 0.14328501
v 0.086313 0.19716001 0.38311601
v -0.31858799 0.85055798 -0.372565
v -0.324855 0.83187801 -0.355685
v -0.313144 0.84525299 -0.36603299
v 0.23386 0.487771 -0.105352
v 0.098194 0.559389 0.27674901
v -0.328262 0.95674998 -0.33071399
v -0.32065201 0.94245201 -0.32400399
v -0.46564701 0.458334 0.17199799
v -0.21003599 0.390919 0.30404899
v -0.33656201 0.06824 0.071429
v -0.066235 0.114498 -0.15898401
v -0.073999 0.105261 -0.151188
v -0.041629 0.40012801 0.34122601
v 0.16012099 0.50227898 0.28409901
v 0.173513 0.50775301 0.277372
v -0.313324 0.61263001 0.32173899
v 0.25219399 0.262126 -0.172599
v 0.26694599 0.248054 -0.16442899
v -0.23706999 0.120277 0.18946999
v -0.074825 0.84303302 0.013777
v 0.123106 0.474502 -0.13611799
v 0.116872 0.452086 -0.141858
v 0.102222 0.47692499 -0.139375
v -0.039962 0.832672 -0.014415
v 0.1097 0.056272 0.321762
v 0.41253799 0.30667999 0.165235
v 0.16103201 0.46019199 0.317799
v 0.48378199 0.187977 0.188757
v -0.29553401 0.53892499 -0.082369
v -0.3048 0.51969498 -0.088302
v -0.10936 0.013442 0.32580301
v -0.31348199 0.62909001 -0.047205
v -0.44769701 0.32247201 0.18615
v -0.452806 0.35489699 0.190028
v -0.45274901 0.33976001 0.17276999
v -0.289179 0.81826502 0.078218
v -0.296909 0.81565797 0.054341
v -0.220045 0.18813001 0.23673099
v -0.089845 0.61562198 0.124686
v -0.233419 0.636792 -0.017064
v -0.24212199 0.65459698 -0.02047
v -0.110299 0.48933601 -0.12469
v -0.215891 0.76047099 0.080549
v -0.061175 0.128544 0.274351
v -0.069585 0.14187799 0.25737
v 0.077285 0.29699901 -0.240017
v 0.242458 0.070256 -0.13499001
v 0.035523 0.53998798 -0.105959
v 0.042214 0.52930802 -0.117781
v 0.122607 0.132296 0.36543101
v -0.24204201 0.15023901 -0.036435
v -0.05849 0.61738598 0.044067
v -0.062629 0.610394 0.014719
v 0.16052701 0.57062 0.260023
v 0.36448801 0.38870701 0.247575
v 0.35603401 0.40724501 0.25309399
v -0.47824699 0.374309 0.05255
v 0.005796 0.20288201 0.364301
v -0.28344601 0.18496101 -0.00204
v -0.44744 0.79692602 0.064479
v -0.49984601 0.55876398 0.28655899
v -0.50426298 0.64304399 0.188704
v -0.29922101 0.91767901 -0.35098699
v -0.23891699 0.25344101 -0.092803
v 0.173016 0.65435499 0.115931
v 0.203491 0.64634597 0.077043
v -0.034288 0.112344 0.32083499
v -0.043351 0.100871 0.34544501
v -0.017152 1.00949204 -0.091737
v 0.245197 0.129849 0.316901
v -0.253447 0.094419 0.28643
v 0.21571399 0.28211001 -0.186156
v 0.36689699 0.41575801 -0.051129
v 0.36273199 0.439776 -0.053268
v -0.392492 0.78862 -0.048899
v -0.43272299 0.50632101 0.199347
v 0.308934 0.44948 0.27804601
v 0.33296099 0.437628 0.26072201
v 0.053697 0.171188 0.37585601
v 0.090505 0.175666 0.370269
v 0.104136 0.18392999 0.38308099
v 0.303359 0.124232 -0.111157
v 0.064564 0.26972699 0.397515
v -0.31496301 0.41042501 0.30070201
v -0.094394 0.101132 -0.147681
v -0.008503 0.99499202 -0.15286601
v -0.45306 0.60860598 0.33861601
v 0.029479 0.020656 0.346196
v -0.39888799 0.83643597 -0.06666
v -0.44062501 0.59830201 0.34000301
v -0.227972 0.27303699 0.29227901
v -0.229197 0.51278001 0.26175299
v -0.39863399 0.88155103 -0.143776
v -0.28222701 0.43269601 0.296469
v -0.251495 0.42370501 0.299339
v -0.131868 0.259547 0.29066601
v -0.116825 0.239786 0.285889
v -0.211383 0.58023101 -0.078185
v -0.180058 0.588476 -0.072538
v 0.108205 0.194758 -0.21659
v -0.46990499 0.558213 0.32418501
v -0.29377601 0.59399098 0.29193699
v -0.29446599 0.606372 0.29259199
v -0.001175 0.255723 0.375846
v 0.185306 0.137642 0.35589999
v -0.24825799 0.107567 0.25649899
v 0.353053 0.065263 0.20186201
v -0.29985699 0.43125099 0.296029
v -0.004643 0.364393 -0.24515
v 0.130273 0.334806 -0.22059301
v -0.097811 0.465698 0.28975001
v -0.15349001 0.32959101 -0.128369
v 0.105051 0.103983 -0.19167601
v 0.060694 0.091393 -0.18896
v -0.113691 0.9382 -0.082945
v 0.279044 0.24423601 0.30799201
v -0.46798101 0.73291302 0.262959
v -0.33267799 0.030146 0.233017
v 0.022562 0.12882601 -0.20533
v 0.34536201 0.51797599 0.19109
v -0.415656 0.35035101 0.248916
v -0.34010401 0.50659698 0.261042
v 0.518731 0.20826299 0.087063
v 0.181637 0.15067799 0.36120701
v 0.26870799 0.60768402 0.036436
v 0.24214201 0.62583399 0.048937
v 0.27218899 0.61184001 0.084007
v -0.084877 0.61562097 0.047169
v 0.227365 0.412411 0.328978
v 0.228791 0.449081 0.321244
v 0.072329 0.40144601 0.38361901
v 0.29008901 0.32684699 0.32057601
v 0.05829 0.38036999 0.39069799
v -0.28406599 0.70097899 -0.030418
v -0.184195 0.436279 -0.13311701
v -0.202482 0.67631298 0.086197
v -0.21089099 0.69948798 0.095752
v 0.20116501 0.27649701 0.371822
v 0.39551401 0.30043399 0.198496
v -0.19837999 0.52651 -0.102762
v -0.178443 0.51204902 -0.11262
v 0.18723901 0.009322 -0.037164
v 0.24687099 0.450968 0.31517401
v -0.158087 0.58724201 -0.070623
v -0.173769 0.57160699 -0.083567
v -0.010878 0.60954899 0.184609
v -0.374944 0.80436802 0.22411101
v 0.15998299 0.010677 -0.008757
v 0.309028 0.067901 -0.025677
v 0.160023 0.57018399 -0.092917
v 0.50534499 0.25161901 0.107056
v -0.201065 0.121283 0.261493
v -0.204722 0.104256 0.269283
v -0.026123 0.59739298 -0.038534
v 0.04633 0.01122 0.32210001
v -0.38793999 0.73252702 -0.030993
v -0.40674299 0.70867801 -0.025292
v -0.33296299 0.56656498 0.35195401
v -0.112846 0.61774302 0.006011
v 0.244265 0.62011403 0.022635
v 0.201875 0.64387298 0.044185
v -0.068884 0.098903 -0.160064
v -0.091057 0.081816 -0.175504
v -0.019203 0.096087 0.348252
v -0.321107 0.36186799 -0.115664
v -0.32466 0.186157 0.037407
v -0.29310301 0.179583 0.021473
v 0.13709299 0.207591 0.388017
v 0.127887 0.197373 0.38854101
v 0.001535 0.112851 0.32558101
v 0.010147 0.114836 0.33137101
v 0.375898 0.168348 -0.021626
v 0.39344999 0.179552 -0.016104
v -0.039297 0.384105 -0.228138
v 0.031632 0.39358699 0.38552099
v -0.105081 0.331568 -0.184956
v -0.092379 0.36537099 -0.179014
v -0.260077 0.076606 0.307506
v 0.367201 0.164537 -0.027551
v -0.26376101 0.60924399 0.27553701
v -0.272627 0.63295001 0.27284899
v -0.48910901 0.551525 0.202084
v -0.34496799 0.283227 -0.090325
v -0.130642 0.004181 -0.135159
v 0.181867 0.014055 0.241019
v -0.018597 0.56818199 -0.073375
v 0.004022 0.56777501 -0.083671
v -0.28632301 0.22300801 0.24033201
v -0.261071 0.21153399 0.23358899
v -0.025707 0.279975 -0.25009501
v 0.042858 0.92201602 -0.169064
v 0.01227 0.93650901 -0.15803599
v 0.329824 0.25730401 -0.110156
v -0.015276 0.201748 0.34481299
v 0.067053 0.54478902 -0.104614
v 0.29472801 0.247572 0.29640099
v -0.179483 0.62838399 0.136023
v -0.18359201 0.62376899 0.143299
v -0.288874 0.80027503 0.014566
v -0.00444 0.508955 0.28557801
v -0.21573 0.30032 -0.1158
v -0.19214401 0.286073 -0.108954
v 0.012676 0.103248 0.328251
v -0.33628801 0.83105201 -0.353753
v 0.300008 0.53839701 0.22988699
v 0.28848201 0.52796102 0.242853
v 0.312388 0.50963098 0.23934101
v -0.30680701 0.86865097 -0.385003
v -0.268668 0.39536801 -0.133129
v -0.27594101 0.36757201 -0.13019399
v 0.385685 0.475155 0.109949
v 0.22051699 0.012194 0.25158399
v -0.16129901 0.36029601 -0.132521
v -0.204969 0.004114 0.051127
v 0.14487401 0.60807103 0.233338
v -0.207129 0.57215703 0.21033899
v -0.19226301 0.58419502 0.193067
v -0.498346 0.58130699 0.061659
v -0.49200499 0.61915201 0.04829
v -0.252648 0.006307 -0.06964
v 0.13327099 0.110552 -0.18861599
v 0.13683499 0.131253 -0.188456
v 0.210733 0.46366701 -0.135056
v 0.211457 0.47803801 -0.120173
v 0.291352 0.28992501 0.31519401
v 0.286971 0.273444 0.30985299
v -0.45590001 0.315411 0.144264
v -0.47389299 0.47163901 0.079694
v -0.36165899 0.76097298 -0.16713201
v -0.29838699 0.042672 0.128289
v -0.129161 0.131239 -0.058691
v -0.41452 0.461043 -0.043592
v -0.38887301 0.81981701 -0.007765
v -0.37692499 0.82072699 0.012097
v 0.046094 0.39609 0.38472101
v -0.087212 0.54122603 -0.099257
v 0.222767 0.63666397 0.129852
v 0.21060599 0.635822 0.16095801
v 0.216671 0.62726003 0.181659
v 0.50562298 0.176727 0.154971
v 0.50246 0.213036 0.161943
v -0.264108 0.66191697 -0.02782
v -0.436634 0.30969599 0.198586
v 0.014932 0.036175 0.007527
v -0.007565 0.035206 0.076962
v 0.068371 0.561791 0.27043301
v 0.01272 0.326386 0.38965899
v 0.029762 0.34679699 0.39234599
v -0.42485699 0.42404199 0.236449
v -0.099523 0.059956 0.348324
v 0.01955 1.01000595 -0.15624499
v -0.050706 0.096023 0.34834301
v 0.29949 0.580221 0.022694
v -0.11273 0.88448203 -0.092297
v 0.16547599 0.36026499 0.383643
v -0.35819 0.457057 -0.083742
v -0.33486 0.463337 -0.093909
v -0.31111899 0.75120699 -0.08469
v -0.363866 0.043367 0.062929
v -0.504035 0.54568499 0.132412
v 0.35418099 0.111194 0.220993
v 0.15179101 0.441071 0.32941201
v 0.12868699 0.45694301 0.30621499
v -0.21893799 0.003068 0.039446
v -0.25886399 0.702564 0.21818601
v -0.26944599 0.40957999 0.30962199
v -0.311369 0.75100601 0.26565701
v -0.48510501 0.388897 0.092901
v -0.27809301 0.810359 0.18577699
v -0.266938 0.813205 0.13831399
v -0.43890199 0.49866199 0.010293
v 0.046757 0.35198599 0.39233899
v -0.43515 0.53986001 0.32403499
v -0.34953001 0.80665803 -0.323401
v -0.354646 0.81406301 -0.32052699
v -0.27292499 0.083495 0.29809299
v -0.332692 0.81346399 -0.33437201
v -0.280662 0.017645 0.31610999
v -0.28591499 0.036788 0.31553599
v -0.024925 0.085409 0.360199
v -0.016722 0.55451399 0.25577801
v 0.170085 0.21560299 -0.202354
v -0.25957999 0.80144298 0.192481
v 0.066987 0.125991 0.35909301
v 0.235093 0.34155899 -0.175992
v -0.30495399 0.452941 -0.111643
v -0.31747001 0.45759001 -0.106228
v -0.117703 0.131881 0.26294801
v 0.36867601 0.36931601 0.242686
v -0.493857 0.65362501 0.21672
v -0.51607102 0.59127897 0.17090701
v -0.51174498 0.56524003 0.14586499
v -0.133185 0.40488601 0.303969
v -0.139136 0.38586599 0.30085799
v -0.34722999 0.66288 -0.046591
v -0.164856 0.010039 0.229417
v 0.31088701 0.524463 -0.053185
v 0.30266801 0.49386001 -0.078393
v -0.367713 0.77839202 -0.259413
v -0.34987801 0.19063801 0.061757
v 0.288537 0.56193697 -0.02862
v 0.34294099 0.41574001 -0.07744
v -0.044545 0.28004 -0.24531201
v -0.34052399 0.35006899 0.29934999
v -0.336775 0.36652699 0.30299699
v -0.189983 0.61107898 -0.051329
v -0.16609 0.369692 -0.136857
v 0.261778 0.107494 0.27978501
v 0.26635501 0.124287 0.28835201
v -0.270022 0.30601299 0.30257499
v -0.242476 0.101877 -0.033803
v -0.253712 0.106007 -0.02281
v 0.351625 0.32824999 0.26355901
v 0.13396101 0.61253399 -0.047617
v 0.016476 0.023465 0.35092899
v 0.103184 0.147268 0.37589499
v 0.091259 0.16370299 0.36887899
v -0.30581099 0.81250298 0.047179
v -0.202774 0.280139 0.29240799
v -0.21387599 0.297631 0.303074
v -0.46104899 0.59316599 -0.007398
v -0.330502 0.28898901 -0.101201
v -0.33158499 0.030224 0.108813
v -0.30400601 0.77427602 -0.018706
v -0.297995 0.83272499 -0.142764
v -0.29817501 0.81124902 -0.143629
v 0.080187 0.56922901 0.26885
v 0.32296401 0.47861001 0.245344
v -0.30245 0.429692 -0.108689
v 0.49355 0.26072699 0.118454
v 0.47974899 0.26826599 0.116163
v -0.090917 0.619708 0.093315
v 0.28569901 0.53869998 -0.054075
v 0.272131 0.54941398 -0.06107
v 0.295266 0.59325302 0.061764
v -0.479891 0.69473398 0.18238799
v -0.126754 0.107114 0.269959
v -0.28610301 0.519503 0.25609499
v -0.067328 0.85220301 2E-06
v -0.45831901 0.69934398 0.02228
v -0.29955801 0.49238601 -0.101366
v -0.32050699 0.491375 -0.087023
v -0.180255 0.062568 -0.106322
v -0.191755 0.03554 -0.127206
v 0.51255798 0.21213099 0.138653
v 0.41526699 0.382588 0.037797
v -0.180913 0.137407 0.269602
v -0.258724 0.77687198 -0.003022
v -0.27390701 0.78638703 0.003811
v -0.27418199 0.17512 0.148435
v -0.390513 0.87247998 -0.107562
v 0.32177201 0.567617 0.130959
v -0.21717399 0.262568 -0.093674
v -0.222276 0.28336599 -0.109476
v -0.20160399 0.26594499 -0.098903
v -0.179153 0.52772999 -0.101344
v 0.092113 0.036714 0.050723
v 0.34552801 0.116586 0.220506
v 0.108624 0.40099499 -0.213314
v 0.131409 0.39916101 -0.206375
v -0.48577201 0.677019 0.05462
v -0.47117901 0.699283 0.053912
v -0.40677899 0.28865999 0.21379
v 0.266651 0.16999801 -0.16129699
v -0.27487499 0.71834302 -0.018905
v 0.46125701 0.271377 0.109422
v -0.062777 0.035231 -0.10872
v -0.42492899 0.54948401 0.32903099
v -0.007209 0.63149601 0.048618
v 0.39909801 0.4456 0.108074
v -0.49147001 0.67448801 0.083139
v -0.49182799 0.67983502 0.114521
v -0.188685 0.82203102 0.055445
v -0.30612701 0.80198002 -0.208169
v -0.25113299 0.147149 -0.023077
v 0.132566 0.49481601 -0.125238
v -0.194059 0.27412799 0.29040501
v -0.068522 0.083977 -0.173857
v -0.239765 0.44883499 0.29153299
v -0.181989 0.32371601 0.29209799
v -0.182464 0.34314999 0.29912299
v -0.196898 0.32394299 0.30030599
v -0.070381 0.97041303 -0.035497
v -0.097189 0.954014 -0.013643
v 0.196523 0.445766 0.32984501
v 0.21017399 0.46369499 0.32052299
v -0.19572601 0.043597 -0.097678
v -0.26291201 0.59780401 0.274517
v 0.015327 0.309237 0.38814101
v 0.048713 0.45718801 0.30352101
v -0.30220601 0.835136 -0.119999
v -0.27377799 0.60402203 -0.041348
v 0.165434 0.59232599 0.246665
v -0.045172 0.082856 0.36166599
v -0.25506401 0.28924 -0.117646
v -0.118704 0.17609 0.27258801
v -0.43218499 0.66486102 -0.012201
v -0.244431 0.12702399 -0.028961
v -0.134893 0.15763199 -0.063166
v -0.35262701 0.25401801 0.24053
v -0.32468301 0.222525 0.218747
v -0.051645 0.137797 0.282451
v 0.260308 0.19717599 -0.161148
v 0.068566 0.508403 -0.13954701
v 0.46051201 0.21003801 0.198798
v -0.24417301 0.78473198 -0.008838
v -0.321861 0.89943802 -0.213135
v -0.163019 0.82222402 0.051792
v 0.34167001 0.36927599 -0.107498
v -0.47650999 0.40037099 0.059643
v -0.48052901 0.42157 0.064796
v 0.009324 0.26689801 -0.248988
v -0.197946 0.16237099 0.26119101
v -0.29450899 0.48207301 0.280222
v 0.298803 0.59135503 0.105137
v 0.182134 0.56430298 -0.093452
v -0.46281901 0.497311 0.08311
v -0.069238 0.594239 -0.033805
v 0.38552201 0.391386 -0.048657
v 0.39666301 0.116939 0.227144
v -0.32034799 0.193076 0.013788
v -0.14934 0.81428099 0.045319
v -0.15046699 0.790613 0.035016
v 0.189178 0.64970499 0.129889
v -0.13595501 0.139422 0.27026299
v 0.016195 0.17050301 0.35552001
v -0.002149 0.181564 0.354577
v -0.307924 0.80669099 0.219249
v 0.118546 0.50726199 -0.124562
v -0.212493 0.80443501 -0.027748
v -0.37066001 0.78853601 -0.26341301
v 0.17112499 0.275033 0.38398501
v -0.36018899 0.73252499 -0.062453
v -0.25361401 0.004155 0.134507
v -0.21551 0.62106401 0.219854
v -0.223759 0.54696298 -0.095733
v -0.208847 0.54647702 -0.094456
v 0.080967 0.036355 0.079762
v 0.207948 0.109607 -0.168212
v -0.25053301 0.229295 0.258028
v -0.36450699 0.242476 0.213313
v 0.18663201 0.64415401 0.16046
v 0.153017 0.654589 0.13643099
v -0.426254 0.42911401 -0.038365
v 0.14981 0.40171099 -0.20228299
v 0.49064201 0.25229001 0.145179
v -0.19317199 0.629327 0.16655201
v -0.062227 0.212951 0.27624401
v 0.27476901 0.43675199 -0.12606101
v -0.34035501 0.79101098 -0.29247999
v -0.080644 0.39981899 -0.15849
v 0.049615 0.96812701 -0.181416
v 0.255115 0.477532 0.29247701
v 0.231231 0.47000399 0.30939701
v -0.21140601 0.55706298 0.22402
v -0.001426 0.923922 -0.099452
v 0.38941699 0.232383 0.201058
v 0.23611 0.367275 -0.168651
v 0.22055499 0.358677 -0.182785
v -0.37028301 0.026552 0.062598
v 0.40675199 0.41958001 0.034227
v -0.078959 0.19277 -0.169581
v -0.458727 0.340534 0.022205
v -0.45445701 0.32516301 0.042917
v -0.24535801 0.186177 0.193553
v -0.32484201 0.58489799 0.34859699
v 0.067916 0.22122499 -0.22480699
v -0.298897 0.80923301 -0.116456
v -0.41820601 0.59621298 0.34945399
v -0.30121699 0.085471 0.25556999
v -0.18378501 0.01392 -0.150167
v 0.384922 0.26422399 0.218605
v 0.118006 0.41395101 -0.201157
v -0.117085 0.29354301 -0.14771
v 0.42228901 0.286634 0.096179
v 0.035113 0.368763 0.38664499
v -0.094971 0.60288298 -0.013126
v -0.091345 0.61513001 0.031884
v 0.39430901 0.19211701 0.20425899
v 0.31612301 0.29498801 -0.12899201
v 0.31200299 0.56130499 0.19068199
v 0.31627801 0.53341699 0.21828701
v -0.227798 0.56973499 -0.082637
v -0.101803 0.59301603 -0.035336
v -0.111771 0.57482499 -0.063041
v -0.214215 0.62096399 -0.0332
v -0.48078099 0.700037 0.19944
v -0.37217799 0.595128 0.36778
v 0.422207 0.183699 0.217705
v 0.002517 0.14830901 0.348041
v 0.47704899 0.26235101 0.143114
v -0.25938001 0.32431501 0.30987301
v -0.27936399 0.58988398 -0.049363
v -0.328361 0.536286 -0.065679
v -0.44771999 0.31935099 0.161777
v 0.238471 0.38542899 -0.15947799
v 0.28640899 0.41038299 -0.12763301
v -0.046395 0.85256898 -0.008498
v -0.042543 0.84378499 -0.004465
v -0.472141 0.77956498 0.19147199
v 0.403586 0.438999 0.081701
v 0.19791099 0.36680701 0.36871201
v 0.017454 0.128065 0.342751
v -0.243054 0.59817201 0.25597599
v -0.48183501 0.54901898 0.306986
v 0.45959401 0.236706 0.020015
v 0.139495 0.56114399 -0.10554
v -0.244362 0.434917 -0.136052
v 0.25667301 0.03005 0.259408
v -0.143426 0.122809 0.27160299
v 0.39180201 0.38179499 -0.044192
v 0.398202 0.390477 -0.015943
v -0.175806 0.82329899 0.049193
v 0.21565901 0.40114301 0.34585601
v -0.12012 0.62746 0.038403
v -0.41368699 0.26853701 0.173795
v 0.14349701 0.31421801 -0.216575
v 0.32501599 0.48678601 -0.068624
v -0.39944601 0.26451299 0.20057499
v -0.26376301 0.53881001 0.24835201
v -0.46688601 0.35806099 0.021963
v -0.45910099 0.37362799 0.008725
v -0.31757599 0.76084602 -0.136748
v -0.31415901 0.76116502 -0.12306
v 0.32316601 0.033508 0.169497
v 0.27973601 0.14249501 0.289388
v -0.091709 0.900473 -0.101597
v 0.31904399 0.40235001 -0.11144
v 0.44696999 0.25741699 0.155918
v -0.34101099 0.44156799 -0.093368
v -0.458621 0.392351 0.006637
v 0.268924 0.450403 -0.123112
v 0.148876 0.43065399 0.34790999
v -0.26910099 0.166114 0.016653
v -0.21836001 0.74193901 0.075163
v 0.052524 0.110261 -0.195842
v -0.214596 0.021083 0.31641099
v -0.06103 0.181898 -0.194047
v 0.161696 0.41467199 -0.181376
v 0.189715 0.413403 -0.168869
v 0.12587801 0.018744 0.15080699
v -0.36703101 0.86229497 -0.26922601
v -0.48043099 0.686194 0.195333
v -0.21728 0.241971 -0.085344
v -0.14238501 0.33661401 -0.136402
v -0.19745401 0.054201 -0.071231
v -0.132494 0.823089 0.038084
v 0.117853 0.31085101 -0.225458
v 0.234493 0.63238603 0.081233
v -0.44138101 0.345974 0.212542
v -0.13875499 0.92046702 0.015697
v 0.28502801 0.46169499 0.283656
v -0.37263501 0.016381 0.052639
v -0.23964199 0.68668199 0.206965
v -0.33190501 0.90537 -0.19935501
v -0.022893 0.0195 0.363617
v -0.35347599 0.60886103 -0.048127
v -0.13441101 0.35248101 -0.139387
v -0.33462101 0.739609 -0.088819
v 0.076612 0.23975199 -0.229242
v -0.103256 0.96888798 -0.040872
v -0.220364 0.067873 -0.059167
v -0.204641 0.137365 0.2561
v -0.33102199 0.33367199 0.29947299
v 0.33255699 0.083787 0.211199
v -0.182423 0.83185297 0.050789
v 0.372181 0.50041199 0.123518
v -0.29354501 0.45956501 0.29106
v 0.45400801 0.26677299 0.137642
v -0.246857 0.51879901 0.25613001
v 0.008367 0.42055199 -0.197569
v 0.042892 0.43044499 -0.18475799
v -0.100813 0.120908 -0.07414
v -0.105047 0.117743 -0.066413
v -0.05132 0.39864701 0.331642
v -0.298219 0.76665401 -0.010424
v -0.019096 0.24558499 -0.24400499
v -0.25543201 0.35301501 -0.132568
v 0.30303201 0.032384 0.177415
v 0.369616 0.27464101 0.240146
v -0.036067 0.46033001 0.303608
v -0.31394699 0.47360599 -0.103663
v -0.142223 0.170497 -0.06481
v -0.018212 0.26609701 -0.24879301
v 0.179506 0.011573 0.181448
v 0.31495899 0.202369 0.28542599
v -0.38428399 0.72219402 -0.03394
v -0.389157 0.68779099 -0.032757
v -0.332158 0.62475199 -0.048642
v 0.307266 0.38201201 0.301101
v -0.360645 0.83640802 -0.279737
v 0.14598501 0.415544 -0.19146299
v -0.46363601 0.43987399 0.025043
v -0.337901 0.81255901 0.017308
v -0.23954999 0.54898101 0.23725601
v -0.44595799 0.32243299 0.023392
v 0.001963 0.95494998 -0.112854
v 0.19225401 0.258742 0.37036201
v 0.216066 0.249727 0.36034301
v 0.217058 0.232494 0.35560301
v 0.299604 0.41823301 -0.11864
v -0.092528 0.13011301 -0.087849
v 0.124974 0.347009 0.393563
v -0.003331 0.104248 0.328583
v 0.011365 0.096815 0.333745
v -0.25671101 0.33286601 -0.133159
v -0.203215 0.124266 -0.051661
v 0.079346 0.39250699 -0.225224
v -0.335623 0.944561 -0.304656
v -0.022036 0.84363002 -0.022339
v -0.18144099 0.257498 -0.107778
v -0.17138401 0.36731899 0.292858
v -0.311905 0.032219 0.123019
v -0.39829001 0.69317198 0.34391099
v -0.056548 0.59395999 -0.03331
v 0.37485799 0.44532499 0.19814099
v 0.29830199 0.55616802 0.212905
v -0.39375201 0.40828899 0.26746199
v -0.193249 0.89084101 -0.036598
v 0.086608 0.035791 0.100402
v 0.411634 0.30505201 0.006464
v -0.106262 0.157059 0.26134601
v -0.233086 0.80106401 -0.016981
v -0.23249801 0.315355 0.30373201
v -0.448558 0.50645798 0.17598701
v 0.14125299 0.24476901 0.38152799
v -0.264714 0.1811 -0.011538
v -0.36849099 0.56624699 0.36463201
v 0.242588 0.62848401 0.11391
v 0.004849 1.01313305 -0.12506001
v 0.20085201 0.36558399 -0.19407301
v -0.106319 0.624825 0.103013
v 0.140802 0.36704901 -0.213496
v 0.243837 0.30871201 0.35434899
v 0.385079 0.43446401 -0.017625
v 0.23689599 0.617549 0.17306399
vn 0.78567 -0.45646 0.41758
vn 0.9319 -0.25902 0.2539
vn 0.86273 -0.28597 0.41704
vn 0.14897 0.19802 -0.96881
vn 0.16669 0.18505 -0.96849
vn 0.1289 0.37817 -0.91672
vn 0.26908 -0.23623 -0.9337
vn 0.30204 -0.43617 -0.84766
vn 0.25568 -0.59776 -0.75981
vn -0.4793 0.77144 -0.41851
vn -0.7203 0.64254 -0.26136
vn -0.64285 0.75592 -0.12378
vn 0.56678 -0.21637 0.79495
vn 0.61778 -0.33863 0.7097
vn 0.54886 -0.31995 0.77226
vn -0.12515 -0.85574 0.50205
vn -0.45587 -0.61109 0.64711
vn -0.38896 -0.68032 0.62119
vn 0.6734 -0.65947 -0.33412
vn 0.94586 0.09729 0.30966
vn 0.93064 -0.359 0.07094
vn 0.89716 -0.4293 -0.10392
vn 0.77844 -0.58852 -0.21835
vn 0.95227 -0.30319 -0.03551
vn -0.85439 -0.4847 -0.18732
vn -0.7586 -0.5783 -0.30015
vn -0.71099 -0.62052 -0.33084
vn 0.48198 -0.79504 -0.36826
vn 0.46969 -0.87565 -0.11238
vn 0.4186 -0.87952 -0.22632
vn -0.60033 -0.3453 0.72137
vn -0.50903 -0.36425 0.77988
vn -0.59802 -0.11923 0.79256
vn 0.07198 -0.82778 -0.55642
vn -0.79722 -0.19743 -0.57049
vn -0.8586 0.14355 -0.49215
vn -0.83943 -0.17043 -0.51604
vn -0.73962 0.28302 0.61063
vn -0.79497 0.01283 0.60651
vn -0.77152 0.29519 0.56357
vn -0.2537 -0.96642 -0.04087
vn 0.10237 -0.99375 -0.04441
vn -0.36362 -0.91574 0.1709
vn -0.11819 -0.59314 0.79638
vn -0.08465 -0.77216 0.62976
vn -0.09089 -0.64068 0.76241
vn 0.61347 -0.77276 0.16278
vn 0.20533 -0.97429 0.09272
vn 0.30163 -0.95114 0.06595
vn -0.24284 -0.37333 0.89535
vn -0.30593 -0.50452 0.80738
vn -0.1175 -0.43131 0.89452
vn -0.42871 0.64176 0.63589
vn -0.51964 0.7296 0.44458
vn -0.62506 0.53499 0.56841
vn -0.57433 0.78094 -0.2455
vn -0.46334 0.81323 -0.3521
vn -0.80155 0.55371 -0.22567
vn -0.9437 0.19178 0.26952
vn -0.81258 0.29738 0.50127
vn -0.9086 -0.00527 0.41764
vn 0.28493 0.14392 0.94768
vn 0.21641 0.22988 0.94885
vn 0.41397 0.11854 0.90254
vn -0.70803 -0.23338 -0.6665
vn -0.60962 -0.42732 -0.66765
vn -0.51438 -0.45178 -0.72891
vn -0.15313 0.98188 0.1116
vn -0.46606 0.87861 0.10413
vn -0.30215 0.89183 0.33666
vn -0.80753 -0.10846 0.57976
vn -0.75452 0.00072 0.65628
vn -0.77933 0.02426 0.62615
vn 0.22499 0.89776 -0.3787
vn 0.06164 0.69345 -0.71786
vn 0.526 0.69062 -0.49635
vn 0.21846 -0.67967 -0.70024
vn 0.15378 -0.73354 -0.66202
vn 0.16964 -0.70644 -0.68714
vn -0.46696 -0.03 0.88377
vn -0.52609 0.25292 0.81195
vn -0.31959 0.2341 0.91818
vn 0.13799 0.43822 -0.88821
vn 0.28208 0.11393 -0.9526
vn 0.37514 0.18334 -0.90866
vn 0.08243 -0.9946 -0.06303
vn -0.0095 -0.95046 -0.31071
vn -0.3347 -0.92268 0.19143
vn -0.58212 -0.81276 0.02348
vn -0.64431 -0.75855 0.09728
vn 0.10838 -0.98571 -0.12897
vn 0.24714 -0.85665 -0.45285
vn 0.1224 -0.959 -0.25561
vn 0.57857 -0.81279 -0.06801
vn 0.19037 -0.97944 -0.06669
vn 0.57823 -0.79977 -0.16131
vn -0.37707 0.85555 0.35476
vn -0.23833 0.86293 0.44558
vn -0.37361 0.81165 0.44905
vn 0.76032 -0.2566 -0.59672
vn 0.81752 -0.17725 -0.54795
vn 0.87695 -0.25432 -0.40778
vn 0.70023 -0.20844 -0.68281
vn 0.76639 -0.29796 -0.56909
vn 0.80445 -0.11069 -0.58362
vn 0.00489 -0.49287 0.87009
vn 0.23113 0.02263 0.97266
vn 0.21268 0.10939 0.97098
vn -0.84297 -0.45856 0.28127
vn -0.99241 -0.12259 0.00993
vn -0.98002 0.02117 0.19775
vn -0.23437 -0.34657 0.90827
vn -0.18736 -0.31455 0.93057
vn -0.33465 -0.32713 0.88374
vn -0.86673 0.49091 0.08823
vn -0.95513 0.24803 0.16186
vn -0.97634 0.21506 -0.02238
vn -0.00473 0.88415 0.46717
vn 0.18943 0.75338 0.62971
vn -0.14275 0.71394 0.6855
vn -0.30346 0.40946 0.86038
vn 0.00222 0.14433 0.98953
vn 0.11568 0.47054 0.87477
vn 0.42064 -0.9067 -0.03086
vn 0.45787 -0.88832 0.03518
vn 0.9582 0.08449 0.27334
vn 0.98363 0.03814 0.17611
vn 0.98435 0.08045 0.15678
vn -0.90511 -0.26623 0.33151
vn -0.83183 -0.2362 0.50227
vn -0.90974 -0.0863 0.40611
vn 0.21776 0.14276 0.96551
vn 0.10156 0.38767 0.91619
vn -0.09515 0.57738 0.81091
vn 0.3619 0.52959 -0.76718
vn 0.79984 0.54548 0.25042
vn 0.73132 0.67652 -0.08662
vn -0.9258 -0.17842 -0.33325
vn -0.87336 -0.20266 -0.44292
vn -0.9512 -0.01833 -0.30804
vn -0.72158 -0.39602 -0.56788
vn -0.62153 -0.37198 -0.68944
vn -0.69195 -0.26598 -0.67116
vn -0.87865 0.23029 -0.41825
vn -0.8606 0.28453 -0.42238
vn -0.6673 0.07405 -0.7411
vn -0.21156 -0.061 0.97546
vn 0.11254 0.12201 0.98613
vn -0.12129 -0.10834 0.98669
vn -0.1222 -0.85645 -0.50155
vn -0.01057 -0.9592 -0.28255
vn -0.04872 -0.97395 -0.22146
vn 0.39774 -0.90696 -0.1387
vn 0.26702 -0.94259 -0.20054
vn 0.26336 -0.95606 -0.12876
vn 0.27486 0.34495 -0.89748
vn 0.11345 0.21975 -0.96894
vn 0.75927 0.19759 0.62006
vn 0.65328 0.25562 0.71266
vn 0.82129 0.12511 0.55662
vn 0.00753 0.77682 0.62968
vn -0.00958 0.69948 0.71459
vn 0.04831 0.68866 0.72347
vn 0.35296 0.48172 0.8021
vn 0.1582 0.68245 0.71361
vn 0.63222 0.0581 0.77261
vn -0.11337 0.98534 0.1275
vn -0.04727 0.95968 0.27708
vn -0.04614 0.98484 0.16721
vn -0.08188 -0.94051 -0.32976
vn -0.42004 -0.88291 -0.20988
vn -0.5201 -0.69689 -0.49379
vn 0.19224 -0.96665 -0.16919
vn 0.14838 -0.97106 -0.18713
vn 0.46597 -0.87889 0.10211
vn 0.71228 -0.66963 0.21037
vn -0.57993 -0.15836 -0.79913
vn -0.36875 -0.25431 -0.89407
vn -0.5932 -0.31814 -0.73953
vn -0.88981 -0.08022 0.44922
vn -0.7632 0.31345 0.56504
vn -0.88214 0.10455 0.45923
vn -0.13825 -0.63546 0.75966
vn -0.11909 -0.76457 0.63344
vn -0.23418 -0.60311 0.76251
vn 0.60054 0.46148 0.65298
vn 0.8814 -0.18142 0.43614
vn 0.91774 -0.23394 0.32098
vn 0.67838 -0.07368 0.731
vn 0.52284 -0.06181 0.85018
vn 0.48869 0.07823 0.86894
vn 0.03658 0.40859 -0.91199
vn 0.06583 0.2303 -0.97089
vn -0.07538 0.48921 -0.8689
vn 0.19356 0.44427 0.87474
vn 0.12366 0.41954 0.89928
vn 0.04065 0.59148 0.80529
vn -0.61462 0.4241 -0.66511
vn -0.62119 0.15886 -0.76739
vn -0.5714 0.22599 -0.78894
vn -0.77917 0.57341 0.25316
vn -0.59796 0.71985 0.3525
vn -0.53044 0.72875 0.43307
vn -0.00424 0.54649 0.83746
vn -0.12131 0.5657 0.81564
vn -0.53143 0.7286 0.43211
vn 0.1024 0.27831 0.95502
vn 0.2965 0.46873 0.83209
vn 0.09049 -0.06289 0.99391
vn -0.94633 -0.10667 -0.3051
vn -0.91985 -0.13536 -0.36818
vn -0.94211 -0.0617 -0.32958
vn -0.0017 0.57973 0.81481
vn -0.20561 0.75046 0.62812
vn 0.33997 0.55202 0.76138
vn 0.18591 -0.9288 -0.32058
vn 0.35597 -0.7811 -0.513
vn 0.12413 -0.94274 -0.30957
vn 0.11668 -0.98984 -0.08126
vn -0.34464 -0.93433 -0.09081
vn 0.09964 -0.98179 -0.16175
vn -0.27681 -0.96068 -0.0219
vn -0.30076 -0.94374 -0.13746
vn 0.21984 -0.02915 0.9751
vn 0.21692 0.00386 0.97618
vn 0.24938 -0.10347 0.96286
vn 0.91697 -0.0501 -0.3958
vn 0.93084 -0.14085 -0.33718
vn 0.91509 -0.04851 -0.40031
vn 0.85528 0.28736 -0.43119
vn 0.91797 0.2751 -0.28574
vn 0.93368 0.18378 -0.30735
vn -0.54825 -0.80208 -0.23686
vn -0.51579 -0.76454 -0.38658
vn -0.59155 -0.71192 -0.37846
vn 0.92294 -0.37366 -0.09251
vn 0.99063 -0.13571 -0.01523
vn 0.94699 -0.2949 -0.12746
vn 0.42992 0.52592 0.73388
vn 0.34759 0.49423 0.79682
vn 0.55215 0.38134 0.74143
vn 0.4298 -0.71406 0.55263
vn 0.67751 -0.61248 0.40724
vn 0.46451 -0.51212 0.72247
vn -0.98046 -0.10912 -0.16368
vn -0.96955 0.2358 -0.06607
vn -0.92843 0.36266 0.08057
vn -0.20329 0.22065 0.95393
vn -0.2313 0.26338 0.93655
vn -0.32673 0.30319 0.89517
vn 0.94045 -0.284 -0.18683
vn 0.87377 -0.45291 -0.17719
vn 0.94955 -0.2615 -0.17312
vn -0.08602 0.62508 0.77581
vn 0.03495 0.48911 0.87152
vn -0.22824 0.72715 0.64743
vn -0.51974 0.11294 0.84683
vn -0.70361 0.04799 0.70897
vn -0.39659 -0.22844 -0.88912
vn -0.41476 -0.28529 -0.86405
vn -0.17012 -0.28207 -0.94419
vn 0.0101 0.56391 -0.82577
vn -0.01925 0.6706 -0.74157
vn 0.02068 0.44639 -0.8946
vn 0.26469 0.5184 0.81314
vn 0.18921 0.42998 0.88279
vn 0.4874 -0.53788 -0.68784
vn 0.49771 -0.49906 -0.70938
vn 0.36136 -0.57003 -0.73789
vn 0.44284 -0.68727 -0.57581
vn 0.53222 -0.65536 -0.53596
vn 0.73913 -0.40919 -0.53503
vn -0.76447 0.13615 0.63011
vn -0.80987 0.18815 0.55561
vn -0.54956 0.00845 0.83541
vn -0.60898 0.76393 0.21344
vn -0.49072 0.77228 0.40346
vn -0.67882 0.73429 -0.0034
vn 0.53735 -0.52951 0.65641
vn 0.43179 -0.40643 0.80522
vn 0.48199 -0.41264 0.77293
vn -0.43242 -0.16689 0.88609
vn -0.40457 0.02049 0.91428
vn -0.29362 0.02595 0.95557
vn -0.29701 -0.45098 0.84167
vn 0.61393 -0.6457 0.45404
vn 0.6219 -0.68393 0.38142
vn 0.65333 -0.38007 0.65476
vn 0.08303 -0.93689 -0.33962
vn 0.17439 -0.37899 -0.90882
vn 0.08363 -0.57678 -0.81261
vn 0.20492 -0.5556 -0.8058
vn 0.33035 0.88708 -0.32242
vn 0.66012 0.72815 -0.18448
vn 0.69795 0.59187 -0.40319
vn 0.1635 0.81973 -0.54891
vn 0.17288 0.87323 -0.4556
vn 0.02625 0.55788 -0.8295
vn 0.93989 0.14771 0.30787
vn 0.93579 0.06941 0.34565
vn 0.87944 0.16181 0.44767
vn 0.84359 -0.35621 -0.40183
vn 0.99019 -0.12755 -0.05713
vn 0.98125 0.03367 -0.18976
vn 0.1614 -0.76113 -0.62819
vn -0.11179 -0.5945 -0.79628
vn -0.09605 -0.89792 -0.42956
vn 0.43644 0.55186 0.71061
vn 0.34598 0.41026 0.84379
vn 0.61437 0.25601 0.74633
vn -0.76974 0.07038 -0.63446
vn -0.85378 0.01138 -0.52052
vn -0.16365 0.93676 0.30935
vn -0.6486 -0.11435 -0.75249
vn -0.35236 -0.36038 -0.8637
vn -0.7641 -0.08575 -0.63937
vn -0.03798 -0.46559 0.88419
vn -0.15668 -0.60729 0.77888
vn 0.0804 0.20584 0.97528
vn -0.05047 0.41305 0.90931
vn 0.0403 0.23086 0.97215
vn 0.59583 0.78384 0.17489
vn 0.79341 0.56096 -0.23628
vn 0.17313 0.7685 -0.61599
vn 0.58591 0.80592 -0.08489
vn 0.81961 0.56687 -0.08305
vn 0.09814 -0.38387 0.91816
vn -0.15686 -0.21959 0.9629
vn -0.00171 -0.37799 0.92581
vn -0.60863 -0.69498 -0.38285
vn -0.62956 -0.59728 -0.4969
vn -0.64477 -0.63221 -0.42963
vn -0.01847 0.18975 0.98166
vn -0.12755 0.10229 0.98654
vn -0.12026 0.03424 0.99215
vn 0.02243 0.6348 0.77235
vn -0.14696 0.91007 0.38752
vn 0.05046 0.82084 0.56892
vn 0.45893 0.01548 -0.88833
vn 0.39964 0.05976 -0.91472
vn 0.40631 0.03867 -0.91292
vn 0.29476 -0.16894 -0.94052
vn 0.2018 -0.05686 -0.97777
vn 0.24775 -0.16913 -0.95395
vn -0.45331 0.26713 0.85038
vn -0.29572 0.4494 0.84297
vn -0.49702 0.47357 0.72712
vn -0.40526 -0.14122 -0.90323
vn -0.35384 0.02284 -0.93503
vn -0.33581 -0.16352 -0.92763
vn -0.37009 0.30797 -0.87646
vn -0.24236 0.24989 -0.93745
vn -0.14715 0.29936 -0.94273
vn -0.27815 0.03641 -0.95985
vn -0.29807 -0.08606 -0.95066
vn -0.23325 -0.08833 -0.9684
vn 0.60128 0.20391 0.77258
vn 0.12178 0.8376 0.53254
vn 0.76187 0.3386 0.55218
vn -0.85033 -0.11134 -0.51433
vn -0.81347 -0.39133 -0.43027
vn -0.68719 -0.48277 -0.54287
vn -0.99333 -0.08564 -0.07724
vn -0.95568 0.00158 -0.29439
vn -0.98223 0.18739 -0.01023
vn 0.84503 0.03746 0.5334
vn 0.93159 0.05915 0.35868
vn 0.9006 -0.03297 0.4334
vn 0.70741 -0.65593 -0.2633
vn 0.62846 -0.51219 -0.5854
vn 0.56083 -0.57248 -0.59812
vn 0.40971 0.50888 0.75708
vn 0.27547 0.44313 0.85308
vn 0.29725 0.46019 0.83658
vn 0.03206 -0.25397 -0.96668
vn -0.22014 -0.38443 -0.89652
vn -0.04195 -0.61996 -0.78351
vn -0.12696 -0.91188 -0.39032
vn -0.11583 -0.85741 -0.50143
vn -0.06666 -0.96954 -0.23569
vn 0.30661 -0.1391 0.94162
vn 0.16522 -0.80689 0.56712
vn 0.28126 -0.20489 0.9375
vn 0.40738 -0.91233 0.04129
vn 0.05555 -0.99778 -0.03662
vn -0.75135 -0.37628 -0.54211
vn -0.65529 -0.39131 -0.64612
vn -0.52381 -0.37798 -0.76339
vn -0.48436 -0.6065 -0.63052
vn -0.66995 -0.42594 -0.60807
vn -0.62809 -0.44979 -0.63497
vn -0.85506 -0.40862 -0.31922
vn -0.78599 -0.50131 -0.3618
vn -0.86441 -0.33483 -0.37507
vn -0.85449 0.12653 -0.50382
vn -0.8823 0.12832 -0.45285
vn -0.71601 0.10456 -0.69022
vn -0.73064 0.66158 -0.16878
vn -0.82098 0.39639 -0.41094
vn -0.90345 0.4277 0.0291
vn -0.24172 -0.97034 -0.00234
vn -0.57415 -0.81224 0.10309
vn -0.90669 -0.41451 -0.07808
vn -0.93591 0.21221 -0.28113
vn -0.77046 0.4921 -0.40526
vn -0.91325 0.18628 -0.36233
vn -0.56728 0.70423 -0.42691
vn -0.50916 0.71435 -0.48006
vn -0.5068 0.78672 -0.35244
vn -0.42226 0.358 0.83278
vn -0.45951 0.03209 0.88759
vn -0.14913 0.1694 0.9742
vn 0.17018 -0.8956 0.41103
vn -0.11482 -0.86954 0.48032
vn -0.09147 -0.92978 0.35658
vn -0.02209 -0.99599 0.08671
vn -0.09168 -0.99539 0.02826
vn -0.18604 -0.97117 -0.14907
vn -0.74845 -0.58266 -0.31675
vn -0.37499 -0.92345 -0.08135
vn -0.92323 -0.23696 -0.30247
vn 0.45119 -0.19533 0.87079
vn 0.36674 -0.18074 0.9126
vn 0.44194 -0.2142 0.8711
vn 0.14921 -0.98688 -0.06172
vn 0.411 -0.90401 0.1177
vn 0.15558 0.27963 0.94742
vn 0.09999 0.14548 0.9843
vn -0.14321 0.40873 0.90135
vn -0.24816 0.19288 0.94932
vn 0.79001 -0.304 -0.53241
vn 0.87191 -0.15074 -0.46588
vn 0.80667 -0.02353 -0.59053
vn 0.25054 -0.19981 -0.94726
vn 0.0985 -0.14606 -0.98436
vn 0.27137 -0.13523 -0.95293
vn -0.13556 0.39982 -0.90651
vn -0.21748 0.43233 -0.8751
vn -0.0153 0.2571 -0.96626
vn 0.55462 0.40401 0.72744
vn -0.33096 0.9031 0.27364
vn 0.0179 0.83167 0.55498
vn 0.23554 0.92799 -0.28872
vn -0.62825 0.39263 -0.67167
vn -0.41475 0.76247 -0.49661
vn -0.71326 -0.60795 -0.3488
vn -0.73142 -0.67888 -0.06447
vn -0.8452 -0.43334 -0.31282
vn -0.71504 -0.20204 0.66925
vn -0.70465 0.02433 0.70914
vn -0.88764 -0.10256 0.44897
vn 0.24365 0.63157 0.73604
vn 0.23948 -0.96681 0.08909
vn -0.02768 -0.99904 0.03399
vn -0.12652 -0.99009 0.06089
vn -0.16807 -0.984 -0.05915
vn 0.66566 0.03349 0.7455
vn 0.40336 0.49248 0.77121
vn 0.54351 0.25804 0.79876
vn -0.11139 -0.11282 0.98735
vn -0.17294 0.06102 0.98304
vn -0.09845 -0.03865 0.99439
vn -0.00581 0.10006 0.99497
vn 0.114 0.25793 0.95942
vn 0.0855 0.17985 0.97997
vn 0.83675 -0.00708 -0.54754
vn 0.72376 0.23274 -0.64962
vn 0.53129 0.36916 -0.76253
vn 0.41527 -0.58915 -0.69315
vn 0.47714 -0.56695 -0.67149
vn 0.65621 -0.57435 -0.48939
vn -0.24256 -0.08888 -0.96606
vn -0.00771 -0.21019 -0.97763
vn -0.1323 -0.00986 -0.99116
vn -0.77086 -0.15072 -0.61892
vn -0.69009 -0.02496 -0.72329
vn -0.28273 0.86283 -0.41904
vn -0.16598 0.64081 -0.74954
vn -0.30157 0.89148 -0.33812
vn 0.3455 -0.93429 -0.08791
vn 0.22075 -0.96576 -0.13632
vn 0.65152 -0.75684 0.05212
vn -0.24769 -0.94452 0.2157
vn -0.22284 -0.53726 0.81344
vn 0.62273 0.71032 0.32812
vn 0.55211 0.79945 0.23676
vn 0.71522 0.66586 0.21234
vn 0.21724 -0.55694 0.80164
vn 0.10471 -0.40879 0.9066
vn 0.07288 -0.93389 0.35006
vn -0.15613 -0.93203 0.32702
vn -0.28361 -0.90455 0.31836
vn -0.14684 -0.8699 0.47086
vn 0.52762 0.04693 0.84819
vn 0.52293 -0.00478 0.85236
vn 0.53708 0.01379 0.84342
vn 0.32735 -0.06438 0.94271
vn 0.32454 -0.29763 0.89783
vn 0.30973 -0.0295 0.95037
vn 0.23437 0.48511 0.84246
vn 0.1375 0.58197 0.8015
vn 0.05983 0.60751 0.79206
vn 0.5664 -0.02825 -0.82365
vn 0.70648 0.0354 -0.70685
vn 0.72208 -0.1144 -0.68229
vn -0.21376 -0.96519 0.15072
vn 0.6047 0.00451 0.79644
vn 0.59305 -0.14457 0.79208
vn 0.61982 -0.02296 0.78441
vn 0.43057 -0.88207 0.1912
vn 0.08312 -0.99416 0.06883
vn 0.93635 -0.33285 -0.11159
vn 0.98694 -0.15611 -0.03971
vn -0.3011 0.69318 0.65485
vn -0.06749 0.57656 0.81426
vn -0.33393 0.76241 0.55427
vn 0.16305 0.66042 0.73299
vn 0.15543 0.57003 0.80679
vn 0.59305 -0.67469 0.43942
vn 0.49813 -0.8671 -0.00323
vn 0.50617 -0.84791 0.15757
vn -0.02622 -0.99449 0.10153
vn -0.00505 -0.99277 0.11989
vn -0.03887 -0.99021 0.13404
vn 0.95492 0.11678 -0.27293
vn 0.97083 -0.01954 -0.23895
vn 0.99185 0.04647 -0.11861
vn 0.40416 -0.82772 0.38927
vn 0.60903 -0.63287 0.47809
vn 0.51177 -0.82093 0.25332
vn -0.54068 -0.79096 0.28642
vn -0.59553 -0.73534 0.32345
vn -0.68243 -0.71777 0.13818
vn 0.03197 0.49226 -0.86986
vn -0.01046 0.55015 -0.835
vn -0.63095 -0.7694 0.09967
vn -0.79367 0.41518 -0.44465
vn -0.65861 0.61003 -0.44057
vn -0.556 0.52708 -0.6427
vn -0.03981 -0.07066 0.99671
vn -0.00737 -0.22369 0.97463
vn 0.12945 -0.21944 0.967
vn 0.04578 0.24551 -0.96831
vn 0.0271 0.33266 -0.94266
vn -0.04019 0.41464 -0.9091
vn 0.90825 -0.41451 -0.05706
vn 0.90805 -0.2385 -0.34432
vn 0.97444 -0.20556 -0.09063
vn -0.1513 -0.12567 0.98047
vn -0.03984 -0.00164 0.9992
vn 0.1672 -0.09506 0.98133
vn -0.1644 -0.45327 0.87608
vn -0.26099 -0.54107 0.79945
vn -0.52889 -0.27471 0.803
vn 0.06338 0.9932 0.09762
vn 0.15095 0.98529 0.08015
vn 0.03062 0.99893 -0.03467
vn 0.26148 -0.16246 0.95144
vn 0.36015 -0.70582 0.61002
vn 0.2014 -0.45749 0.86611
vn -0.03022 0.63697 0.7703
vn -0.01465 0.78744 0.61622
vn -0.14198 0.79377 0.59142
vn -0.68459 0.57135 -0.45265
vn 0.00367 -0.99463 0.10338
vn -0.03606 -0.98562 0.16508
vn -0.01515 -0.99113 0.13201
vn 0.62781 -0.65989 0.4128
vn 0.49172 -0.84838 0.19612
vn 0.32885 -0.92629 -0.18395
vn 0.28137 0.41816 0.8637
vn 0.28033 0.54871 0.78761
vn 0.43167 0.51553 0.74019
vn 0.26923 0.88306 -0.38434
vn 0.18987 0.9559 -0.22407
vn 0.35928 0.89281 -0.27168
vn 0.59991 0.21537 0.77054
vn -0.00991 -0.99948 0.0307
vn 0.10174 -0.99402 -0.03968
vn 0.16142 -0.97327 0.16339
vn -0.01621 -0.99943 0.02971
vn -0.00207 -0.99857 -0.05341
vn 0.60403 0.2596 -0.75349
vn 0.20452 0.45847 -0.86486
vn 0.81916 0.55367 -0.14978
vn -0.21351 -0.45718 -0.86336
vn 0.05869 -0.35352 -0.93359
vn 0.29774 -0.94032 -0.16476
vn 0.19212 -0.919 -0.34428
vn 0.23107 -0.95358 -0.19311
vn -0.05988 -0.99557 0.0725
vn -0.58468 0.81084 -0.02635
vn -0.42034 0.89939 0.12007
vn -0.72838 0.49744 -0.47118
vn 0.77622 -0.26845 0.57046
vn 0.62424 0.0069 0.7812
vn 0.71956 -0.08716 0.68894
vn 0.30009 0.94799 -0.10611
vn 0.42789 -0.86754 0.25354
vn 0.05924 -0.88558 0.46069
vn 0.41244 -0.71977 0.55841
vn 0.00988 0.40394 -0.91473
vn 0.14421 0.16281 -0.97606
vn -0.01049 0.33532 -0.94204
vn -0.4825 -0.8639 0.14447
vn -0.45189 -0.88699 -0.0951
vn -0.52607 -0.83213 0.17551
vn -0.93379 -0.32632 -0.14678
vn -0.89803 -0.41843 -0.13583
vn -0.92648 -0.37309 -0.04942
vn -0.46122 -0.88604 -0.04695
vn -0.37432 -0.91868 -0.12614
vn -0.26472 -0.9642 0.01577
vn 0.18763 -0.15123 -0.97053
vn 0.28028 -0.10337 -0.95434
vn 0.27779 0.64882 0.70843
vn 0.41866 0.55339 0.72005
vn 0.18284 0.7505 0.63507
vn 0.63888 0.16028 0.75243
vn -0.7537 0.44911 -0.47983
vn -0.71139 0.701 -0.05021
vn -0.73453 0.65183 -0.18865
vn -0.08893 -0.95483 -0.28352
vn -0.17181 -0.84957 -0.49872
vn -0.172 -0.67821 -0.71446
vn 0.0359 -0.99066 0.13156
vn 0.12797 -0.90373 0.40852
vn 0.02355 -0.99668 0.07799
vn 0.09202 -0.97671 -0.19384
vn -0.16719 -0.57066 -0.80399
vn -0.11345 -0.87429 -0.47196
vn -0.20779 0.1274 -0.96984
vn 0.23559 -0.55087 -0.80065
vn 0.12524 -0.82768 -0.54705
vn 0.17821 -0.52918 -0.82959
vn -0.3244 -0.92689 0.18877
vn -0.25432 -0.96449 0.07131
vn -0.41695 -0.90342 0.09992
vn -0.52515 0.74677 0.40811
vn -0.93824 -0.33829 -0.0726
vn -0.93997 -0.33562 -0.06182
vn -0.99387 0.03227 0.10574
vn 0.27277 0.95819 0.08644
vn 0.39007 0.87613 0.28328
vn 0.11928 0.96379 0.23852
vn -0.75184 0.01016 -0.65926
vn 0.19591 0.23556 0.95191
vn 0.11032 0.30009 0.94751
vn 0.09321 0.47775 0.87354
vn 0.05022 0.83647 -0.54571
vn -0.06019 0.78759 -0.61325
vn 0.00681 0.87746 -0.4796
vn 0.10329 -0.94955 0.29614
vn -0.4595 0.37385 -0.80567
vn -0.60789 0.29152 -0.73857
vn -0.58517 0.37398 -0.71953
vn -0.49732 0.34209 -0.79728
vn -0.53695 0.25145 -0.80527
vn 0.51276 -0.12384 0.84955
vn 0.63025 -0.19875 0.75052
vn 0.52539 -0.33947 0.78021
vn 0.31752 0.23754 -0.91802
vn 0.39054 -0.05622 -0.91887
vn 0.17056 0.02497 -0.98503
vn -0.44049 -0.63457 -0.63504
vn -0.0703 -0.99183 -0.10648
vn -0.69353 -0.54257 -0.47396
vn 0.19984 -0.1895 -0.96133
vn 0.18046 0.05925 -0.9818
vn -0.59782 -0.35179 0.72031
vn -0.72953 -0.28607 0.62125
vn -0.82084 -0.32753 0.46791
vn -0.57453 -0.76732 -0.28485
vn -0.77246 -0.62712 -0.10013
vn -0.29471 -0.9282 -0.22714
vn -0.66231 0.56464 -0.49248
vn -0.75668 0.44249 -0.48129
vn -0.7068 0.55258 -0.44169
vn -0.49865 -0.73934 0.45246
vn -0.24017 -0.70493 0.66737
vn -0.24958 -0.95431 0.16433
vn -0.49739 -0.86694 -0.03203
vn -0.2863 -0.94064 -0.1823
vn -0.18183 -0.98174 -0.05586
vn -0.57406 -0.77607 -0.2611
vn 0.04164 -0.08462 0.99554
vn -0.22001 -0.16285 0.96181
vn -0.2336 0.07017 0.9698
vn 0.5396 -0.82947 -0.14424
vn 0.57585 -0.77202 -0.26905
vn -0.14683 -0.51106 -0.84691
vn -0.67106 -0.67434 -0.30812
vn -0.86505 -0.23114 -0.44527
vn -0.77206 0.62179 0.13155
vn -0.40441 0.88816 -0.21822
vn -0.33783 0.91712 -0.21158
vn -0.80007 0.54098 -0.25928
vn -0.57494 0.80999 -0.11559
vn 0.99612 0.07615 -0.04412
vn 0.99845 -0.0135 -0.05393
vn -0.96799 0.23491 0.08844
vn -0.96856 0.199 0.14927
vn -0.97128 0.23626 0.02838
vn 0.81293 0.42375 0.39947
vn 0.90193 0.32343 0.2862
vn 0.80562 0.52159 0.28093
vn -0.80005 -0.23456 -0.55218
vn -0.84875 -0.05135 -0.52629
vn -0.42795 -0.44677 -0.78565
vn 0.32844 -0.87589 -0.35347
vn 0.2261 -0.81324 -0.5362
vn 0.04026 -0.69664 -0.71629
vn -0.53241 0.28067 0.7986
vn -0.64516 0.19931 0.73759
vn -0.03504 -0.96053 -0.27594
vn -0.10233 -0.82015 -0.56292
vn 0.34273 -0.00569 0.93941
vn 0.91024 -0.18373 -0.3711
vn 0.88627 -0.21919 -0.40803
vn -0.72983 -0.4365 -0.52614
vn -0.88272 -0.34842 -0.3153
vn -0.90886 -0.16294 -0.38396
vn 0.05011 0.2937 -0.95458
vn 0.22799 -0.92458 -0.30524
vn -0.31787 0.75645 0.57161
vn -0.29472 0.78639 0.54289
vn -0.33935 0.82599 0.45009
vn -0.07738 0.63821 0.76597
vn -0.06408 0.73942 0.67019
vn 0.03361 0.64547 0.76304
vn -0.5897 0.8067 0.03864
vn -0.77156 0.63613 -0.00586
vn -0.76031 0.19936 -0.61821
vn -0.84476 0.15416 -0.51246
vn -0.69793 0.26895 -0.66375
vn -0.58358 0.77069 -0.25588
vn -0.63297 0.61937 -0.46447
vn -0.45966 0.81401 -0.35511
vn -0.76011 0.21913 -0.61173
vn -0.79692 0.16141 -0.58213
vn -0.8076 -0.00448 -0.58972
vn -0.67375 0.21791 -0.7061
vn -0.54874 -0.07843 -0.83231
vn 0.52558 -0.60355 -0.59958
vn 0.77397 -0.37479 -0.51039
vn 0.76423 -0.35599 -0.53779
vn 0.74076 -0.50798 -0.43958
vn -0.31477 -0.89828 -0.3066
vn -0.02207 -0.9908 -0.13354
vn 0.06677 -0.95254 0.29699
vn 0.02258 -0.99864 0.04692
vn 0.13663 -0.93632 0.32347
vn -0.10732 -0.70559 -0.70044
vn -0.23014 -0.69509 -0.6811
vn -0.37992 -0.57706 -0.72295
vn 0.11814 -0.79475 0.59533
vn 0.12349 -0.5821 0.80368
vn 0.11968 -0.95543 -0.26986
vn -0.7586 0.26169 0.5967
vn -0.64479 -0.02166 0.76405
vn 0.0391 -0.98734 0.15373
vn 0.16803 -0.89575 0.41157
vn 0.15608 -0.87223 0.46353
vn -0.53744 0.7874 0.30193
vn -0.36942 0.79358 0.48348
vn -0.34291 0.88129 0.32518
vn -0.18149 0.62058 -0.76285
vn -0.11396 0.56226 -0.81907
vn -0.17926 0.64207 -0.74539
vn -0.68111 -0.28353 0.67506
vn -0.75204 -0.14802 0.64228
vn -0.79585 -0.11869 0.59375
vn -0.56067 0.74414 -0.36318
vn -0.49384 0.84959 -0.18525
vn -0.88175 0.39881 -0.25193
vn 0.21305 0.26787 0.9396
vn -0.67031 -0.15309 0.72612
vn -0.22417 -0.2021 0.95337
vn -0.80214 -0.22559 0.55289
vn -0.52659 0.03059 -0.84957
vn -0.58763 0.24164 -0.7722
vn -0.416 -0.09922 -0.90393
vn 0.72203 -0.64919 -0.23922
vn 0.76154 -0.60831 -0.22365
vn 0.57591 -0.78167 -0.23941
vn 0.03667 0.41473 0.90921
vn -0.24809 0.53743 0.80599
vn -0.20566 0.42119 0.88335
vn -0.08832 0.39465 0.91458
vn -0.19451 0.4945 0.84713
vn 0.94108 0.10595 0.32116
vn 0.91336 0.37402 0.16086
vn 0.97693 0.04617 0.2085
vn 0.4538 0.87896 0.14664
vn 0.81781 0.54121 0.19565
vn 0.5725 0.81782 0.05844
vn -0.34501 0.70576 -0.61876
vn 0.13666 0.837 -0.52986
vn -0.46601 0.29185 -0.83526
vn 0.83693 -0.41681 0.3547
vn 0.82062 -0.36442 0.44021
vn 0.89866 -0.15757 0.40937
vn 0.40372 -0.04523 -0.91376
vn 0.33142 0.08646 -0.93951
vn 0.29814 -0.19978 -0.93338
vn 0.74354 -0.17946 0.64416
vn 0.77079 -0.26475 0.57947
vn 0.77255 -0.26789 0.57568
vn -0.82513 -0.5647 -0.01648
vn -0.79651 -0.54402 -0.26386
vn -0.82559 -0.56428 0.00037
vn -0.33737 0.22145 -0.91496
vn -0.3183 0.30273 -0.89836
vn -0.30424 0.44743 -0.84098
vn 0.56749 0.75628 0.32558
vn 0.55072 0.82771 0.10768
vn 0.44412 0.85771 0.25901
vn -0.92986 0.11695 0.34883
vn -0.84511 -0.06853 0.53018
vn -0.60745 0.54653 0.57646
vn -0.40424 0.89069 0.208
vn 0.42542 -0.71533 -0.55437
vn 0.3534 -0.86894 -0.34648
vn 0.27602 -0.79561 -0.53928
vn -0.24772 0.33863 0.90773
vn 0.17424 0.1957 0.96506
vn -0.3001 0.7397 0.60231
vn -0.11834 -0.99196 0.04474
vn -0.44091 -0.89476 -0.07067
vn -0.54555 -0.80594 0.22987
vn -0.13405 -0.90769 -0.39765
vn -0.87137 -0.32565 -0.36698
vn -0.97765 0.127 -0.16756
vn -0.6305 -0.76459 -0.1337
vn 0.11515 -0.99287 -0.03086
vn 0.08296 -0.99526 0.05067
vn 0.14615 -0.98403 -0.10158
vn -0.2341 0.87919 0.41501
vn 0.01837 0.8668 0.49831
vn -0.0587 0.92262 0.38122
vn -0.86975 0.43443 0.23413
vn -0.97598 0.20666 0.06889
vn -0.57941 0.69313 0.42879
vn 0.38494 0.78141 0.49114
vn 0.64544 0.4552 -0.61335
vn 0.62524 0.25276 -0.73837
vn 0.37598 0.64287 -0.66735
vn 0.62789 -0.31787 -0.71043
vn 0.38901 -0.02968 -0.92076
vn 0.24474 0.09006 -0.9654
vn -0.00188 0.63675 0.77107
vn -0.11218 0.68155 0.72312
vn -0.61037 0.56464 -0.55554
vn -0.37579 0.61419 -0.69393
vn -0.40459 0.76444 -0.50194
vn 0.26026 0.5063 -0.82215
vn 0.26711 0.74579 -0.61028
vn 0.10592 0.46165 -0.88072
vn 0.55296 0.31561 0.77112
vn 0.51276 0.07503 0.85525
vn -0.98677 0.07775 -0.14229
vn -0.97524 0.16598 -0.14613
vn 0.47428 -0.88037 -0.00261
vn 0.32913 -0.93659 -0.12032
vn -0.68974 -0.17559 -0.70244
vn -0.68179 -0.32377 0.656
vn -0.44106 -0.29631 0.84715
vn -0.53566 -0.26747 0.80095
vn 0.11479 -0.34312 -0.93225
vn 0.16277 -0.31683 -0.93441
vn 0.12808 -0.04587 -0.9907
vn -0.41917 -0.71168 -0.56375
vn -0.46761 -0.68537 -0.55822
vn -0.4552 -0.63248 -0.6267
vn 0.24352 -0.19507 -0.95008
vn 0.29303 -0.27876 -0.91456
vn 0.27515 -0.92687 -0.25536
vn 0.6886 -0.72461 -0.02767
vn 0.75007 -0.06742 -0.65791
vn -0.81052 -0.51457 -0.27978
vn -0.9758 -0.2111 -0.05699
vn -0.99242 0.06945 0.10136
vn 0.3576 0.19865 0.9125
vn 0.15368 0.2463 0.95693
vn 0.22641 0.36207 0.90424
vn -0.79615 0.27956 -0.53664
vn -0.87362 -0.27348 -0.40249
vn -0.84243 0.37923 -0.38276
vn -0.59523 0.35061 -0.72303
vn 0.7571 0.32849 -0.56471
vn 0.77431 0.43748 -0.45723
vn 0.62505 0.37377 -0.68528
vn -0.00803 -0.6036 0.79724
vn 0.07052 -0.67444 0.73496
vn 0.14623 -0.30597 0.94074
vn 0.38462 -0.20396 0.90026
vn 0.35554 0.02365 0.93436
vn 0.25244 -0.15663 0.95485
vn 0.28516 -0.07816 0.95529
vn 0.05901 0.12056 0.99095
vn 0.63365 0.32764 0.70082
vn 0.80536 0.03502 0.59175
vn -0.28944 0.34679 -0.89217
vn -0.57125 -0.00946 -0.82072
vn -0.41897 -0.1492 -0.89566
vn 0.71732 -0.26166 0.64574
vn 0.78914 -0.489 0.37168
vn 0.76251 -0.49247 0.41958
vn -0.80419 -0.33116 -0.49358
vn -0.76551 -0.30795 -0.56494
vn -0.88188 -0.2996 -0.36405
vn -0.95457 -0.15564 -0.25412
vn -0.67294 -0.66893 -0.31572
vn -0.45961 -0.88811 0.00491
vn -0.83029 0.16898 -0.5311
vn 0.21692 0.51295 0.83056
vn 0.7011 -0.06865 0.70975
vn 0.67784 0.02401 0.73482
vn 0.45586 0.24318 0.85619
vn 0.63809 -0.06262 0.76741
vn 0.77798 -0.26299 0.5706
vn 0.02398 -0.07364 -0.997
vn 0.12471 -0.0455 -0.99115
vn 0.06566 -0.09976 -0.99284
vn -0.06885 0.99667 -0.04375
vn -0.02944 0.9865 -0.16107
vn -0.03795 0.99662 -0.07289
vn 0.61972 0.70231 -0.35031
vn 0.58818 0.777 -0.22433
vn 0.26035 0.92955 -0.26104
vn 0.70899 -0.15245 0.68855
vn 0.56265 0.17636 0.80767
vn 0.74049 -0.09775 0.66492
vn 0.83555 0.5138 0.1946
vn 0.86418 0.39783 0.3081
vn 0.89665 0.40913 0.16919
vn -0.19778 -0.82065 -0.53612
vn -0.09186 -0.9658 -0.24246
vn -0.16166 -0.87602 -0.45437
vn -0.02921 -0.9211 -0.38824
vn -0.0559 -0.9669 -0.24896
vn 0.49532 0.02444 0.86836
vn 0.32343 -0.91185 -0.25284
vn 0.54043 -0.59724 -0.59265
vn 0.53368 -0.79645 -0.28433
vn 0.30734 -0.75876 0.5743
vn -0.98005 -0.16976 0.10337
vn -0.99776 -0.01939 0.06405
vn -0.96292 -0.19733 0.18396
vn -0.49587 0.22674 -0.83827
vn -0.43352 0.21112 -0.87606
vn -0.44817 -0.01538 -0.89382
vn -0.47463 0.10624 -0.87375
vn -0.46679 0.16228 -0.86935
vn -0.3026 -0.94167 0.14727
vn -0.28647 -0.92156 0.26201
vn -0.25194 -0.94514 0.20794
vn -0.55385 0.83256 0.00938
vn -0.57125 0.81621 -0.08651
vn -0.61075 0.71691 -0.33619
vn -0.61532 -0.67661 -0.40445
vn -0.3486 -0.82039 0.45326
vn -0.62116 -0.53343 0.57412
vn -0.11188 -0.98821 0.10449
vn -0.7445 0.59367 -0.30542
vn -0.68512 0.63367 0.35926
vn -0.7677 0.43957 -0.46627
vn -0.61691 0.77785 -0.11988
vn -0.20447 -0.90068 0.38337
vn -0.13176 -0.11814 0.98422
vn 0.11956 -0.75832 0.64082
vn -0.10743 -0.98007 -0.16709
vn -0.98881 -0.00833 -0.14898
vn -0.99808 0.05202 -0.03349
vn -0.9717 0.19874 -0.12768
vn -0.57232 0.79818 -0.18804
vn -0.39905 0.86471 -0.30502
vn -0.40552 0.83662 -0.36827
vn -0.37357 0.89635 -0.23875
vn -0.70581 -0.69605 -0.13172
vn -0.68351 -0.68061 -0.26379
vn -0.76079 -0.6305 -0.15384
vn 0.15544 0.88986 -0.42895
vn 0.87693 0.45947 -0.14101
vn 0.82372 0.56392 -0.05895
vn -0.11001 -0.4276 -0.89725
vn 0.13156 -0.06062 -0.98945
vn -0.17458 -0.24268 -0.95427
vn 0.14019 0.47541 0.86853
vn 0.84759 0.24493 0.47075
vn 0.74941 0.40331 0.5251
vn 0.6982 0.32418 0.6383
vn -0.18677 -0.04551 0.98135
vn 0.01971 0.13215 0.99103
vn 0.00062 0.01192 0.99993
vn -0.48203 0.77255 0.41329
vn -0.75108 0.57144 0.33066
vn 0.92804 0.36035 0.09426
vn 0.77339 0.48855 0.40398
vn 0.90497 0.26634 0.3318
vn 0.37171 -0.1025 0.92267
vn -0.66229 -0.59201 -0.45924
vn -0.55182 -0.63751 -0.53765
vn -0.47311 -0.71673 -0.51232
vn -0.75101 0.32361 -0.57555
vn -0.58941 0.44905 -0.67153
vn -0.7117 0.32494 -0.62282
vn -0.88261 -0.43487 -0.17856
vn -0.96372 0.01947 -0.2662
vn -0.94143 -0.06991 -0.32987
vn -0.3132 0.2332 -0.92061
vn -0.29297 0.16789 -0.94126
vn -0.39036 0.11788 -0.91308
vn 0.06306 0.21445 0.9747
vn -0.55381 0.43532 0.70978
vn -0.11922 0.26101 0.95795
vn -0.14711 0.46455 0.87324
vn -0.08587 0.27622 0.95725
vn -0.27077 0.28064 0.92083
vn -0.54403 -0.83901 -0.01023
vn 0.00191 -0.9725 -0.2329
vn -0.7747 0.4606 -0.43324
vn -0.73473 0.39858 -0.54891
vn -0.67411 0.27139 -0.68697
vn 0.22633 0.25484 -0.94012
vn 0.1773 0.18366 -0.96687
vn 0.17872 -0.10373 -0.97842
vn -0.30435 0.74358 -0.59536
vn -0.09963 0.80389 -0.58637
vn -0.21056 0.807 -0.55174
vn -0.92424 0.23613 -0.30005
vn -0.90535 0.24764 -0.34498
vn -0.92663 0.26709 -0.26462
vn 0.24908 -0.96083 -0.1215
vn -0.76291 0.4745 -0.43912
vn -0.71864 0.64198 -0.26725
vn -0.918 0.25598 -0.30288
vn 0.2558 0.18485 0.94889
vn -0.41484 0.57226 0.70741
vn -0.27518 0.82836 0.48794
vn -0.01729 0.91554 0.40186
vn -0.0055 0.96311 0.26906
vn -0.02006 0.90998 0.41417
vn 0.01579 0.86702 0.49802
vn -0.51613 0.3595 -0.77742
vn -0.81218 0.19559 -0.54965
vn -0.26168 -0.07739 0.96205
vn -0.07632 -0.21377 0.9739
vn -0.82326 0.48837 0.28937
vn -0.64869 0.14439 -0.74723
vn 0.16521 0.89047 0.424
vn 0.14222 0.95864 0.24655
vn 0.05046 0.91978 0.38919
vn 0.25373 0.44086 0.86097
vn 0.6049 -0.73075 -0.31639
vn -0.90253 -0.42308 -0.08035
vn 0.25554 -0.62613 -0.73665
vn 0.31032 -0.58693 -0.74781
vn 0.44256 -0.85194 -0.27988
vn 0.24057 -0.94566 -0.21874
vn -0.00021 -0.98378 -0.17937
vn -0.51995 -0.83535 -0.17843
vn -0.84519 -0.05709 -0.53141
vn -0.94205 0.24642 -0.22763
vn -0.94923 -0.12145 -0.29019
vn -0.91727 0.23206 -0.32367
vn -0.89408 0.37643 -0.24275
vn 0.29823 0.73702 0.60652
vn -0.86297 -0.29034 -0.4135
vn -0.33386 -0.92339 -0.18943
vn -0.85835 0.17461 -0.48244
vn -0.7985 0.54241 -0.26114
vn -0.96107 0.21759 -0.17029
vn -0.07422 -0.98298 0.16804
vn 0.13885 -0.96946 -0.20216
vn 0.40718 0.75955 -0.50723
vn 0.3559 0.7586 -0.54577
vn 0.38362 0.82016 -0.42446
vn -0.50943 0.73161 -0.45301
vn -0.34958 0.50155 -0.79135
vn 0.52908 0.31688 0.78719
vn 0.23731 0.22681 0.94458
vn 0.53524 0.17254 0.82689
vn 0.26668 0.10265 0.9583
vn 0.08222 0.09967 0.99162
vn -0.18642 0.28155 0.94126
vn -0.04529 -0.96843 -0.24514
vn 0.06367 -0.94442 -0.32251
vn -0.12899 -0.86491 -0.48506
vn 0.47255 -0.87158 -0.13054
vn 0.60398 -0.76529 -0.22258
vn 0.10856 -0.99099 -0.07839
vn -0.3139 0.93836 0.14473
vn -0.33912 0.89292 0.29611
vn -0.37967 0.85749 0.34721
vn -0.09457 -0.69832 0.70951
vn -0.15258 -0.67448 0.72235
vn 0.12276 -0.07769 0.98939
vn 0.10264 -0.28108 0.95418
vn -0.04126 -0.66677 0.74412
vn -0.07745 -0.73727 0.67115
vn 0.34536 0.82764 0.44243
vn 0.28391 0.87045 0.40213
vn -0.10302 0.88295 0.45803
vn 0.28809 -0.45561 -0.84228
vn 0.48567 -0.86123 -0.14967
vn 0.32283 -0.93073 -0.1718
vn 0.37397 -0.9204 -0.11404
vn 0.03694 -0.99924 0.01275
vn -0.18332 0.63672 0.74899
vn -0.29478 0.64053 0.7091
vn -0.34508 0.68217 0.64465
vn 0.3846 -0.5885 0.71116
vn 0.17406 -0.7492 0.63906
vn -0.02962 -0.99901 -0.03306
vn -0.16375 -0.88015 -0.44555
vn 0.00886 -0.98874 -0.14941
vn -0.06882 0.61776 -0.78335
vn -0.04855 0.53206 -0.84531
vn -0.0199 0.59611 -0.80265
vn -0.7893 -0.29535 -0.53831
vn -0.79376 -0.3277 -0.51241
vn -0.73697 -0.22209 -0.6384
vn 0.26026 -0.26903 -0.9273
vn 0.20819 -0.36442 -0.90766
vn 0.1779 -0.33184 -0.92641
vn -0.25657 -0.39388 -0.88263
vn 0.10442 0.03694 0.99385
vn -0.09058 0.26619 0.95965
vn -0.18878 -0.09824 0.97709
vn 0.76771 -0.21467 -0.60377
vn 0.79425 -0.21258 -0.5692
vn 0.92821 -0.19533 -0.31665
vn 0.98068 -0.19018 0.04575
vn 0.96679 0.10955 -0.2309
vn 0.48898 0.44348 -0.75115
vn 0.65196 0.27474 -0.70673
vn 0.52435 0.271 -0.80723
vn -0.13376 0.969 0.20772
vn 0.02977 0.90767 0.41864
vn -0.33069 0.82971 0.44969
vn 0.74381 -0.58158 0.3294
vn 0.63971 -0.61765 0.45747
vn 0.66574 -0.71366 0.2179
vn -0.36684 -0.92225 0.12201
vn -0.09501 -0.98904 0.11303
vn -0.25081 -0.12827 -0.9595
vn -0.01719 -0.04965 -0.99862
vn -0.19834 0.11378 -0.97351
vn 0.40347 0.17163 -0.89875
vn 0.28527 0.15106 -0.94647
vn 0.16871 0.11126 -0.97937
vn -0.28603 0.83106 0.47699
vn -0.33927 0.83954 0.42435
vn 0.97801 -0.02583 -0.20697
vn 0.95345 -0.04459 -0.29822
vn -0.91372 -0.10699 -0.392
vn -0.92279 -0.29681 -0.24569
vn -0.87803 -0.23252 -0.41834
vn 0.23229 0.95805 -0.16785
vn 0.26759 0.96116 -0.06755
vn 0.64196 0.75986 0.10249
vn 0.52281 0.84904 -0.07624
vn 0.4387 0.52087 0.73228
vn 0.86752 0.19437 0.45785
vn 0.77666 0.21154 0.59334
vn -0.30491 -0.91461 0.26555
vn -0.28918 -0.88749 0.3588
vn -0.47998 -0.68688 0.54572
vn -0.33826 -0.90754 0.24891
vn -0.21711 -0.86672 -0.44907
vn -0.55789 -0.24928 -0.79159
vn 0.07931 -0.21832 -0.97265
vn 0.08513 -0.32914 -0.94044
vn 0.13951 -0.31847 -0.93761
vn 0.47374 0.80498 -0.35718
vn 0.55947 0.71661 -0.41649
vn 0.4897 0.74108 -0.45934
vn -0.23467 -0.97142 -0.03567
vn -0.47906 0.74203 0.46893
vn -0.22174 0.81473 0.53576
vn -0.27802 0.88107 0.38266
vn 0.38226 -0.88605 -0.26229
vn 0.6212 -0.78342 -0.01901
vn 0.46216 -0.73484 -0.4964
vn 0.31719 -0.89109 -0.32459
vn 0.10943 -0.99157 0.06944
vn 0.22464 -0.95631 -0.18712
vn 0.29305 -0.95208 0.08751
vn 0.53465 -0.82093 0.20056
vn 0.14317 -0.98507 0.09565
vn -0.70439 -0.63334 -0.32048
vn 0.55992 0.56145 0.60931
vn 0.28692 0.64002 0.71278
vn 0.54428 0.37982 0.748
vn 0.26607 -0.51805 0.81292
vn 0.28637 -0.24883 0.92524
vn -0.10088 -0.53284 -0.84018
vn -0.25505 -0.42815 -0.86697
vn -0.32818 -0.29009 -0.89897
vn -0.0781 -0.92756 0.36542
vn -0.21578 -0.71585 0.66408
vn 0.41844 -0.87701 0.23615
vn 0.46505 -0.80093 0.37715
vn 0.38326 -0.85023 0.36087
vn -0.77976 0.32828 0.53311
vn -0.86473 0.30693 0.39754
vn -0.23161 -0.86271 0.44954
vn -0.55968 -0.76739 0.31285
vn -0.38795 -0.87699 0.28352
vn 0.47685 0.71584 0.51009
vn 0.51532 0.74377 0.42573
vn 0.09428 0.95735 0.27313
vn 0.16033 -0.00656 0.98704
vn 0.29011 -0.11805 0.94968
vn 0.05462 -0.07656 0.99557
vn -0.16658 -0.97974 -0.11114
vn -0.22966 -0.97309 -0.01887
vn -0.82384 -0.54931 -0.1398
vn 0.1055 -0.97751 -0.18261
vn 0.12576 -0.97889 -0.16114
vn -0.83698 0.4363 0.3303
vn -0.78264 0.47134 0.40658
vn -0.89711 0.31762 0.30711
vn -0.58801 0.65924 0.46866
vn -0.45967 -0.88789 -0.01882
vn -0.20563 -0.70604 -0.67766
vn -0.03471 -0.98822 -0.14902
vn -0.40282 -0.05428 -0.91367
vn -0.02807 0.51964 -0.85392
vn 0.05842 0.38596 -0.92066
vn -0.56253 0.01268 -0.82668
vn -0.57741 -0.1578 -0.80106
vn -0.66862 0.11348 -0.73489
vn 0.2535 -0.74804 0.61333
vn 0.25297 -0.92432 0.28571
vn -0.68404 -0.69689 0.21546
vn -0.90897 -0.37287 -0.18638
vn -0.62769 -0.77738 0.04114
vn 0.4763 0.25839 -0.84046
vn 0.27631 0.10226 -0.95561
vn 0.48251 0.32501 -0.81336
vn 0.09925 -0.96261 -0.25205
vn -0.15429 0.72687 0.66922
vn -0.00719 0.5117 0.85913
vn 0.07394 0.45407 -0.88789
vn -0.08305 0.55347 -0.82872
vn -0.01038 0.64998 -0.75989
vn 0.1549 0.37336 -0.91466
vn -0.23245 0.62156 0.74808
vn 0.3508 0.82151 0.44952
vn 0.55439 0.76353 0.33116
vn -0.48722 0.73728 -0.468
vn -0.65723 0.49415 -0.56909
vn -0.72298 0.38017 -0.57686
vn 0.43302 -0.45094 -0.78048
vn 0.4046 -0.5417 -0.73679
vn 0.53357 -0.25238 -0.80722
vn 0.74634 -0.11697 -0.65521
vn 0.64868 -0.29433 -0.70184
vn 0.52821 0.1358 -0.83819
vn 0.51182 0.18591 0.83873
vn 0.76621 0.09672 0.63526
vn -0.62287 0.7803 -0.05637
vn -0.69029 0.72284 -0.03152
vn -0.53072 0.79577 0.29171
vn -0.70984 0.59792 -0.37232
vn 0.79524 -0.57403 -0.19515
vn 0.70354 -0.65865 -0.26686
vn 0.63091 -0.05564 -0.77386
vn 0.5786 -0.22827 -0.78302
vn 0.64947 -0.20242 -0.73295
vn 0.14029 0.06595 0.98791
vn 0.41256 -0.03755 0.91015
vn -0.11622 0.04494 0.99221
vn 0.28721 -0.45959 -0.84041
vn 0.17282 -0.27769 -0.945
vn 0.36802 -0.63631 -0.67799
vn 0.07999 0.57753 0.81244
vn 0.0168 0.47177 0.88156
vn -0.17251 0.50234 0.84729
vn 0.79321 -0.59258 -0.14026
vn 0.6427 -0.73763 -0.20696
vn -0.59345 0.80303 -0.05446
vn -0.42138 0.90407 0.0713
vn -0.4222 0.90352 -0.07343
vn -0.991 -0.11359 -0.0708
vn -0.9568 0.28108 0.07433
vn -0.96151 -0.1744 0.21233
vn 0.34255 0.87698 0.337
vn 0.34882 0.89214 0.28708
vn -0.97027 0.10602 0.21755
vn -0.97093 -0.16528 0.17311
vn -0.99268 0.06052 0.1045
vn -0.03455 -0.9982 0.04899
vn -0.05237 -0.99735 0.05045
vn 0.2571 -0.90005 -0.35187
vn -0.0055 -0.99949 0.03156
vn 0.99991 -0.00356 -0.01309
vn 0.9984 -0.01069 -0.05547
vn 0.98794 0.14633 0.05062
vn -0.66713 0.65922 0.34694
vn -0.68774 0.71728 -0.11191
vn -0.40931 0.87979 -0.24174
vn -0.42094 0.90541 0.05509
vn 0.27343 -0.22527 -0.93514
vn 0.59732 0.31858 -0.73602
vn 0.20109 0.5083 -0.83737
vn 0.79765 -0.0616 -0.59996
vn 0.51301 0.3534 0.78226
vn 0.60488 0.25055 0.75587
vn 0.34091 0.26871 0.90088
vn 0.76861 -0.09673 0.63236
vn 0.68612 0.06681 0.72441
vn 0.42654 -0.82583 0.36887
vn 0.40344 -0.87886 0.25464
vn 0.50612 -0.84496 0.17288
vn 0.4349 -0.89052 0.13357
vn 0.25264 -0.14731 -0.95628
vn 0.28963 -0.24013 -0.92653
vn 0.31037 -0.27708 -0.90934
vn 0.0871 -0.98685 -0.13614
vn -0.03556 -0.89075 0.4531
vn 0.02716 -0.95004 0.31096
vn -0.00501 -0.98306 0.18324
vn 0.37647 0.28425 0.88174
vn 0.38986 0.28125 0.87687
vn -0.83901 0.54403 0.00964
vn -0.91432 0.02835 -0.40399
vn -0.95913 -0.17212 -0.22457
vn 0.48483 -0.238 -0.8416
vn -0.27915 -0.20959 -0.93709
vn 0.61083 0.78404 -0.11035
vn 0.2612 0.85994 0.4385
vn 0.93005 0.21814 0.29566
vn 0.70453 0.52387 0.47874
vn -0.07346 0.23102 -0.97017
vn -0.22682 0.34096 -0.91231
vn 0.08075 0.11192 -0.99043
vn 0.27962 -0.19964 -0.93913
vn 0.21574 -0.28578 -0.9337
vn 0.35563 -0.24529 -0.90186
vn -0.05527 -0.98668 0.15302
vn -0.12774 -0.20571 0.97024
vn -0.00249 -0.25305 0.96745
vn 0.71524 0.02221 -0.69853
vn 0.76566 -0.03423 -0.64234
vn 0.74488 0.09402 -0.66054
vn 0.14898 0.60544 -0.78182
vn 0.04974 0.33372 -0.94136
vn 0.18979 0.30419 -0.93352
vn -0.6987 -0.71434 -0.03917
vn -0.72121 -0.67034 0.17467
vn -0.67173 -0.70889 0.21508
vn -0.3067 -0.3092 0.90018
vn -0.03058 -0.22577 0.9737
vn -0.59097 -0.1733 0.78786
vn -0.29487 -0.9377 0.18378
vn -0.28271 -0.93917 0.19502
vn -0.365 0.90837 -0.20404
vn -0.50409 -0.16339 0.84805
vn -0.15789 -0.33052 0.9305
vn -0.16298 -0.29837 0.94043
vn -0.83491 -0.0021 0.55039
vn -0.59401 0.12399 0.79484
vn -0.89846 -0.11193 -0.42456
vn -0.16618 -0.98491 -0.04831
vn -0.45748 -0.63617 -0.62129
vn 0.28323 -0.32439 0.90253
vn 0.34215 -0.33146 0.87924
vn 0.30324 0.13252 0.94365
vn 0.68306 -0.53522 -0.49695
vn 0.51398 -0.48306 -0.70885
vn -0.52914 -0.81394 -0.23983
vn -0.09923 -0.96053 -0.25989
vn -0.80144 -0.25475 -0.5411
vn -0.65639 -0.74749 0.102
vn -0.72818 -0.6318 0.26567
vn -0.86467 -0.50226 0.00903
vn 0.52812 0.28821 -0.79876
vn 0.46883 0.10599 -0.87691
vn 0.5144 0.06763 -0.85488
vn 0.29055 0.80453 -0.51799
vn 0.02698 0.8228 -0.56769
vn 0.05797 0.95404 -0.29402
vn 0.80464 -0.5935 0.01774
vn 0.86727 -0.46053 -0.18908
vn 0.69528 -0.71618 0.06063
vn 0.74603 -0.66293 -0.06299
vn 0.83366 0.17542 -0.52368
vn 0.21125 0.40952 -0.88751
vn 0.08656 -0.91909 -0.38442
vn 0.16694 -0.30128 -0.93881
vn 0.38195 -0.63147 -0.67481
vn -0.77407 -0.33032 -0.54009
vn -0.86731 -0.33376 -0.36928
vn -0.7951 -0.39536 -0.4599
vn -0.28583 -0.82744 0.48337
vn -0.29604 -0.62027 0.72638
vn -0.48523 -0.77871 0.3977
vn 0.03723 -0.8977 0.43904
vn 0.11535 -0.94649 0.30141
vn 0.60805 -0.10573 -0.78683
vn 0.65516 -0.13896 -0.7426
vn 0.4958 -0.15915 0.85373
vn 0.38414 -0.32873 0.86277
vn -0.18702 -0.25579 0.94847
vn -0.31528 -0.30458 0.8988
vn -0.19405 -0.23018 0.9536
vn 0.7232 0.5382 0.43281
vn 0.91178 0.30022 0.28021
vn -0.73023 0.23565 -0.64127
vn -0.855 0.18732 -0.48362
vn -0.01424 -0.99895 0.04346
vn -0.87185 -0.25615 -0.41745
vn -0.8716 -0.26665 -0.41135
vn -0.93233 -0.28715 -0.21979
vn -0.64871 -0.47446 0.59504
vn -0.61913 -0.41844 0.66452
vn 0.39922 -0.81253 -0.42475
vn -0.16774 0.37295 -0.91256
vn -0.82467 -0.41307 -0.38639
vn -0.65639 0.41611 -0.62928
vn -0.21776 0.85742 0.46628
vn -0.3137 0.78385 0.53588
vn -0.3158 0.86843 0.38222
vn 0.07182 -0.07166 0.99484
vn -0.07913 -0.04073 0.99603
vn -0.08421 -0.16502 0.98269
vn -0.29113 0.90831 0.30035
vn -0.27481 0.85007 0.44929
vn 0.91832 -0.08839 -0.38584
vn 0.84858 -0.01574 -0.52884
vn 0.21831 0.38466 -0.89687
vn 0.19248 0.52861 -0.82676
vn 0.52717 -0.69288 -0.49194
vn 0.60811 -0.69722 -0.3796
vn 0.22246 -0.95781 -0.18196
vn -0.20848 0.97708 0.04302
vn -0.06368 0.99755 0.02914
vn 0.87601 -0.04394 0.48029
vn -0.61374 -0.65059 -0.44728
vn 0.27142 0.52343 0.80769
vn 0.22236 0.6672 0.71092
vn 0.29283 0.55361 0.77959
vn -0.04558 0.99672 0.06689
vn -0.06636 0.98722 0.14489
vn -0.69634 0.56393 -0.44394
vn -0.61411 0.48029 -0.62625
vn -0.64291 0.60623 -0.46815
vn -0.36527 -0.48556 -0.79424
vn -0.678 -0.47493 -0.56104
vn -0.50991 -0.70771 -0.48901
vn -0.86529 -0.49787 0.05834
vn -0.52733 -0.84814 -0.05084
vn -0.62967 -0.77486 0.05582
vn -0.67846 -0.73462 0.00535
vn -0.39398 0.81292 0.42889
vn -0.22948 0.86258 0.45087
vn -0.28983 0.88948 0.35331
vn 0.07745 -0.32487 -0.94258
vn 0.12925 -0.4147 -0.90073
vn 0.08456 -0.75073 -0.65517
vn -0.56014 0.6439 -0.52119
vn -0.53521 0.64576 -0.54456
vn -0.34718 0.84991 -0.39638
vn -0.61627 -0.10983 -0.77984
vn -0.65681 0.1945 -0.72854
vn -0.7007 0.28681 -0.65327
vn -0.48178 0.23828 -0.84328
vn -0.16802 0.1848 -0.96831
vn -0.53555 0.37 -0.75914
vn 0.19503 -0.70626 -0.68056
vn 0.15758 -0.6108 -0.77594
vn -0.67756 -0.54196 -0.49719
vn -0.13693 -0.73465 -0.66448
vn -0.22391 0.35644 -0.90709
vn -0.12195 -0.91734 -0.37896
vn -0.09339 -0.94996 -0.29807
vn -0.23704 0.44919 0.86142
vn -0.219 0.4808 0.84904
vn 0.41215 0.32923 -0.84955
vn 0.31997 0.39526 -0.86104
vn 0.35778 0.38609 -0.85025
vn 0.34584 0.36979 -0.86235
vn 0.40565 -0.0198 0.91382
vn 0.45604 0.19216 0.86897
vn 0.22851 0.17451 0.95777
vn -0.07291 -0.96333 0.25824
vn 0.61225 0.70353 0.36084
vn 0.6627 0.64966 0.37252
vn 0.76961 0.56236 0.30242
vn -0.71793 -0.52509 -0.457
vn -0.66687 -0.68655 -0.28972
vn -0.81423 -0.51504 -0.26788
vn -0.93609 0.09742 -0.33801
vn -0.96949 -0.07975 -0.2318
vn -0.41731 0.58253 0.6975
vn 0.48449 0.31147 0.81747
vn -0.07696 -0.61663 -0.78349
vn -0.05017 -0.57218 -0.81859
vn -0.00381 -0.49866 -0.86679
vn 0.09172 -0.96522 -0.24484
vn 0.17303 -0.78613 -0.59335
vn 0.32827 0.16399 0.93024
vn 0.33803 -0.20006 0.91962
vn 0.46033 0.07777 0.88433
vn 0.72239 -0.65538 0.22051
vn -0.22389 0.36944 0.90188
vn -0.15464 0.61009 0.7771
vn -0.1707 0.66206 0.72975
vn -0.45438 0.87979 0.13968
vn 0.82332 -0.51798 -0.23202
vn -0.20531 0.22562 0.95234
vn -0.15737 0.1332 0.97852
vn -0.01846 0.15749 0.98735
vn 0.08746 -0.82694 -0.55545
vn -0.64202 -0.76235 -0.08141
vn -0.36813 0.14884 -0.91778
vn -0.09209 -0.56746 -0.81823
vn -0.54548 0.21412 0.81031
vn -0.54836 0.66553 -0.50633
vn 0.17805 0.1829 0.96688
vn 0.05058 -0.48943 0.87058
vn -0.52256 -0.06341 0.85024
vn -0.3733 0.90319 -0.2119
vn 0.57808 -0.10791 0.80882
vn 0.51425 0.03045 0.8571
vn 0.69333 -0.03636 0.7197
vn -0.07275 0.88758 0.45486
vn -0.61549 -0.72671 0.30506
vn -0.70034 -0.70726 0.09647
vn -0.676 -0.73246 0.08077
vn -0.17915 -0.37293 -0.9104
vn 0.25337 0.39605 0.88258
vn -0.31142 0.63468 0.70725
vn -0.32291 0.56109 0.76217
vn -0.40101 0.63018 0.66488
vn 0.53735 -0.8432 -0.01669
vn -0.12712 -0.87088 -0.47477
vn 0.01023 -0.99955 0.02809
vn -0.54985 0.24997 -0.79698
vn -0.6178 0.48938 -0.61549
vn -0.4861 0.10033 -0.86812
vn -0.39219 0.60241 0.69519
vn -0.64564 0.54688 0.53298
vn -0.35519 0.92813 -0.11138
vn 0.07442 -0.9969 0.02558
vn 0.02057 -0.99907 0.0378
vn 0.28958 0.27906 0.91557
vn 0.28518 0.60405 0.74417
vn -0.31629 -0.24025 0.91774
vn -0.24697 -0.31093 0.91778
vn -0.10984 -0.14516 0.98329
vn 0.60921 -0.2874 -0.7391
vn 0.73088 -0.21507 -0.64773
vn 0.65266 -0.25764 -0.7125
vn 0.21492 -0.93434 0.2843
vn 0.03439 -0.9991 0.02469
vn 0.7562 -0.06801 0.6508
vn 0.48216 0.12086 0.86771
vn 0.61939 -0.30123 0.725
vn 0.30011 -0.58791 0.7512
vn 0.70297 -0.51858 0.48673
vn 0.53899 -0.49212 0.68359
vn -0.1355 0.65479 -0.74357
vn -0.11116 0.64374 -0.75713
vn 0.01874 0.61976 -0.78457
vn 0.68691 -0.26752 -0.67571
vn 0.60756 -0.16564 -0.77681
vn 0.65466 -0.34572 -0.67224
vn 0.01865 0.90731 -0.42004
vn 0.14752 0.94243 -0.30012
vn -0.06115 0.05982 -0.99634
vn -0.17056 -0.20301 -0.96421
vn 0.025 -0.16891 -0.98531
vn -0.7952 -0.38943 0.46476
vn -0.59126 -0.78769 0.17307
vn -0.28545 -0.93729 0.20003
vn -0.92963 -0.19087 0.31522
vn -0.96433 0.25848 0.05711
vn -0.70068 0.24445 -0.67029
vn -0.95099 0.22411 -0.21308
vn -0.65917 0.32532 -0.67798
vn -0.40778 0.30669 -0.86004
vn -0.87639 0.34384 -0.33722
vn 0.16738 -0.4353 -0.88459
vn 0.15472 -0.54525 -0.82387
vn -0.31092 0.94001 0.14042
vn 0.24 -0.38086 -0.89294
vn 0.34341 -0.29612 -0.89128
vn -0.9178 0.39606 -0.02806
vn -0.90257 0.42227 -0.08405
vn -0.0428 0.91892 0.39212
vn -0.29223 -0.9293 0.22584
vn -0.35553 -0.87635 0.32498
vn 0.54226 0.28964 0.78871
vn 0.50908 0.11669 0.85277
vn 0.68677 0.30617 0.65925
vn -0.68831 -0.45824 0.56236
vn -0.4375 -0.80079 0.40906
vn -0.69565 -0.25757 0.67062
vn -0.49486 -0.64653 0.58062
vn -0.70387 -0.28885 -0.64895
vn -0.84313 -0.32387 -0.42922
vn -0.88638 -0.19418 -0.42027
vn -0.91321 -0.12816 -0.38682
vn -0.87523 -0.30906 -0.37209
vn 0.18513 -0.07357 -0.97996
vn -0.63413 0.71105 -0.30378
vn -0.54824 0.83613 0.01803
vn -0.54945 0.78098 -0.29694
vn -0.67073 -0.04763 -0.74017
vn -0.91887 -0.03588 0.39292
vn 0.11526 -0.97591 0.18525
vn 0.09801 0.2081 -0.97319
vn 0.05004 0.15132 -0.98722
vn 0.18106 0.02644 -0.98312
vn 0.21765 -0.12917 -0.96744
vn 0.72333 -0.4335 0.53747
vn -0.86808 -0.4771 -0.13715
vn -0.98474 0.10136 0.14147
vn -0.9771 -0.21091 -0.02823
vn 0.28183 0.14815 0.94796
vn 0.2576 -0.56876 0.78112
vn -0.21522 0.50125 0.83811
vn 0.03785 0.23392 0.97152
vn -0.23521 0.47884 0.84581
vn -0.44607 -0.89484 0.01655
vn -0.62775 -0.68905 0.36212
vn -0.31533 -0.94897 -0.00494
vn 0.17618 -0.97233 0.15345
vn 0.25327 -0.93025 0.2655
vn 0.24879 -0.94079 0.23027
vn 0.43989 -0.7237 -0.53174
vn 0.04762 -0.99884 -0.00738
vn 0.03791 -0.99452 -0.09747
vn -0.03784 0.18515 -0.98198
vn 0.51745 0.57489 0.63384
vn 0.58252 0.21935 0.78266
vn -0.81803 0.15763 -0.55315
vn -0.6702 0.38221 -0.6362
vn -0.71811 0.38925 -0.57689
vn 0.17829 -0.31417 0.93247
vn 0.12149 -0.2339 0.96464
vn 0.30003 -0.15241 0.94168
vn 0.00394 -0.22072 0.97533
vn 0.31933 -0.19779 0.92677
vn 0.16076 -0.96607 -0.20216
vn -0.6438 0.54316 0.53899
vn -0.49397 0.65067 0.57673
vn -0.55977 0.71782 -0.41399
vn -0.52877 0.81624 -0.23271
vn -0.1315 -0.90751 -0.39892
vn 0.56235 -0.82343 0.07568
vn -0.06508 -0.95007 -0.30518
vn -0.40785 0.91242 0.03391
vn -0.76536 -0.55339 -0.3286
vn -0.38246 0.72483 -0.57301
vn -0.98676 -0.16111 0.01897
vn -0.97508 -0.16492 -0.14841
vn 0.16027 -0.79458 -0.58562
vn -0.0325 -0.62306 -0.78149
vn 0.10198 -0.7415 -0.66316
vn -0.92815 0.36562 -0.06966
vn -0.98211 0.04252 -0.18346
vn -0.97787 0.17254 -0.1183
vn -0.82626 0.33984 -0.44921
vn -0.01632 0.74994 -0.6613
vn -0.08277 0.83887 -0.538
vn -0.04053 0.75832 -0.65062
vn -0.09215 0.26961 -0.95855
vn -0.02527 0.33994 -0.94011
vn -0.04093 0.36386 -0.93055
vn -0.10365 -0.29882 -0.94866
vn -0.49304 -0.86798 -0.05943
vn 0.10601 -0.99387 -0.03123
vn 0.30973 0.32928 0.89199
vn 0.38765 0.24761 0.88793
vn 0.45856 0.12272 0.88015
vn -0.85089 0.49416 0.17831
vn 0.21554 0.01103 0.97643
vn 0.29866 0.01807 0.95419
vn 0.30071 0.07576 0.9507
vn 0.27093 -0.94397 0.18844
vn -0.11793 -0.34248 0.93209
vn 0.91804 -0.14931 -0.36731
vn -0.60594 -0.59284 -0.53045
vn -0.36821 -0.74442 -0.55701
vn -0.50638 -0.79041 -0.34473
vn -0.53876 -0.65028 -0.5356
vn -0.5911 -0.6765 -0.43925
vn -0.499 -0.79999 -0.33319
vn 0.14619 0.37885 0.91384
vn 0.06357 -0.71518 -0.69604
vn 0.03485 -0.97825 -0.20447
vn 0.17162 -0.31671 -0.93287
vn -0.00042 -0.62968 -0.77686
vn -0.55969 0.75608 0.33924
vn -0.78698 0.56999 0.23617
vn -0.92822 -0.26258 -0.26354
vn -0.98058 -0.08373 -0.17734
vn 0.09863 0.21911 0.9707
vn -0.16054 0.13325 0.97799
vn -0.0295 -0.07311 0.99689
vn -0.13713 0.38075 0.91445
vn 0.43962 -0.14539 -0.88634
vn 0.44549 -0.43944 -0.78002
vn 0.28059 -0.09235 -0.95537
vn 0.0507 -0.99863 -0.01297
vn -0.1765 -0.98419 0.01467
vn 0.03613 -0.98308 0.17958
vn -0.0463 -0.99701 0.06185
vn -0.6441 -0.49951 0.57933
vn -0.58526 -0.45588 0.67056
vn -0.63612 -0.77 -0.04953
vn -0.41914 0.51785 0.74576
vn -0.40175 0.50045 0.76691
vn -0.3693 0.57517 0.72993
vn 0.54111 -0.19524 0.81797
vn 0.34123 -0.16951 0.92457
vn 0.34932 -0.38067 0.8562
vn 0.41949 0.02092 0.90752
vn 0.02411 -0.99701 0.07345
vn 0.39661 0.63076 0.66696
vn 0.66993 0.32147 0.66921
vn 0.36382 0.65182 0.6654
vn 0.07521 0.74078 0.66752
vn -0.02513 -0.71921 -0.69434
vn -0.17811 -0.77496 -0.60639
vn -0.22729 -0.70126 -0.6757
vn 0.13716 -0.99039 0.01759
vn 0.98 0.18941 0.06109
vn 0.94626 0.29997 -0.12086
vn 0.27229 0.03716 0.9615
vn 0.4581 -0.27787 0.84435
vn 0.45498 -0.07028 0.88772
vn 0.57963 -0.69483 0.42573
vn 0.5649 -0.60341 0.56283
vn 0.43409 -0.75772 0.48727
vn 0.17723 -0.31155 -0.93356
vn 0.25596 -0.16641 -0.95226
vn -0.61344 0.48489 0.62335
vn -0.71016 0.00425 0.70403
vn -0.17764 -0.97483 0.13469
vn 0.47646 -0.19188 -0.858
vn 0.81717 0.05384 -0.57388
vn 0.54302 0.23402 -0.80645
vn 0.80646 0.32498 -0.49398
vn 0.54981 0.35687 -0.75521
vn 0.68557 0.25989 -0.68004
vn -0.72543 0.66063 -0.19321
vn 0.55221 -0.74716 -0.36988
vn 0.7806 -0.49264 -0.38467
vn 0.76745 -0.03571 0.64011
vn -0.80184 -0.01458 -0.59736
vn -0.97122 0.10773 -0.21242
vn -0.79247 -0.40229 -0.45842
vn 0.2877 0.93921 0.18739
vn 0.17927 0.95858 -0.22131
vn -0.1594 0.96839 -0.19185
vn -0.06335 -0.90847 -0.41313
vn 0.45612 -0.85798 -0.23629
vn -0.01234 -0.96535 -0.26068
vn -0.34382 -0.30545 0.88797
vn -0.53233 -0.38702 0.75289
vn -0.67907 -0.26827 0.6833
vn -0.85814 -0.34686 -0.37852
vn -0.3627 -0.9231 -0.12779
vn 0.1779 -0.07643 -0.98108
vn -0.97931 0.1996 -0.03332
vn -0.93534 0.33654 0.10902
vn -0.96136 0.25286 0.10886
vn -0.33014 0.78882 0.51843
vn -0.14673 0.77786 0.61107
vn 0.8014 0.00507 0.5981
vn 0.87802 -0.01854 0.47827
vn 0.86506 0.08364 0.49464
vn 0.18522 -0.98041 -0.06694
vn -0.08528 -0.96285 -0.25621
vn 0.05303 0.57414 0.81704
vn -0.69976 -0.39733 -0.59368
vn -0.51547 -0.35217 -0.7812
vn -0.65534 -0.3168 -0.68568
vn 0.15088 -0.01333 0.98846
vn 0.82177 0.56529 0.07174
vn 0.76421 0.64467 -0.01935
vn 0.78436 0.61623 0.07095
vn 0.46162 0.74727 0.47802
vn 0.49908 0.61388 0.61161
vn 0.55722 0.68395 0.47087
vn -0.33727 -0.12224 0.93344
vn 0.15691 -0.03415 0.98702
vn -0.84856 0.43391 0.30277
vn -0.90677 0.21206 0.36441
vn 0.32237 -0.13245 0.9373
vn 0.14279 -0.241 0.95996
vn -0.61583 -0.72851 -0.30004
vn -0.70281 -0.67682 -0.21904
vn -0.56254 -0.81797 -0.12035
vn -0.46909 0.86101 0.1965
vn -0.24866 0.94925 0.19259
vn -0.48376 0.81616 0.31601
vn -0.10825 0.6995 -0.70639
vn -0.23963 0.5894 -0.77148
vn -0.08218 0.69022 -0.71892
vn 0.88275 -0.43709 0.17237
vn 0.78367 -0.60363 0.14664
vn -0.9857 -0.15483 0.0665
vn -0.99919 0.04009 -0.00318
vn -0.96137 0.08338 0.26231
vn 0.48621 -0.13709 -0.86302
vn 0.04755 0.10169 -0.99368
vn -0.19869 0.93024 0.30849
vn 0.48943 -0.87152 0.03014
vn 0.40509 -0.91419 0.01234
vn -0.09513 -0.99503 0.02955
vn -0.45587 0.46829 -0.75689
vn -0.38905 0.25904 -0.88405
vn -0.46832 -0.07037 -0.88075
vn -0.31459 0.15346 -0.93674
vn -0.59031 -0.40861 0.69612
vn -0.5737 -0.28578 0.76759
vn -0.06077 0.91877 -0.3901
vn 0.0727 0.85072 -0.52056
vn 0.73026 0.1569 0.66491
vn 0.86772 0.07422 0.49148
vn 0.55005 0.45405 0.70092
vn -0.14347 -0.36502 -0.91988
vn -0.3318 -0.37268 -0.86661
vn 0.13827 -0.33232 -0.93298
vn -0.29595 -0.95466 0.03225
vn -0.5706 -0.82122 0.00382
vn -0.90729 0.10693 -0.40668
vn -0.92085 -0.11468 -0.37266
vn -0.95215 -0.0317 -0.30398
vn -0.08289 -0.75026 0.65592
vn 0.06518 -0.33191 0.94106
vn 0.11054 -0.62935 0.76922
vn 0.92074 -0.02653 -0.38928
vn 0.91184 -0.06027 -0.40609
vn -0.20455 -0.78303 -0.58739
vn -0.31135 -0.74963 -0.58405
vn -0.95804 -0.03857 -0.28402
vn 0.22312 -0.18917 0.95626
vn -0.9122 -0.40869 0.02927
vn -0.48488 0.46758 0.73909
vn -0.43585 0.30787 0.84572
vn -0.36101 0.39873 0.84303
vn -0.24633 0.15544 -0.95664
vn -0.44462 0.17112 -0.87922
vn -0.39845 0.16583 -0.90208
vn 0.83502 0.33431 0.437
vn 0.89727 0.35085 0.26795
vn 0.78378 0.33792 0.52106
vn 0.10343 -0.10251 0.98934
vn -0.0779 -0.1224 0.98942
vn 0.08343 -0.12864 0.98818
vn 0.04175 0.32595 -0.94446
vn -0.63318 0.76872 -0.09033
vn -0.03576 0.73633 0.67567
vn -0.33382 0.90871 0.25063
vn 0.54445 0.3575 0.7588
vn 0.32235 0.09791 0.94155
vn 0.35168 -0.33316 0.87483
vn 0.32163 -0.51351 0.79553
vn 0.09781 -0.05807 -0.99351
vn -0.22584 0.96595 0.12622
vn -0.21815 0.97575 0.01812
vn 0.1301 0.90614 0.40248
vn 0.11945 0.95035 0.28734
vn -0.25198 -0.87374 0.41603
vn -0.18536 0.85334 -0.48729
vn -0.23829 0.86154 -0.4483
vn -0.35153 0.86861 -0.34919
vn -0.07287 0.3055 -0.9494
vn -0.07065 0.70263 -0.70804
vn 0.04161 0.95805 0.28358
vn 0.12622 0.97199 0.19826
vn -0.02747 -0.99049 0.13482
vn 0.77895 -0.49685 0.38259
vn -0.23461 0.96958 0.06985
vn -0.07407 0.96507 0.25131
vn -0.05734 0.99763 0.03802
vn -0.25334 0.73935 -0.62385
vn -0.30763 0.76234 -0.56939
vn -0.07174 -0.92826 -0.36496
vn 0.59576 -0.19477 0.77919
vn 0.7321 -0.09838 0.67405
vn -0.89865 -0.43624 0.04618
vn -0.70624 -0.70423 0.07267
vn -0.83211 -0.55269 0.0461
vn 0.5763 0.7758 0.25693
vn -0.02654 0.98357 0.17859
vn 0.04235 0.99702 -0.06448
vn -0.88909 -0.12539 0.44022
vn -0.40482 -0.36301 0.83925
vn -0.13951 -0.64629 0.75023
vn -0.22699 -0.04507 0.97285
vn 0.66247 0.50543 0.55288
vn 0.22538 0.63046 0.74278
vn 0.44941 0.77426 0.44559
vn -0.0311 -0.94488 0.32593
vn -0.08532 -0.64867 0.75627
vn -0.55238 -0.79118 -0.2625
vn -0.5854 -0.70671 -0.39733
vn -0.45641 -0.84709 -0.27226
vn -0.13055 0.69981 0.70229
vn -0.01188 0.59353 0.80472
vn 0.29523 0.41873 0.85878
vn -0.90426 -0.12154 0.40933
vn -0.96857 -0.2469 -0.03031
vn -0.77309 -0.081 0.6291
vn 0.63427 0.04488 -0.77181
vn 0.54137 0.06281 -0.83844
vn 0.63091 0.11771 -0.76687
vn -0.98158 0.18925 -0.02624
vn -0.95953 0.10024 -0.26315
vn -0.99151 0.01365 -0.12934
vn 0.63676 -0.02919 0.77051
vn 0.77664 0.0961 0.62258
vn 0.12097 0.78197 0.61146
vn -0.50074 0.78164 -0.37188
vn 0.56189 -0.4511 0.69339
vn 0.36766 -0.49395 0.78794
vn 0.49063 -0.3647 0.79138
vn 0.21942 0.86678 -0.44783
vn 0.16305 -0.04971 0.98536
vn 0.22726 -0.07531 0.97092
vn -0.65976 -0.74912 -0.05944
vn -0.83136 -0.53759 -0.14081
vn -0.94762 -0.29733 0.11669
vn -0.72897 0.58869 0.34934
vn -0.45988 0.8164 0.3493
vn -0.67041 0.44859 0.59104
vn 0.2637 0.23359 0.93589
vn -0.91985 0.30904 0.24162
vn -0.91518 0.34505 0.20831
vn -0.94782 0.31795 0.02346
vn 0.76617 -0.24092 -0.59577
vn -0.03524 0.88596 -0.46242
vn -0.07661 0.33694 -0.9384
vn 0.09157 0.67798 -0.72935
vn -0.70297 -0.33967 -0.62486
vn -0.69193 -0.41887 -0.58803
vn -0.85808 -0.09762 -0.50416
vn -0.71874 -0.41765 0.55586
vn 0.94378 0.16902 0.28409
vn 0.88475 0.36462 0.29031
vn 0.9371 0.03478 0.34732
vn -0.15956 -0.96181 0.22239
vn -0.15281 -0.89187 0.4257
vn 0.04456 0.36788 0.92881
vn 0.72501 0.44247 0.5278
vn 0.57214 0.81538 0.08834
vn 0.13038 0.99126 -0.02007
vn 0.15568 0.29948 -0.94131
vn -0.002 -0.99987 0.01586
vn -0.14618 -0.98878 0.03084
vn 0.29953 0.03905 -0.95329
vn 0.29156 0.15061 0.94462
vn 0.19056 0.19513 0.96209
vn -0.15982 0.61166 0.77481
vn -0.75859 -0.1597 -0.63169
vn -0.8718 0.0776 -0.48368
vn 0.37257 -0.92609 0.05957
vn 0.02544 -0.99189 0.12453
vn 0.73178 0.6453 -0.2193
vn 0.79015 0.60659 -0.08784
vn -0.0152 -0.10629 0.99422
vn 0.19535 -0.77678 0.59871
vn 0.35457 -0.83985 0.41101
vn 0.25542 -0.72181 0.64323
vn -0.14616 0.39695 -0.90613
vn 0.04954 0.49569 -0.86708
vn -0.16713 0.64915 -0.74208
vn 0.40532 -0.47724 -0.77972
vn 0.64537 -0.68695 -0.33405
vn -0.27616 -0.54644 -0.79066
vn -0.44704 -0.35385 -0.82155
vn -0.57759 0.80219 0.15128
vn -0.79576 0.60458 0.03537
vn -0.56941 0.74572 -0.34594
vn 0.73884 -0.12601 -0.66199
vn -0.10024 0.21764 -0.97087
vn -0.10112 0.15922 -0.98205
vn -0.15358 0.12021 -0.9808
vn -0.74029 0.56478 -0.36467
vn -0.77882 0.46475 -0.42125
vn -0.07125 0.6077 -0.79096
vn -0.12586 0.67955 -0.72275
vn 0.05422 -0.99737 0.04813
vn -0.01339 -0.99948 -0.02933
vn 0.05607 -0.98361 0.1714
vn -0.44006 -0.80276 0.40238
vn 0.30229 -0.84433 0.44241
vn 0.80603 -0.0176 -0.59161
vn 0.11158 -0.35397 -0.92858
vn -0.06248 -0.42813 -0.90156
vn 0.05597 -0.43523 -0.89858
vn -0.69481 0.18082 -0.69609
vn -0.59346 -0.28229 -0.75373
vn 0.36013 0.52734 -0.76956
vn 0.3706 0.63072 -0.6818
vn 0.41982 0.626 -0.65718
vn -0.24121 0.89366 -0.3784
vn -0.18044 0.93688 -0.2995
vn -0.2341 0.94511 -0.22797
vn -0.3453 0.76213 -0.54766
vn -0.20695 0.72585 -0.65598
vn -0.60812 0.10021 -0.78749
vn -0.68095 0.27424 -0.67904
vn 0.37921 0.12329 -0.91706
vn 0.37958 -0.08841 -0.92092
vn 0.06733 0.54064 -0.83855
vn 0.17194 0.03857 0.98435
vn 0.13946 0.01123 0.99016
vn 0.14257 1E-05 0.98979
vn 0.31422 -0.85784 -0.40667
vn 0.26053 0.37663 0.88897
vn 0.32474 0.40032 0.8569
vn -0.85294 -0.20513 -0.48001
vn -0.91302 -0.11 -0.3928
vn -0.54159 0.66967 -0.50816
vn -0.35178 0.35989 -0.86413
vn 0.13399 -0.51501 -0.84665
vn 0.08167 -0.44954 -0.88952
vn -0.21662 0.52575 0.82259
vn -0.0741 0.50855 0.85784
vn -0.15459 0.55563 0.81694
vn -0.27723 -0.18664 0.9425
vn 0.05452 -0.21349 0.97542
vn 0.92401 0.28725 0.25236
vn -0.30425 -0.93531 -0.18065
vn -0.92589 -0.03063 -0.37654
vn 0.22439 0.42862 0.87517
vn 0.0955 0.26587 0.95927
vn 0.24109 0.40433 0.88227
vn -0.81959 -0.27397 -0.50321
vn -0.58232 -0.28885 -0.75992
vn -0.71548 -0.26188 -0.64769
vn 0.15812 0.59563 0.78754
vn -0.05924 0.7865 0.61474
vn 0.0435 0.79387 0.60653
vn -0.0304 0.88441 0.46572
vn -0.52104 -0.02729 -0.8531
vn -0.93374 -0.02012 -0.35739
vn -0.91532 0.10652 -0.38839
vn -0.92746 0.06009 -0.36907
vn 0.01262 -0.35252 -0.93572
vn -0.15928 -0.44595 -0.88077
vn 0.0672 0.13583 -0.98845
vn 0.08108 -0.25719 -0.96295
vn 0.00093 0.0547 -0.9985
vn -0.57331 -0.74283 -0.34571
vn 0.56749 -0.17466 0.80464
vn 0.72033 -0.24292 0.64971
vn -0.25685 -0.9648 0.05643
vn -0.2695 -0.92907 0.2534
vn -0.71234 0.55485 -0.42978
vn -0.65134 0.60224 -0.46158
vn 0.27795 -0.37879 -0.88276
vn 0.17831 -0.38877 -0.90391
vn 0.25885 -0.24391 -0.93461
vn 0.56642 -0.16786 0.80684
vn 0.80268 -0.34209 0.48855
vn 0.60602 -0.37455 0.70175
vn -0.08465 0.09824 0.99156
vn 0.0039 -0.1621 0.98677
vn -0.38812 -0.74512 -0.54237
vn -0.42333 -0.33691 -0.841
vn -0.72854 -0.68405 0.03616
vn -0.61219 0.55966 -0.55857
vn 0.23236 -0.45375 0.8603
vn -0.09861 -0.01175 0.99506
vn -0.09865 -0.24178 0.9653
vn -0.20286 -0.97339 0.10654
vn 0.82771 0.01721 -0.56089
vn 0.84043 -0.15808 -0.51836
vn 0.76651 0.10202 -0.63408
vn 0.41928 -0.86712 0.26892
vn 0.27736 -0.95421 0.11207
vn -0.65367 -0.68236 -0.32726
vn -0.69382 -0.67247 -0.2577
vn -0.68842 -0.69977 -0.19078
vn -0.70874 -0.33082 -0.62309
vn -0.71981 -0.369 -0.58798
vn 0.56543 -0.77394 0.28513
vn 0.44149 -0.8284 0.34474
vn -0.5063 -0.14578 -0.84995
vn -0.46153 -0.11765 -0.87929
vn -0.18 0.87815 0.44323
vn 0.27695 0.85007 0.44797
vn -0.88086 0.37176 -0.29304
vn -0.96805 -0.14587 0.20396
vn -0.82165 -0.50038 -0.27296
vn -0.9469 -0.25802 -0.19183
vn -0.68749 0.51402 -0.51297
vn 0.86665 -0.35752 -0.34799
vn 0.84922 -0.17212 -0.4992
vn -0.47959 -0.044 -0.87639
vn -0.47994 -0.1273 -0.86801
vn 0.29428 -0.10038 -0.95043
vn -0.26204 -0.91105 0.3183
vn -0.30206 -0.92736 -0.22082
vn 0.36459 0.1655 0.91635
vn 0.70528 -0.2138 0.67592
vn 0.20767 0.40743 0.88931
vn 0.44703 0.45527 0.76999
vn 0.71571 -0.00378 0.69838
vn 0.8288 0.23367 0.50841
vn 0.778 -0.04237 0.62683
vn 0.75126 0.28484 0.59538
vn -0.33437 -0.92059 0.20176
vn -0.18301 -0.96397 0.19305
vn -0.11561 0.8738 0.47235
vn 0.29334 -0.09034 -0.95173
vn 0.24829 -0.09129 -0.96438
vn -0.71023 -0.5532 -0.43536
vn -0.73597 -0.67101 -0.08996
vn -0.29694 -0.85544 -0.42434
vn 0.78702 -0.17184 0.59251
vn 0.63958 -0.10207 0.76192
vn 0.15909 0.13302 0.97826
vn 0.06484 0.04602 0.99683
vn 0.01737 0.02344 0.99957
vn -0.5351 0.43711 -0.72291
vn -0.32335 0.11653 -0.93908
vn 0.25665 -0.18823 -0.948
vn 0.44233 -0.24827 -0.8618
vn 0.43593 -0.1878 -0.88017
vn -0.1423 0.96285 0.22951
vn -0.29341 -0.14725 -0.94458
vn -0.3335 -0.28748 -0.89785
vn -0.41433 0.90962 0.03041
vn -0.3183 0.92911 0.18826
vn -0.71209 0.69415 -0.10535
vn -0.7524 0.63745 0.16598
vn 0.82695 -0.30743 -0.4708
vn 0.82953 -0.23615 -0.50607
vn 0.55726 -0.04711 -0.829
vn 0.48361 0.03116 -0.87473
vn -0.22436 -0.81542 0.53362
vn -0.47878 -0.16371 -0.86253
vn -0.40815 -0.06765 -0.91041
vn -0.28256 -0.1271 -0.95079
vn -0.11123 0.70818 -0.69722
vn -0.09928 0.72417 -0.68244
vn -0.03567 0.72858 -0.68403
vn -0.54852 0.75162 -0.36633
vn -0.49115 0.65955 -0.569
vn 0.50245 -0.49794 0.70683
vn -0.1218 0.25591 0.95899
vn -0.02294 0.15807 0.98716
vn 0.98447 0.16221 0.06713
vn -0.40379 -0.40613 -0.81977
vn 0.67443 -0.57365 -0.46483
vn 0.71068 -0.42717 -0.55898
vn 0.81638 -0.42924 -0.38638
vn 0.21611 -0.18051 -0.95954
vn 0.23043 -0.23367 -0.94462
vn 0.30018 -0.1977 -0.93317
vn 0.00636 -0.05438 -0.9985
vn -0.26052 0.13834 -0.95551
vn -0.13378 -0.13278 -0.98207
vn 0.09987 0.68423 0.7224
vn 0.11487 0.84649 0.51987
vn 0.18623 -0.02089 0.98229
vn -0.96331 -0.24114 0.11784
vn -0.97904 0.07883 0.1878
vn -0.21388 -0.72323 0.65666
vn -0.75808 -0.50048 0.41813
vn -0.74016 -0.43985 0.50861
vn 0.47732 -0.26632 0.8374
vn 0.44648 -0.21386 0.86886
vn 0.52425 -0.29918 0.79728
vn 0.48561 -0.11208 0.86696
vn 0.98742 -0.14058 0.07233
vn 0.99136 -0.12949 0.02094
vn 0.78918 -0.52576 -0.31745
vn 0.03288 -0.99699 0.07016
vn -0.10918 0.02868 -0.99361
vn 0.16803 -0.79546 -0.58225
vn 0.20592 -0.87813 -0.43184
vn 0.28039 -0.88375 -0.37465
vn 0.46528 -0.08634 -0.88094
vn 0.42837 0.05731 -0.90178
vn 0.45304 -0.09625 -0.88628
vn 0.53349 0.03999 0.84486
vn 0.3506 0.23084 0.90763
vn 0.5477 0.31239 0.77616
vn -0.0674 0.38817 -0.91912
vn -0.06643 0.33266 -0.9407
vn -0.62814 -0.40769 -0.66274
vn -0.57592 -0.42988 -0.69536
vn -0.73539 -0.65878 -0.15878
vn -0.50442 -0.83848 -0.20619
vn 0.73156 -0.17263 -0.65956
vn -0.02309 0.66426 -0.74715
vn -0.02778 0.65005 -0.75939
vn -0.06822 0.63608 -0.76861
vn 0.01414 0.26743 -0.96347
vn 0.10899 0.21788 -0.96987
vn 0.73557 -0.18095 -0.65283
vn 0.71097 -0.16649 -0.68323
vn 0.78212 0.29388 0.54948
vn 0.73048 0.39668 0.55592
vn 0.79376 0.34139 0.50338
vn 0.11432 -0.98584 -0.12268
vn 0.18211 -0.25651 -0.94923
vn 0.14959 -0.20525 -0.96721
vn 0.89951 0.23395 0.36898
vn 0.87615 0.14493 0.45974
vn 0.95735 0.18306 0.22356
vn 0.89973 0.08683 0.42771
vn -0.10657 -0.99188 0.0694
vn 0.81017 -0.53349 -0.24291
vn -0.05218 -0.50522 0.86141
vn 0.05684 -0.24567 0.96769
vn -0.26386 -0.55867 0.78629
vn 0.00227 -0.55628 0.831
vn 0.00116 -0.55603 0.83116
vn -0.36545 0.878 0.30912
vn 0.73947 -0.65033 -0.17392
vn 0.52139 -0.82195 -0.22926
vn 0.1262 -0.1438 0.98153
vn -0.34935 -0.78338 0.51407
vn 0.14721 0.65416 -0.7419
vn 0.73665 0.66307 0.13296
vn -0.669 -0.2121 -0.71236
vn -0.60219 -0.34699 -0.71901
vn -0.69126 -0.3698 -0.62081
vn -0.94429 -0.18632 -0.2713
vn 0.72346 -0.10148 0.68287
vn -0.89 0.10553 0.44358
vn -0.88767 0.31204 0.33864
vn -0.99151 0.08837 0.09533
vn -0.99967 0.01079 -0.02347
vn -0.99359 0.03765 0.10658
vn -0.99687 0.02652 -0.07441
vn -0.66382 -0.65734 -0.35672
vn -0.53448 -0.79518 -0.2864
vn -0.02132 0.49606 -0.86802
vn -0.21918 -0.54129 -0.81176
vn -0.46597 -0.50709 -0.72507
vn 0.42943 -0.49143 0.75768
vn 0.34508 -0.29339 0.89154
vn 0.98652 0.16133 -0.0274
vn 0.9708 0.22265 0.08933
vn 0.04305 0.09536 0.99451
vn 0.23501 -0.01179 0.97192
vn 0.62181 -0.32818 0.71109
vn 0.63188 -0.36799 0.68214
vn 0.49926 -0.40748 0.76466
vn 0.60844 0.05174 0.79191
vn -0.12511 -0.16137 0.97893
vn -0.32618 -0.26959 0.90605
vn 0.10698 0.49961 -0.85962
vn 0.29406 0.42722 -0.855
vn -0.57853 0.60193 -0.55045
vn -0.18786 0.65251 0.73413
vn -0.05862 0.34382 0.9372
vn 0.04522 -0.97588 0.21358
vn 0.02089 -0.99973 0.01008
vn 0.23056 -0.84655 0.47979
vn 0.2912 0.09867 0.95156
vn -0.02641 0.69463 0.71888
vn -0.0486 0.63538 0.77067
vn 0.06547 0.93135 0.35818
vn 0.01708 0.66832 0.74368
vn 0.05332 0.67138 0.73919
vn 0.38151 0.38594 -0.83994
vn 0.34238 0.16104 -0.92566
vn 0.30073 0.19016 -0.93456
vn -0.26918 0.1671 0.94848
vn -0.28917 0.17015 0.94204
vn -0.02714 -0.26904 -0.96275
vn -0.01048 -0.29877 -0.95427
vn -0.03644 -0.36546 -0.93011
vn 0.03264 -0.24999 -0.9677
vn -0.118 -0.22171 -0.96795
vn -0.02069 0.22642 0.97381
vn -0.23945 0.11832 0.96367
vn -0.4213 0.17471 -0.88993
vn 0.1162 -0.89161 0.43764
vn 0.25799 -0.88607 0.38513
vn -0.04734 -0.76577 0.64137
vn -0.04352 0.29043 0.95591
vn 0.14024 0.41275 0.89998
vn -0.21236 0.37894 0.90073
vn 0.67497 -0.70669 0.21217
vn 0.38892 -0.90772 0.15743
vn 0.42409 -0.90081 0.09323
vn 0.34584 -0.92203 0.17393
vn 0.59817 -0.7327 0.32457
vn 0.38805 0.22933 0.89265
vn 0.62184 -0.07284 0.77975
vn 0.54686 -0.22195 0.80727
vn 0.95589 0.29004 -0.04641
vn 0.01481 0.58915 0.80789
vn 0.00657 0.73909 0.67357
vn 0.05675 -0.16049 0.9854
vn 0.10874 -0.23644 0.96554
vn 0.50555 -0.21424 0.83578
vn 0.29807 0.11864 0.94714
vn 0.24378 0.38011 0.89224
vn 0.16075 0.20538 0.96539
vn -0.85892 0.09111 -0.50395
vn -0.83911 0.2859 -0.46276
vn -0.62199 -0.5689 0.53803
vn -0.98093 -0.03295 -0.19153
vn -0.76041 -0.04449 -0.64792
vn -0.65649 -0.15933 -0.73731
vn -0.77856 -0.24675 -0.57703
vn -0.88047 -0.47362 0.02131
vn -0.84337 -0.53105 -0.0819
vn -0.69137 -0.71834 -0.07744
vn 0.37071 -0.9166 -0.14975
vn 0.38622 -0.91112 -0.14387
vn 0.44035 -0.89777 0.00981
vn 0.46875 -0.80658 0.36013
vn 0.50463 -0.65693 0.56017
vn 0.58005 -0.71646 0.38758
vn 0.49758 -0.86586 0.05204
vn 0.42289 -0.22525 0.87774
vn 0.53279 -0.50606 0.67826
vn -0.33644 -0.23232 -0.9126
vn -0.22373 -0.35008 -0.90961
vn -0.41003 -0.01288 -0.91198
vn 0.856 0.4639 0.22817
vn 0.75223 0.57247 0.32623
vn 0.66505 0.72464 0.18058
vn 0.97724 0.0437 0.20759
vn 0.0203 0.93005 0.36686
vn 0.04377 0.97854 0.20136
vn 0.06374 0.86597 0.49602
vn 0.9311 0.34294 -0.1243
vn 0.91831 0.31216 -0.24344
vn -0.48908 0.6922 0.53072
vn -0.36327 0.8095 0.46125
vn -0.22522 0.53609 -0.81357
vn -0.9396 0.32146 -0.11753
vn -0.94235 0.19211 -0.274
vn -0.97012 0.1558 -0.18598
vn -0.78499 -0.11458 -0.60883
vn -0.73041 -0.01171 -0.68291
vn -0.72339 -0.18975 -0.66385
vn -0.85168 -0.35783 -0.38289
vn 0.67913 -0.60155 0.42062
vn 0.47146 -0.59171 0.65392
vn 0.18395 0.78409 0.59276
vn 0.06042 0.79401 0.60489
vn -0.17577 -0.83729 -0.51774
vn 0.07149 -0.81131 -0.58023
vn 0.33801 -0.73553 -0.58715
vn 0.31929 -0.92484 -0.20668
vn 0.70676 -0.59281 -0.3861
vn 0.61921 -0.57617 -0.53349
vn 0.3609 -0.69312 -0.62396
vn 0.45649 -0.54388 -0.70414
vn -0.12666 0.93383 0.33455
vn -0.20287 0.94989 0.23783
vn -0.42572 -0.09597 0.89975
vn -0.31031 -0.35521 0.88178
vn -0.73369 0.56797 -0.37297
vn -0.74258 0.50945 -0.43478
vn 0.30169 0.20952 0.9301
vn 0.29572 0.19689 0.93477
vn -0.78843 -0.60834 0.09104
vn 0.20302 -0.53185 -0.82214
vn 0.22191 -0.63101 -0.74336
vn -0.04907 -0.89611 0.44111
vn 0.30246 -0.88531 0.3532
vn 0.55854 0.12948 -0.81931
vn -0.76403 0.59547 0.24835
vn -0.6453 0.52336 0.55648
vn -0.47271 0.53713 0.69859
vn -0.73443 0.31575 0.60077
vn -0.86767 -0.38392 -0.31583
vn -0.80875 -0.46064 -0.3657
vn -0.42658 0.8564 0.29088
vn -0.47928 0.84184 0.24818
vn -0.81992 -0.48324 0.30694
vn 0.29973 0.25992 0.91793
vn 0.40181 0.37444 0.83567
vn 0.08708 0.57935 0.81042
vn 0.04047 0.67844 0.73354
vn -0.93556 -0.21105 -0.28317
vn -0.90775 -0.21939 -0.35757
vn -0.46868 0.0248 -0.88302
vn 0.81653 -0.04654 0.57543
vn 0.77166 -0.48192 0.41509
vn 0.57966 -0.81186 0.06984
vn 0.72972 -0.08238 0.67876
vn 0.24205 0.88279 0.4026
vn 0.24124 0.94143 0.23563
vn 0.2396 0.89323 0.38043
vn 0.59394 -0.0288 -0.804
vn 0.46852 0.04938 -0.88207
vn 0.56603 0.1138 -0.81649
vn 0.27508 0.27557 -0.92108
vn -0.05439 -0.50611 -0.86075
vn -0.0316 -0.73047 -0.68221
vn 0.04079 -0.49309 -0.86902
vn 0.69812 -0.59628 -0.39633
vn 0.66738 -0.43359 0.60547
vn 0.5701 -0.17652 0.80239
vn 0.39723 0.07373 -0.91475
vn 0.68628 0.09463 0.72115
vn 0.4884 0.60062 0.63303
vn 0.26952 0.47319 0.83872
vn 0.30794 0.3924 0.86671
vn -0.93799 -0.31513 -0.14446
vn -0.8924 -0.44836 -0.05088
vn -0.8181 -0.29694 -0.49248
vn 0.38109 0.10345 -0.91873
vn 0.36387 0.0799 -0.92802
vn 0.31605 0.13824 -0.93862
vn -0.4215 0.13419 -0.89684
vn -0.1148 0.04079 -0.99255
vn -0.38356 -0.04508 -0.92241
vn -0.30638 -0.9404 0.14757
vn -0.26522 -0.96376 0.02877
vn -0.68588 0.69507 0.21552
vn -0.50197 0.68051 0.5338
vn -0.63988 0.61771 0.45716
vn -0.91424 0.36214 -0.1817
vn -0.94655 0.30947 -0.09097
vn -0.91264 0.39369 -0.11001
vn 0.93217 0.15826 -0.32559
vn 0.9939 -0.10273 0.0402
vn 0.96058 -0.01136 -0.27777
vn 0.168 0.91281 -0.37223
vn 0.45551 0.73176 -0.50698
vn -0.58462 -0.75209 0.30427
vn -0.54136 -0.77084 0.33574
vn 0.1716 0.48946 -0.85497
vn -0.07608 0.70222 -0.70789
vn -0.13454 0.89052 -0.4346
vn -0.04171 0.72141 -0.69125
vn 0.06818 0.991 -0.11519
vn 0.18691 0.97897 -0.08173
vn 0.08687 0.94284 -0.32172
vn 0.96484 0.16244 0.20665
vn -0.66493 0.54897 0.50646
vn -0.62925 -0.30331 0.71557
vn -0.29412 0.05925 0.95393
vn -0.01322 0.37491 -0.92697
vn -0.00437 0.37765 -0.92594
vn 0.06465 0.52321 -0.84975
vn 0.2685 -0.94344 0.1945
vn 0.88754 -0.00106 0.46073
vn -0.05482 -0.99844 -0.01009
vn 0.22789 0.83796 0.49587
vn 0.54779 0.64612 0.53147
vn 0.34761 0.87334 0.34125
vn 0.22696 0.69795 0.67923
vn 0.25601 -0.35339 0.89976
vn 0.17153 -0.15059 0.9736
vn 0.31736 -0.15934 0.93482
vn 0.54713 -0.32971 0.76937
vn -0.13779 0.25225 0.9578
vn -0.00152 0.10665 0.9943
vn 0.09155 0.08743 0.99195
vn -0.59293 -0.70599 -0.38732
vn -0.37063 -0.8916 -0.26017
vn -0.42276 -0.74611 -0.51439
vn -0.24067 -0.90247 -0.35724
vn -0.84588 -0.31632 0.42945
vn -0.81835 -0.35972 0.44823
vn -0.74122 -0.33898 0.57938
vn 0.9197 0.35248 -0.17291
vn 0.36553 0.32595 -0.87186
vn 0.60646 -0.76194 -0.22727
vn 0.32978 -0.9189 -0.21651
vn -0.58509 0.80986 -0.04247
vn -0.43722 0.17137 -0.88288
vn -0.62375 0.12632 -0.77135
vn -0.67146 -0.40175 -0.62269
vn -0.7973 -0.60265 0.03355
vn -0.25084 -0.96425 0.08542
vn -0.69487 -0.58131 0.42336
vn -0.06022 -0.0522 -0.99682
vn -0.24745 0.11821 -0.96166
vn 0.74552 0.63146 0.21321
vn 0.92763 0.31865 0.19484
vn 0.75711 0.01877 0.65302
vn 0.85295 -0.06265 0.51823
vn 0.87532 -0.16295 0.45526
vn 0.18945 0.40376 0.89503
vn 0.38889 0.2989 0.87145
vn 0.56801 0.08114 0.81902
vn 0.02475 0.54192 0.84006
vn 0.44913 0.36018 0.81765
vn -0.73963 0.29096 -0.60687
vn -0.59807 -0.15916 -0.78549
vn 0.2004 0.84599 -0.49411
vn 0.29726 0.8169 -0.49428
vn 0.47957 0.09882 -0.87192
vn 0.43322 -0.08665 -0.89711
vn 0.25033 -0.23404 0.93945
vn 0.61004 -0.5926 -0.526
vn 0.89317 -0.23544 -0.38316
vn 0.996 -0.01464 0.0881
vn 0.32686 -0.44169 -0.8355
vn -0.74926 -0.61573 0.24391
vn -0.62877 -0.73869 0.24289
vn -0.26721 -0.91211 0.31088
vn -0.25621 -0.94473 0.20457
vn -0.4563 -0.22673 -0.86046
vn -0.32859 0.05136 -0.94308
vn -0.47175 -0.3611 -0.8044
vn -0.3811 -0.29822 -0.87512
vn -0.82174 0.35062 0.44923
vn -0.70766 0.46904 0.52841
vn -0.58731 0.58726 0.55694
vn 0.52458 0.82555 0.20803
vn 0.19788 0.97723 0.07658
vn -0.04893 -0.04741 0.99768
vn -0.10837 -0.19375 0.97505
vn -0.97172 -0.16242 0.17142
vn -0.05111 0.61667 -0.78556
vn -0.04751 -0.99875 0.0158
vn -0.86787 -0.25613 -0.42567
vn 0.39354 -0.20383 -0.89643
vn 0.28048 -0.22258 -0.9337
vn 0.30491 -0.23338 -0.92334
vn 0.25167 -0.16175 -0.9542
vn -0.02549 0.52833 0.84866
vn -0.1788 0.57984 0.79487
vn 0.01476 0.51529 0.85689
vn -0.03687 -0.99727 0.06396
vn 0.02744 -0.97327 0.22803
vn 0.00326 -0.9999 -0.01364
vn -0.22425 -0.84278 0.48932
vn -0.75451 -0.41514 -0.5083
vn 0.79196 -0.34328 0.50493
vn 0.12876 -0.26564 -0.95543
vn 0.06411 0.16463 0.98427
vn -0.30867 0.78321 -0.53973
vn -0.91489 -0.28561 -0.28531
vn -0.91994 -0.29551 -0.25764
vn 0.3113 0.81155 -0.49445
vn 0.36594 0.63114 -0.68392
vn 0.19707 0.72733 -0.65739
vn 0.39692 0.79322 -0.4618
vn 0.33768 0.71405 -0.61327
vn -0.1628 0.76679 0.6209
vn -0.07379 0.77989 0.62155
vn -0.9783 0.20093 -0.05066
vn -0.90507 0.3829 -0.18502
vn -0.94682 0.3129 -0.07495
vn -0.85179 0.52365 -0.0157
vn -0.90682 0.40704 -0.10955
vn 0.83803 0.10476 0.53548
vn 0.65136 -0.2844 0.70345
vn 0.63096 -0.26859 0.72784
vn 0.79375 0.00988 -0.60816
vn 0.52334 -0.75911 -0.38714
vn 0.39575 -0.85488 -0.33549
vn -0.56033 -0.22 -0.79852
vn -0.91786 -0.10885 -0.38169
vn -0.31009 -0.85275 0.42032
vn 0.76957 -0.56542 -0.29674
vn -0.38095 -0.29546 -0.87611
vn -0.20624 -0.45837 -0.8645
vn 0.21632 -0.13809 -0.96651
vn 0.15494 -0.15739 -0.97531
vn 0.20688 -0.20404 -0.95685
vn 0.15837 -0.35033 -0.92314
vn -0.03848 -0.44602 -0.8942
vn 0.55758 0.36247 0.74681
vn -0.02574 -0.99955 0.01547
vn 0.38424 -0.91544 0.11969
vn -0.77574 -0.06318 0.62788
vn -0.81894 -0.1857 0.54301
vn -0.97743 -0.03046 -0.20903
vn -0.93678 -0.21838 -0.2734
vn -0.33337 0.15808 -0.92945
vn -0.40806 0.28382 -0.86772
vn -0.44893 0.19103 -0.87291
vn -0.92327 0.2406 0.29947
vn -0.79245 0.16512 0.58717
vn -0.45986 -0.88514 -0.07108
vn -0.95317 0.30241 -0.00421
vn 0.79483 -0.53563 0.28521
vn 0.5121 -0.50735 0.69307
vn 0.59881 -0.48773 0.63525
vn 0.60755 -0.13857 -0.7821
vn -0.13902 0.35091 0.92603
vn 0.0081 0.30212 0.95323
vn -0.13757 0.46816 0.87287
vn -0.80512 0.5109 0.30128
vn -0.88129 0.40103 0.25002
vn 0.73985 -0.40895 0.5342
vn 0.70872 -0.59179 0.38406
vn 0.00744 -0.99947 0.03175
vn -0.26041 -0.15352 0.95321
vn 0.10488 -0.23959 0.96519
vn -0.80065 0.31832 0.50757
vn -0.62456 0.514 -0.58798
vn -0.95385 0.14924 -0.26058
vn -0.09432 0.11291 0.98912
vn -0.23666 0.28112 0.93003
vn -0.16842 0.42291 0.89038
vn 0.02334 -0.99935 -0.02758
vn -0.0089 -0.99946 -0.03157
vn 0.14913 0.97472 0.16636
vn -0.11506 0.99151 0.06066
vn 0.08465 0.99533 -0.0465
vn -0.79765 -0.28377 -0.53219
vn 0.12212 0.10973 0.98643
vn 0.5403 0.35593 0.76249
vn -0.91649 -0.1531 -0.3696
vn -0.52052 -0.68075 -0.5154
vn -0.69102 -0.58706 -0.42173
vn -0.90553 0.07218 -0.41811
vn -0.87324 0.05994 -0.48359
vn -0.89682 0.20037 -0.39442
vn 0.38695 -0.39635 -0.83257
vn 0.25694 -0.3308 -0.90805
vn 0.76739 -0.18345 -0.61437
vn 0.7855 -0.0136 -0.61871
vn -0.34778 -0.44227 0.82671
vn 0.65257 0.0376 -0.75679
vn 0.61142 -0.02551 -0.7909
vn -0.4428 0.76148 0.47337
vn -0.69149 0.3175 -0.64888
vn -0.09353 -0.26797 0.95888
vn -0.97464 0.12588 -0.18499
vn -0.14928 -0.56554 0.8111
vn -0.30519 -0.70692 0.63807
vn -0.17866 -0.66186 0.72803
vn 0.46661 -0.22039 0.85656
vn -0.11279 0.7696 0.62848
vn -0.0694 0.90857 0.41194
vn 0.20406 0.83474 0.51144
vn 0.93327 0.30469 0.19019
vn 0.98558 0.11983 0.11948
vn 0.85542 0.42624 0.29424
vn -0.47161 -0.15375 -0.8683
vn -0.05553 -0.99845 0.00284
vn 0.35912 -0.59794 0.71659
vn 0.53241 -0.68119 0.50252
vn 0.4557 -0.72402 0.51781
vn 0.40999 -0.77273 0.48455
vn -0.47051 -0.57607 -0.6684
vn -0.44791 -0.55636 0.69989
vn -0.40834 -0.41651 0.81227
vn 0.16761 -0.59968 0.78249
vn -0.11406 -0.67787 0.72628
vn -0.20502 0.57989 0.78847
vn -0.92845 0.27331 -0.25157
vn -0.37434 -0.37357 0.84872
vn -0.32846 -0.21536 0.91964
vn -0.80828 0.21655 -0.54754
vn -0.87262 0.36283 -0.32693
vn -0.50068 -0.65753 -0.563
vn 0.30677 0.00364 -0.95178
vn 0.30593 -0.22702 -0.92459
vn 0.21869 -0.03922 -0.97501
vn 0.92801 0.07843 -0.36421
vn 0.69856 -0.1207 -0.7053
vn -0.71893 0.61031 -0.33265
vn 0.03079 -0.21496 0.97614
vn 0.72888 0.67548 0.11163
vn 0.79866 0.56198 0.21523
vn -0.50208 0.7942 0.34229
vn -0.06713 0.9288 0.36444
vn -0.56421 0.76027 0.32195
vn -0.45906 -0.877 0.14188
vn 0.00205 0.493 -0.87002
vn 0.28936 -0.95547 0.05786
vn 0.31142 -0.90117 0.30151
vn 0.10414 0.77952 -0.61766
vn 0.38192 -0.39419 -0.83591
vn -0.32058 -0.20449 -0.92488
vn -0.26079 0.03418 -0.96479
vn -0.14347 -0.11828 0.98256
vn 0.61156 0.6369 -0.46941
vn 0.9232 0.26061 -0.28247
vn -0.97585 0.20857 -0.06491
vn -0.99712 -0.05533 -0.05191
vn -0.93357 -0.31857 -0.16418
vn -0.99917 -0.00722 -0.04002
vn -0.92588 -0.19286 -0.32488
vn -0.00264 0.99966 -0.02605
vn 0.13306 0.99097 0.01671
vn 0.59967 -0.17574 0.78071
vn 0.81623 -0.04007 0.57634
vn 0.71026 -0.20549 0.67328
vn -0.68002 0.65161 -0.33612
vn -0.12512 0.43539 0.8915
vn -0.08055 -0.84747 0.52469
vn -0.74229 0.1621 0.65018
vn -0.74684 -0.48412 0.45592
vn 0.62424 -0.78041 0.03581
vn 0.58271 -0.2242 0.78114
vn -0.23804 0.24246 0.94051
vn -0.62371 0.36683 0.69023
vn -0.3959 0.38193 -0.8351
vn -0.62023 -0.08718 -0.77956
vn -0.31714 0.66671 -0.67447
vn -0.64179 0.57434 -0.50817
vn 0.11313 -0.06713 -0.99131
vn -0.93401 -0.29135 0.20673
vn -0.97477 0.22323 -0.00054
vn -0.98277 0.09063 0.16112
vn 0.71455 -0.1312 0.68717
vn 0.23003 -0.00463 -0.97317
vn 0.11781 0.81564 0.56644
vn 0.31068 0.62123 0.71941
vn 0.18944 0.67944 0.70886
vn 0.75416 0.64596 -0.11825
vn -0.03307 0.46085 0.88686
vn 0.08808 0.23483 0.96804
vn 0.03934 0.52781 0.84845
vn -0.94873 -0.02638 -0.31498
vn -0.22679 0.78426 0.5775
vn -0.32148 0.86031 0.39564
vn -0.4484 0.75494 0.47855
vn -0.24886 0.89342 0.374
vn 0.66317 -0.27903 -0.69451
vn -0.28356 0.95817 -0.03879
vn 0.84858 -0.0349 0.52792
vn -0.6626 -0.4484 -0.59992
vn -0.20289 0.69018 0.69461
vn -0.75631 0.29528 0.58378
vn 0.30363 -0.95245 0.02529
vn 0.03816 -0.99923 -0.00883
vn 0.25558 -0.04697 -0.96565
vn -0.68267 -0.10922 0.72252
vn -0.79553 0.10821 0.59617
vn -0.61472 -0.76351 0.19792
vn -0.97053 -0.17675 -0.16378
vn 0.3352 0.87106 -0.35903
vn -0.35622 -0.84756 0.39338
vn -0.36676 -0.8743 0.31794
vn -0.31491 -0.89375 0.31944
vn 0.63489 0.57571 -0.51524
vn 0.76373 0.51509 -0.38909
vn 0.65499 0.48992 -0.57529
vn -0.28441 0.88251 0.37454
vn 0.11379 0.91382 0.38986
vn -0.79785 -0.54592 -0.25575
vn 0.69465 -0.65838 -0.28982
vn 0.2938 -0.11624 0.94877
vn 0.07778 -0.26916 0.95995
vn -0.257 -0.96463 -0.05861
vn -0.50731 -0.7331 -0.45299
vn -0.30903 -0.68586 -0.65886
vn -0.72645 -0.36073 -0.58494
vn 0.44172 0.40857 -0.79872
vn 0.32626 0.5921 -0.73686
vn 0.32777 0.51681 -0.79087
vn 0.61883 0.22063 0.75391
vn 0.59324 0.03217 0.80439
vn 0.50316 0.20481 0.83957
vn -0.54823 -0.48487 -0.68143
vn 0.03403 -0.3453 -0.93787
vn -0.34611 -0.93454 -0.08268
vn -0.29216 -0.94011 -0.17562
vn 0.08117 0.01913 -0.99652
vn -0.50011 -0.33 -0.80062
vn -0.50239 -0.34785 -0.79158
vn -0.83437 -0.4552 0.31084
vn -0.93291 -0.33654 0.12813
vn -0.93868 -0.32942 0.10179
vn -0.14497 -0.3317 -0.93218
vn -0.24628 -0.25385 -0.93536
vn -0.1514 -0.34718 -0.9255
vn -0.15622 -0.4143 -0.89663
vn 0.02037 0.34596 -0.93803
vn 0.11142 0.754 -0.64736
vn 0.01981 0.90878 -0.41681
vn 0.14587 0.88344 -0.44527
vn 0.61031 -0.7729 0.17361
vn 0.51066 -0.83195 0.21698
vn -0.62956 -0.76955 -0.10697
vn -0.92216 -0.37247 -0.1043
vn -0.83754 0.26383 -0.47846
vn -0.79625 0.22867 -0.56008
vn -0.39989 -0.3904 -0.82926
vn -0.39604 0.18604 -0.89919
vn -0.30719 0.09647 -0.94674
vn -0.27928 0.06296 -0.95814
vn 0.0551 -0.2228 -0.97331
vn 0.09639 -0.43497 -0.89527
vn 0.09219 -0.4294 -0.8984
vn -0.30497 0.67374 0.6731
vn -0.27546 0.64208 0.71544
vn 0.14442 0.81684 -0.55849
vn -0.02459 0.77931 -0.62616
vn -0.22066 0.9672 -0.12585
vn -0.16326 0.98431 -0.06685
vn -0.97467 0.19623 0.10731
vn 0.2659 0.35031 0.8981
vn 0.23804 0.50403 0.83023
vn -0.145 0.26642 -0.95289
vn -0.27477 0.30164 -0.91297
vn -0.23345 0.49983 -0.83407
vn -0.72835 0.67664 0.108
vn -0.94029 0.31972 0.11674
vn 0.1847 -0.23719 -0.95374
vn 0.22502 -0.1253 -0.96627
vn 0.07342 -0.9929 0.0936
vn 0.11034 -0.97319 0.20182
vn -0.24588 -0.94718 0.20591
vn -0.88637 0.07716 -0.45651
vn -0.84686 -0.10143 -0.52205
vn -0.76935 -0.59275 0.2382
vn -0.79369 -0.55528 0.24844
vn -0.8158 -0.54435 0.19533
vn -0.87057 0.12702 -0.47537
vn -0.77365 0.20143 -0.60074
vn -0.79623 0.15878 -0.58378
vn -0.31045 0.33617 -0.88916
vn -0.18054 0.42223 -0.88833
vn -0.91205 -0.04721 -0.40736
vn -0.35461 -0.47448 -0.80568
vn -0.40822 0.07272 -0.90998
vn 0.25374 -0.03033 0.9668
vn 0.32006 0.17984 0.93017
vn -0.17751 0.34013 0.92347
vn -0.05632 -0.91042 0.40983
vn 0.08315 -0.82564 -0.55804
vn 0.12984 -0.99145 0.01264
vn 0.0031 -0.99951 -0.03122
vn 0.17854 -0.98227 0.05725
vn -0.32228 -0.31339 0.89326
vn -0.44132 -0.34896 0.82672
vn 0.42953 0.37376 0.82207
vn -0.7815 -0.1212 -0.61203
vn -0.89354 -0.12463 -0.43133
vn -0.51467 -0.37596 -0.77056
vn -0.38307 -0.36417 -0.8489
vn 0.48265 -0.84634 -0.22528
vn -0.52377 -0.85183 -0.0076
vn -0.15184 -0.98837 -0.00821
vn -0.395 -0.90945 0.12991
vn 0.47703 -0.758 0.44483
vn 0.48233 -0.47714 0.73464
vn 0.42932 -0.89462 0.12385
vn 0.10165 -0.34011 -0.93488
vn 0.09885 -0.35771 -0.92859
vn 0.00894 -0.74014 0.6724
vn 0.1006 -0.84354 0.52757
vn 0.20947 0.81268 0.54376
vn -0.6114 0.54836 0.57053
vn -0.44403 0.63595 0.6312
vn -0.52388 0.64447 0.55697
vn -0.73587 -0.6076 -0.29886
vn -0.87673 -0.40409 -0.26086
vn 0.21079 0.46711 0.8587
vn 0.19435 0.51116 0.83722
vn -0.05999 -0.09691 0.99348
vn 0.14031 -0.21042 0.96749
vn 0.34381 -0.90423 -0.2533
vn 0.08311 -0.96822 -0.23589
vn -0.61465 0.00759 -0.78877
vn -0.08642 -0.15709 -0.98379
vn 0.11657 0.94993 0.28991
vn -0.86124 0.29187 0.41604
vn -0.81007 0.03824 0.58509
vn 0.24595 0.32863 -0.91187
vn 0.18552 0.56224 -0.80589
vn 0.64251 -0.50785 -0.57382
vn -0.16445 -0.5826 0.79594
vn -0.42686 -0.42996 -0.79557
vn 0.22585 -0.1844 0.95655
vn 0.17432 0.81085 0.55869
vn -0.0889 0.78891 0.60804
vn 0.87114 0.04789 0.4887
vn 0.77368 0.26987 0.57323
vn 0.78412 0.50879 -0.35537
vn 0.8211 0.52669 -0.21999
vn 0.80217 0.50349 -0.32098
vn 0.06214 0.16645 -0.98409
vn -0.50896 -0.00647 0.86077
vn 0.46881 0.56129 -0.68204
vn 0.85419 -0.01219 -0.51982
vn 0.86775 0.08219 -0.49016
vn -0.71776 0.32091 -0.61793
vn -0.70896 0.47387 -0.52232
vn -0.06887 -0.41265 -0.90828
vn 0.0728 -0.94004 0.33319
vn 0.22055 -0.45157 0.86455
vn -0.06899 -0.54431 -0.83604
vn 0.47232 -0.02199 -0.88115
vn 0.27344 0.6356 0.72197
vn 0.48807 0.02978 0.8723
vn 0.67533 0.01105 0.73743
vn 0.65569 -0.03713 0.75411
vn 0.93611 -0.33207 -0.11588
vn 0.96625 -0.23321 -0.10944
vn 0.52771 0.84937 -0.00969
vn 0.22172 0.95646 -0.18982
vn -0.85439 0.4156 0.31193
vn -0.89235 -0.44707 0.06201
vn -0.96683 -0.22683 -0.11742
vn -0.6751 -0.45562 0.58022
vn -0.77244 -0.22519 0.59383
vn -0.68015 0.07205 0.72953
vn 0.21625 0.09552 0.97165
vn -0.2416 -0.23237 -0.94214
vn 0.46127 0.80191 0.3797
vn -0.5976 0.74165 -0.30467
vn -0.39923 0.89854 -0.18232
vn -0.61343 0.68212 -0.39801
vn 0.56855 0.23077 -0.78962
vn 0.52485 0.28181 -0.80319
vn -0.94828 0.10672 -0.29896
vn 0.23486 0.36206 -0.90208
vn -0.80129 0.50932 -0.31391
vn 0.33376 -0.3905 0.85797
vn 0.77657 -0.292 0.55827
vn 0.62981 -0.2074 0.74855
vn 0.6482 -0.42285 0.63328
vn -0.53658 0.73257 0.41884
vn -0.25925 -0.5592 -0.78746
vn -0.24453 -0.70681 -0.6638
vn -0.04467 -0.73598 -0.67553
vn -0.89255 0.0175 -0.45062
vn -0.33554 0.85149 0.40295
vn 0.5201 0.45483 0.72293
vn 0.77901 0.30314 0.54886
vn -0.03231 -0.04112 0.99863
vn -0.26858 -0.11142 0.95679
vn -0.23565 0.04526 0.97078
vn -0.73932 0.39564 -0.54486
vn 0.146 0.54246 0.8273
vn 0.05124 0.6031 0.79602
vn 0.06922 0.61876 0.78252
vn -0.41902 0.38188 0.82377
vn -0.37789 0.69211 0.61497
vn -0.33606 0.3928 0.85602
vn -0.55441 0.70439 0.44325
vn 0.21205 0.5486 -0.80874
vn -0.05087 0.55317 -0.83151
vn -0.20381 0.37351 -0.90496
vn -0.19169 0.13486 -0.97215
vn 0.09463 0.17705 -0.97964
vn -0.3175 0.41443 -0.8529
vn -0.96469 -0.21979 0.14517
vn 0.47428 0.16943 0.86392
vn 0.13491 -0.26377 0.9551
vn 0.13439 -0.22382 0.96532
vn -0.93821 0.2897 0.18933
vn -0.51639 0.76656 0.38176
vn -0.1251 0.90355 0.40982
vn -0.61569 0.69955 0.3627
vn -0.06652 -0.34145 -0.93754
vn 0.16408 -0.13481 -0.97719
vn 0.89979 0.35004 0.26047
vn -0.30668 0.01109 0.95175
vn -0.14832 -0.0405 0.98811
vn -0.65191 0.72052 0.23636
vn -0.98111 0.00789 0.19331
vn -0.99939 -0.02126 0.02766
vn 0.25155 -0.91422 -0.31769
vn 0.19693 -0.9618 -0.19017
vn -0.85171 0.30066 -0.42918
vn 0.7023 0.0723 0.7082
vn 0.66374 0.07475 0.74421
vn 0.53004 0.09888 0.84219
vn 0.03087 0.90322 0.42807
vn -0.17774 0.98024 -0.08685
vn -0.13199 0.99088 -0.02718
vn -0.05139 0.98674 -0.15393
vn 0.25729 0.6217 0.73979
vn 0.3307 0.63933 0.69419
vn -0.23287 0.82148 0.52053
vn 0.04769 0.30788 0.95023
vn -0.18661 0.016 -0.9823
vn 0.09821 -0.99498 0.01931
vn -0.05614 -0.99756 -0.04153
vn -0.37868 0.02597 -0.92516
vn -0.91299 0.0018 -0.40799
vn -0.95911 -0.13541 -0.24854
vn -0.13347 0.27666 -0.95165
vn -0.51823 -0.56006 -0.64635
vn -0.94166 0.31004 0.13094
vn 0.13765 -0.22997 0.96342
vn -0.43587 0.51515 0.738
vn -0.86571 -0.26388 -0.42535
vn -0.10546 0.47185 -0.87535
vn 0.01319 0.28358 -0.95886
vn -0.18163 0.70145 -0.68919
vn -0.6677 -0.65684 -0.35034
vn -0.47432 -0.73427 -0.48566
vn -0.43111 -0.74186 -0.51361
vn 0.33168 0.14206 -0.93263
vn -0.10229 0.82194 0.56031
vn -0.33311 -0.3134 -0.88928
vn -0.48325 -0.49017 -0.7254
vn -0.86037 0.05026 -0.50719
vn -0.62353 0.6119 -0.4866
vn 0.86539 0.09053 0.49285
vn -0.97974 0.15047 -0.13214
vn -0.97426 -0.09723 -0.20336
vn -0.98578 0.04917 -0.1607
vn -0.9234 -0.35187 -0.15337
vn -0.99589 -0.085 0.03131
vn -0.12128 0.98541 0.11939
vn 0.1347 0.08558 0.98719
vn 0.46877 0.45379 -0.75784
vn 0.19441 -0.09159 0.97663
vn -0.53336 0.42294 -0.73256
vn -0.57006 0.19879 -0.79719
vn 0.98996 0.03272 -0.13749
vn 0.99878 0.0492 0.00434
vn 0.99024 0.09832 -0.09879
vn 0.33992 0.3249 0.88255
vn 0.41546 -0.75978 0.50012
vn 0.45472 -0.69354 0.55878
vn 0.39711 -0.65554 0.64231
vn -0.01433 -0.63562 -0.77187
vn 0.10601 -0.72858 -0.67671
vn 0.27186 0.75437 -0.59751
vn 0.22202 0.59434 -0.77297
vn -0.54002 -0.1062 0.83492
vn -0.42449 -0.20799 0.88122
vn -0.03939 0.08302 0.99577
vn 0.20367 -0.50145 -0.84087
vn 0.97104 -0.19921 0.13187
vn -0.95637 0.20097 -0.21207
vn -0.93668 0.12254 -0.32805
vn 0.31377 -0.16979 0.93419
vn 0.47209 -0.36097 0.80426
vn 0.11497 0.32967 0.93707
vn 0.88123 0.46139 -0.10273
vn 0.28538 -0.5952 -0.75119
vn 0.02268 -0.64818 -0.76115
vn -0.50384 0.84175 -0.1939
vn -0.71396 0.4223 -0.5585
vn 0.22053 0.9721 -0.07993
vn 0.06123 0.9707 -0.23234
vn 0.00845 0.6372 0.77065
vn 0.14939 0.34696 0.9259
vn -0.75472 0.58121 0.30431
vn 0.25261 0.84702 0.4677
vn 0.46934 -0.78343 -0.40739
vn 0.86466 -0.49751 0.06967
vn -0.41481 0.74265 0.52575
vn -0.77031 0.224 0.59704
vn -0.84245 0.11325 0.52674
vn 0.11799 -0.54311 -0.83133
vn 0.11264 -0.73215 -0.67177
vn -0.47528 0.46001 0.75
vn -0.10381 0.69569 0.7108
vn -0.49412 -0.22315 0.84027
vn 0.77883 -0.29946 0.55113
vn 0.06047 0.28877 0.95549
vn -0.59381 -0.77962 -0.19896
vn -0.70689 -0.69573 -0.1275
vn -0.13601 0.73571 -0.6635
vn -0.03077 0.83018 -0.55664
vn 0.13095 -0.62831 0.76687
vn 0.44758 -0.78826 0.42227
vn 0.28912 -0.94405 0.15866
vn 0.1255 -0.73056 0.67122
vn 0.64448 -0.1431 0.75111
vn 0.70843 0.66793 0.22802
vn 0.37832 0.8598 0.34295
vn -0.02497 -0.99919 -0.03145
vn -0.57751 0.30875 -0.75575
vn -0.57569 -0.28526 -0.76629
vn -0.59715 -0.39624 -0.69743
vn 0.25642 0.70128 -0.66517
vn -0.59977 0.63272 -0.48984
vn -0.91522 0.24934 0.31655
vn -0.91231 0.29397 0.2851
vn 0.73047 -0.65281 -0.20061
vn 0.8622 -0.14885 -0.48421
vn 0.74591 0.08718 -0.66032
vn 0.85364 0.05142 -0.51832
vn 0.23588 -0.53524 0.8111
vn 0.29627 -0.1697 0.93991
vn 0.14702 0.05619 0.98754
vn 0.76963 0.33814 0.5416
vn 0.78648 0.34819 0.51011
vn 0.83231 0.25032 0.49457
vn 0.72864 0.37092 0.57577
vn 0.06238 0.69853 -0.71285
vn 5E-05 0.88356 -0.46832
vn 0.32573 0.31708 -0.89071
vn -0.72509 -0.63357 0.26988
vn -0.35325 0.0517 0.9341
vn -0.41471 0.2286 0.88077
vn -0.05224 0.24928 -0.96702
vn -0.09109 0.18852 -0.97784
vn -0.06779 0.34813 -0.93499
vn 0.87559 0.35489 0.3277
vn 0.83813 -0.01842 0.54516
vn 0.07326 0.67751 -0.73186
vn -0.5859 0.22734 0.77784
vn -0.58035 0.06769 -0.81155
vn -0.22954 -0.46834 0.85321
vn -0.21802 0.48974 0.84417
vn -0.95155 -0.29379 -0.09079
vn -0.25246 -0.24336 0.9365
vn 0.12941 -0.30634 0.94308
vn -0.54365 -0.54831 -0.63545
vn 0.98326 0.14315 0.11275
vn 0.99483 -0.00034 0.10152
vn 0.92847 0.25429 0.27069
vn -0.95711 0.03504 -0.28759
vn -0.97568 -0.13264 -0.17454
vn -0.97669 0.00409 -0.21463
vn -0.04424 0.05729 0.99738
vn -0.05411 0.11077 0.99237
vn -0.71493 -0.32615 -0.61847
vn -0.72095 0.18452 -0.66797
vn -0.7123 -0.64036 -0.28734
vn 0.71081 -0.34152 -0.61491
vn 0.93908 -0.31512 -0.13722
vn -0.34058 -0.5808 -0.73938
vn -0.28081 -0.58288 -0.7625
vn -0.21637 -0.37929 -0.89962
vn 0.46582 0.03665 0.88412
vn 0.15944 0.10254 0.98187
vn -0.07888 0.28476 0.95535
vn -0.97532 -0.19464 -0.1042
vn -0.99702 0.03176 -0.07033
vn -0.88428 -0.42407 -0.19551
vn 0.82997 -0.53733 -0.14978
vn 0.69051 -0.33352 -0.64184
vn -0.48524 0.39684 -0.77914
vn 0.53078 -0.78276 0.32491
vn -0.85675 0.22266 0.46518
vn -0.70345 0.20416 0.68079
vn -0.666 -0.64358 -0.37715
vn -0.45807 -0.88891 0.00292
vn -0.2871 -0.95378 -0.08875
vn -0.38898 -0.91419 0.1138
vn 0.28134 0.2478 -0.92706
vn 0.33571 0.24145 -0.91049
vn 0.28141 0.27387 -0.91967
vn 0.38675 0.59036 -0.70845
vn 0.39134 0.45569 -0.7995
vn 0.7064 -0.60565 -0.36633
vn -0.15946 -0.48484 0.85994
vn 0.18448 0.05671 0.9812
vn 0.38167 0.06426 0.92206
vn 0.34013 -0.47857 -0.8095
vn 0.40133 -0.07462 -0.91289
vn 0.14784 0.80825 0.56999
vn 0.3286 -0.37255 0.86789
vn -0.36311 -0.87141 -0.32983
vn 0.66891 0.34915 0.65624
vn 0.45681 -0.18294 0.87055
vn 0.70076 -0.68255 -0.20751
vn -0.86964 -0.11154 -0.48092
vn -0.26806 0.3469 -0.89878
vn 0.14365 -0.6108 -0.77864
vn -0.13604 0.56205 -0.81584
vn 0.36014 0.70045 0.61617
vn 0.32019 0.8219 0.47112
vn 0.38364 0.79877 0.46345
vn 0.55457 -0.00271 0.83213
vn 0.61196 -0.27211 0.7426
vn 0.57323 -0.13434 0.80831
vn 0.14823 0.655 0.74094
vn -0.39484 0.68347 0.61398
vn -0.29888 0.61579 0.72902
vn -0.67446 0.65445 0.34177
vn 0.56736 -0.04749 0.8221
vn 0.72508 -0.06597 0.6855
vn -0.1506 0.35726 0.92178
vn 0.11536 0.84446 0.52305
vn -0.14863 0.21116 -0.96609
vn -0.20259 0.205 -0.95757
vn -0.23141 0.39604 -0.8886
vn -0.49335 -0.15568 0.85579
vn 0.88659 0.43974 0.14348
vn 0.95974 0.27498 0.05731
vn 0.89642 0.43225 0.0979
vn -0.00925 0.28966 -0.95709
vn -0.04283 0.11991 0.99186
vn -0.22909 0.31148 0.92223
vn -0.94422 0.30671 0.11989
vn 0.8775 0.38722 0.28294
vn 0.45891 0.31931 0.82912
vn -0.08256 0.9726 0.21733
vn -0.7237 -0.68857 -0.04623
vn -0.70261 -0.68604 -0.1889
vn 0.75244 -0.00956 0.65859
vn 0.4476 0.48456 -0.75157
vn 0.35322 0.51184 -0.7831
vn -0.90736 -0.29536 -0.2991
vn 0.82714 0.56191 0.00989
vn 0.23728 -0.03654 0.97075
vn 0.33212 -0.13679 0.93326
vn 0.20702 0.9775 -0.04043
vn 0.24997 0.93937 -0.23473
vn -0.52469 -0.45859 -0.71722
vn 0.88595 0.45602 0.08447
vn 0.83478 0.55033 0.01698
vn 0.87588 0.43051 0.21793
vn 0.82889 0.51052 0.22873
vn 0.89134 0.36026 0.27518
vn -0.80708 -0.37787 -0.4537
vn -0.06229 -0.30374 0.95072
vn 0.08686 -0.47401 0.87622
vn 0.03742 0.22248 0.97422
vn -0.01005 0.116 0.9932
vn 0.52844 0.4069 -0.74511
vn 0.45856 0.64451 -0.61183
vn 0.51249 0.15463 -0.84465
vn 0.48721 0.15051 -0.86022
vn 0.45073 0.24784 -0.85756
vn 0.57735 0.5609 -0.59335
vn 0.22967 -0.5766 -0.78408
vn 0.12683 -0.75759 -0.64029
vn 0.93026 0.36666 -0.01311
vn 0.12573 -0.12697 -0.98391
vn -0.08318 0.45513 0.88653
vn 0.2783 0.40758 -0.86973
vn 0.15874 0.22479 0.96139
vn 0.22112 -0.08324 0.97169
vn 0.23641 0.50117 -0.83243
vn 0.5586 -0.53288 -0.63561
vn 0.45916 0.7402 0.49119
vn 0.77645 0.3879 0.49664
vn -0.20825 0.9634 -0.1688
vn -0.14431 0.97374 -0.17609
vn -0.16215 0.94681 -0.27796
vn -0.50192 -0.8628 -0.06051
vn -0.60543 -0.79498 -0.03805
vn -0.6623 -0.68256 0.30897
vn 0.44859 -0.88688 0.11047
vn -0.18689 0.26437 -0.94614
vn -0.05176 0.01606 -0.99853
vn -0.15401 0.08816 -0.98413
vn 0.67402 0.29378 0.67778
vn 0.23849 -0.94837 -0.2091
vn 0.15672 -0.07716 -0.98462
vn 0.70563 -0.64847 0.28561
vn -0.46206 0.3532 -0.81348
vn -0.47873 -0.02939 -0.87747
vn 0.36148 0.17949 0.91494
vn 0.50244 -0.12723 0.8552
vn 0.45502 0.37005 0.80995
vn -0.64815 -0.58488 -0.48767
vn -0.04455 -0.89494 -0.44396
vn -0.4164 -0.24946 -0.87429
vn -0.06938 -0.77977 -0.62221
vn 0.0013 -0.3508 -0.93645
vn -0.09227 0.83442 0.54335
vn 0.81828 -0.4951 -0.29204
vn 0.92883 0.14889 0.33928
vn 0.87728 0.08439 0.4725
vn -0.09704 -0.30481 0.94746
vn 0.27322 0.27907 0.92058
vn 0.43812 0.26325 0.85951
vn -0.51491 0.01201 -0.85716
vn -0.04723 -0.97781 0.20409
vn 0.15077 0.10327 0.98316
vn 0.12801 -0.12842 0.98342
vn -0.70515 0.29606 -0.64429
vn 0.82332 0.14776 0.548
vn -0.88622 0.45977 -0.05682
vn -0.19811 -0.76661 0.61079
vn 0.96281 0.24148 0.12118
vn 0.79687 0.56 0.2267
vn 0.8653 0.40784 0.2914
vn 0.74037 0.58211 0.33616
vn 0.0529 0.17972 -0.98229
vn -0.06746 0.01867 -0.99755
vn 0.00893 0.15577 -0.98775
vn -0.1778 -0.97326 0.14545
vn -0.01323 -0.99931 0.03486
vn -0.96986 -0.17546 -0.16905
vn 0.76056 -0.02043 0.64894
vn 0.78255 -0.02571 0.62206
vn -0.01985 0.35702 0.93389
vn -0.87693 -0.47979 -0.02833
vn -0.87684 -0.47697 0.06045
vn 0.32882 -0.65053 -0.68461
vn -0.86783 -0.10088 0.48651
vn -0.0401 -0.21215 0.97641
vn -0.43373 -0.3468 0.83163
vn -0.17938 -0.25444 0.95031
vn -0.30685 -0.02297 0.95148
vn -0.21938 0.87046 -0.44065
vn -0.63974 0.67684 -0.36417
vn -0.1531 0.18605 -0.97054
vn -0.4889 -0.28844 -0.82327
vn -0.20276 -0.95739 0.20567
vn 0.59745 0.11685 0.79335
vn 0.57276 0.02736 0.81927
vn 0.98975 0.07266 0.12298
vn 0.91779 0.35986 -0.16782
vn -0.76509 -0.08918 0.63771
vn 0.7116 0.16107 -0.68388
vn 0.5608 0.37266 -0.73934
vn -0.04577 -0.36405 -0.93025
vn -0.89219 -0.44055 -0.09954
vn 0.28158 -0.73198 0.62042
vn 0.13281 0.91913 0.37089
vn 0.34043 0.67205 -0.65761
vn -0.07195 -0.36404 0.9286
vn -0.35398 0.08651 -0.93124
vn 0.03883 0.4433 0.89553
vn -0.09806 -0.05093 -0.99388
vn -0.95252 -0.29238 0.08497
vn -0.96241 0.04039 0.26857
vn 0.23419 0.00854 -0.97215
vn 0.52132 0.08933 0.84867
vn 0.36814 -0.85089 0.37477
vn -0.05198 0.13782 -0.98909
vn -0.04344 -0.04925 0.99784
vn -0.16024 0.06618 0.98486
vn -0.2618 0.01907 0.96493
vn 0.38379 0.01312 -0.92333
vn 0.48676 -0.03523 -0.87282
vn 0.38776 -0.74817 -0.53842
vn -0.7839 -0.55973 0.2687
vn -0.8797 -0.45115 0.15029
vn -0.37687 0.75045 0.54295
vn -0.4569 0.7906 0.40766
vn -0.59821 0.15543 -0.78612
vn 0.36812 0.21569 -0.90442
vn -0.85958 0.11672 -0.49749
vn -0.25167 0.23299 -0.93935
vn -0.65804 0.33523 0.67424
vn 0.86459 0.31878 0.38842
vn 0.78725 0.51748 0.33534
vn 0.70071 0.7124 -0.03857
vn 0.68641 0.29082 0.66653
vn 0.83043 0.42021 -0.3658
vn -0.40834 -0.04067 0.91192
vn 0.81676 0.31442 -0.48378
vn 0.67768 0.40619 -0.61299
vn 0.75773 0.48603 -0.43545
vn -0.9136 -0.38716 0.12425
vn -0.80814 -0.58899 -0.00184
vn -0.75884 -0.63552 0.14239
vn 0.11726 -0.93299 0.34026
vn 0.20722 -0.66435 0.71812
vn 0.46898 -0.83298 -0.29359
vn 0.35249 -0.87942 -0.31995
vn -0.21597 -0.8855 0.41139
vn -0.26276 -0.82898 0.49372
vn -0.8465 -0.49484 -0.19639
vn -0.92549 -0.26343 -0.27218
vn 0.10326 0.08709 -0.99083
vn 0.50179 -0.64641 0.57476
vn 0.12864 0.29158 -0.94786
vn -0.11314 0.74028 0.66271
vn 0.59367 0.21965 0.77415
vn 0.50028 0.48318 0.71851
vn 0.61404 0.48764 0.62061
vn -0.19164 0.90041 0.39056
vn -0.01067 -0.48839 0.87256
vn -0.03572 0.37335 0.927
vn -0.9582 -0.27117 -0.09122
vn -0.76166 -0.6148 -0.20468
vn -0.25868 -0.2672 0.92827
vn 0.14869 0.01136 -0.98882
vn -0.13649 -0.92476 0.35524
vn 0.87713 0.47979 0.02112
vn -0.81966 -0.53694 0.19962
vn -0.75227 -0.56048 0.34635
vn 0.22816 0.82955 0.5097
vn 0.08414 0.89883 0.43014
vn -0.20369 -0.43058 -0.87927
vn -0.02279 0.35917 0.93299
vn 0.08702 -0.99422 -0.06292
vn 0.29789 0.64059 0.70775
vn 0.54841 -0.11412 0.82838
vn 0.62366 0.29268 -0.72484
vn 0.65535 0.1348 -0.7432
vn 0.55365 0.31055 -0.77268
vn -0.20097 -0.97585 -0.08558
vn 0.79005 0.37971 0.4813
vn -0.75944 0.19904 0.61939
vn -0.62841 0.33538 -0.70187
vn -0.82162 0.16732 -0.54493
vn -0.72435 0.21763 -0.65418
vn -0.76352 0.41953 -0.49095
vn -0.81444 0.27671 -0.51003
vn -0.99876 0.04502 -0.02124
vn 0.13692 0.76554 -0.62865
vn 0.13049 0.00392 0.99144
vn 0.07564 0.24371 0.96689
vn -0.88614 0.22832 -0.40326
vn -0.25235 0.51595 0.8186
vn -0.14843 0.65631 0.73974
vn -0.24764 0.28748 -0.92522
vn -0.44254 0.1184 -0.8889
vn -0.98641 0.07721 0.14503
vn 0.21979 0.47984 0.84938
vn 0.31343 0.35058 0.88253
vn -0.72697 -0.68593 0.03192
vn 0.63078 0.68003 -0.37372
vn 0.80864 0.35148 0.47176
vn 0.32637 0.56595 0.75709
vn 0.61256 -0.59081 0.52508
vn 0.63176 -0.30951 0.71069
vn 0.39516 -0.55261 0.7338
vn -0.80263 0.32032 0.50318
vn -0.82378 0.02709 0.56626
vn 0.82343 0.56183 -0.07942
vn -0.24559 -0.86631 0.43496
vn -0.10051 -0.9864 0.13003
vn 0.00691 -0.96144 0.27493
vn -0.04378 -0.33346 0.94175
vn 0.01075 -0.76079 0.64891
vn 0.17022 -0.24973 0.95324
vn -0.89954 0.36869 0.2343
vn 0.67338 -0.00882 -0.73924
vn -0.32873 0.86249 0.38478
vn -0.10292 0.56257 -0.82032
vn -0.15811 0.27232 -0.94913
vn 0.29127 0.14465 -0.94564
vn 0.51168 -0.19377 0.83704
vn 0.60771 -0.37353 0.70083
vn -0.1529 0.739 0.65612
vn -0.26111 0.80353 0.53494
vn 0.00199 -0.07361 -0.99729
vn 0.00811 -0.07783 -0.99693
vn 0.02439 0.0091 -0.99966
vn 0.07627 -0.26282 -0.96183
vn 0.5125 0.65061 -0.5604
vn 0.16869 -0.18616 -0.96793
vn 0.1997 -0.27158 -0.94147
vn 0.19246 -0.22986 -0.954
vn -0.90959 0.3813 0.1651
vn 0.156 -0.05009 -0.98649
vn 0.06299 -0.01015 -0.99796
vn 0.78608 0.20539 0.583
vn 0.76791 0.46784 0.43753
vn -0.18544 0.2774 -0.94269
vn -0.12095 0.16092 -0.97953
vn -0.18083 0.64802 -0.73985
vn -0.20705 -0.06186 -0.97637
vn 0.77594 -0.15486 0.6115
vn 0.49815 0.45309 0.73929
vn 0.74359 0.35169 0.56867
vn 0.54351 0.29291 0.78664
vn -0.33497 -0.42844 0.83919
vn -0.51998 -0.5635 0.64195
vn 0.11259 0.15535 0.98142
vn 0.08195 0.93171 0.35385
vn -0.9543 -0.03088 -0.29726
vn -0.48463 -0.01075 -0.87466
vn -0.59119 0.02922 -0.806
vn -0.17978 0.35664 0.91678
vn -0.27533 0.33839 0.89982
vn 0.18532 -0.49653 -0.84801
vn -0.89616 0.10711 -0.43062
vn 0.79594 0.47741 -0.37223
vn 0.02258 -0.76363 -0.64526
vn 0.17159 0.64612 0.74369
vn 0.7454 0.11462 0.65669
vn 0.81315 0.03782 0.58083
vn 0.72128 0.19022 0.66601
vn -0.34139 0.87191 0.35104
vn -0.30278 0.85345 0.4242
vn 0.25301 0.76508 0.59214
vn 0.30482 0.73247 0.60875
vn -0.81513 -0.31939 0.48328
vn -0.14396 0.285 0.94766
vn 0.28388 -0.92819 -0.24056
vn 0.38843 -0.8865 -0.25146
vn -0.84577 0.2775 -0.4557
vn -0.71 0.25519 -0.65634
vn -0.43456 -0.88309 0.17694
vn -0.11861 0.90086 0.41759
vn 0.2725 0.37898 0.88437
vn -0.60785 0.48865 0.62589
vn -0.92119 -0.31733 -0.22518
vn -0.69691 -0.71713 -0.00579
vn -0.24462 -0.77337 -0.58487
vn -0.8133 -0.28045 0.5098
vn -0.69358 -0.51571 0.50298
vn -0.65682 -0.39358 0.64319
vn -0.66895 -0.70779 0.22702
vn 0.44774 0.30788 -0.83949
vn 0.41438 0.29531 -0.86086
vn 0.05036 0.55764 0.82855
vn 0.10767 0.31325 0.94355
vn 0.27829 0.96046 -0.00841
vn 0.178 0.9757 0.12779
vn -0.28457 0.18491 -0.94065
vn -0.22859 -0.33038 0.91575
vn -0.92865 0.02414 -0.37017
vn -0.64123 0.36268 -0.67623
vn 0.6403 -0.76262 -0.09179
vn 0.0606 0.43331 0.89921
vn -0.02531 0.39153 0.91982
vn 0.14162 0.46017 0.87647
vn 0.26186 -0.39807 -0.87919
vn 0.27815 -0.32215 -0.9049
vn -0.61315 -0.75908 0.21874
vn -0.70895 -0.64474 0.28583
vn -0.45464 -0.89005 -0.03337
vn -0.49665 -0.85004 -0.17544
vn -0.69599 -0.70002 -0.15992
vn 0.50087 0.26092 -0.82526
vn 0.48107 0.16848 -0.86034
vn -0.3487 -0.9302 -0.11461
vn -0.31394 -0.93728 -0.15148
vn -0.48974 -0.82655 -0.27744
vn 0.38125 0.04197 0.92352
vn 0.52727 -0.0253 0.84932
vn 0.30544 0.23629 0.92243
vn 0.50708 -0.40316 0.7618
vn 0.45376 -0.36408 0.81336
vn 0.4094 -0.17528 0.89536
vn 0.41719 -0.09591 0.90375
vn -0.6127 0.78478 0.09333
vn -0.28802 0.65693 0.69677
vn -0.0696 0.19209 0.97891
vn -0.75269 0.33039 0.56948
vn 0.13955 -0.98041 0.13903
vn 0.26135 -0.91373 0.31113
vn -0.03896 0.94408 -0.32742
vn -0.15946 0.76184 0.62783
vn 0.31551 0.46867 0.82511
vn -0.66798 -0.5531 -0.49789
vn -0.52915 -0.35447 -0.77094
vn 0.78208 -0.27074 -0.56129
vn 0.68766 -0.3508 -0.63565
vn -0.07878 -0.26719 0.96042
vn -0.13396 0.00414 -0.99098
vn -0.14009 0.17466 -0.97461
vn -0.14681 0.34116 -0.92847
vn -0.38492 0.552 -0.73968
vn -0.91963 -0.29561 -0.25865
vn -0.23952 0.93695 -0.25447
vn -0.27465 0.87018 -0.40909
vn 0.51945 -0.80085 -0.29801
vn 0.48795 -0.81509 -0.31232
vn -0.13986 -0.65181 -0.74537
vn 0.54951 0.01371 -0.83538
vn 0.23453 -0.15371 -0.95988
vn 0.52697 -0.07672 0.84641
vn 0.99422 0.10646 0.01381
vn 0.61622 0.35016 0.70545
vn 0.74092 -0.16732 -0.65041
vn 0.31773 0.42182 0.84918
vn 0.51169 0.47269 0.71745
vn -0.4064 -0.84765 0.34108
vn -0.0137 -0.99617 0.08635
vn -0.62194 -0.07448 -0.77952
vn 0.17539 -0.46168 0.86953
vn 0.22441 -0.68287 0.69522
vn -0.55891 -0.49995 0.66156
vn -0.29003 -0.82002 0.4934
vn 0.98693 0.16097 -0.00713
vn 0.93533 0.32634 0.13661
vn 0.84876 0.51423 0.12321
vn -0.89495 0.41897 0.15339
vn -0.12518 -0.57147 0.81102
vn 0.22655 0.246 0.94242
vn -0.80402 0.38801 -0.45056
vn -0.83085 0.53783 -0.1429
vn -0.91304 0.35868 -0.19416
vn -0.29109 -0.35757 -0.88736
vn -0.10549 0.64196 0.75945
vn 0.16639 0.5909 0.7894
vn 0.25655 0.49251 -0.83163
vn 0.03467 0.01137 0.99933
vn -0.44631 -0.37717 0.81151
vn 0.02523 -0.3496 -0.93656
vn -0.022 -0.41085 -0.91144
vn 0.53756 0.2144 0.81551
vn -0.89971 -0.35146 0.25885
vn -0.0313 0.20172 -0.97894
vn -0.10591 0.52386 0.84519
vn -0.25956 -0.12208 0.95798
vn -0.26616 0.11047 0.95758
vn 0.27063 0.06099 0.96075
vn 0.95704 -0.04966 -0.28568
vn 0.20893 -0.75463 -0.622
vn 0.14775 0.69714 -0.70155
vn -0.05932 0.17314 -0.98311
vn 0.07031 0.4775 0.87581
vn -0.07262 0.41669 0.90614
vn -0.95923 -0.2691 -0.08639
vn -0.43089 0.32095 -0.8434
vn -0.70376 0.17466 -0.68863
vn -0.58833 0.14033 -0.79635
vn 0.10888 -0.07173 0.99146
vn 0.84461 0.47035 -0.25573
vn 0.90762 0.30168 -0.29192
vn 0.48574 0.28743 0.82549
vn -0.25229 -0.26831 -0.92971
vn -0.12736 0.68801 -0.71443
vn 0.54705 0.29593 -0.78304
vn 0.98577 -0.04877 -0.16086
vn -0.9553 0.28009 -0.09462
vn 0.65735 0.73357 0.17253
vn 0.65708 0.69454 0.29302
vn 0.77222 0.59272 0.22881
vn 0.81038 -0.40413 -0.42421
vn -0.40813 -0.08814 0.90866
vn -0.69896 -0.69283 0.17731
vn -0.8618 -0.43292 0.26436
vn 0.9468 -0.00108 -0.32183
vn 0.86021 0.25049 -0.44418
vn -0.28883 -0.0855 -0.95355
vn -0.19436 0.76129 0.6186
vn -0.02386 -0.25557 -0.9665
vn 0.20179 -0.10472 -0.97382
vn 0.67559 0.2372 0.69808
vn 0.68381 -0.09315 0.72369
vn -0.60792 0.55089 -0.5718
vn 0.62052 -0.47583 0.62333
vn 0.60711 -0.74881 0.2659
vn 0.10193 -0.0327 -0.99426
vn 0.14075 -0.5689 0.81027
vn 0.00369 -0.92005 0.39177
vn -0.96908 -0.24582 0.02149
vn -0.16835 0.72136 0.67178
vn -0.23549 0.51158 0.82634
vn -0.96667 -0.25594 0.00599
vn -0.92191 -0.38641 0.0279
vn 0.17132 0.9345 0.31202
vn -0.1357 0.50042 -0.85508
vn -0.90337 0.06749 -0.42352
vn -0.59206 0.04275 -0.80476
vn -0.61574 -0.15497 0.77256
vn 0.43532 0.13087 -0.89071
vn -0.10572 -0.51874 -0.84837
vn 0.27579 -0.95518 -0.10754
vn 0.58801 -0.04721 -0.80747
vn 0.76616 -0.20205 -0.61007
vn 0.66561 0.25554 -0.70118
vn 0.66761 0.40511 -0.62465
vn 0.70943 0.41762 -0.56771
vn 0.74375 0.17765 0.64442
vn -0.1624 -0.94109 -0.29661
vn 0.04101 -0.97256 -0.22901
vn 0.12513 0.79746 -0.59026
vn 0.13287 0.85429 -0.50253
vn 0.90635 0.39166 0.15852
vn 0.47488 0.3964 0.78572
vn 0.48307 0.38011 0.78877
vn -0.13074 -0.97261 -0.19218
vn -0.05977 -0.31283 0.94793
vn 0.10345 -0.61024 -0.78543
vn 0.22444 -0.75106 -0.62092
vn 0.5921 -0.63891 -0.49113
vn 0.27996 0.46926 -0.83751
vn -0.04848 0.50603 0.86115
vn 0.60068 0.64194 0.47655
vn 0.72522 0.5347 0.43377
vn -0.85846 0.30182 0.41468
vn 0.19995 0.10155 0.97453
vn -0.56208 0.60627 0.56258
vn -0.73057 -0.08343 -0.67772
vn -0.51244 0.45426 -0.72874
vn -0.6609 0.57603 0.48103
vn 0.31842 0.15635 0.93497
vn 0.21776 0.27803 0.93556
vn 0.82746 0.22602 0.51403
vn 0.46701 0.13582 -0.87376
vn 0.59526 -0.04343 -0.80236
vn -0.96662 0.25472 -0.02765
vn 0.37857 0.36222 0.85175
vn 0.17911 0.27827 -0.94366
vn 0.16196 0.37804 -0.91151
vn 0.18491 0.21372 -0.95924
vn 0.55066 -0.64229 0.53313
vn 0.23929 0.10799 0.96492
vn 0.94294 -0.01018 0.3328
vn -0.28689 0.61253 0.73655
vn 0.72932 -0.03844 0.68309
vn -0.36825 0.50218 -0.78243
vn -0.44212 0.35906 -0.82195
vn -0.25603 -0.92888 0.26764
vn 0.15564 0.07772 -0.98475
vn -0.91273 -0.34701 0.21564
vn -0.87557 -0.24687 0.41525
vn -0.89593 -0.36483 0.2534
vn -0.07401 0.99696 0.02416
vn -0.3045 0.95199 -0.03154
vn -0.78189 -0.15688 0.60335
vn 0.17331 0.96451 0.19924
vn 0.43692 0.36347 -0.8228
vn 0.4926 0.17224 -0.85304
vn -0.10881 0.41939 -0.90126
vn 0.79678 -0.24743 0.55129
vn -0.52816 0.65961 0.53475
vn -0.64904 0.1763 0.74004
vn 0.22936 -0.12738 -0.96497
vn 0.64683 -0.27857 -0.70994
vn -0.09871 0.58852 -0.80244
vn -0.24325 0.64393 -0.72538
vn 0.19468 -0.3443 0.91845
vn -0.68751 -0.21606 -0.69328
vn -0.17383 0.97479 -0.13991
vn -0.13234 0.95704 -0.25801
vn 0.12077 0.50587 0.85411
vn 0.8312 0.13177 0.54013
vn 0.76993 0.26222 0.58177
vn -0.9757 -0.01622 -0.21852
vn -0.48871 -0.14487 0.86033
vn -0.24894 -0.88908 -0.38414
vn -0.46862 0.82924 -0.30456
vn -0.84878 -0.40023 0.34551
vn -0.92994 0.30529 0.20498
vn 0.9795 0.11335 0.16652
vn 0.07692 -0.52763 -0.84598
vn 0.20022 0.97768 0.06365
vn 0.33606 0.94144 -0.02756
vn 0.01754 0.87263 0.48807
vn -0.0407 0.7938 0.60681
vn 0.80165 0.06697 0.59403
vn 0.44202 -0.55529 0.70446
vn -0.04027 0.84931 0.52636
vn 0.42544 0.06472 -0.90267
vn 0.74389 0.28688 -0.6036
vn 0.79473 0.16069 -0.58531
vn -0.95944 -0.19619 -0.20245
vn -0.81039 -0.31557 0.49365
vn 0.54658 0.4582 0.70093
vn 0.64332 0.41987 0.64019
vn -0.21664 -0.46419 0.85883
vn -0.0143 -0.38487 0.92286
vn -0.19001 -0.472 0.86088
vn 0.82031 -0.30751 -0.48222
vn -0.3029 -0.06576 0.95075
vn -0.35301 0.3284 0.87609
vn -0.31406 0.85232 -0.41823
vn -0.68722 0.15611 -0.70948
vn -0.45697 -0.29078 0.84061
vn 0.26368 -0.4614 0.8471
vn -0.92326 0.31313 0.22258
vn -0.30909 -0.36278 0.87912
vn -0.09019 -0.50872 0.85619
vn -0.03668 0.55188 0.83312
vn -0.75008 0.58835 0.30204
vn -0.06258 0.29035 0.95487
vn 0.12164 0.28042 0.95214
vn 0.07465 -0.05409 0.99574
vn 0.34447 -0.14276 0.92788
vn -0.09266 0.60151 -0.79347
vn 0.03582 0.63054 -0.77533
vn 0.1971 -0.23635 -0.95147
vn -0.51795 -0.36455 0.77384
vn 0.68846 -0.14864 0.70987
vn 0.68867 0.11031 0.71663
vn -0.31869 -0.21186 0.92388
vn 0.42479 -0.37616 0.82344
vn -0.51428 0.85067 -0.10899
vn 0.05081 -0.63167 0.77357
vn -0.1598 0.31902 0.93418
vn -0.11162 0.35223 -0.92923
vn 0.37746 0.09757 -0.92087
vn -0.18061 0.48102 0.8579
vn -0.18645 -0.40321 -0.89591
vn 0.09401 -0.44463 -0.89077
vn -0.01121 -0.48602 -0.87388
vn -0.61436 0.39096 -0.68536
vn 0.67812 -0.20197 0.70665
vn -0.73589 0.49815 0.45859
vn -0.97157 0.23597 0.01934
vn -0.09413 -0.46101 -0.88239
vn 0.76424 0.48217 0.42831
vn -0.72648 -0.14444 0.67184
vn -0.03378 -0.17434 0.98411
vn 0.9926 0.08473 -0.08692
vn 0.23712 -0.14581 0.96048
vn 0.55688 0.80938 -0.18649
vn 0.45885 0.88019 -0.12134
vn 0.54995 0.8347 -0.02883
vn 0.11991 0.98731 -0.10415
vn 0.36929 0.25989 0.89223
vn 0.23506 0.29715 0.92545
vn 0.01604 0.42547 0.90483
vn 0.69598 0.04386 0.71672
vn -0.05661 0.18479 0.98115
vn 0.37616 0.22425 -0.89901
vn 0.01483 0.1232 -0.99227
vn 0.88236 0.46294 -0.08436
vn 0.94179 0.32801 0.07369
vn 0.32481 -0.16431 0.9314
vn 0.87734 -0.02563 0.47919
vn 0.05695 0.44337 -0.89453
vn -0.11053 0.49351 -0.86269
vn -0.14445 -0.98774 -0.05911
vn 0.35537 0.43123 0.82931
vn 0.19634 0.56462 -0.80166
vn 0.13091 0.50718 -0.85184
vn -0.37866 0.83948 0.38972
vn -0.0897 0.91849 0.38514
vn -0.28815 -0.92635 -0.24259
vn 0.14468 -0.49328 -0.85776
vn 0.10531 0.61542 -0.78114
vn 0.76542 0.64046 0.0628
vn -0.45026 0.27497 0.84951
vn -0.21071 0.59458 0.77594
vn -0.11169 0.85891 -0.49981
vn 0.04367 -0.98416 0.17182
vn -0.65052 -0.02568 -0.75906
vn -0.48375 0.0646 -0.87282
vn 0.63043 -0.3573 0.68913
vn 0.39033 0.88512 -0.2534
vn 0.46879 0.84965 -0.24152
vn 0.33217 0.93332 -0.13627
vn -0.3345 0.57742 -0.74477
vn -0.07156 0.65971 -0.7481
vn 0.19904 0.75003 0.63075
vn -0.26951 0.05759 -0.96127
vn -0.33037 -0.91863 -0.21673
vn -0.24149 -0.95217 -0.18724
vn 0.15539 0.06044 0.986
vn 0.0534 -0.1664 0.98461
vn -0.32176 -0.13808 0.9367
vn -0.41253 -0.45842 0.78719
vn 0.34969 0.2083 -0.91342
vn -0.02901 0.46928 -0.88257
vn -0.29147 0.52448 -0.79998
vn -0.0443 0.30065 0.95271
vn -0.89747 0.18072 -0.40235
vn -0.84722 0.42106 -0.32392
vn -0.08856 0.64089 0.7625
vn 0.67591 -0.13592 -0.72434
vn 0.59145 0.13847 0.79436
vn 0.49187 0.36615 0.78993
vn -0.75092 -0.64498 -0.14185
vn -0.45991 -0.49822 -0.73503
vn 0.02264 -0.99675 0.07731
vn -0.30212 -0.90579 -0.29711
vn -0.0804 0.76059 -0.64424
vn -0.18043 0.77548 -0.60504
vn -0.2326 -0.7604 0.60637
vn -0.17174 -0.8134 0.55578
vn -0.11435 -0.08681 -0.98964
vn -0.15633 -0.59482 -0.78851
vn -0.53405 -0.38627 -0.75205
vn 0.72569 -0.05839 -0.68554
vn -0.74388 -0.23352 0.62618
vn -0.02128 0.68073 -0.73223
vn 0.53847 -0.10706 0.83582
vn 0.66456 0.56383 0.49035
vn 0.75126 0.43807 0.49367
vn -0.27851 0.59475 -0.75412
vn -0.19757 0.34849 0.91625
vn 0.07519 -0.47956 -0.87428
vn -0.17278 -0.36709 -0.914
vn -0.09896 0.17151 0.9802
vn -0.29495 -0.63648 -0.71267
vn 0.49132 0.54794 0.67703
vn 0.39133 0.52949 0.75266
vn 0.63937 0.42971 0.63762
vn 0.35782 -0.53111 -0.76804
vn -0.40564 0.0444 -0.91295
vn -0.38926 -0.00578 -0.92111
vn 0.907 0.40877 0.10126
vn 0.11248 -0.99325 0.02837
vn -0.12837 -0.28585 -0.94964
vn 0.04826 -0.93699 0.34602
vn 0.00335 0.67632 0.7366
vn 0.52522 0.55172 0.64788
vn 0.17475 0.6664 0.72483
vn -0.89676 -0.03412 -0.44121
vn -0.84737 0.06887 -0.52653
vn -0.18963 -0.55216 -0.81189
vn 0.32906 -0.20715 -0.92131
vn 0.17971 -0.2123 -0.96054
vn -0.01157 0.5571 -0.83036
vn 0.11253 0.62882 -0.76936
vn 0.63073 -0.24306 0.73695
vn 0.63771 -0.32191 0.69979
vn -0.86616 -0.37128 0.33454
vn -0.92742 0.33289 -0.17053
vn -0.33356 -0.9276 -0.16821
vn -0.58293 0.55969 0.58902
vn 0.09291 0.0307 -0.9952
vn -0.67125 0.25335 -0.69659
vn -0.63859 0.73417 0.23064
vn -0.30552 0.91346 0.26878
vn -0.05223 0.342 0.93825
vn 0.10233 0.60862 -0.78684
vn 0.41114 0.9044 0.11413
vn 0.37586 0.89848 0.22686
vn 0.41934 0.83906 0.3466
vn 0.90156 -0.12301 0.4148
vn 0.84023 0.17751 0.51235
vn 0.40448 0.22782 -0.88572
vn -0.78633 -0.51452 0.34198
vn 0.02635 -0.99909 -0.03342
vn 0.01712 -0.99977 -0.01307
vn -0.09503 0.51273 0.85327
vn 0.02448 -0.0101 0.99965
vn -0.09093 0.11184 0.98956
vn -0.67961 0.10574 0.72591
vn -0.48028 0.36659 0.79683
vn 0.77096 0.52536 0.36003
vn -0.28235 0.62202 0.73032
vn 0.608 0.75822 -0.23544
vn -0.30637 -0.16963 -0.93668
vn 0.2909 0.19432 0.93681
vn -0.40343 0.29047 -0.86768
vn -0.47255 0.24084 -0.84776
vn 0.80836 -0.53493 -0.24576
vn -0.79015 0.43894 0.42778
vn -0.84195 -0.53359 0.08005
vn -0.15333 -0.08874 0.98418
vn 0.05089 0.76314 0.64422
vn -0.05667 0.63646 0.76923
vn 0.00627 -0.99929 0.03725
vn 0.67198 0.25225 0.69628
vn 0.06962 0.35696 0.93152
vn 0.55486 0.11413 0.82408
vn -0.99329 0.02635 -0.11259
vn 0.24608 0.95107 0.18685
vn 0.34404 0.93668 0.06536
vn -0.82811 0.28124 -0.48492
vn -0.056 0.16122 0.98533
vn -0.03017 -0.59129 0.80589
vn -0.42892 -0.66456 -0.61187
vn -0.91346 -0.11061 -0.39161
vn -0.25938 0.72506 0.63797
vn 0.15174 -0.7822 -0.60426
vn -0.29221 -0.57737 0.7624
vn -0.571 0.12 0.81213
vn 0.17739 0.49765 0.84904
vn -0.24162 0.5943 0.76709
vn 0.30444 0.03255 -0.95197
vn 0.61276 0.74046 0.27614
vn -0.24884 -0.44127 0.86218
vn 0.46564 0.10398 -0.87884
vn -0.30028 -0.01271 -0.95377
vn -0.47684 0.07173 -0.87606
vn 0.29248 0.0617 0.95428
vn 0.83145 0.05271 0.55309
vn -0.9112 0.37409 0.17252
vn -0.96777 -0.12333 0.21958
vn -0.93231 -0.3515 0.0851
vn -0.2909 0.10328 0.95116
vn -0.24366 -0.07077 0.96728
vn -0.05235 0.13899 -0.98891
vn -0.05392 -0.99799 0.03328
vn 0.51127 0.5595 -0.65235
vn 0.45568 0.50105 -0.73574
vn -0.61005 -0.73505 -0.29588
vn -0.46869 -0.87107 -0.14685
vn 0.53403 0.64419 -0.54757
vn 0.682 0.29834 -0.66773
vn -0.40198 -0.09393 -0.91082
vn -0.46929 -0.18735 0.86294
vn -0.45163 0.02823 0.89176
vn -0.02427 0.76449 -0.64418
vn -0.19387 -0.38546 -0.90213
vn 0.5196 -0.31045 0.79602
vn 0.59583 -0.52621 0.60671
vn -0.23738 -0.24093 0.94107
vn -0.55843 0.21962 -0.79995
vn -0.71798 0.25839 -0.64632
vn 0.79172 0.02911 0.61019
vn -0.06172 0.76327 -0.64312
vn 0.27163 -0.31952 0.90781
vn -0.11945 0.06277 0.99085
vn -0.12683 0.00554 0.99191
vn -0.15209 0.97357 -0.17036
vn 0.16532 -0.32113 0.93249
vn 0.12864 -0.2449 0.96098
vn -0.63086 -0.09495 -0.77007
vn -0.37639 -0.37819 -0.84575
vn -0.6647 0.30345 0.6827
vn 0.93815 0.32805 -0.1107
vn 0.98509 0.15779 0.06853
vn 0.9911 -0.13314 -0.0023
vn -0.14382 0.56506 0.81242
vn 0.6355 0.36982 0.67777
vn -0.28797 0.12849 -0.94898
vn 0.5901 0.79276 0.15269
vn 0.31139 0.94502 0.09989
vn 0.24207 0.96928 0.04362
vn 0.51865 0.56961 -0.63761
vn 0.57442 0.54045 -0.61478
vn 0.61773 0.77993 -0.10058
vn -0.98185 -0.03255 0.18687
vn 0.06509 0.33482 0.94003
vn 0.05322 0.45507 0.88887
vn 0.1913 0.79396 0.57708
vn -0.72739 0.25334 -0.63775
vn -0.39115 0.36125 -0.84646
vn -0.48621 0.36528 -0.79383
vn -0.82236 0.52482 -0.21973
vn -0.91566 0.29541 -0.27258
vn 0.95449 0.04758 0.29441
vn 0.9852 0.11223 -0.12957
vn -0.43724 -0.04836 0.89804
vn -0.26195 -0.03289 -0.96452
vn -0.29191 0.24798 -0.92374
vn -0.36545 -0.89831 0.24389
vn -0.63691 0.68042 0.36246
vn 0.72081 0.69012 0.06451
vn -0.04131 -0.47896 -0.87686
vn 0.10051 -0.48531 -0.86854
vn -0.27682 -0.37479 -0.88482
vn -0.04793 0.47341 -0.87953
vn -0.28642 -0.95011 -0.12352
vn 0.18459 -0.23263 0.95489
vn 0.24278 0.48435 -0.84052
vn 0.21339 0.38543 -0.89772
vn -0.86945 0.4109 -0.27426
vn -0.86554 0.43673 -0.24518
vn -0.69134 -0.54623 0.47295
vn 0.54613 0.02605 -0.8373
vn 0.38984 0.48655 -0.78185
vn 0.02776 0.99895 0.0365
vn 0.0021 -0.8011 0.59853
vn -0.07711 -0.53428 0.84178
vn -0.25488 0.95724 -0.13686
vn 0.92769 0.35826 0.10509
vn -0.88467 0.44057 -0.15248
vn -0.94547 0.30911 -0.10271
vn 0.69417 0.21228 0.6878
vn 0.87557 -0.43315 -0.2139
vn -0.85557 -0.12392 -0.50265
vn 0.09596 0.25191 -0.96298
vn -0.14322 -0.13959 0.9798
vn -0.02579 0.59666 -0.80208
vn 0.02669 0.35805 0.93332
vn 0.29234 -0.21723 0.93132
vn 0.41399 -0.19353 0.88947
vn 0.36905 -0.23032 0.90042
vn 0.7545 -0.07563 0.65193
vn 0.33772 0.38747 0.85779
vn 0.15403 0.28224 0.9469
vn 0.16531 0.53387 0.82925
vn -0.85533 0.4031 -0.32547
vn 0.59475 -0.13401 0.79266
vn -0.10643 -0.13405 0.98524
vn -0.07785 0.60842 0.78979
vn 0.92137 0.32328 0.2158
vn 0.16784 0.35909 -0.91808
vn 0.04349 0.55824 0.82854
vn -0.19777 0.54247 0.81647
vn 0.03622 -0.42111 -0.90629
vn 0.37084 -0.26891 0.88891
vn -0.55459 0.25455 -0.79223
vn -0.69937 -0.01016 -0.71469
vn 0.11044 -0.13657 -0.98446
vn -0.43807 -0.67914 0.58895
vn -0.37767 -0.78793 0.48635
vn -0.78949 0.0563 0.61117
vn 0.59946 -0.05119 -0.79877
vn -0.01484 0.34212 -0.93954
vn 0.30893 0.40813 0.85906
vn -0.3455 -0.16017 -0.92465
vn 0.74642 0.64504 0.16364
vn 0.20619 0.44425 0.87185
vn 0.58078 0.18644 -0.79242
vn -0.95907 0.02577 -0.28201
vn -0.97322 -0.03729 -0.22685
vn 0.08504 -0.06844 -0.99402
vn -0.67546 -0.0189 0.73716
vn -0.11032 0.4877 0.86601
vn 0.6503 0.75918 0.02768
vn 0.14714 0.43049 -0.89052
vn -0.96564 0.22241 -0.13444
vn -0.0046 0.88951 -0.45689
vn 0.7525 0.3715 -0.54381
vn 0.16036 -0.20112 0.96635
vn -0.39852 -0.89372 -0.20604
vn 0.48703 -0.25681 0.83478
vn 0.58846 -0.41487 0.69398
vn 0.27279 0.95653 0.10318
vn 0.27936 -0.11356 0.95345
vn -0.35096 -0.35361 0.86706
vn -0.5523 -0.21212 0.8062
vn 0.08073 0.93934 0.33336
vn 0.14005 0.19046 -0.97165
vn -0.37635 -0.33841 -0.86246
vn -0.96784 -0.10354 -0.22926
vn 0.33708 -0.03375 0.94087
vn -0.35954 -0.89597 -0.26072
vn -0.15028 -0.9838 0.09774
vn 0.81413 0.11282 0.56961
vn 0.01115 0.48246 -0.87585
vn -0.00427 0.37818 -0.92572
vn -0.12393 -0.99214 -0.01714
vn 0.40922 -0.41509 -0.81255
vn -0.07582 -0.629 0.77369
vn -0.51408 -0.73367 0.44435
vn 0.25568 0.9347 0.24692
vn 0.06926 0.98657 0.14791
vn -0.72691 0.19052 -0.65978
vn 0.30613 0.48639 -0.81836
vn 0.59402 0.69374 0.40726
vn 0.89315 0.2644 0.36384
vn -0.77545 -0.20767 0.59628
vn 0.45485 0.30695 -0.836
vn 0.18372 -0.9069 -0.37918
vn -0.62779 0.45414 -0.63217
vn 0.93981 0.26239 -0.21889
vn 0.40663 0.61237 0.67798
vn 0.27305 0.59322 0.75732
vn 0.21045 0.5749 0.7907
vn 0.45485 0.39819 0.79659
vn 0.84813 -0.07703 0.52416
vn 0.52022 0.28367 -0.80554
vn 0.52861 0.15664 -0.83429
vn -0.90324 0.10595 0.41584
vn 0.9426 0.27429 -0.19046
vn -0.90327 -0.33191 -0.27191
vn -0.81492 -0.51649 -0.26296
vn -0.89891 -0.30283 -0.31664
vn -0.47673 -0.71287 0.51433
vn 0.75568 0.00783 0.6549
vn 0.16255 -0.07953 -0.98349
vn 0.99755 -0.03792 0.05885
vn -0.43957 -0.34545 0.82912
vn -0.64388 0.75345 0.13316
vn -0.91169 0.12697 -0.39076
vn 0.86313 -0.05117 0.50239
vn 0.20048 0.6867 -0.69875
vn -0.97272 -0.12772 -0.19364
vn 0.9924 0.11954 0.02929
vn 0.00932 0.16061 0.98697
vn 0.22205 0.91346 -0.341
vn 0.22099 0.95688 -0.18853
vn -0.03614 0.44811 0.89325
vn 0.61801 0.07687 -0.7824
vn 0.64204 0.63921 0.42332
vn 0.66741 0.50073 0.55121
vn -0.14369 0.54457 -0.82632
vn 0.19504 0.82353 -0.53269
vn 0.08327 0.75441 -0.6511
vn -0.1051 0.81563 -0.56895
vn -0.9857 -0.16381 -0.03947
vn 0.00024 0.04574 0.99895
vn -0.02797 0.42581 0.90438
vn -0.40371 -0.2602 0.8771
vn 0.31273 0.8707 0.37958
vn -0.25563 -0.11108 0.96037
vn -0.08136 0.49247 -0.86652
vn -0.42707 0.44084 -0.78948
vn -0.8767 -0.39134 0.27974
vn 0.42077 0.41745 -0.80541
vn 0.4174 0.29952 -0.85795
vn 0.28343 0.70748 0.64741
vn 0.5387 0.02279 0.84219
vn -0.65232 0.66385 0.36576
vn 0.94281 0.33027 0.0451
vn 0.55053 0.09178 0.82975
vn -0.38388 -0.35215 0.8536
vn 0.74263 -0.06624 0.66642
vn -0.65439 -0.52072 0.54829
vn 0.09662 0.6843 -0.72277
vn 0.0485 0.67092 -0.73994
vn -0.22462 0.13179 -0.96549
vn 0.64662 -0.72347 0.24182
vn 0.18845 0.04207 0.98118
vn 0.88473 0.18655 -0.42715
vn 0.90008 0.23859 -0.3646
vn 0.22013 0.51555 0.8281
vn 0.53031 0.42638 0.73279
vn 0.32693 0.9371 -0.12229
vn -0.7674 -0.58098 0.27123
vn 0.22811 0.0776 -0.97054
vn 0.53582 0.52874 -0.65828
vn -0.69895 -0.59207 0.40116
vn 0.22905 -0.11692 0.96637
vn -0.89862 -0.15588 -0.41011
vn -0.93196 0.02091 -0.36196
vn 0.66161 -0.72654 -0.18551
vn 0.76854 -0.61515 -0.17588
vn 0.23856 -0.87454 0.42222
vn 0.54476 -0.47695 0.68975
vn -0.30734 -0.13078 -0.94257
vn 0.56347 0.39774 -0.72409
vn -0.14796 0.88474 0.44197
vn -0.32449 0.19379 -0.92582
vn -0.98028 -0.01535 -0.19703
vn 0.43573 0.42359 -0.79417
vn 0.25266 0.78053 0.57178
vn -0.89249 -0.37952 -0.24377
vn 0.9409 -0.09598 0.32478
vn 0.01004 -0.43303 -0.90132
vn 0.22247 -0.45046 0.86464
vn -0.67633 -0.30379 -0.67103
vn 0.34625 0.74294 -0.57284
vn 0.37863 0.7048 -0.59991
vn -0.51331 -0.73401 0.44468
vn -0.93194 -0.22417 -0.285
vn -0.96532 0.26101 0.00503
vn -0.22695 -0.40539 -0.88552
vn -0.286 -0.23767 -0.92829
vn -0.67986 0.46471 -0.56731
vn 0.4567 -0.24088 0.85639
vn 0.33449 -0.01015 -0.94234
vn 0.43873 0.89802 -0.03271
vn -0.85591 -0.13191 0.50002
vn 0.055 0.57474 0.81648
vn 0.47182 0.50252 0.72447
vn -0.92959 -0.36854 0.00692
vn 0.70092 0.51071 0.49788
vn 0.58818 0.77744 0.22278
vn 0.20322 -0.64753 0.73444
vn -0.08414 -0.038 -0.99573
vn -0.46468 -0.29799 -0.83383
vn 0.16597 -0.94598 -0.27853
vn 0.22338 -0.19677 -0.95466
vn -0.48528 0.85982 0.15878
vn -0.2749 0.36167 -0.89086
vn -0.65548 0.12047 0.74554
vn -0.37601 -0.29336 0.87895
vn 0.18866 -0.46595 0.86446
vn 0.63937 0.04102 0.76781
vn 0.86696 0.49062 0.08754
vn -0.10784 0.29906 0.94812
vn -0.07017 0.95182 0.29854
vn -0.00903 0.5805 0.81421
vn -0.15573 0.88132 -0.44612
vn -0.07553 0.91353 -0.3997
vn -0.80464 0.52093 -0.28492
vn -0.62257 0.67074 -0.40313
vn -0.65379 0.55232 0.51721
vn 0.69502 0.47222 -0.54217
vn -0.1285 -0.21291 -0.96859
vn -0.08974 -0.06739 -0.99368
vn 0.29859 -0.86891 0.39476
vn 0.8088 -0.05797 0.58522
vn 0.00594 0.32081 0.94713
vn -0.46874 0.35857 -0.80728
vn 0.05609 -0.22944 -0.97171
vn -0.07212 -0.1505 -0.98598
vn -0.09483 -0.98176 0.16477
vn 0.56271 -0.11292 0.8189
vn -0.44482 -0.06691 -0.89312
vn -0.36233 0.1213 -0.92412
vn 0.04061 -0.00889 -0.99914
vn 0.48225 0.05759 0.87414
vn -0.97456 -0.0058 -0.22405
vn 0.27891 0.74764 -0.60269
vn -0.9077 0.2151 -0.3603
vn 0.41469 0.9081 0.05819
vn 0.36358 0.26579 0.89284
vn -0.88032 -0.3655 -0.3024
vn 0.59818 0.23363 0.76655
vn 0.40751 -0.11822 0.90552
vn 0.45051 -0.14532 0.88087
vn 0.51127 -0.15038 0.84616
vn 0.53382 0.33065 -0.77828
vn -0.93968 0.0873 -0.33073
vn 0.06017 0.09487 0.99367
vn 0.07432 0.6532 0.75353
vn 0.24232 0.65317 0.71739
vn -0.09419 -0.05783 -0.99387
vn -0.36658 -0.12976 -0.92129
vn 0.14298 0.41639 -0.89787
vn 0.57888 0.696 0.42483
vn 0.65457 -0.36697 0.66096
vn -0.29186 -0.28331 -0.91354
vn 0.16893 0.05983 0.98381
vn -0.5713 0.4279 0.70037
vn 0.02395 0.50988 0.85991
vn -0.07038 0.88121 -0.46746
vn 0.84499 0.31121 0.43491
vn 0.52165 0.64539 0.55799
vn -0.68299 0.1466 0.71556
vn -0.67106 0.36391 -0.64594
vn -0.2997 -0.95379 -0.02147
vn 0.95305 0.02857 -0.30146
vn 0.35503 -0.17605 0.91813
vn -0.45058 -0.17822 -0.87477
vn 0.09981 -0.22899 0.9683
vn -0.88231 -0.2567 0.39451
vn 0.03442 -0.11316 0.99298
vn -0.78382 -0.42852 -0.44943
vn -0.00864 -0.31391 0.94941
vn 0.45396 0.88953 0.05157
vn 0.83632 0.17135 0.52078
vn 0.38539 0.15055 -0.91039
vn 0.34248 0.92535 0.16257
vn 0.21583 0.08791 -0.97246
vn 0.5343 0.02285 0.84499
vn 0.88964 0.2454 -0.38511
vn 0.39294 0.86041 0.32449
usemtl mat0
f 1//1 2//2 3//3
f 4//4 5//5 6//6
f 7//7 8//8 9//9
f 10//10 11//11 12//12
f 13//13 14//14 15//15
f 16//16 17//17 18//18
f 19//19 20//20 21//21
f 22//22 23//23 24//24
f 25//25 26//26 27//27
f 28//28 29//29 30//30
f 31//31 32//32 33//33
f 34//34 19//19 21//21
f 35//35 36//36 37//37
f 38//38 39//39 40//40
f 41//41 42//42 43//43
f 44//44 45//45 46//46
f 47//47 48//48 49//49
f 50//50 51//51 52//52
f 53//53 54//54 55//55
f 56//56 57//57 58//58
f 59//59 60//60 61//61
f 62//62 63//63 64//64
f 65//65 66//66 67//67
f 68//68 69//69 70//70
f 71//71 72//72 73//73
f 74//74 75//75 76//76
f 77//77 78//78 79//79
f 80//80 81//81 82//82
f 83//83 84//84 85//85
f 86//86 42//42 87//87
f 88//88 89//89 90//90
f 91//91 92//92 93//93
f 94//94 95//95 96//96
f 97//97 98//98 99//99
f 100//100 101//101 102//102
f 103//103 104//104 105//105
f 106//106 107//107 108//108
f 109//109 110//110 111//111
f 112//112 113//113 114//114
f 115//115 116//116 117//117
f 118//118 119//119 120//120
f 121//121 122//122 123//123
f 124//124 29//29 125//125
f 126//126 127//127 128//128
f 129//129 130//130 131//131
f 132//132 133//133 134//134
f 135//135 136//136 137//137
f 138//138 139//139 140//140
f 141//141 142//142 143//143
f 144//144 145//145 146//146
f 147//147 148//148 149//149
f 150//150 151//151 152//152
f 153//153 154//154 155//155
f 156//156 5//5 157//157
f 158//158 159//159 160//160
f 161//161 162//162 163//163
f 164//164 165//165 166//166
f 167//167 168//168 169//169
f 170//170 171//171 172//172
f 173//173 174//174 154//154
f 175//175 47//47 176//176
f 177//177 178//178 179//179
f 180//180 181//181 182//182
f 183//183 184//184 185//185
f 186//186 187//187 188//188
f 189//189 190//190 191//191
f 192//192 193//193 194//194
f 195//195 196//196 197//197
f 198//198 199//199 200//200
f 201//201 116//116 115//115
f 202//202 203//203 201//201
f 204//204 205//205 206//206
f 207//207 208//208 209//209
f 210//210 211//211 212//212
f 213//213 214//214 215//215
f 216//216 217//217 218//218
f 219//219 220//220 221//221
f 222//222 223//223 220//220
f 224//224 225//225 226//226
f 227//227 228//228 229//229
f 230//230 231//231 232//232
f 233//233 234//234 235//235
f 236//236 237//237 238//238
f 239//239 240//240 241//241
f 242//242 243//243 244//244
f 245//245 246//246 247//247
f 248//248 249//249 250//250
f 251//251 252//252 253//253
f 254//254 255//255 256//256
f 33//33 257//257 258//258
f 259//259 260//260 261//261
f 262//262 263//263 264//264
f 195//195 265//265 266//266
f 267//267 268//268 269//269
f 270//270 271//271 272//272
f 273//273 274//274 275//275
f 276//276 277//277 278//278
f 279//279 280//280 281//281
f 282//282 283//283 284//284
f 114//114 113//113 285//285
f 286//286 287//287 288//288
f 289//289 290//290 291//291
f 289//289 292//292 290//290
f 293//293 294//294 295//295
f 296//296 297//297 298//298
f 299//299 300//300 301//301
f 302//302 303//303 304//304
f 305//305 306//306 307//307
f 308//308 309//309 310//310
f 311//311 35//35 312//312
f 68//68 70//70 313//313
f 314//314 315//315 316//316
f 209//209 317//317 318//318
f 319//319 320//320 321//321
f 322//322 323//323 324//324
f 325//325 76//76 326//326
f 327//327 328//328 329//329
f 330//330 331//331 332//332
f 333//333 334//334 335//335
f 336//336 337//337 338//338
f 339//339 340//340 341//341
f 342//342 343//343 344//344
f 345//345 346//346 347//347
f 348//348 349//349 350//350
f 351//351 352//352 353//353
f 354//354 355//355 356//356
f 215//215 357//357 213//213
f 358//358 359//359 215//215
f 360//360 361//361 362//362
f 363//363 364//364 365//365
f 366//366 367//367 368//368
f 369//369 370//370 371//371
f 372//372 373//373 374//374
f 375//375 376//376 377//377
f 378//378 379//379 380//380
f 381//381 382//382 383//383
f 384//384 42//42 385//385
f 386//386 387//387 388//388
f 389//389 390//390 391//391
f 392//392 393//393 394//394
f 395//395 396//396 397//397
f 398//398 399//399 400//400
f 401//401 402//402 403//403
f 404//404 405//405 406//406
f 407//407 408//408 409//409
f 410//410 411//411 412//412
f 413//413 414//414 415//415
f 416//416 417//417 418//418
f 419//419 420//420 421//421
f 422//422 423//423 424//424
f 425//425 426//426 219//219
f 427//427 428//428 429//429
f 428//428 430//430 429//429
f 431//431 432//432 433//433
f 434//434 435//435 436//436
f 437//437 438//438 439//439
f 440//440 441//441 442//442
f 443//443 444//444 445//445
f 446//446 447//447 448//448
f 449//449 450//450 451//451
f 452//452 240//240 239//239
f 453//453 454//454 42//42
f 455//455 456//456 454//454
f 457//457 458//458 459//459
f 460//460 461//461 462//462
f 463//463 464//464 465//465
f 466//466 467//467 468//468
f 469//469 470//470 471//471
f 472//472 473//473 474//474
f 475//475 476//476 177//177
f 477//477 478//478 479//479
f 480//480 481//481 482//482
f 93//93 483//483 91//91
f 484//484 18//18 17//17
f 485//485 486//486 487//487
f 488//488 489//489 490//490
f 491//491 492//492 493//493
f 491//491 174//174 492//492
f 494//494 495//495 496//496
f 497//497 498//498 499//499
f 500//500 501//501 502//502
f 503//503 504//504 505//505
f 506//506 483//483 43//43
f 507//507 508//508 509//509
f 510//510 511//511 48//48
f 512//512 24//24 513//513
f 514//514 515//515 516//516
f 517//517 518//518 164//164
f 519//519 520//520 521//521
f 522//522 523//523 524//524
f 525//525 526//526 527//527
f 528//528 529//529 530//530
f 531//531 532//532 533//533
f 534//534 264//264 535//535
f 171//171 536//536 172//172
f 537//537 538//538 539//539
f 540//540 541//541 542//542
f 543//543 544//544 545//545
f 546//546 547//547 548//548
f 549//549 550//550 551//551
f 552//552 553//553 554//554
f 555//555 556//556 557//557
f 558//558 559//559 560//560
f 561//561 562//562 563//563
f 564//564 11//11 10//10
f 565//565 219//219 221//221
f 566//566 567//567 219//219
f 566//566 524//524 567//567
f 568//568 569//569 570//570
f 571//571 572//572 573//573
f 574//574 575//575 576//576
f 457//457 577//577 458//458
f 578//578 95//95 579//579
f 580//580 581//581 582//582
f 583//583 584//584 585//585
f 586//586 587//587 261//261
f 588//588 589//589 590//590
f 591//591 454//454 453//453
f 592//592 593//593 594//594
f 595//595 596//596 597//597
f 598//598 294//294 293//293
f 599//599 600//600 42//42
f 599//599 601//601 600//600
f 602//602 603//603 604//604
f 605//605 606//606 219//219
f 605//605 607//607 606//606
f 608//608 609//609 610//610
f 611//611 612//612 613//613
f 344//344 614//614 615//615
f 344//344 343//343 614//614
f 616//616 617//617 618//618
f 619//619 187//187 186//186
f 620//620 621//621 622//622
f 623//623 624//624 625//625
f 626//626 627//627 628//628
f 629//629 217//217 216//216
f 630//630 631//631 632//632
f 633//633 634//634 635//635
f 636//636 637//637 42//42
f 638//638 637//637 636//636
f 639//639 70//70 69//69
f 640//640 641//641 642//642
f 643//643 644//644 645//645
f 594//594 646//646 592//592
f 647//647 648//648 649//649
f 650//650 651//651 652//652
f 653//653 488//488 490//490
f 654//654 655//655 656//656
f 657//657 658//658 655//655
f 659//659 660//660 661//661
f 662//662 663//663 664//664
f 665//665 666//666 667//667
f 9//9 668//668 669//669
f 670//670 671//671 672//672
f 673//673 674//674 675//675
f 676//676 677//677 678//678
f 185//185 679//679 680//680
f 681//681 578//578 682//682
f 683//683 684//684 685//685
f 686//686 687//687 688//688
f 689//689 29//29 690//690
f 376//376 691//691 377//377
f 692//692 693//693 694//694
f 479//479 695//695 696//696
f 695//695 697//697 698//698
f 699//699 251//251 700//700
f 701//701 702//702 703//703
f 704//704 705//705 299//299
f 704//704 706//706 705//705
f 707//707 708//708 709//709
f 707//707 140//140 708//708
f 710//710 711//711 712//712
f 713//713 81//81 714//714
f 715//715 716//716 625//625
f 717//717 63//63 62//62
f 718//718 719//719 102//102
f 720//720 721//721 722//722
f 6//6 723//723 4//4
f 724//724 154//154 153//153
f 725//725 726//726 727//727
f 728//728 729//729 730//730
f 731//731 398//398 732//732
f 733//733 734//734 735//735
f 736//736 737//737 738//738
f 739//739 740//740 741//741
f 742//742 743//743 476//476
f 270//270 268//268 744//744
f 745//745 746//746 747//747
f 221//221 748//748 749//749
f 221//221 220//220 748//748
f 750//750 751//751 752//752
f 753//753 754//754 755//755
f 756//756 242//242 757//757
f 758//758 634//634 633//633
f 759//759 39//39 760//760
f 761//761 762//762 763//763
f 764//764 765//765 766//766
f 767//767 768//768 769//769
f 770//770 771//771 772//772
f 773//773 774//774 775//775
f 317//317 209//209 776//776
f 777//777 778//778 779//779
f 780//780 781//781 782//782
f 783//783 784//784 785//785
f 346//346 786//786 787//787
f 788//788 789//789 790//790
f 791//791 792//792 793//793
f 794//794 795//795 796//796
f 797//797 798//798 799//799
f 800//800 801//801 802//802
f 803//803 804//804 805//805
f 806//806 807//807 808//808
f 809//809 810//810 811//811
f 812//812 813//813 814//814
f 815//815 816//816 817//817
f 818//818 131//131 819//819
f 820//820 821//821 118//118
f 822//822 823//823 824//824
f 825//825 826//826 827//827
f 828//828 829//829 830//830
f 152//152 151//151 831//831
f 832//832 833//833 834//834
f 835//835 836//836 837//837
f 838//838 839//839 840//840
f 841//841 842//842 843//843
f 840//840 839//839 844//844
f 483//483 41//41 43//43
f 845//845 846//846 847//847
f 848//848 849//849 850//850
f 851//851 501//501 852//852
f 853//853 854//854 855//855
f 856//856 857//857 858//858
f 859//859 166//166 860//860
f 861//861 833//833 862//862
f 153//153 863//863 864//864
f 865//865 720//720 722//722
f 866//866 867//867 868//868
f 869//869 870//870 871//871
f 872//872 873//873 874//874
f 875//875 435//435 876//876
f 877//877 480//480 878//878
f 105//105 879//879 103//103
f 880//880 881//881 882//882
f 883//883 884//884 885//885
f 886//886 887//887 888//888
f 889//889 665//665 667//667
f 890//890 891//891 892//892
f 893//893 894//894 895//895
f 896//896 897//897 898//898
f 899//899 900//900 224//224
f 901//901 158//158 902//902
f 903//903 904//904 905//905
f 906//906 907//907 908//908
f 909//909 910//910 911//911
f 912//912 913//913 914//914
f 915//915 145//145 144//144
f 916//916 917//917 918//918
f 919//919 920//920 921//921
f 922//922 923//923 924//924
f 925//925 926//926 927//927
f 928//928 929//929 930//930
f 931//931 932//932 933//933
f 934//934 935//935 936//936
f 170//170 937//937 938//938
f 939//939 940//940 941//941
f 224//224 942//942 899//899
f 943//943 944//944 945//945
f 946//946 529//529 528//528
f 947//947 948//948 949//949
f 665//665 950//950 951//951
f 952//952 953//953 954//954
f 955//955 956//956 957//957
f 958//958 959//959 960//960
f 961//961 683//683 685//685
f 962//962 963//963 964//964
f 404//404 965//965 405//405
f 966//966 967//967 968//968
f 969//969 970//970 971//971
f 972//972 87//87 42//42
f 972//972 86//86 87//87
f 255//255 132//132 134//134
f 973//973 974//974 975//975
f 960//960 976//976 958//958
f 977//977 978//978 979//979
f 980//980 981//981 982//982
f 983//983 984//984 985//985
f 986//986 987//987 988//988
f 989//989 213//213 357//357
f 990//990 991//991 992//992
f 993//993 994//994 995//995
f 996//996 997//997 203//203
f 998//998 999//999 1000//1000
f 1001//1001 226//226 225//225
f 1002//1002 1003//1003 1004//1004
f 1005//1005 1006//1006 1007//1007
f 1008//1008 1009//1009 1010//1010
f 1011//1011 1012//1012 1013//1013
f 1014//1014 1015//1015 1016//1016
f 1017//1017 1018//1018 1019//1019
f 675//675 1020//1020 1021//1021
f 1022//1022 1023//1023 1024//1024
f 1025//1025 1026//1026 1027//1027
f 1028//1028 1029//1029 1030//1030
f 1031//1031 1032//1032 1033//1033
f 590//590 1034//1034 588//588
f 1035//1035 1036//1036 1037//1037
f 133//133 132//132 1038//1038
f 1039//1039 1040//1040 1041//1041
f 1042//1042 1043//1043 1044//1044
f 742//742 537//537 1045//1045
f 742//742 1046//1046 537//537
f 1047//1047 541//541 1048//1048
f 997//997 996//996 1049//1049
f 1050//1050 1024//1024 1023//1023
f 1051//1051 1052//1052 1053//1053
f 1054//1054 266//266 265//265
f 469//469 1055//1055 371//371
f 469//469 471//471 1055//1055
f 608//608 610//610 1056//1056
f 822//822 1057//1057 1058//1058
f 1059//1059 1060//1060 1061//1061
f 638//638 1062//1062 637//637
f 1063//1063 1064//1064 1065//1065
f 1066//1066 1067//1067 1064//1064
f 1068//1068 441//441 440//440
f 1069//1069 421//421 1070//1070
f 1071//1071 1072//1072 1073//1073
f 1074//1074 1075//1075 91//91
f 1076//1076 1077//1077 1078//1078
f 1079//1079 854//854 1080//1080
f 1081//1081 1082//1082 1083//1083
f 1084//1084 1085//1085 1086//1086
f 1087//1087 1088//1088 1089//1089
f 1090//1090 1091//1091 1092//1092
f 1093//1093 1094//1094 1095//1095
f 317//317 1096//1096 1097//1097
f 317//317 1098//1098 1096//1096
f 1099//1099 1100//1100 1101//1101
f 1102//1102 1103//1103 1104//1104
f 1105//1105 77//77 79//79
f 1106//1106 1107//1107 1108//1108
f 1106//1106 1109//1109 1107//1107
f 1110//1110 1111//1111 1112//1112
f 894//894 1113//1113 895//895
f 1114//1114 560//560 559//559
f 1115//1115 1116//1116 1117//1117
f 1118//1118 1119//1119 1120//1120
f 1121//1121 1122//1122 1123//1123
f 1124//1124 1125//1125 1126//1126
f 260//260 1127//1127 586//586
f 1128//1128 1129//1129 1130//1130
f 1131//1131 746//746 1132//1132
f 1133//1133 1134//1134 1135//1135
f 1136//1136 1137//1137 1138//1138
f 1139//1139 1140//1140 1141//1141
f 1142//1142 1143//1143 1144//1144
f 1145//1145 1146//1146 581//581
f 174//174 155//155 154//154
f 1147//1147 1148//1148 1149//1149
f 1150//1150 1151//1151 1152//1152
f 1153//1153 958//958 1154//1154
f 232//232 1155//1155 1156//1156
f 1157//1157 1158//1158 1159//1159
f 318//318 317//317 1097//1097
f 565//565 221//221 749//749
f 1160//1160 929//929 1161//1161
f 1162//1162 1161//1161 1163//1163
f 1164//1164 1165//1165 1166//1166
f 1167//1167 1168//1168 1169//1169
f 1170//1170 171//171 1171//1171
f 259//259 65//65 1172//1172
f 591//591 455//455 454//454
f 1173//1173 1174//1174 1175//1175
f 1176//1176 1177//1177 1178//1178
f 1179//1179 1034//1034 1108//1108
f 1180//1180 1181//1181 1182//1182
f 1183//1183 1184//1184 1185//1185
f 1186//1186 1187//1187 1188//1188
f 1189//1189 1190//1190 1191//1191
f 982//982 981//981 1192//1192
f 1193//1193 1194//1194 1195//1195
f 1196//1196 498//498 1197//1197
f 1198//1198 1199//1199 1200//1200
f 1201//1201 16//16 1202//1202
f 1203//1203 1204//1204 1205//1205
f 274//274 1206//1206 1207//1207
f 1208//1208 1209//1209 1210//1210
f 1211//1211 1212//1212 1213//1213
f 1214//1214 1215//1215 1216//1216
f 1217//1217 385//385 42//42
f 1217//1217 1218//1218 385//385
f 674//674 1219//1219 1020//1020
f 1220//1220 1186//1186 1221//1221
f 1222//1222 1223//1223 1224//1224
f 1222//1222 1225//1225 1223//1223
f 1200//1200 780//780 782//782
f 606//606 1226//1226 219//219
f 606//606 607//607 1226//1226
f 1227//1227 1228//1228 1229//1229
f 768//768 1230//1230 1231//1231
f 1232//1232 1233//1233 1234//1234
f 971//971 1235//1235 1236//1236
f 1237//1237 1238//1238 1239//1239
f 1240//1240 1241//1241 1242//1242
f 9//9 8//8 1243//1243
f 99//99 1244//1244 1245//1245
f 1246//1246 1247//1247 1248//1248
f 1246//1246 1249//1249 1247//1247
f 1250//1250 134//134 133//133
f 1102//1102 1251//1251 1252//1252
f 1253//1253 1254//1254 1255//1255
f 1256//1256 1257//1257 1258//1258
f 1259//1259 1260//1260 1261//1261
f 1262//1262 1263//1263 1195//1195
f 1264//1264 1265//1265 1266//1266
f 1264//1264 1267//1267 1265//1265
f 1268//1268 1059//1059 1269//1269
f 1270//1270 1271//1271 1272//1272
f 1273//1273 1274//1274 1275//1275
f 1276//1276 1058//1058 1277//1277
f 1276//1276 1278//1278 1058//1058
f 1279//1279 1280//1280 1281//1281
f 252//252 1282//1282 1283//1283
f 1284//1284 1285//1285 1286//1286
f 1287//1287 1288//1288 1289//1289
f 486//486 1290//1290 1291//1291
f 1292//1292 1293//1293 1294//1294
f 1295//1295 524//524 1296//1296
f 1297//1297 943//943 1298//1298
f 1297//1297 944//944 943//943
f 1299//1299 1300//1300 1301//1301
f 912//912 915//915 913//913
f 1302//1302 821//821 820//820
f 1303//1303 1304//1304 1305//1305
f 633//633 635//635 1306//1306
f 1307//1307 1308//1308 1309//1309
f 1310//1310 1311//1311 1312//1312
f 1313//1313 597//597 1314//1314
f 1313//1313 595//595 597//597
f 1315//1315 1316//1316 1317//1317
f 124//124 125//125 1318//1318
f 1319//1319 1320//1320 1321//1321
f 1243//1243 1322//1322 9//9
f 1323//1323 1324//1324 1325//1325
f 1326//1326 1327//1327 1082//1082
f 966//966 1328//1328 967//967
f 1329//1329 722//722 1330//1330
f 1331//1331 1332//1332 583//583
f 798//798 797//797 1333//1333
f 1334//1334 1335//1335 1336//1336
f 1337//1337 1338//1338 1339//1339
f 1340//1340 1341//1341 1342//1342
f 938//938 939//939 1343//1343
f 1344//1344 1345//1345 867//867
f 1346//1346 1347//1347 1348//1348
f 1349//1349 1350//1350 1351//1351
f 1352//1352 1353//1353 1354//1354
f 1355//1355 1356//1356 1357//1357
f 1358//1358 1359//1359 42//42
f 1358//1358 1074//1074 1359//1359
f 698//698 1360//1360 695//695
f 1361//1361 1362//1362 1363//1363
f 1364//1364 1365//1365 1361//1361
f 144//144 1366//1366 915//915
f 1367//1367 1368//1368 1115//1115
f 1369//1369 1370//1370 1371//1371
f 1372//1372 944//944 1373//1373
f 1021//1021 1374//1374 1375//1375
f 1376//1376 141//141 143//143
f 1377//1377 1378//1378 1379//1379
f 1380//1380 1381//1381 1382//1382
f 683//683 961//961 234//234
f 1383//1383 1384//1384 1385//1385
f 1386//1386 1387//1387 546//546
f 1386//1386 1388//1388 1389//1389
f 1390//1390 1391//1391 1240//1240
f 1392//1392 1393//1393 1394//1394
f 1395//1395 1396//1396 1397//1397
f 1398//1398 1399//1399 1400//1400
f 1401//1401 16//16 1402//1402
f 1403//1403 1404//1404 503//503
f 497//497 1405//1405 1406//1406
f 1407//1407 1408//1408 1409//1409
f 136//136 1410//1410 1411//1411
f 1412//1412 734//734 1413//1413
f 828//828 1414//1414 86//86
f 1415//1415 1416//1416 1417//1417
f 39//39 1418//1418 1419//1419
f 590//590 1420//1420 173//173
f 174//174 173//173 1420//1420
f 298//298 1421//1421 858//858
f 693//693 1005//1005 694//694
f 1422//1422 1423//1423 1005//1005
f 1424//1424 1425//1425 1426//1426
f 1424//1424 1112//1112 1425//1425
f 1427//1427 1428//1428 1429//1429
f 1430//1430 1095//1095 1431//1431
f 1432//1432 1433//1433 229//229
f 1434//1434 1435//1435 1261//1261
f 1436//1436 1437//1437 690//690
f 1438//1438 1186//1186 1220//1220
f 1438//1438 1187//1187 1186//1186
f 1439//1439 167//167 1440//1440
f 802//802 801//801 1441//1441
f 1442//1442 331//331 330//330
f 1443//1443 1444//1444 1445//1445
f 1446//1446 1447//1447 1042//1042
f 1448//1448 1449//1449 1450//1450
f 1451//1451 1452//1452 1453//1453
f 610//610 1454//1454 1056//1056
f 1455//1455 1456//1456 1457//1457
f 1458//1458 1459//1459 1460//1460
f 1461//1461 1462//1462 1463//1463
f 1464//1464 1465//1465 1466//1466
f 1467//1467 1468//1468 1469//1469
f 1470//1470 1471//1471 1472//1472
f 824//824 1473//1473 1474//1474
f 1475//1475 1476//1476 1477//1477
f 1478//1478 941//941 1479//1479
f 1281//1281 1480//1480 1481//1481
f 1482//1482 1483//1483 1484//1484
f 1483//1483 1485//1485 1484//1484
f 1486//1486 1487//1487 1488//1488
f 1489//1489 493//493 492//492
f 1489//1489 219//219 493//493
f 1490//1490 1491//1491 1492//1492
f 1493//1493 1494//1494 1495//1495
f 1496//1496 1497//1497 361//361
f 1498//1498 347//347 787//787
f 1499//1499 458//458 617//617
f 1298//1298 578//578 681//681
f 1500//1500 1501//1501 1502//1502
f 1503//1503 1504//1504 635//635
f 1505//1505 1506//1506 1507//1507
f 1508//1508 47//47 175//175
f 1509//1509 1510//1510 1511//1511
f 1512//1512 1139//1139 1141//1141
f 783//783 1090//1090 1513//1513
f 1514//1514 1515//1515 1516//1516
f 754//754 34//34 1517//1517
f 403//403 1009//1009 1518//1518
f 1368//1368 1519//1519 1520//1520
f 1419//1419 1521//1521 760//760
f 1007//1007 408//408 1522//1522
f 1007//1007 564//564 408//408
f 1523//1523 1524//1524 1525//1525
f 1526//1526 736//736 738//738
f 1527//1527 1528//1528 1529//1529
f 1102//1102 1530//1530 1251//1251
f 1531//1531 1532//1532 1533//1533
f 1200//1200 782//782 1534//1534
f 429//429 1535//1535 427//427
f 1536//1536 1537//1537 1538//1538
f 29//29 689//689 1539//1539
f 1479//1479 941//941 1540//1540
f 1541//1541 937//937 170//170
f 940//940 939//939 937//937
f 938//938 937//937 939//939
f 1542//1542 781//781 1543//1543
f 1542//1542 1544//1544 781//781
f 1545//1545 1546//1546 206//206
f 69//69 68//68 1547//1547
f 1548//1548 1549//1549 152//152
f 518//518 165//165 164//164
f 1550//1550 1551//1551 165//165
f 1552//1552 1553//1553 1554//1554
f 1555//1555 1556//1556 1557//1557
f 1558//1558 653//653 1559//1559
f 1560//1560 1561//1561 1562//1562
f 1563//1563 529//529 946//946
f 1564//1564 529//529 1565//1565
f 325//325 74//74 76//76
f 1566//1566 1567//1567 1568//1568
f 1569//1569 1570//1570 1571//1571
f 1572//1572 930//930 1573//1573
f 1574//1574 1575//1575 1576//1576
f 1577//1577 1578//1578 1579//1579
f 1580//1580 1581//1581 403//403
f 1582//1582 1583//1583 1584//1584
f 1582//1582 1585//1585 1586//1586
f 1587//1587 1588//1588 79//79
f 1589//1589 68//68 313//313
f 1305//1305 1547//1547 68//68
f 1590//1590 371//371 1591//1591
f 1592//1592 1593//1593 975//975
f 563//563 562//562 1594//1594
f 917//917 919//919 921//921
f 492//492 1595//1595 1596//1596
f 1597//1597 1598//1598 1599//1599
f 1600//1600 1601//1601 1602//1602
f 969//969 1603//1603 970//970
f 1604//1604 1605//1605 475//475
f 1397//1397 1396//1396 1605//1605
f 1606//1606 1607//1607 1608//1608
f 7//7 1609//1609 292//292
f 1610//1610 1264//1264 1611//1611
f 594//594 1612//1612 1613//1613
f 109//109 111//111 1614//1614
f 1615//1615 154//154 724//724
f 1616//1616 1617//1617 1618//1618
f 1341//1341 1340//1340 1619//1619
f 590//590 173//173 1034//1034
f 589//589 1420//1420 590//590
f 1620//1620 906//906 908//908
f 457//457 459//459 806//806
f 1046//1046 742//742 476//476
f 1621//1621 1622//1622 1623//1623
f 1624//1624 717//717 62//62
f 1625//1625 383//383 382//382
f 1626//1626 1627//1627 1628//1628
f 1629//1629 1630//1630 1631//1631
f 1632//1632 1633//1633 1634//1634
f 1278//1278 1635//1635 1058//1058
f 1414//1414 1636//1636 1637//1637
f 988//988 1638//1638 905//905
f 1639//1639 1081//1081 1640//1640
f 1641//1641 1642//1642 1643//1643
f 1644//1644 1645//1645 1646//1646
f 1647//1647 1648//1648 1355//1355
f 1186//1186 217//217 1649//1649
f 1186//1186 1188//1188 217//217
f 1546//1546 1650//1650 1651//1651
f 978//978 1652//1652 1653//1653
f 152//152 1654//1654 150//150
f 520//520 1655//1655 1183//1183
f 379//379 1656//1656 380//380
f 380//380 1654//1654 152//152
f 380//380 1656//1656 1654//1654
f 1657//1657 736//736 1526//1526
f 1658//1658 880//880 27//27
f 955//955 957//957 1630//1630
f 539//539 538//538 1659//1659
f 153//153 155//155 863//863
f 1660//1660 973//973 1661//1661
f 1662//1662 1663//1663 1664//1664
f 618//618 617//617 458//458
f 1665//1665 1666//1666 1667//1667
f 1412//1412 1668//1668 735//735
f 1669//1669 1670//1670 1671//1671
f 1672//1672 1673//1673 1674//1674
f 1675//1675 315//315 314//314
f 682//682 233//233 1676//1676
f 1649//1649 1677//1677 1221//1221
f 1649//1649 217//217 1677//1677
f 1678//1678 1679//1679 1680//1680
f 1681//1681 1303//1303 1305//1305
f 1682//1682 1683//1683 1684//1684
f 1685//1685 413//413 219//219
f 1686//1686 1048//1048 541//541
f 1432//1432 228//228 1687//1687
f 1688//1688 1689//1689 1690//1690
f 1691//1691 1692//1692 1693//1693
f 885//885 1627//1627 1694//1694
f 289//289 1695//1695 1696//1696
f 1697//1697 987//987 1698//1698
f 1699//1699 1700//1700 843//843
f 1701//1701 1002//1002 1004//1004
f 842//842 1702//1702 1002//1002
f 1489//1489 1596//1596 219//219
f 1489//1489 492//492 1596//1596
f 1703//1703 1704//1704 1705//1705
f 1703//1703 1706//1706 1704//1704
f 1707//1707 1708//1708 1709//1709
f 1710//1710 1711//1711 1712//1712
f 1710//1710 219//219 1711//1711
f 1713//1713 837//837 836//836
f 1714//1714 1715//1715 31//31
f 1716//1716 832//832 834//834
f 1717//1717 1718//1718 1719//1719
f 1720//1720 1721//1721 1722//1722
f 1720//1720 1723//1723 1721//1721
f 831//831 1088//1088 152//152
f 831//831 1089//1089 1088//1088
f 151//151 1089//1089 831//831
f 151//151 1724//1724 1089//1089
f 1725//1725 1726//1726 1727//1727
f 1728//1728 120//120 119//119
f 1729//1729 1730//1730 1731//1731
f 1732//1732 425//425 1710//1710
f 1135//1135 1733//1733 1734//1734
f 1735//1735 1736//1736 1737//1737
f 1738//1738 1739//1739 1740//1740
f 1741//1741 869//869 1742//1742
f 1743//1743 1040//1040 1744//1744
f 1745//1745 42//42 1359//1359
f 1746//1746 1747//1747 1748//1748
f 1749//1749 1750//1750 1751//1751
f 1108//1108 1107//1107 1179//1179
f 1752//1752 622//622 276//276
f 1752//1752 1022//1022 622//622
f 1753//1753 785//785 1754//1754
f 301//301 1755//1755 299//299
f 1756//1756 1757//1757 1758//1758
f 1111//1111 1536//1536 1538//1538
f 1759//1759 1760//1760 1761//1761
f 1762//1762 1763//1763 1764//1764
f 1497//1497 1031//1031 1033//1033
f 1497//1497 1496//1496 1031//1031
f 1765//1765 1766//1766 1767//1767
f 1768//1768 1769//1769 1366//1366
f 635//635 1770//1770 1306//1306
f 1462//1462 1461//1461 1770//1770
f 1771//1771 1772//1772 1773//1773
f 1774//1774 1775//1775 98//98
f 1776//1776 1777//1777 1778//1778
f 1779//1779 1637//1637 1636//1636
f 1779//1779 42//42 1637//1637
f 1780//1780 624//624 378//378
f 1781//1781 1279//1279 1281//1281
f 1782//1782 1783//1783 1784//1784
f 1782//1782 179//179 1783//1783
f 899//899 896//896 1785//1785
f 1786//1786 1787//1787 1788//1788
f 1789//1789 1790//1790 1791//1791
f 1792//1792 1793//1793 825//825
f 1794//1794 1795//1795 1223//1223
f 1796//1796 550//550 1797//1797
f 1798//1798 1799//1799 1800//1800
f 1801//1801 1802//1802 1285//1285
f 1801//1801 1803//1803 1802//1802
f 1804//1804 1805//1805 1806//1806
f 1386//1386 1807//1807 1808//1808
f 1809//1809 1810//1810 1811//1811
f 95//95 943//943 945//945
f 1256//1256 1258//1258 1812//1812
f 1240//1240 1391//1391 1813//1813
f 1459//1459 1814//1814 1460//1460
f 1815//1815 1816//1816 176//176
f 1109//1109 1815//1815 1817//1817
f 1818//1818 814//814 854//854
f 1819//1819 1820//1820 1821//1821
f 1822//1822 17//17 1823//1823
f 195//195 197//197 572//572
f 1824//1824 652//652 1825//1825
f 1826//1826 1827//1827 1828//1828
f 1829//1829 1830//1830 1831//1831
f 1832//1832 220//220 219//219
f 1832//1832 1833//1833 220//220
f 1834//1834 1835//1835 1836//1836
f 1114//1114 1837//1837 1838//1838
f 1839//1839 1101//1101 1837//1837
f 1840//1840 1841//1841 1156//1156
f 1432//1432 1687//1687 718//718
f 1730//1730 1842//1842 1843//1843
f 1844//1844 404//404 406//406
f 1273//1273 1845//1845 1274//1274
f 1846//1846 834//834 833//833
f 225//225 1624//1624 62//62
f 1847//1847 1848//1848 1849//1849
f 1850//1850 1851//1851 1852//1852
f 1853//1853 1854//1854 1855//1855
f 1856//1856 1857//1857 1858//1858
f 1859//1859 262//262 534//534
f 441//441 1860//1860 442//442
f 1861//1861 1862//1862 1863//1863
f 1864//1864 1865//1865 1866//1866
f 291//291 1867//1867 1461//1461
f 1093//1093 1868//1868 1869//1869
f 1039//1039 1744//1744 1040//1040
f 1744//1744 770//770 772//772
f 1870//1870 1871//1871 645//645
f 1208//1208 1872//1872 1209//1209
f 1873//1873 1874//1874 1875//1875
f 1876//1876 1877//1877 1873//1873
f 1440//1440 167//167 169//169
f 555//555 1878//1878 1879//1879
f 289//289 1696//1696 1880//1880
f 1881//1881 286//286 288//288
f 1882//1882 1883//1883 1094//1094
f 1882//1882 1884//1884 1883//1883
f 1885//1885 1028//1028 1886//1886
f 716//716 623//623 625//625
f 1479//1479 626//626 623//623
f 1887//1887 378//378 624//624
f 1888//1888 1527//1527 1889//1889
f 1890//1890 1891//1891 1892//1892
f 1893//1893 1894//1894 1895//1895
f 180//180 182//182 1896//1896
f 1897//1897 553//553 1898//1898
f 1014//1014 1705//1705 1899//1899
f 1900//1900 1901//1901 1902//1902
f 1903//1903 46//46 1904//1904
f 1905//1905 1906//1906 1907//1907
f 1908//1908 1909//1909 514//514
f 1901//1901 1910//1910 1909//1909
f 1237//1237 1911//1911 1912//1912
f 1237//1237 1630//1630 1913//1913
f 1914//1914 1915//1915 1916//1916
f 1917//1917 1918//1918 1919//1919
f 746//746 1131//1131 100//100
f 1920//1920 1921//1921 1598//1598
f 729//729 1424//1424 1922//1922
f 1036//1036 1035//1035 1923//1923
f 1924//1924 1925//1925 1926//1926
f 296//296 1927//1927 297//297
f 1478//1478 1479//1479 715//715
f 1928//1928 1929//1929 488//488
f 1930//1930 1931//1931 1932//1932
f 1933//1933 1934//1934 1935//1935
f 1936//1936 518//518 517//517
f 1937//1937 1938//1938 1939//1939
f 1347//1347 1940//1940 1348//1348
f 1941//1941 1942//1942 1943//1943
f 1944//1944 1945//1945 1946//1946
f 1766//1766 1947//1947 1767//1767
f 1948//1948 1949//1949 1950//1950
f 1951//1951 1952//1952 1298//1298
f 320//320 319//319 1953//1953
f 1233//1233 1232//1232 1332//1332
f 1954//1954 1955//1955 1956//1956
f 1561//1561 310//310 309//309
f 576//576 1176//1176 1078//1078
f 662//662 1026//1026 1957//1957
f 1958//1958 1959//1959 1732//1732
f 804//804 1960//1960 436//436
f 1103//1103 1102//1102 1490//1490
f 648//648 1961//1961 1962//1962
f 1498//1498 787//787 1963//1963
f 143//143 1964//1964 1376//1376
f 1066//1066 1965//1965 1067//1067
f 1966//1966 482//482 481//481
f 749//749 1967//1967 565//565
f 1968//1968 1787//1787 1969//1969
f 463//463 461//461 1970//1970
f 1971//1971 1972//1972 1973//1973
f 1974//1974 1975//1975 157//157
f 1975//1975 1974//1974 1976//1976
f 302//302 1977//1977 1978//1978
f 1979//1979 1980//1980 755//755
f 1981//1981 965//965 1982//1982
f 1981//1981 968//968 1983//1983
f 1984//1984 504//504 1346//1346
f 1985//1985 1986//1986 1987//1987
f 1749//1749 891//891 890//890
f 1472//1472 1988//1988 1989//1989
f 1990//1990 1349//1349 1991//1991
f 599//599 384//384 601//601
f 599//599 42//42 384//384
f 385//385 1992//1992 384//384
f 1993//1993 579//579 1994//1994
f 1531//1531 532//532 1995//1995
f 413//413 1685//1685 1996//1996
f 1347//1347 504//504 1997//1997
f 1998//1998 1999//1999 2000//2000
f 2001//2001 1469//1469 1643//1643
f 2002//2002 1467//1467 1469//1469
f 2003//2003 2004//2004 2005//2005
f 2006//2006 2007//2007 2008//2008
f 2009//2009 1466//1466 2010//2010
f 1107//1107 588//588 1179//1179
f 2011//2011 1050//1050 2012//2012
f 1243//1243 1325//1325 1322//1322
f 344//344 2013//2013 2014//2014
f 1685//1685 426//426 1996//1996
f 1685//1685 219//219 426//426
f 2015//2015 1230//1230 767//767
f 2016//2016 2017//2017 2018//2018
f 218//218 217//217 2019//2019
f 1445//1445 2020//2020 2021//2021
f 37//37 2022//2022 2023//2023
f 477//477 2024//2024 2025//2025
f 700//700 253//253 512//512
f 2026//2026 1173//1173 2027//2027
f 2028//2028 2029//2029 2030//2030
f 2031//2031 2032//2032 113//113
f 2033//2033 705//705 706//706
f 2034//2034 420//420 419//419
f 1586//1586 1583//1583 1582//1582
f 2035//2035 419//419 421//421
f 2036//2036 2037//2037 2038//2038
f 2039//2039 2040//2040 2041//2041
f 2042//2042 500//500 502//502
f 2043//2043 2044//2044 2045//2045
f 2046//2046 200//200 199//199
f 2047//2047 2048//2048 2049//2049
f 2050//2050 2051//2051 1829//1829
f 2052//2052 2053//2053 2054//2054
f 1799//1799 1798//1798 2055//2055
f 508//508 2056//2056 2057//2057
f 613//613 2058//2058 2059//2059
f 2060//2060 198//198 2061//2061
f 2062//2062 2063//2063 2064//2064
f 2065//2065 2066//2066 2067//2067
f 2068//2068 2069//2069 897//897
f 1693//1693 2070//2070 1691//1691
f 905//905 2071//2071 988//988
f 1533//1533 2072//2072 1456//1456
f 2073//2073 58//58 57//57
f 940//940 937//937 1541//1541
f 2074//2074 2075//2075 2076//2076
f 1596//1596 2077//2077 219//219
f 1596//1596 1595//1595 2077//2077
f 720//720 909//909 721//721
f 2078//2078 2079//2079 2080//2080
f 2081//2081 530//530 2082//2082
f 1192//1192 2083//2083 2084//2084
f 981//981 2085//2085 2083//2083
f 2086//2086 390//390 2087//2087
f 2088//2088 2089//2089 1317//1317
f 2090//2090 2091//2091 1199//1199
f 2092//2092 839//839 1699//1699
f 2092//2092 2093//2093 839//839
f 2094//2094 592//592 646//646
f 692//692 694//694 2095//2095
f 27//27 2096//2096 2097//2097
f 620//620 2098//2098 621//621
f 745//745 2099//2099 2100//2100
f 2101//2101 2102//2102 1964//1964
f 2101//2101 2103//2103 2102//2102
f 1676//1676 2104//2104 679//679
f 1676//1676 2105//2105 417//417
f 920//920 2106//2106 2107//2107
f 920//920 2108//2108 2106//2106
f 2109//2109 577//577 2110//2110
f 2111//2111 2112//2112 2113//2113
f 2114//2114 2115//2115 42//42
f 741//741 35//35 311//311
f 1328//1328 966//966 694//694
f 2043//2043 2045//2045 2116//2116
f 2117//2117 2118//2118 663//663
f 2119//2119 172//172 2120//2120
f 2121//2121 170//170 172//172
f 170//170 1559//1559 1541//1541
f 170//170 2121//2121 1559//1559
f 2122//2122 595//595 2123//2123
f 2124//2124 2125//2125 2126//2126
f 2127//2127 2128//2128 2025//2025
f 435//435 875//875 2129//2129
f 2130//2130 2131//2131 1124//1124
f 1226//1226 1832//1832 219//219
f 1226//1226 1833//1833 1832//1832
f 1460//1460 2132//2132 1802//1802
f 2133//2133 2134//2134 1575//1575
f 2135//2135 2136//2136 2137//2137
f 2138//2138 731//731 732//732
f 2139//2139 102//102 2140//2140
f 1342//1342 2141//2141 2142//2142
f 2143//2143 1201//1201 1202//1202
f 2144//2144 2145//2145 2146//2146
f 2147//2147 2148//2148 2149//2149
f 2150//2150 1988//1988 2151//2151
f 2150//2150 538//538 1988//1988
f 2152//2152 279//279 281//281
f 1509//1509 2153//2153 2154//2154
f 2155//2155 1854//1854 1853//1853
f 2071//2071 2156//2156 2051//2051
f 2157//2157 2158//2158 2159//2159
f 2160//2160 2161//2161 2162//2162
f 2163//2163 2164//2164 2165//2165
f 2166//2166 2167//2167 562//562
f 1838//1838 1100//1100 2168//2168
f 2168//2168 1100//1100 1099//1099
f 2169//2169 451//451 2170//2170
f 2171//2171 2172//2172 2173//2173
f 2174//2174 1406//1406 2175//2175
f 2176//2176 2177//2177 1406//1406
f 2178//2178 2179//2179 2180//2180
f 2181//2181 522//522 219//219
f 2182//2182 1227//1227 1229//1229
f 2183//2183 2184//2184 2185//2185
f 2186//2186 2187//2187 2188//2188
f 2189//2189 2190//2190 2191//2191
f 1477//1477 630//630 632//632
f 47//47 510//510 48//48
f 47//47 1508//1508 510//510
f 2192//2192 2193//2193 353//353
f 2194//2194 2195//2195 1945//1945
f 2196//2196 2197//2197 1010//1010
f 1295//1295 567//567 524//524
f 1295//1295 219//219 567//567
f 2198//2198 1557//1557 1556//1556
f 2199//2199 2200//2200 2201//2201
f 858//858 2202//2202 2203//2203
f 1055//1055 471//471 783//783
f 2204//2204 1271//1271 1270//1270
f 2204//2204 2205//2205 1271//1271
f 2206//2206 2207//2207 2208//2208
f 637//637 972//972 42//42
f 637//637 1062//1062 972//972
f 2209//2209 1220//1220 1221//1221
f 2209//2209 877//877 1220//1220
f 2050//2050 2210//2210 2211//2211
f 2212//2212 2213//2213 2214//2214
f 2215//2215 2214//2214 2213//2213
f 1713//1713 836//836 2216//2216
f 715//715 941//941 1478//1478
f 1282//1282 2217//2217 1763//1763
f 1282//1282 252//252 2217//2217
f 2218//2218 2219//2219 52//52
f 2220//2220 2221//2221 2222//2222
f 1458//1458 2223//2223 1803//1803
f 2224//2224 2225//2225 1268//1268
f 2226//2226 1506//1506 1505//1505
f 2227//2227 1952//1952 1951//1951
f 2227//2227 679//679 185//185
f 2228//2228 798//798 2229//2229
f 2230//2230 1157//1157 1159//1159
f 2231//2231 2232//2232 2233//2233
f 1863//1863 2234//2234 1861//1861
f 2235//2235 1938//1938 2236//2236
f 2237//2237 2238//2238 2239//2239
f 2237//2237 2240//2240 2238//2238
f 2241//2241 2242//2242 1906//1906
f 545//545 2243//2243 437//437
f 2244//2244 813//813 812//812
f 1116//1116 1115//1115 2245//2245
f 279//279 2246//2246 2247//2247
f 1113//1113 1114//1114 559//559
f 2248//2248 2249//2249 127//127
f 2250//2250 897//897 2251//2251
f 2055//2055 235//235 961//961
f 2252//2252 2253//2253 2254//2254
f 2255//2255 1499//1499 932//932
f 2256//2256 2257//2257 1408//1408
f 2258//2258 2259//2259 1246//1246
f 1612//1612 2260//2260 1613//1613
f 2261//2261 2262//2262 1244//1244
f 2263//2263 2264//2264 2265//2265
f 280//280 2247//2247 2266//2266
f 2267//2267 2268//2268 2269//2269
f 96//96 95//95 945//945
f 2270//2270 852//852 2271//2271
f 852//852 2270//2270 851//851
f 425//425 219//219 1710//1710
f 2272//2272 2273//2273 2274//2274
f 1763//1763 1283//1283 1282//1282
f 248//248 2275//2275 2276//2276
f 2277//2277 2278//2278 2279//2279
f 2278//2278 2280//2280 2281//2281
f 988//988 987//987 1638//1638
f 1019//1019 2282//2282 2283//2283
f 1519//1519 813//813 2284//2284
f 2285//2285 2286//2286 2287//2287
f 2285//2285 42//42 2286//2286
f 2288//2288 2289//2289 2290//2290
f 863//863 2291//2291 2292//2292
f 863//863 2293//2293 2291//2291
f 2293//2293 2294//2294 2295//2295
f 1679//1679 1678//1678 2296//2296
f 2297//2297 494//494 496//496
f 2298//2298 2189//2189 288//288
f 2248//2248 2299//2299 2249//2249
f 852//852 2300//2300 2301//2301
f 2302//2302 2303//2303 462//462
f 2304//2304 2056//2056 422//422
f 1227//1227 2182//2182 1392//1392
f 2305//2305 2306//2306 2307//2307
f 1046//1046 2308//2308 2309//2309
f 2310//2310 1715//1715 1714//1714
f 126//126 128//128 2214//2214
f 1919//1919 2023//2023 2311//2311
f 2312//2312 2313//2313 2314//2314
f 2315//2315 2316//2316 2317//2317
f 2318//2318 2319//2319 2185//2185
f 2320//2320 2321//2321 2319//2319
f 2322//2322 2323//2323 2324//2324
f 2322//2322 2325//2325 2326//2326
f 2327//2327 2328//2328 2329//2329
f 2330//2330 2331//2331 2332//2332
f 1074//1074 1994//1994 579//579
f 204//204 827//827 826//826
f 2033//2033 2333//2333 705//705
f 2334//2334 1878//1878 2335//2335
f 2045//2045 2336//2336 1878//1878
f 99//99 54//54 97//97
f 522//522 566//566 219//219
f 522//522 524//524 566//566
f 1081//1081 1083//1083 1640//1640
f 2337//2337 231//231 2338//2338
f 1182//1182 2339//2339 1180//1180
f 1182//1182 2340//2340 2339//2339
f 695//695 479//479 2341//2341
f 2342//2342 2343//2343 2344//2344
f 2345//2345 1123//1123 2346//2346
f 2347//2347 1123//1123 2348//2348
f 1924//1924 2349//2349 2350//2350
f 1779//1779 453//453 42//42
f 1779//1779 1636//1636 453//453
f 2351//2351 1051//1051 2352//2352
f 1780//1780 625//625 624//624
f 1780//1780 2353//2353 625//625
f 2354//2354 2355//2355 2356//2356
f 2357//2357 2358//2358 2359//2359
f 2360//2360 1075//1075 1091//1091
f 2361//2361 2362//2362 1431//1431
f 2363//2363 2364//2364 147//147
f 2365//2365 278//278 2366//2366
f 2367//2367 2368//2368 1098//1098
f 1239//1239 1238//1238 2369//2369
f 77//77 2370//2370 2371//2371
f 2372//2372 600//600 2373//2373
f 2372//2372 42//42 600//600
f 1425//1425 727//727 1426//1426
f 2374//2374 2140//2140 719//719
f 65//65 259//259 1820//1820
f 639//639 2375//2375 2376//2376
f 2377//2377 2376//2376 2378//2378
f 2379//2379 332//332 2380//2380
f 2381//2381 1611//1611 2382//2382
f 1102//1102 1252//1252 1491//1491
f 589//589 174//174 1420//1420
f 589//589 588//588 1595//1595
f 1179//1179 588//588 1034//1034
f 2383//2383 1930//1930 1932//1932
f 2384//2384 1128//1128 1312//1312
f 1312//1312 2385//2385 1310//1310
f 2386//2386 2387//2387 1963//1963
f 1042//1042 1053//1053 1052//1052
f 2388//2388 2389//2389 210//210
f 1368//1368 2390//2390 1519//1519
f 1368//1368 1768//1768 146//146
f 1655//1655 520//520 519//519
f 2391//2391 2392//2392 2393//2393
f 1726//1726 1725//1725 2394//2394
f 2395//2395 2396//2396 2397//2397
f 2398//2398 2399//2399 2400//2400
f 2401//2401 856//856 2203//2203
f 594//594 1613//1613 646//646
f 1198//1198 1534//1534 2402//2402
f 2403//2403 2404//2404 1500//1500
f 1753//1753 744//744 2405//2405
f 1753//1753 271//271 744//744
f 830//830 536//536 1167//1167
f 2406//2406 2252//2252 1620//1620
f 2407//2407 1720//1720 1722//1722
f 339//339 2187//2187 2408//2408
f 2112//2112 933//933 2409//2409
f 1790//1790 1789//1789 2410//2410
f 2411//2411 2386//2386 2412//2412
f 2413//2413 809//809 2414//2414
f 1395//1395 2415//2415 1416//1416
f 2416//2416 2417//2417 2418//2418
f 2273//2273 2417//2417 2416//2416
f 581//581 1959//1959 1145//1145
f 581//581 1732//1732 1959//1959
f 636//636 42//42 2115//2115
f 2419//2419 2420//2420 2421//2421
f 2422//2422 1295//1295 1296//1296
f 2423//2423 1631//1631 957//957
f 1934//1934 2424//2424 2136//2136
f 1935//1935 1934//1934 2425//2425
f 2426//2426 2425//2425 1981//1981
f 2427//2427 2428//2428 2429//2429
f 2430//2430 2431//2431 2432//2432
f 2433//2433 2434//2434 930//930
f 2435//2435 2436//2436 88//88
f 2437//2437 2015//2015 2438//2438
f 2439//2439 2440//2440 1886//1886
f 575//575 2441//2441 2442//2442
f 575//575 2443//2443 2441//2441
f 2444//2444 2333//2333 793//793
f 1663//1663 1199//1199 1198//1198
f 1650//1650 2445//2445 2339//2339
f 554//554 1897//1897 2446//2446
f 121//121 2447//2447 122//122
f 2448//2448 2449//2449 2450//2450
f 2082//2082 86//86 2451//2451
f 563//563 1594//1594 337//337
f 1166//1166 1165//1165 2452//2452
f 2453//2453 86//86 1414//1414
f 2453//2453 42//42 86//86
f 2454//2454 2455//2455 2456//2456
f 309//309 2457//2457 452//452
f 2458//2458 2459//2459 2460//2460
f 1737//1737 1736//1736 2461//2461
f 877//877 878//878 1189//1189
f 2462//2462 2463//2463 2153//2153
f 2462//2462 2464//2464 2463//2463
f 1907//1907 1906//1906 2465//2465
f 2466//2466 2467//2467 2468//2468
f 2469//2469 2470//2470 2471//2471
f 2472//2472 2473//2473 137//137
f 2474//2474 1269//1269 2475//2475
f 2474//2474 2217//2217 1269//1269
f 1512//1512 621//621 2476//2476
f 970//970 1603//1603 80//80
f 1815//1815 1106//1106 1816//1816
f 1815//1815 1109//1109 1106//1106
f 2477//2477 2478//2478 658//658
f 2086//2086 2479//2479 390//390
f 2480//2480 2481//2481 2482//2482
f 2483//2483 2484//2484 2164//2164
f 2485//2485 644//644 1162//1162
f 2214//2214 2249//2249 2486//2486
f 2324//2324 1183//1183 710//710
f 2324//2324 2323//2323 521//521
f 2382//2382 1264//1264 1266//1266
f 2487//2487 2488//2488 2489//2489
f 2490//2490 2491//2491 2492//2492
f 2490//2490 2493//2493 2491//2491
f 2494//2494 2412//2412 1312//1312
f 2495//2495 2496//2496 1470//1470
f 2497//2497 574//574 2498//2498
f 2499//2499 2500//2500 2014//2014
f 1020//1020 675//675 674//674
f 2501//2501 757//757 244//244
f 2502//2502 2503//2503 2504//2504
f 2502//2502 2505//2505 2503//2503
f 2506//2506 1354//1354 2507//2507
f 2108//2108 515//515 2106//2106
f 2508//2508 2509//2509 1636//1636
f 2510//2510 2511//2511 1468//1468
f 2510//2510 2512//2512 2513//2513
f 2514//2514 2515//2515 2516//2516
f 1237//1237 955//955 1630//1630
f 1237//1237 1239//1239 955//955
f 1210//1210 956//956 955//955
f 2517//2517 1140//1140 2518//2518
f 1362//1362 2519//2519 2520//2520
f 2521//2521 1809//1809 1811//1811
f 2201//2201 2522//2522 2199//2199
f 2523//2523 385//385 1218//1218
f 454//454 1217//1217 42//42
f 454//454 456//456 1217//1217
f 2209//2209 480//480 877//877
f 482//482 878//878 480//480
f 721//721 911//911 2524//2524
f 721//721 909//909 911//911
f 1003//1003 331//331 1004//1004
f 2525//2525 805//805 2526//2526
f 2527//2527 343//343 2528//2528
f 2529//2529 2530//2530 2531//2531
f 940//940 1540//1540 941//941
f 2532//2532 2533//2533 2534//2534
f 2532//2532 2535//2535 2533//2533
f 2535//2535 1524//1524 2533//2533
f 2348//2348 1123//1123 2536//2536
f 243//243 800//800 2537//2537
f 1126//1126 1741//1741 1742//1742
f 2538//2538 869//869 1741//1741
f 334//334 333//333 2539//2539
f 1901//1901 1909//1909 1908//1908
f 2150//2150 1875//1875 1659//1659
f 2150//2150 2540//2540 1875//1875
f 1997//1997 105//105 104//104
f 2541//2541 1417//1417 2542//2542
f 2339//2339 2445//2445 1180//1180
f 2543//2543 2544//2544 2545//2545
f 2543//2543 2546//2546 2547//2547
f 726//726 2548//2548 2549//2549
f 912//912 2550//2550 2551//2551
f 2552//2552 2553//2553 2554//2554
f 2555//2555 299//299 1755//1755
f 1503//1503 635//635 634//634
f 2556//2556 2304//2304 2557//2557
f 102//102 2139//2139 100//100
f 1433//1433 1348//1348 433//433
f 1433//1433 2558//2558 1348//1348
f 2559//2559 1283//1283 2560//2560
f 2561//2561 2562//2562 2232//2232
f 1872//1872 1208//1208 2563//2563
f 2210//2210 2050//2050 870//870
f 2564//2564 783//783 471//471
f 2327//2327 2565//2565 2566//2566
f 2567//2567 2568//2568 2569//2569
f 2211//2211 2570//2570 2571//2571
f 597//597 596//596 2572//2572
f 1579//1579 401//401 2573//2573
f 1316//1316 2574//2574 1318//1318
f 2575//2575 772//772 2576//2576
f 1701//1701 842//842 1002//1002
f 841//841 1702//1702 842//842
f 2577//2577 1002//1002 2578//2578
f 1171//1171 170//170 938//938
f 2579//2579 2580//2580 2581//2581
f 2582//2582 1580//1580 2583//2583
f 49//49 176//176 47//47
f 2584//2584 685//685 684//684
f 1799//1799 2055//2055 685//685
f 1810//1810 2585//2585 703//703
f 2586//2586 187//187 619//619
f 2461//2461 2587//2587 2588//2588
f 864//864 724//724 153//153
f 2589//2589 803//803 2525//2525
f 2590//2590 2591//2591 2592//2592
f 331//331 2380//2380 332//332
f 882//882 2593//2593 2594//2594
f 907//907 2595//2595 2596//2596
f 907//907 906//906 2595//2595
f 2597//2597 174//174 491//491
f 415//415 493//493 219//219
f 415//415 491//491 493//493
f 2598//2598 687//687 2599//2599
f 1896//1896 777//777 779//779
f 1365//1365 1364//1364 2600//2600
f 2601//2601 773//773 2602//2602
f 2338//2338 231//231 230//230
f 2603//2603 2604//2604 2605//2605
f 2264//2264 2606//2606 2607//2607
f 2608//2608 2609//2609 2610//2610
f 877//877 1438//1438 1220//1220
f 1493//1493 2611//2611 1945//1945
f 371//371 1055//1055 369//369
f 2612//2612 1427//1427 1429//1429
f 1727//1727 2613//2613 1725//1725
f 2614//2614 2615//2615 2616//2616
f 1401//1401 1402//1402 1236//1236
f 2617//2617 1413//1413 2618//2618
f 2619//2619 395//395 1834//1834
f 1719//1719 1181//1181 1180//1180
f 715//715 625//625 2353//2353
f 2620//2620 269//269 2621//2621
f 1663//1663 1662//1662 712//712
f 2198//2198 2622//2622 2623//2623
f 318//318 112//112 2624//2624
f 1403//1403 2625//2625 1270//1270
f 1403//1403 503//503 2626//2626
f 2627//2627 621//621 1512//1512
f 2077//2077 605//605 219//219
f 2077//2077 1595//1595 605//605
f 2628//2628 198//198 2060//2060
f 1857//1857 2629//2629 1858//1858
f 1844//1844 406//406 2630//2630
f 1305//1305 1589//1589 1302//1302
f 1305//1305 68//68 1589//1589
f 2631//2631 2632//2632 2633//2633
f 1196//1196 280//280 2634//2634
f 1196//1196 281//281 280//280
f 921//921 2110//2110 808//808
f 2635//2635 2636//2636 2637//2637
f 1453//1453 307//307 306//306
f 2638//2638 2639//2639 2640//2640
f 2145//2145 2144//2144 2641//2641
f 2642//2642 2181//2181 219//219
f 2643//2643 2644//2644 1235//1235
f 1205//1205 2645//2645 2265//2265
f 2646//2646 2265//2265 2645//2645
f 2232//2232 2231//2231 2647//2647
f 2648//2648 51//51 2649//2649
f 2650//2650 2651//2651 1839//1839
f 2652//2652 53//53 1849//1849
f 2653//2653 421//421 1069//1069
f 2654//2654 2655//2655 1130//1130
f 564//564 1007//1007 2656//2656
f 1423//1423 1006//1006 1005//1005
f 1423//1423 1010//1010 2657//2657
f 389//389 2658//2658 2070//2070
f 2659//2659 2660//2660 2661//2661
f 2662//2662 232//232 1156//1156
f 268//268 272//272 2663//2663
f 268//268 270//270 272//272
f 912//912 2664//2664 915//915
f 1235//1235 971//971 2665//2665
f 2666//2666 792//792 2667//2667
f 30//30 29//29 124//124
f 2668//2668 2669//2669 2670//2670
f 969//969 1201//1201 2671//2671
f 1948//1948 2033//2033 1949//1949
f 1637//1637 2453//2453 1414//1414
f 1637//1637 42//42 2453//2453
f 2672//2672 478//478 1574//1574
f 2673//2673 1633//1633 1632//1632
f 2673//2673 2674//2674 1633//1633
f 2675//2675 2440//2440 1825//1825
f 944//944 2676//2676 1373//1373
f 2496//2496 2677//2677 2678//2678
f 993//993 995//995 2679//2679
f 984//984 2680//2680 2681//2681
f 2682//2682 2683//2683 2684//2684
f 2682//2682 2685//2685 2683//2683
f 2686//2686 1946//1946 2611//2611
f 2441//2441 2687//2687 2688//2688
f 2689//2689 2690//2690 2691//2691
f 2089//2089 1315//1315 1317//1317
f 2060//2060 2692//2692 1255//1255
f 2693//2693 2028//2028 790//790
f 184//184 2694//2694 1880//1880
f 61//61 2695//2695 2696//2696
f 1117//1117 631//631 582//582
f 2697//2697 1389//1389 1388//1388
f 2698//2698 15//15 2254//2254
f 1370//1370 883//883 1371//1371
f 1523//1523 1525//1525 2699//2699
f 38//38 2700//2700 2699//2699
f 2701//2701 2702//2702 2703//2703
f 820//820 118//118 120//120
f 399//399 398//398 2704//2704
f 439//439 1617//1617 1616//1616
f 2160//2160 2162//2162 2705//2705
f 1542//1542 2329//2329 1544//1544
f 2706//2706 2707//2707 2708//2708
f 1863//1863 2709//2709 2234//2234
f 2621//2621 2064//2064 1960//1960
f 436//436 1960//1960 2710//2710
f 2129//2129 436//436 435//435
f 1551//1551 2711//2711 2712//2712
f 1551//1551 2713//2713 2711//2711
f 2714//2714 1163//1163 929//929
f 2715//2715 2716//2716 2717//2717
f 475//475 2718//2718 2308//2308
f 1459//1459 2719//2719 2116//2116
f 2720//2720 827//827 204//204
f 2720//2720 2721//2721 2722//2722
f 744//744 267//267 2723//2723
f 744//744 268//268 267//267
f 1285//1285 1802//1802 2724//2724
f 1560//1560 595//595 2725//2725
f 2726//2726 1003//1003 1002//1002
f 2727//2727 1498//1498 1963//1963
f 1988//1988 538//538 537//537
f 503//503 505//505 1570//1570
f 1600//1600 1602//1602 2728//2728
f 2729//2729 175//175 2730//2730
f 175//175 176//176 1816//1816
f 1394//1394 1393//1393 2731//2731
f 180//180 2732//2732 2733//2733
f 679//679 2734//2734 1676//1676
f 1442//1442 330//330 2735//2735
f 2736//2736 2546//2546 2543//2543
f 2737//2737 2738//2738 2739//2739
f 2740//2740 2741//2741 2742//2742
f 2743//2743 2744//2744 2092//2092
f 608//608 2745//2745 609//609
f 767//767 1567//1567 1566//1566
f 2285//2285 1358//1358 42//42
f 2285//2285 2287//2287 1358//1358
f 2159//2159 2746//2746 2157//2157
f 2747//2747 1363//1363 2748//2748
f 693//693 2749//2749 1422//1422
f 2750//2750 2751//2751 2752//2752
f 840//840 1612//1612 593//593
f 415//415 219//219 413//413
f 2753//2753 2754//2754 2755//2755
f 2756//2756 2757//2757 2758//2758
f 2370//2370 876//876 2063//2063
f 2759//2759 2094//2094 646//646
f 2760//2760 2278//2278 2277//2277
f 1061//1061 2761//2761 2762//2762
f 1005//1005 1007//1007 1328//1328
f 1422//1422 1005//1005 693//693
f 2705//2705 2763//2763 923//923
f 2195//2195 2764//2764 2765//2765
f 2766//2766 2767//2767 2768//2768
f 2564//2564 2357//2357 1090//1090
f 1745//1745 43//43 42//42
f 1745//1745 506//506 43//43
f 2769//2769 1999//1999 1998//1998
f 2769//2769 388//388 1999//1999
f 2770//2770 2771//2771 2772//2772
f 2192//2192 353//353 2773//2773
f 2774//2774 2775//2775 2776//2776
f 1711//1711 1295//1295 2422//2422
f 1711//1711 219//219 1295//1295
f 1383//1383 293//293 295//295
f 2777//2777 2082//2082 530//530
f 2778//2778 2082//2082 2777//2777
f 2779//2779 1374//1374 2780//2780
f 2781//2781 2782//2782 1449//1449
f 2783//2783 1331//1331 2505//2505
f 2784//2784 2785//2785 1011//1011
f 2786//2786 354//354 2785//2785
f 2787//2787 2788//2788 2789//2789
f 335//335 1514//1514 1516//1516
f 2055//2055 2105//2105 235//235
f 1730//1730 1843//1843 1731//1731
f 2790//2790 2028//2028 2791//2791
f 2792//2792 2793//2793 650//650
f 927//927 2794//2794 2795//2795
f 2796//2796 1592//1592 975//975
f 2306//2306 2797//2797 2798//2798
f 2799//2799 2800//2800 2801//2801
f 1171//1171 171//171 170//170
f 536//536 2120//2120 172//172
f 296//296 858//858 857//857
f 2802//2802 1917//1917 2803//2803
f 2804//2804 1619//1619 2805//2805
f 2806//2806 1993//1993 2807//2807
f 1146//1146 2808//2808 2481//2481
f 224//224 900//900 225//225
f 2602//2602 2809//2809 2601//2601
f 212//212 2810//2810 2809//2809
f 1241//1241 1240//1240 1813//1813
f 2811//2811 2812//2812 2813//2813
f 2574//2574 124//124 1318//1318
f 229//229 228//228 1432//1432
f 2531//2531 1444//1444 1443//1443
f 2814//2814 2815//2815 2816//2816
f 565//565 2642//2642 219//219
f 565//565 1967//1967 2642//2642
f 2817//2817 2818//2818 2151//2151
f 139//139 2819//2819 140//140
f 388//388 2820//2820 1999//1999
f 388//388 387//387 2820//2820
f 135//135 2473//2473 2821//2821
f 135//135 137//137 2473//2473
f 1864//1864 2822//2822 2823//2823
f 1893//1893 1334//1334 1894//1894
f 1893//1893 1335//1335 1334//1334
f 1457//1457 1456//1456 2072//2072
f 2824//2824 647//647 649//649
f 2174//2174 2176//2176 1406//1406
f 183//183 2825//2825 1904//1904
f 570//570 2184//2184 2826//2826
f 2827//2827 2828//2828 2829//2829
f 150//150 1654//1654 1656//1656
f 2830//2830 114//114 2831//2831
f 338//338 337//337 1594//1594
f 1081//1081 2832//2832 1082//1082
f 2833//2833 2347//2347 2834//2834
f 1557//1557 2198//2198 2723//2723
f 2156//2156 2835//2835 2836//2836
f 2837//2837 2826//2826 1517//1517
f 2838//2838 2839//2839 2840//2840
f 2841//2841 2321//2321 2842//2842
f 2318//2318 570//570 2843//2843
f 1591//1591 2844//2844 2845//2845
f 1323//1323 44//44 2846//2846
f 2791//2791 726//726 725//725
f 2548//2548 726//726 2791//2791
f 2286//2286 2372//2372 2847//2847
f 2286//2286 42//42 2372//2372
f 618//618 2848//2848 1727//1727
f 2849//2849 2850//2850 2851//2851
f 245//245 1665//1665 246//246
f 245//245 2852//2852 2853//2853
f 864//864 2292//2292 724//724
f 864//864 863//863 2292//2292
f 1124//1124 2660//2660 2130//2130
f 2854//2854 107//107 2855//2855
f 2856//2856 1856//1856 2857//2857
f 1079//1079 978//978 855//855
f 2858//2858 1375//1375 2859//2859
f 692//692 2095//2095 1145//1145
f 2860//2860 2861//2861 865//865
f 2744//2744 2862//2862 1290//1290
f 2743//2743 2669//2669 2862//2862
f 1614//1614 2863//2863 2864//2864
f 2114//2114 41//41 483//483
f 2114//2114 42//42 41//41
f 2865//2865 2866//2866 2754//2754
f 2867//2867 746//746 848//848
f 757//757 2868//2868 756//756
f 665//665 951//951 2869//2869
f 1792//1792 2870//2870 1793//1793
f 1792//1792 1357//1357 1356//1356
f 2509//2509 2435//2435 2840//2840
f 2871//2871 2872//2872 1194//1194
f 2873//2873 158//158 2874//2874
f 1666//1666 2097//2097 862//862
f 2875//2875 2876//2876 2877//2877
f 2878//2878 2193//2193 1673//1673
f 1948//1948 791//791 793//793
f 2879//2879 345//345 273//273
f 2880//2880 2881//2881 2882//2882
f 2883//2883 737//737 2884//2884
f 1999//1999 2885//2885 2000//2000
f 2001//2001 2002//2002 1469//1469
f 2886//2886 382//382 2887//2887
f 1729//1729 1731//1731 2888//2888
f 284//284 2256//2256 1344//1344
f 2780//2780 247//247 246//246
f 2889//2889 1977//1977 302//302
f 1862//1862 1153//1153 2890//2890
f 959//959 958//958 1153//1153
f 2891//2891 2892//2892 2893//2893
f 586//586 261//261 260//260
f 2894//2894 2895//2895 1299//1299
f 2835//2835 1784//1784 1783//1783
f 985//985 2896//2896 2897//2897
f 2898//2898 2582//2582 2583//2583
f 1635//1635 822//822 1058//1058
f 1293//1293 2899//2899 2900//2900
f 2901//2901 2902//2902 2903//2903
f 339//339 2188//2188 2187//2187
f 2214//2214 128//128 2249//2249
f 510//510 482//482 1966//1966
f 2247//2247 2904//2904 2266//2266
f 350//350 356//356 2905//2905
f 844//844 2093//2093 2906//2906
f 2907//2907 2908//2908 2909//2909
f 2910//2910 1751//1751 2911//2911
f 2682//2682 1757//1757 2912//2912
f 1249//1249 2913//2913 1025//1025
f 359//359 367//367 366//366
f 1904//1904 46//46 45//45
f 2914//2914 407//407 409//409
f 1642//1642 2001//2001 1643//1643
f 895//895 2915//2915 2459//2459
f 716//716 1479//1479 623//623
f 716//716 715//715 1479//1479
f 2916//2916 2917//2917 2918//2918
f 2919//2919 1458//1458 1803//1803
f 2920//2920 2921//2921 2922//2922
f 2920//2920 67//67 2921//2921
f 848//848 850//850 1591//1591
f 2834//2834 2923//2923 2833//2833
f 2424//2424 1934//1934 1933//1933
f 2924//2924 2425//2425 1934//1934
f 1087//1087 761//761 629//629
f 28//28 690//690 29//29
f 2925//2925 617//617 2926//2926
f 2927//2927 2928//2928 2929//2929
f 2930//2930 2909//2909 739//739
f 2931//2931 2932//2932 2933//2933
f 2931//2931 2798//2798 2932//2932
f 2934//2934 2935//2935 2936//2936
f 2934//2934 2937//2937 2935//2935
f 2938//2938 262//262 2939//2939
f 96//96 1513//1513 94//94
f 96//96 945//945 1513//1513
f 2940//2940 2941//2941 2942//2942
f 2940//2940 2943//2943 2941//2941
f 82//82 2275//2275 250//250
f 2521//2521 947//947 2944//2944
f 2191//2191 2491//2491 2189//2189
f 2189//2189 2491//2491 2945//2945
f 758//758 1503//1503 634//634
f 2102//2102 1675//1675 314//314
f 2226//2226 2946//2946 2947//2947
f 2226//2226 463//463 1970//1970
f 1283//1283 22//22 512//512
f 1049//1049 2948//2948 1622//1622
f 882//882 2948//2948 2593//2593
f 2949//2949 2950//2950 2951//2951
f 2787//2787 2789//2789 2952//2952
f 871//871 870//870 2953//2953
f 889//889 950//950 665//665
f 936//936 935//935 2954//2954
f 283//283 2955//2955 284//284
f 283//283 2956//2956 2955//2955
f 1689//1689 1693//1693 1690//1690
f 1803//1803 1801//1801 2957//2957
f 67//67 66//66 2921//2921
f 2574//2574 2673//2673 124//124
f 980//980 2085//2085 981//981
f 980//980 2317//2317 2085//2085
f 2767//2767 2958//2958 2959//2959
f 957//957 1631//1631 1630//1630
f 2135//2135 731//731 764//764
f 1826//1826 2122//2122 1827//1827
f 1221//1221 1186//1186 1649//1649
f 823//823 2960//2960 824//824
f 823//823 2961//2961 2960//2960
f 27//27 2097//2097 1658//1658
f 1031//1031 1496//1496 2962//2962
f 2963//2963 2964//2964 2965//2965
f 1945//1945 2195//2195 362//362
f 1883//1883 2395//2395 2966//2966
f 420//420 1070//1070 421//421
f 2967//2967 2968//2968 2969//2969
f 2970//2970 2971//2971 265//265
f 2972//2972 2592//2592 2261//2261
f 2972//2972 2590//2590 2592//2592
f 2261//2261 2973//2973 2262//2262
f 2974//2974 584//584 583//583
f 2975//2975 2534//2534 2533//2533
f 829//829 828//828 2976//2976
f 2284//2284 813//813 2977//2977
f 1661//1661 2978//2978 2979//2979
f 893//893 1837//1837 894//894
f 893//893 1839//1839 1837//1837
f 2631//2631 2218//2218 52//52
f 2980//2980 1477//1477 632//632
f 389//389 2981//2981 390//390
f 1771//1771 2982//2982 1772//1772
f 2017//2017 2016//2016 2983//2983
f 410//410 2984//2984 1521//1521
f 2985//2985 1159//1159 1158//1158
f 2986//2986 2987//2987 2799//2799
f 694//694 1005//1005 1328//1328
f 1804//1804 2988//2988 1805//1805
f 2989//2989 2083//2083 2085//2085
f 2658//2658 2990//2990 2991//2991
f 287//287 286//286 1184//1184
f 715//715 2353//2353 1780//1780
f 579//579 95//95 94//94
f 1957//1957 2259//2259 2258//2258
f 2418//2418 2992//2992 2416//2416
f 60//60 59//59 2424//2424
f 2993//2993 852//852 2301//2301
f 720//720 2994//2994 2995//2995
f 720//720 865//865 2994//2994
f 2996//2996 2496//2496 2495//2495
f 2883//2883 2997//2997 737//737
f 2814//2814 741//741 740//740
f 1548//1548 1088//1088 1187//1187
f 1777//1777 2998//2998 1778//1778
f 2999//2999 3000//3000 3001//3001
f 514//514 1141//1141 1908//1908
f 574//574 2497//2497 2443//2443
f 3002//3002 26//26 3003//3003
f 1869//1869 1868//1868 3004//3004
f 1838//1838 560//560 1114//1114
f 1838//1838 3005//3005 560//560
f 1482//1482 1484//1484 3006//3006
f 2747//2747 1845//1845 3007//3007
f 3008//3008 1024//1024 3009//3009
f 3010//3010 3011//3011 3012//3012
f 108//108 3013//3013 123//123
f 3014//3014 3015//3015 3016//3016
f 25//25 3003//3003 26//26
f 3017//3017 3018//3018 2402//2402
f 3017//3017 2826//2826 3018//3018
f 3019//3019 2004//2004 3020//3020
f 3021//3021 3022//3022 554//554
f 1682//1682 2929//2929 3023//3023
f 1185//1185 3024//3024 377//377
f 1//1 1808//1808 1807//1807
f 2//2 1807//1807 3025//3025
f 3026//3026 1033//1033 3027//3027
f 3028//3028 3029//3029 3030//3030
f 2338//2338 3031//3031 2337//2337
f 1980//1980 1979//1979 2565//2565
f 9//9 3032//3032 668//668
f 9//9 1322//1322 3032//3032
f 2183//2183 1664//1664 3033//3033
f 1664//1664 2183//2183 2185//2185
f 3034//3034 2692//2692 441//441
f 2657//2657 3035//3035 1423//1423
f 2657//2657 2427//2427 3035//3035
f 74//74 3036//3036 3037//3037
f 2042//2042 502//502 3038//3038
f 2270//2270 3039//3039 3038//3038
f 2937//2937 54//54 99//99
f 54//54 53//53 1774//1774
f 523//523 2573//2573 524//524
f 3040//3040 2668//2668 2670//2670
f 2966//2966 2395//2395 3041//3041
f 3042//3042 3043//3043 2837//2837
f 3044//3044 1459//1459 1458//1458
f 725//725 727//727 1425//1425
f 73//73 3045//3045 3046//3046
f 1690//1690 446//446 1688//1688
f 3047//3047 79//79 3048//3048
f 3049//3049 3050//3050 3051//3051
f 2067//2067 3052//3052 2253//2253
f 2262//2262 1245//1245 1244//1244
f 2262//2262 3053//3053 1245//1245
f 134//134 256//256 255//255
f 3054//3054 447//447 446//446
f 393//393 2989//2989 810//810
f 3055//3055 447//447 2084//2084
f 2329//2329 200//200 2046//2046
f 1248//1248 3056//3056 3057//3057
f 827//827 2720//2720 2722//2722
f 358//358 214//214 2872//2872
f 366//366 357//357 215//215
f 2721//2721 2340//2340 2722//2722
f 1360//1360 696//696 695//695
f 3058//3058 2017//2017 2983//2983
f 3059//3059 3060//3060 2778//2778
f 3059//3059 1558//1558 3060//3060
f 2481//2481 914//914 1367//1367
f 3061//3061 2263//2263 2265//2265
f 3062//3062 808//808 807//807
f 1490//1490 3063//3063 3064//3064
f 3065//3065 624//624 628//628
f 3065//3065 1887//1887 624//624
f 953//953 733//733 3066//3066
f 3067//3067 3068//3068 2479//2479
f 2433//2433 3069//3069 2434//2434
f 1267//1267 1610//1610 1543//1543
f 1267//1267 1264//1264 1610//1610
f 3070//3070 1610//1610 1611//1611
f 2209//2209 2534//2534 480//480
f 3071//3071 701//701 1772//1772
f 3071//3071 2514//2514 3072//3072
f 2746//2746 2159//2159 3073//3073
f 1598//1598 1921//1921 1599//1599
f 1683//1683 3023//3023 428//428
f 3074//3074 3075//3075 3076//3076
f 3077//3077 1928//1928 488//488
f 3078//3078 3079//3079 1928//1928
f 424//424 2304//2304 422//422
f 3080//3080 3081//3081 3082//3082
f 3080//3080 3083//3083 3081//3081
f 373//373 195//195 374//374
f 3084//3084 3085//3085 2774//2774
f 3086//3086 1485//1485 1483//1483
f 1202//1202 18//18 484//484
f 1880//1880 2694//2694 1325//1325
f 2657//2657 2428//2428 2427//2427
f 3087//3087 1208//1208 2369//2369
f 3087//3087 2563//2563 1208//1208
f 2276//2276 3088//3088 3089//3089
f 3090//3090 3091//3091 3092//3092
f 3093//3093 791//791 3094//3094
f 3095//3095 651//651 2148//2148
f 2019//2019 217//217 1188//1188
f 218//218 1187//1187 1088//1088
f 2019//2019 1188//1188 1187//1187
f 3096//3096 55//55 181//181
f 2958//2958 129//129 131//131
f 3097//3097 1024//1024 1050//1050
f 318//318 3098//3098 209//209
f 318//318 2624//2624 3098//3098
f 1084//1084 1086//1086 3099//3099
f 3100//3100 2683//2683 2685//2685
f 403//403 2428//2428 1009//1009
f 1075//1075 1092//1092 1091//1091
f 2956//2956 3101//3101 3102//3102
f 2969//2969 2441//2441 2443//2443
f 3103//3103 142//142 141//141
f 678//678 1079//1079 676//676
f 3104//3104 3105//3105 3106//3106
f 3107//3107 3108//3108 2912//2912
f 2602//2602 3109//3109 212//212
f 2602//2602 773//773 775//775
f 3110//3110 2125//2125 3111//3111
f 3112//3112 1641//1641 360//360
f 296//296 857//857 1927//1927
f 2478//2478 2346//2346 3113//3113
f 1452//1452 2684//2684 3114//3114
f 3115//3115 2431//2431 3116//3116
f 3115//3115 1675//1675 2103//2103
f 872//872 3117//3117 3118//3118
f 3117//3117 3119//3119 3118//3118
f 3120//3120 497//497 499//499
f 412//412 3121//3121 3122//3122
f 2900//2900 3123//3123 3124//3124
f 3125//3125 2900//2900 2899//2899
f 2538//2538 2210//2210 870//870
f 2119//2119 2121//2121 172//172
f 1185//1185 3126//3126 3127//3127
f 1185//1185 1184//1184 3126//3126
f 3126//3126 1134//1134 1133//1133
f 676//676 3128//3128 146//146
f 2644//2644 243//243 3129//3129
f 2644//2644 2349//2349 243//243
f 274//274 3130//3130 3131//3131
f 1873//1873 1877//1877 1874//1874
f 2743//2743 2092//2092 843//843
f 3132//3132 332//332 2379//2379
f 828//828 830//830 1167//1167
f 3133//3133 3134//3134 3135//3135
f 3136//3136 3137//3137 3138//3138
f 3139//3139 3140//3140 2272//2272
f 945//945 3141//3141 1513//1513
f 322//322 136//136 323//323
f 3142//3142 2651//2651 2650//2650
f 3143//3143 3144//3144 63//63
f 2621//2621 269//269 3145//3145
f 2620//2620 2621//2621 3146//3146
f 146//146 2390//2390 1368//1368
f 146//146 3128//3128 1519//1519
f 3147//3147 119//119 118//118
f 3148//3148 2458//2458 1721//1721
f 1313//1313 2725//2725 595//595
f 1887//1887 379//379 378//378
f 1887//1887 3065//3065 379//379
f 3149//3149 86//86 972//972
f 2137//2137 1037//1037 1036//1036
f 1310//1310 3150//3150 1311//1311
f 3151//3151 551//551 1796//1796
f 785//785 3152//3152 1055//1055
f 1055//1055 783//783 785//785
f 2109//2109 2110//2110 1551//1551
f 1862//1862 959//959 1153//1153
f 2063//2063 876//876 435//435
f 316//316 2819//2819 3153//3153
f 814//814 1818//1818 3154//3154
f 8//8 3155//3155 1243//1243
f 8//8 7//7 3155//3155
f 1435//1435 847//847 846//846
f 2801//2801 534//534 3156//3156
f 3157//3157 2351//2351 2971//2971
f 3157//3157 3158//3158 2351//2351
f 3157//3157 3159//3159 3158//3158
f 3160//3160 3161//3161 3162//3162
f 3163//3163 1054//1054 265//265
f 2719//2719 3164//3164 2727//2727
f 1287//1287 2022//2022 1065//1065
f 1470//1470 2678//2678 1471//1471
f 3165//3165 1537//1537 1536//1536
f 3166//3166 843//843 842//842
f 3167//3167 3168//3168 1529//1529
f 2792//2792 2497//2497 2498//2498
f 948//948 1917//1917 1919//1919
f 3050//3050 3169//3169 3051//3051
f 3050//3050 3170//3170 3169//3169
f 2182//2182 1229//1229 1337//1337
f 865//865 722//722 1329//1329
f 3171//3171 3172//3172 3173//3173
f 33//33 32//32 3174//3174
f 1555//1555 2620//2620 3146//3146
f 51//51 2632//2632 2631//2631
f 223//223 748//748 220//220
f 3175//3175 3176//3176 3177//3177
f 1427//1427 896//896 329//329
f 1430//1430 1868//1868 1093//1093
f 2052//2052 3178//3178 604//604
f 2729//2729 1190//1190 482//482
f 3179//3179 3180//3180 540//540
f 1912//1912 404//404 1844//1844
f 1912//1912 1911//1911 3181//3181
f 443//443 3182//3182 1333//1333
f 2890//2890 1153//1153 3183//3183
f 959//959 2061//2061 960//960
f 3184//3184 1043//1043 1042//1042
f 1560//1560 310//310 1561//1561
f 3185//3185 1352//1352 3186//3186
f 440//440 442//442 3187//3187
f 1483//1483 3188//3188 3189//3189
f 1352//1352 1495//1495 3186//3186
f 2413//2413 3190//3190 809//809
f 1787//1787 3191//3191 1969//1969
f 3192//3192 3193//3193 778//778
f 3194//3194 3195//3195 1160//1160
f 2839//2839 2584//2584 2523//2523
f 3196//3196 910//910 2995//2995
f 3196//3196 2524//2524 911//911
f 3197//3197 2485//2485 3198//3198
f 3199//3199 3200//3200 2485//2485
f 3201//3201 2485//2485 3200//3200
f 667//667 666//666 2034//2034
f 1003//1003 3202//3202 331//331
f 1197//1197 281//281 1196//1196
f 3203//3203 1644//1644 3204//3204
f 3205//3205 465//465 3206//3206
f 2373//2373 600//600 601//601
f 1866//1866 763//763 762//762
f 1866//1866 1865//1865 763//763
f 856//856 3207//3207 3208//3208
f 3209//3209 3210//3210 3211//3211
f 3207//3207 3212//3212 3208//3208
f 470//470 3213//3213 3214//3214
f 699//699 3215//3215 3177//3177
f 2027//2027 1173//1173 3216//3216
f 1559//1559 490//490 1541//1541
f 3217//3217 1694//1694 1627//1627
f 2004//2004 2003//2003 3218//3218
f 1708//1708 1278//1278 1276//1276
f 3219//3219 2038//2038 2037//2037
f 2314//2314 2346//2346 2312//2312
f 2314//2314 2345//2345 2346//2346
f 2643//2643 3220//3220 2644//2644
f 2643//2643 2603//2603 3220//3220
f 3221//3221 157//157 1975//1975
f 2157//2157 1436//1436 3222//3222
f 1684//1684 1505//1505 1507//1507
f 2637//2637 3223//3223 3224//3224
f 2079//2079 547//547 2159//2159
f 3225//3225 3226//3226 3227//3227
f 2631//2631 52//52 51//51
f 2055//2055 961//961 685//685
f 3228//3228 3229//3229 3230//3230
f 3231//3231 2324//2324 2319//2319
f 3231//3231 2841//2841 2324//2324
f 3232//3232 3233//3233 3234//3234
f 3235//3235 2690//2690 2689//2689
f 2350//2350 1925//1925 1924//1924
f 626//626 1479//1479 1540//1540
f 3236//3236 1061//1061 2762//2762
f 3236//3236 2475//2475 1061//1061
f 1822//1822 484//484 17//17
f 1823//1823 1552//1552 1822//1822
f 331//331 3202//3202 2380//2380
f 1724//1724 151//151 150//150
f 93//93 837//837 483//483
f 1588//1588 1587//1587 3237//3237
f 1528//1528 3167//3167 1529//1529
f 907//907 3238//3238 908//908
f 656//656 1468//1468 3239//3239
f 177//177 476//476 3240//3240
f 2756//2756 2758//2758 1327//1327
f 3241//3241 2501//2501 3242//3242
f 3243//3243 309//309 452//452
f 2336//2336 2044//2044 452//452
f 3244//3244 3245//3245 2615//2615
f 2268//2268 333//333 338//338
f 3246//3246 1117//1117 3247//3247
f 587//587 3248//3248 1576//1576
f 726//726 2549//2549 3249//3249
f 534//534 769//769 3156//3156
f 1635//1635 1436//1436 28//28
f 444//444 1254//1254 445//445
f 370//370 369//369 3250//3250
f 767//767 769//769 1567//1567
f 300//300 3251//3251 3252//3252
f 2256//2256 3253//3253 1345//1345
f 3254//3254 1678//1678 3255//3255
f 3254//3254 1327//1327 1678//1678
f 3256//3256 2312//2312 2346//2346
f 1422//1422 1010//1010 1423//1423
f 1422//1422 2749//2749 2196//2196
f 750//750 3257//3257 523//523
f 3258//3258 3259//3259 2302//2302
f 2664//2664 3260//3260 915//915
f 246//246 1667//1667 832//832
f 246//246 1665//1665 1667//1667
f 1605//1605 1396//1396 1608//1608
f 3252//3252 2725//2725 3261//3261
f 2475//2475 1269//1269 1059//1059
f 1581//1581 2898//2898 3262//3262
f 1581//1581 2582//2582 2898//2898
f 3263//3263 756//756 2868//2868
f 3264//3264 1893//1893 2896//2896
f 3265//3265 3266//3266 3267//3267
f 2837//2837 570//570 2826//2826
f 1673//1673 3268//3268 2878//2878
f 3269//3269 2165//2165 3270//3270
f 2509//2509 455//455 591//591
f 1397//1397 1604//1604 1782//1782
f 3271//3271 1549//1549 3272//3272
f 3273//3273 110//110 2369//2369
f 3274//3274 3275//3275 2892//2892
f 2136//2136 2924//2924 1934//1934
f 1816//1816 1106//1106 1108//1108
f 970//970 2665//2665 971//971
f 728//728 1536//1536 1111//1111
f 2138//2138 2553//2553 2552//2552
f 3276//3276 789//789 3053//3053
f 3277//3277 3278//3278 2768//2768
f 1297//1297 758//758 3279//3279
f 1297//1297 1298//1298 758//758
f 1044//1044 2352//2352 1051//1051
f 2172//2172 1614//1614 3280//3280
f 997//997 1049//1049 1622//1622
f 2955//2955 2257//2257 2256//2256
f 3281//3281 3282//3282 3283//3283
f 3281//3281 3284//3284 3282//3282
f 40//40 2445//2445 1650//1650
f 3285//3285 2476//2476 3286//3286
f 965//965 1981//1981 1983//1983
f 1471//1471 1986//1986 3287//3287
f 3288//3288 2194//2194 1944//1944
f 2532//2532 3289//3289 2535//2535
f 3290//3290 2891//2891 3291//3291
f 3290//3290 509//509 2891//2891
f 1317//1317 1539//1539 2697//2697
f 2939//2939 262//262 1859//1859
f 998//998 3292//3292 3293//3293
f 2095//2095 3294//3294 1145//1145
f 2095//2095 694//694 3294//3294
f 3295//3295 3296//3296 2080//2080
f 1210//1210 1239//1239 2369//2369
f 1238//1238 1844//1844 3273//3273
f 2995//2995 3297//3297 2885//2885
f 2995//2995 2994//2994 3297//3297
f 1495//1495 1352//1352 3298//3298
f 1370//1370 3299//3299 752//752
f 1251//1251 3300//3300 1252//1252
f 3301//3301 2543//2543 2547//2547
f 3302//3302 1552//1552 1554//1554
f 2785//2785 3303//3303 1012//1012
f 1480//1480 1280//1280 3304//3304
f 730//730 1781//1781 728//728
f 2146//2146 3305//3305 2941//2941
f 3306//3306 2944//2944 3307//3307
f 2568//2568 2117//2117 3308//3308
f 1475//1475 1069//1069 1070//1070
f 558//558 2018//2018 3079//3079
f 558//558 560//560 2018//2018
f 1928//1928 2017//2017 1929//1929
f 507//507 3309//3309 3255//3255
f 1858//1858 549//549 551//551
f 1401//1401 3310//3310 756//756
f 3074//3074 1841//1841 432//432
f 1990//1990 1974//1974 1350//1350
f 1974//1974 157//157 3311//3311
f 3312//3312 3313//3313 3314//3314
f 2141//2141 1342//1342 3315//3315
f 2141//2141 3316//3316 2142//2142
f 2110//2110 921//921 2107//2107
f 1436//1436 3317//3317 3222//3222
f 3318//3318 2813//2813 3319//3319
f 1532//1532 1531//1531 3318//3318
f 2425//2425 3320//3320 3321//3321
f 2425//2425 2924//2924 3320//3320
f 1023//1023 2365//2365 2366//2366
f 2011//2011 2012//2012 3322//3322
f 3323//3323 2401//2401 2865//2865
f 1972//1972 2674//2674 1316//1316
f 364//364 3324//3324 1037//1037
f 2579//2579 3325//3325 352//352
f 2387//2387 452//452 2044//2044
f 273//273 3326//3326 1206//1206
f 2339//2339 1651//1651 1650//1650
f 3327//3327 3328//3328 991//991
f 3329//3329 1787//1787 1968//1968
f 3330//3330 2385//2385 3241//3241
f 2913//2913 1249//1249 1246//1246
f 2883//2883 2884//2884 1071//1071
f 1816//1816 2730//2730 175//175
f 2877//2877 2338//2338 3331//3331
f 2275//2275 257//257 3332//3332
f 3333//3333 3334//3334 3335//3335
f 1897//1897 2220//2220 2446//2446
f 2412//2412 786//786 2384//2384
f 2680//2680 984//984 983//983
f 3336//3336 3337//3337 3338//3338
f 2646//2646 3339//3339 3340//3340
f 3341//3341 1978//1978 3342//3342
f 238//238 303//303 302//302
f 2879//2879 1130//1130 345//345
f 2879//2879 273//273 275//275
f 391//391 2658//2658 389//389
f 2737//2737 3343//3343 3344//3344
f 1003//1003 2726//2726 3103//3103
f 1846//1846 3345//3345 2762//2762
f 1846//1846 833//833 3345//3345
f 2733//2733 181//181 180//180
f 2541//2541 3346//3346 1417//1417
f 917//917 808//808 918//918
f 1151//1151 84//84 3347//3347
f 3127//3127 1133//1133 1747//1747
f 3127//3127 3126//3126 1133//1133
f 2699//2699 883//883 1523//1523
f 2699//2699 884//884 883//883
f 2857//2857 1856//1856 1858//1858
f 2729//2729 1508//1508 175//175
f 1440//1440 925//925 2795//2795
f 2795//2795 1439//1439 1440//1440
f 798//798 2228//2228 799//799
f 1113//1113 3348//3348 279//279
f 1113//1113 559//559 3348//3348
f 592//592 838//838 593//593
f 3349//3349 1616//1616 1618//1618
f 254//254 3350//3350 197//197
f 1861//1861 3351//3351 442//442
f 1183//1183 2324//2324 521//521
f 3352//3352 992//992 3353//3353
f 168//168 167//167 2132//2132
f 1040//1040 3354//3354 1041//1041
f 1040//1040 1743//1743 3354//3354
f 2591//2591 2590//2590 1515//1515
f 2227//2227 681//681 2734//2734
f 2227//2227 1951//1951 681//681
f 773//773 1360//1360 774//774
f 2723//2723 267//267 1557//1557
f 2076//2076 3355//3355 2074//2074
f 3356//3356 2029//2029 2693//2693
f 345//345 1129//1129 346//346
f 2584//2584 684//684 2523//2523
f 1497//1497 3357//3357 3358//3358
f 2159//2159 1387//1387 3073//3073
f 3359//3359 554//554 2629//2629
f 1897//1897 554//554 553//553
f 2303//2303 2302//2302 3259//3259
f 3360//3360 2805//2805 2661//2661
f 3361//3361 2825//2825 183//183
f 3362//3362 3191//3191 1786//1786
f 3363//3363 2812//2812 3364//3364
f 3365//3365 3041//3041 2397//2397
f 3366//3366 2397//2397 1871//1871
f 3118//3118 3367//3367 2888//2888
f 3368//3368 196//196 2797//2797
f 3369//3369 579//579 94//94
f 30//30 823//823 28//28
f 1445//1445 1444//1444 3370//3370
f 3371//3371 1197//1197 2177//2177
f 3372//3372 1138//1138 3373//3373
f 3372//3372 3374//3374 1138//1138
f 3375//3375 1062//1062 2216//2216
f 3376//3376 2925//2925 2926//2926
f 721//721 2524//2524 2388//2388
f 3377//3377 2728//2728 2851//2851
f 3377//3377 1600//1600 2728//2728
f 832//832 2779//2779 2780//2780
f 2844//2844 1058//1058 1057//1057
f 3378//3378 3379//3379 3380//3380
f 3378//3378 3381//3381 3382//3382
f 3124//3124 3383//3383 1771//1771
f 1482//1482 3006//3006 3188//3188
f 3384//3384 2775//2775 1943//1943
f 1669//1669 1566//1566 1568//1568
f 3385//3385 1086//1086 2075//2075
f 3386//3386 3099//3099 1086//1086
f 3387//3387 1031//1031 2962//2962
f 3388//3388 2030//2030 3389//3389
f 1647//1647 778//778 3193//3193
f 3390//3390 3232//3232 3234//3234
f 3390//3390 3234//3234 3391//3391
f 212//212 211//211 2810//2810
f 2803//2803 1794//1794 2957//2957
f 2803//2803 3392//3392 1794//1794
f 3393//3393 1443//1443 3394//3394
f 2072//2072 1533//1533 3395//3395
f 2740//2740 3396//3396 2741//2741
f 935//935 3397//3397 2954//2954
f 3398//3398 372//372 2410//2410
f 3070//3070 960//960 2061//2061
f 3070//3070 976//976 960//960
f 3399//3399 3400//3400 3401//3401
f 2941//2941 2943//2943 3239//3239
f 2//2 1//1 1807//1807
f 3402//3402 3045//3045 3403//3403
f 2135//2135 766//766 2136//2136
f 2135//2135 764//764 766//766
f 2356//2356 1075//1075 2354//2354
f 2356//2356 91//91 1075//1075
f 3191//3191 3362//3362 3404//3404
f 3405//3405 3406//3406 3407//3407
f 3408//3408 3409//3409 3410//3410
f 3003//3003 3411//3411 3002//3002
f 3412//3412 2205//2205 2204//2204
f 2991//2991 2070//2070 2658//2658
f 2991//2991 1691//1691 2070//2070
f 2184//2184 2318//2318 2185//2185
f 387//387 3196//3196 2820//2820
f 3073//3073 1387//1387 1389//1389
f 1530//1530 3413//3413 3300//3300
f 3414//3414 2437//2437 2438//2438
f 1985//1985 3415//3415 1986//1986
f 881//881 2852//2852 1623//1623
f 400//400 2554//2554 2553//2553
f 400//400 2551//2551 2550//2550
f 1434//1434 1261//1261 3416//3416
f 3417//3417 2691//2691 3418//3418
f 3315//3315 1341//1341 2804//2804
f 3419//3419 3420//3420 2381//2381
f 919//919 917//917 916//916
f 2609//2609 2794//2794 927//927
f 1965//1965 1066//1066 1063//1063
f 3421//3421 3422//3422 3423//3423
f 3421//3421 473//473 3424//3424
f 3425//3425 1076//1076 1178//1178
f 1191//1191 1548//1548 1187//1187
f 193//193 1338//1338 194//194
f 2555//2555 704//704 299//299
f 3426//3426 3427//3427 3428//3428
f 495//495 1528//1528 659//659
f 278//278 1752//1752 276//276
f 3037//3037 3285//3285 74//74
f 3307//3307 1288//1288 3429//3429
f 2118//2118 3430//3430 664//664
f 2118//2118 3431//3431 3430//3430
f 1851//1851 1850//1850 2419//2419
f 3135//3135 1456//1456 3133//3133
f 1455//1455 3133//3133 1456//1456
f 3432//3432 3252//3252 3433//3433
f 367//367 359//359 1336//1336
f 1672//1672 3434//3434 3415//3415
f 3435//3435 1876//1876 3436//3436
f 1591//1591 2054//2054 2844//2844
f 1522//1522 407//407 1983//1983
f 1653//1653 979//979 978//978
f 2146//2146 3437//3437 3305//3305
f 2825//2825 3361//3361 416//416
f 535//535 769//769 534//534
f 1084//1084 3438//3438 1085//1085
f 2874//2874 3439//3439 1828//1828
f 2874//2874 3440//3440 3441//3441
f 2984//2984 412//412 3122//3122
f 1767//1767 1947//1947 2470//2470
f 3146//3146 1960//1960 804//804
f 3146//3146 2621//2621 1960//1960
f 13//13 3162//3162 14//14
f 3442//3442 411//411 3443//3443
f 1389//1389 1387//1387 1386//1386
f 3444//3444 2539//2539 1038//1038
f 2539//2539 133//133 1038//1038
f 118//118 821//821 3445//3445
f 119//119 2854//2854 2855//2855
f 3446//3446 3027//3027 1836//1836
f 3447//3447 2786//2786 3448//3448
f 2712//2712 618//618 458//458
f 2712//2712 2711//2711 618//618
f 3449//3449 3450//3450 1481//1481
f 2628//2628 1255//1255 1234//1234
f 2349//2349 3029//3029 2350//2350
f 662//662 664//664 1026//1026
f 3451//3451 2063//2063 2062//2062
f 3452//3452 734//734 733//733
f 2741//2741 2876//2876 3453//3453
f 2869//2869 951//951 3454//3454
f 913//913 915//915 1366//1366
f 2709//2709 807//807 931//931
f 2568//2568 2804//2804 2805//2805
f 1115//1115 1146//1146 1367//1367
f 3455//3455 2854//2854 119//119
f 3456//3456 3457//3457 3458//3458
f 1426//1426 3459//3459 3460//3460
f 1114//1114 894//894 1837//1837
f 3461//3461 3159//3159 3462//3462
f 672//672 3463//3463 2470//2470
f 3464//3464 334//334 3356//3356
f 1021//1021 3465//3465 3466//3466
f 3255//3255 1678//1678 1680//1680
f 396//396 3467//3467 3468//3468
f 2359//2359 2358//2358 470//470
f 2360//2360 2355//2355 2354//2354
f 1075//1075 2360//2360 2354//2354
f 3460//3460 1094//1094 1883//1883
f 3469//3469 1377//1377 611//611
f 1424//1424 1426//1426 3470//3470
f 2714//2714 1162//1162 1163//1163
f 994//994 2125//2125 2124//2124
f 1938//1938 2708//2708 2707//2707
f 860//860 3471//3471 2492//2492
f 2265//2265 2264//2264 1615//1615
f 2135//2135 979//979 1653//1653
f 2135//2135 2137//2137 979//979
f 1498//1498 3472//3472 347//347
f 1035//1035 1037//1037 3324//3324
f 2841//2841 2322//2322 2324//2324
f 2096//2096 27//27 3132//3132
f 3132//3132 2379//2379 3473//3473
f 3474//3474 2317//2317 980//980
f 2245//2245 3475//3475 2284//2284
f 1902//1902 2517//2517 2667//2667
f 3476//3476 3477//3477 3478//3478
f 778//778 1363//1363 2747//2747
f 1940//1940 433//433 1348//1348
f 1940//1940 431//431 433//433
f 3044//3044 2516//2516 3164//3164
f 3479//3479 1533//1533 533//533
f 3480//3480 3481//3481 2401//2401
f 3482//3482 3483//3483 2036//2036
f 3484//3484 3194//3194 3485//3485
f 2169//2169 3383//3383 3123//3123
f 3486//3486 349//349 3256//3256
f 294//294 3293//3293 295//295
f 2069//2069 3487//3487 327//327
f 3488//3488 1607//1607 1606//1606
f 3489//3489 950//950 886//886
f 3073//3073 3490//3490 2746//2746
f 3491//3491 3492//3492 3493//3493
f 3494//3494 3495//3495 1174//1174
f 3496//3496 3497//3497 3498//3498
f 3229//3229 3499//3499 3500//3500
f 3228//3228 612//612 3499//3499
f 1727//1727 616//616 618//618
f 3501//3501 3502//3502 3480//3480
f 3501//3501 1382//1382 3502//3502
f 2767//2767 129//129 2958//2958
f 3503//3503 3504//3504 3505//3505
f 2651//2651 1101//1101 1839//1839
f 3506//3506 3507//3507 3508//3508
f 3509//3509 190//190 3510//3510
f 1083//1083 1082//1082 2965//2965
f 1356//1356 3511//3511 2870//2870
f 1001//1001 64//64 3512//3512
f 3048//3048 2404//2404 2403//2403
f 2071//2071 2040//2040 2156//2156
f 2447//2447 106//106 122//122
f 1072//1072 736//736 3513//3513
f 3514//3514 2936//2936 2935//2935
f 3514//3514 3515//3515 2936//2936
f 3181//3181 3516//3516 2426//2426
f 1204//1204 3517//3517 3518//3518
f 1204//1204 2294//2294 3517//3517
f 244//244 757//757 242//242
f 259//259 261//261 2134//2134
f 3519//3519 650//650 652//652
f 1154//1154 3520//3520 3521//3521
f 1088//1088 1087//1087 218//218
f 1945//1945 3522//3522 1493//1493
f 1392//1392 1394//1394 1322//1322
f 2920//2920 260//260 3523//3523
f 1260//1260 3524//3524 2158//2158
f 1909//1909 1910//1910 2493//2493
f 3525//3525 1571//1571 745//745
f 2748//2748 3526//3526 1274//1274
f 949//949 948//948 2311//2311
f 2250//2250 3110//3110 3111//3111
f 3527//3527 3528//3528 472//472
f 3527//3527 3269//3269 3528//3528
f 3529//3529 353//353 2193//2193
f 2605//2605 2604//2604 249//249
f 1425//1425 2790//2790 725//725
f 1425//1425 1538//1538 2790//2790
f 349//349 356//356 350//350
f 3530//3530 1464//1464 2009//2009
f 1606//1606 1608//1608 3531//3531
f 630//630 582//582 631//631
f 3518//3518 2645//2645 1204//1204
f 1831//1831 2050//2050 1829//1829
f 670//670 2469//2469 779//779
f 2006//2006 3532//3532 3533//3533
f 3534//3534 3535//3535 2355//2355
f 3534//3534 1091//1091 3535//3535
f 1091//1091 1090//1090 2357//2357
f 1475//1475 1477//1477 1584//1584
f 3536//3536 2826//2826 3017//3017
f 545//545 3090//3090 543//543
f 744//744 271//271 270//270
f 1603//1603 2901//2901 80//80
f 1603//1603 2671//2671 2901//2901
f 2817//2817 1471//1471 3287//3287
f 3537//3537 103//103 879//879
f 3538//3538 306//306 305//305
f 3538//3538 1148//1148 306//306
f 2307//2307 1953//1953 319//319
f 277//277 1266//1266 278//278
f 3539//3539 2177//2177 2407//2407
f 2570//2570 1502//1502 2571//2571
f 3540//3540 2639//2639 2638//2638
f 1549//1549 715//715 1780//1780
f 855//855 1923//1923 853//853
f 1073//1073 117//117 3107//3107
f 1855//1855 2113//2113 3541//3541
f 3542//3542 2626//2626 1569//1569
f 3103//3103 2759//2759 646//646
f 3543//3543 3039//3039 2270//2270
f 2391//2391 3544//3544 1727//1727
f 2391//2391 2586//2586 3544//3544
f 1169//1169 1168//1168 3545//3545
f 1168//1168 1343//1343 3546//3546
f 2001//2001 3547//3547 2002//2002
f 2001//2001 1642//1642 3547//3547
f 1504//1504 1463//1463 635//635
f 1504//1504 1696//1696 1463//1463
f 1085//1085 2075//2075 1086//1086
f 3548//3548 2822//2822 3549//3549
f 3550//3550 2171//2171 2173//2173
f 2172//2172 2171//2171 3551//3551
f 3552//3552 3553//3553 3554//3554
f 3555//3555 3429//3429 1288//1288
f 3490//3490 690//690 2746//2746
f 1151//1151 85//85 84//84
f 1283//1283 2559//2559 22//22
f 3479//3479 532//532 1531//1531
f 184//184 3556//3556 2694//2694
f 650//650 2443//2443 2497//2497
f 3274//3274 660//660 1888//1888
f 2407//2407 2176//2176 1720//1720
f 1326//1326 1082//1082 3557//3557
f 1629//1629 2423//2423 3503//3503
f 814//814 1080//1080 854//854
f 3449//3449 429//429 430//430
f 1995//1995 2738//2738 2737//2737
f 2122//2122 2873//2873 1827//1827
f 2122//2122 902//902 2873//2873
f 2855//2855 1728//1728 119//119
f 2855//2855 1694//1694 3217//3217
f 2907//2907 3558//3558 3559//3559
f 2656//2656 3035//3035 3560//3560
f 178//178 3561//3561 1783//1783
f 145//145 676//676 146//146
f 145//145 915//915 676//676
f 677//677 676//676 915//915
f 2471//2471 180//180 2469//2469
f 2471//2471 2732//2732 180//180
f 3562//3562 3563//3563 2872//2872
f 723//723 1421//1421 298//298
f 473//473 2281//2281 2280//2280
f 3218//3218 1484//1484 3564//3564
f 647//647 3565//3565 1683//1683
f 3566//3566 770//770 3051//3051
f 3567//3567 2788//2788 3424//3424
f 3567//3567 3568//3568 2788//2788
f 774//774 698//698 697//697
f 774//774 1360//1360 698//698
f 2535//2535 1418//1418 1525//1525
f 2535//2535 3289//3289 1418//1418
f 3569//3569 3521//3521 3520//3520
f 2766//2766 2768//2768 3570//3570
f 2995//2995 909//909 720//720
f 2995//2995 910//910 909//909
f 1913//1913 2695//2695 3516//3516
f 2000//2000 3248//3248 587//587
f 2878//2878 3268//3268 3571//3571
f 2289//2289 2042//2042 3572//3572
f 3573//3573 540//540 3574//3574
f 3573//3573 1686//1686 540//540
f 383//383 3575//3575 381//381
f 2611//2611 1946//1946 1945//1945
f 3576//3576 2681//2681 2882//2882
f 3214//3214 3577//3577 92//92
f 3214//3214 3213//3213 3577//3577
f 2213//2213 2212//2212 3082//3082
f 2544//2544 3301//3301 3578//3578
f 1439//1439 2795//2795 2724//2724
f 1027//1027 922//922 3579//3579
f 216//216 1087//1087 629//629
f 216//216 218//218 1087//1087
f 3580//3580 3563//3563 3562//3562
f 3581//3581 3492//3492 3491//3491
f 1011//1011 2785//2785 1012//1012
f 65//65 2752//2752 66//66
f 66//66 2751//2751 2921//2921
f 66//66 2752//2752 2751//2751
f 174//174 589//589 1595//1595
f 3582//3582 1056//1056 1454//1454
f 1229//1229 3583//3583 1337//1337
f 951//951 1229//1229 3454//3454
f 3475//3475 1520//1520 1519//1519
f 3584//3584 3380//3380 2816//2816
f 3584//3584 3585//3585 3380//3380
f 45//45 2694//2694 3556//3556
f 1285//1285 2957//2957 1801//1801
f 1285//1285 2802//2802 2957//2957
f 3312//3312 3586//3586 3313//3313
f 3587//3587 3588//3588 1734//1734
f 1443//1443 2021//2021 3589//3589
f 2756//2756 3589//3589 2757//2757
f 3152//3152 3250//3250 369//369
f 2673//2673 836//836 835//835
f 54//54 1774//1774 97//97
f 2231//2231 2230//2230 3590//3590
f 1732//1732 581//581 580//580
f 2438//2438 3591//3591 1566//1566
f 3113//3113 2833//2833 2923//2923
f 3296//3296 3592//3592 2080//2080
f 1331//1331 3593//3593 2505//2505
f 1331//1331 2155//2155 3593//3593
f 2046//2046 2327//2327 2329//2329
f 3084//3084 2258//2258 1248//1248
f 541//541 1047//1047 460//460
f 2577//2577 2726//2726 1002//1002
f 2577//2577 3594//3594 2726//2726
f 1393//1393 2182//2182 1337//1337
f 1393//1393 1392//1392 2182//2182
f 1765//1765 1407//1407 3283//3283
f 3595//3595 3596//3596 3597//3597
f 1199//1199 1663//1663 712//712
f 1513//1513 3141//3141 3598//3598
f 275//275 450//450 3599//3599
f 3600//3600 3601//3601 2506//2506
f 3293//3293 3602//3602 3603//3603
f 2981//2981 1689//1689 1688//1688
f 193//193 192//192 669//669
f 3060//3060 2082//2082 2778//2778
f 3604//3604 355//355 354//354
f 3605//3605 98//98 1775//1775
f 1319//1319 2953//2953 3606//3606
f 1319//1319 1321//1321 3607//3607
f 1321//1321 2162//2162 2161//2161
f 3608//3608 3094//3094 3609//3609
f 3610//3610 1450//1450 1464//1464
f 519//519 3611//3611 3612//3612
f 125//125 1317//1317 1318//1318
f 1264//1264 2382//2382 1611//1611
f 3590//3590 388//388 2769//2769
f 2230//2230 1159//1159 388//388
f 3558//3558 2907//2907 2909//2909
f 3613//3613 1697//1697 2404//2404
f 2404//2404 1697//1697 1501//1501
f 1609//1609 987//987 1697//1697
f 2460//2460 2407//2407 1722//1722
f 106//106 3614//3614 107//107
f 106//106 3615//3615 3614//3614
f 2874//2874 1827//1827 2873//2873
f 3616//3616 2767//2767 2959//2959
f 2767//2767 3616//3616 3277//3277
f 3419//3419 516//516 3617//3617
f 2195//2195 2194//2194 2764//2764
f 446//446 2087//2087 1688//1688
f 390//390 2981//2981 2087//2087
f 3249//3249 1043//1043 2361//2361
f 2511//2511 2513//2513 2146//2146
f 2511//2511 2510//2510 2513//2513
f 3618//3618 788//788 1537//1537
f 2373//2373 2807//2807 2372//2372
f 2373//2373 2806//2806 2807//2807
f 1451//1451 306//306 1147//1147
f 3208//3208 857//857 856//856
f 2369//2369 1208//1208 1210//1210
f 3619//3619 2768//2768 3620//3620
f 1080//1080 3128//3128 676//676
f 1170//1170 1167//1167 536//536
f 3621//3621 441//441 1068//1068
f 3621//3621 3034//3034 441//441
f 957//957 2739//2739 2738//2738
f 3622//3622 2202//2202 1421//1421
f 2991//2991 873//873 1691//1691
f 3623//3623 3452//3452 1946//1946
f 3457//3457 2690//2690 1166//1166
f 953//953 3624//3624 733//733
f 3177//3177 3176//3176 699//699
f 3625//3625 963//963 962//962
f 3626//3626 2141//2141 3315//3315
f 2402//2402 3627//3627 3017//3017
f 2402//2402 2328//2328 3627//3627
f 1848//1848 3096//3096 3284//3284
f 3628//3628 124//124 2673//2673
f 3628//3628 30//30 124//124
f 3543//3543 3235//3235 2689//2689
f 1357//1357 1792//1792 2575//2575
f 3629//3629 3075//3075 3630//3630
f 3631//3631 3632//3632 3633//3633
f 2448//2448 2450//2450 2939//2939
f 897//897 899//899 942//942
f 906//906 190//190 3634//3634
f 1595//1595 588//588 1107//1107
f 673//673 675//675 3635//3635
f 675//675 3636//3636 3635//3635
f 240//240 2411//2411 2494//2494
f 240//240 2386//2386 2411//2411
f 3637//3637 3019//3019 3020//3020
f 835//835 3628//3628 2673//2673
f 795//795 2444//2444 2666//2666
f 442//442 3351//3351 3187//3187
f 3317//3317 1635//1635 1278//1278
f 509//509 2892//2892 2891//2891
f 1324//1324 1392//1392 1322//1322
f 1501//1501 1697//1697 1698//1698
f 2626//2626 503//503 1570//1570
f 2201//2201 2148//2148 1976//1976
f 1676//1676 233//233 235//235
f 2543//2543 2545//2545 3638//3638
f 402//402 1578//1578 1580//1580
f 1304//1304 1547//1547 1305//1305
f 758//758 1880//1880 1503//1503
f 25//25 27//27 880//880
f 3175//3175 3063//3063 3639//3639
f 3640//3640 573//573 3641//3641
f 1608//1608 1607//1607 2718//2718
f 386//386 1159//1159 2985//2985
f 386//386 388//388 1159//1159
f 1521//1521 3443//3443 411//411
f 2046//2046 1233//1233 2565//2565
f 3642//3642 3149//3149 3375//3375
f 3642//3642 86//86 3149//3149
f 3609//3609 2189//2189 2945//2945
f 2984//2984 1718//1718 1521//1521
f 1521//1521 1718//1718 1717//1717
f 2956//2956 3643//3643 1428//1428
f 3644//3644 3645//3645 709//709
f 3644//3644 3646//3646 3645//3645
f 2754//2754 2866//2866 3647//3647
f 1915//1915 1381//1381 3629//3629
f 3648//3648 320//320 1953//1953
f 2928//2928 2927//2927 3314//3314
f 3649//3649 3650//3650 1410//1410
f 3651//3651 3046//3046 3045//3045
f 1316//1316 1318//1318 1317//1317
f 3206//3206 464//464 3652//3652
f 1120//1120 1307//1307 2880//2880
f 1723//1723 1720//1720 2174//2174
f 2478//2478 2477//2477 3256//3256
f 559//559 2246//2246 3348//3348
f 559//559 558//558 2246//2246
f 1312//1312 1128//1128 148//148
f 114//114 2624//2624 112//112
f 114//114 2830//2830 2624//2624
f 764//764 2138//2138 3653//3653
f 732//732 2553//2553 2138//2138
f 732//732 398//398 2553//2553
f 2601//2601 3654//3654 3655//3655
f 2452//2452 1165//1165 990//990
f 1165//1165 3327//3327 990//990
f 924//924 2763//2763 3233//3233
f 54//54 2937//2937 3656//3656
f 3657//3657 3658//3658 2305//2305
f 2729//2729 1191//1191 1190//1190
f 2729//2729 2730//2730 1191//1191
f 3330//3330 3659//3659 2207//2207
f 2254//2254 15//15 14//14
f 1972//1972 1315//1315 3014//3014
f 2018//2018 1928//1928 3079//3079
f 1731//1731 3118//3118 2888//2888
f 2499//2499 3660//3660 3661//3661
f 3386//3386 1735//1735 1737//1737
f 276//276 622//622 621//621
f 2674//2674 2574//2574 1316//1316
f 1540//1540 1541//1541 626//626
f 2755//2755 3647//3647 1483//1483
f 2419//2419 952//952 954//954
f 2419//2419 2421//2421 952//952
f 2812//2812 3338//3338 1891//1891
f 1896//1896 182//182 1364//1364
f 2914//2914 3662//3662 2630//2630
f 2266//2266 1487//1487 2634//2634
f 2266//2266 1488//1488 1487//1487
f 3663//3663 2713//2713 2325//2325
f 3663//3663 2711//2711 2713//2713
f 2768//2768 2767//2767 3277//3277
f 3664//3664 3665//3665 3666//3666
f 3247//3247 2244//2244 812//812
f 2244//2244 1116//1116 2977//2977
f 2843//2843 2321//2321 2318//2318
f 2843//2843 3667//3667 2321//2321
f 2128//2128 2127//2127 1821//1821
f 2093//2093 2092//2092 2744//2744
f 3575//3575 3668//3668 2368//2368
f 2368//2368 1099//1099 1098//1098
f 2853//2853 1665//1665 245//245
f 2853//2853 1666//1666 1665//1665
f 862//862 1667//1667 1666//1666
f 1518//1518 2197//2197 401//401
f 1008//1008 1010//1010 2197//2197
f 3669//3669 127//127 126//126
f 2621//2621 2062//2062 2064//2064
f 256//256 134//134 3670//3670
f 1862//1862 1861//1861 959//959
f 2571//2571 2050//2050 2211//2211
f 745//745 747//747 3250//3250
f 1262//1262 3507//3507 3671//3671
f 3672//3672 3173//3173 3673//3673
f 1043//1043 3184//3184 2361//2361
f 741//741 2814//2814 3382//3382
f 414//414 491//491 415//415
f 629//629 3674//3674 1677//1677
f 3675//3675 84//84 2942//2942
f 1514//1514 335//335 3464//3464
f 2041//2041 3654//3654 2810//2810
f 3676//3676 3677//3677 3678//3678
f 2748//2748 1274//1274 2747//2747
f 1146//1146 2481//2481 1367//1367
f 2478//2478 3256//3256 2346//2346
f 835//835 837//837 2961//2961
f 2400//2400 339//339 3210//3210
f 1962//1962 2288//2288 648//648
f 1621//1621 640//640 1622//1622
f 322//322 1410//1410 136//136
f 322//322 1212//1212 1410//1410
f 2961//2961 837//837 2960//2960
f 1746//1746 1748//1748 1241//1241
f 926//926 3679//3679 3680//3680
f 2173//2173 3280//3280 3681//3681
f 2395//2395 3682//3682 2396//2396
f 3683//3683 85//85 3684//3684
f 3683//3683 83//83 85//85
f 534//534 3685//3685 1859//1859
f 407//407 1522//1522 408//408
f 3686//3686 3094//3094 1950//1950
f 3550//3550 2446//2446 2220//2220
f 827//827 3687//3687 3688//3688
f 827//827 2722//2722 3687//3687
f 3578//3578 263//263 262//262
f 699//699 3176//3176 1300//1300
f 2118//2118 2117//2117 3689//3689
f 2433//2433 930//930 1572//1572
f 2934//2934 2283//2283 2282//2282
f 2934//2934 3515//3515 2283//2283
f 1016//1016 2282//2282 1703//1703
f 1016//1016 2934//2934 2282//2282
f 2791//2791 725//725 2790//2790
f 764//764 3653//3653 765//765
f 3598//3598 1373//1373 3690//3690
f 3414//3414 3691//3691 3692//3692
f 3693//3693 893//893 895//895
f 3694//3694 65//65 1820//1820
f 3695//3695 2008//2008 3696//3696
f 420//420 2034//2034 666//666
f 419//419 887//887 2034//2034
f 887//887 667//667 2034//2034
f 2534//2534 481//481 480//480
f 2975//2975 1966//1966 481//481
f 266//266 1054//1054 3697//3697
f 1709//1709 1276//1276 1277//1277
f 483//483 2115//2115 2114//2114
f 678//678 2704//2704 1652//1652
f 678//678 677//677 2704//2704
f 29//29 1539//1539 125//125
f 1599//1599 3698//3698 3699//3699
f 2557//2557 2304//2304 1405//1405
f 2049//2049 2048//2048 3700//3700
f 3251//3251 300//300 2333//2333
f 269//269 1257//1257 3145//3145
f 1344//1344 3701//3701 284//284
f 3702//3702 1842//1842 2750//2750
f 3703//3703 2909//2909 2908//2908
f 2154//2154 2153//2153 2463//2463
f 2484//2484 2581//2581 2164//2164
f 2164//2164 2581//2581 2580//2580
f 2678//2678 1470//1470 2496//2496
f 750//750 3615//3615 3257//3257
f 2573//2573 1296//1296 524//524
f 1379//1379 1378//1378 3704//3704
f 2169//2169 3123//3123 1379//1379
f 1664//1664 1663//1663 1198//1198
f 1198//1198 1200//1200 1534//1534
f 1607//1607 3488//3488 2996//2996
f 3705//3705 2585//2585 3555//3555
f 856//856 858//858 2203//2203
f 3706//3706 2431//2431 1411//1411
f 1739//1739 2587//2587 3015//3015
f 3707//3707 1729//1729 2888//2888
f 2700//2700 38//38 1546//1546
f 2144//2144 2513//2513 2512//2512
f 2688//2688 3708//3708 3709//3709
f 186//186 3544//3544 619//619
f 3049//3049 1039//1039 3710//3710
f 3710//3710 1041//1041 3711//3711
f 3710//3710 1039//1039 1041//1041
f 2084//2084 2989//2989 393//393
f 2084//2084 2083//2083 2989//2989
f 2335//2335 1440//1440 169//169
f 3587//3587 891//891 1749//1749
f 2521//2521 2944//2944 3306//3306
f 1954//1954 1068//1068 3712//3712
f 996//996 2950//2950 2949//2949
f 3161//3161 498//498 3713//3713
f 3147//3147 3714//3714 3455//3455
f 2886//2886 3065//3065 628//628
f 3685//3685 2801//2801 2800//2800
f 2424//2424 2137//2137 2136//2136
f 272//272 271//271 1754//1754
f 3715//3715 341//341 3660//3660
f 2623//2623 2723//2723 2198//2198
f 3716//3716 3373//3373 3717//3717
f 1922//1922 3041//3041 3365//3365
f 1172//1172 65//65 67//67
f 2982//2982 3383//3383 2170//2170
f 2912//2912 3718//3718 2682//2682
f 3719//3719 3403//3403 3497//3497
f 3719//3719 2235//2235 3403//3403
f 2235//2235 3402//3402 3403//3403
f 2480//2480 2552//2552 2550//2550
f 3042//3042 34//34 21//21
f 1242//1242 467//467 1240//1240
f 1020//1020 1374//1374 1021//1021
f 3720//3720 1599//1599 3721//3721
f 2291//2291 2293//2293 2295//2295
f 2838//2838 1800//1800 2584//2584
f 3722//3722 113//113 3102//3102
f 3643//3643 3723//3723 3724//3724
f 2877//2877 2876//2876 3031//3031
f 3432//3432 2725//2725 3252//3252
f 2725//2725 1313//1313 1755//1755
f 3379//3379 3378//3378 3382//3382
f 2003//2003 3006//3006 1484//1484
f 2405//2405 3725//3725 3250//3250
f 2392//2392 568//568 2393//2393
f 118//118 3714//3714 3147//3147
f 118//118 3445//3445 3714//3714
f 1142//1142 1//1 1143//1143
f 3726//3726 3487//3487 2069//2069
f 2587//2587 3016//3016 3015//3015
f 2587//2587 2074//2074 3016//3016
f 1121//1121 1123//1123 2345//2345
f 1123//1123 1122//1122 2536//2536
f 3007//3007 3192//3192 778//778
f 3574//3574 3180//3180 3727//3727
f 1360//1360 3728//3728 1466//1466
f 1254//1254 444//444 3729//3729
f 1509//1509 2652//2652 1849//1849
f 2186//2186 3316//3316 2141//2141
f 49//49 1817//1817 1815//1815
f 3354//3354 2722//2722 2340//2340
f 3354//3354 3687//3687 2722//2722
f 275//275 3730//3730 2879//2879
f 3731//3731 762//762 3549//3549
f 642//642 116//116 3732//3732
f 3730//3730 3733//3733 2654//2654
f 553//553 2221//2221 1898//1898
f 553//553 3734//3734 2221//2221
f 3039//3039 3735//3735 3038//3038
f 3572//3572 2042//2042 3038//3038
f 2889//2889 3538//3538 1977//1977
f 3070//3070 1543//1543 1610//1610
f 2951//2951 3736//3736 2949//2949
f 400//400 399//399 2551//2551
f 2511//2511 3239//3239 1468//1468
f 3737//3737 3738//3738 2716//2716
f 462//462 461//461 465//465
f 3739//3739 3007//3007 1858//1858
f 3739//3739 3740//3740 3192//3192
f 3142//3142 1645//1645 2031//2031
f 1731//1731 872//872 3118//3118
f 1731//1731 1843//1843 872//872
f 750//750 3299//3299 1369//1369
f 1911//1911 1237//1237 1913//1913
f 12//12 11//11 3262//3262
f 3010//3010 527//527 3011//3011
f 2224//2224 2858//2858 2225//2225
f 3741//3741 3742//3742 2449//2449
f 2216//2216 1632//1632 3375//3375
f 271//271 1753//1753 1754//1754
f 735//735 3378//3378 3380//3380
f 1281//1281 1536//1536 728//728
f 1124//1124 3743//3743 2661//2661
f 1124//1124 1126//1126 3743//3743
f 2980//2980 1585//1585 1582//1582
f 3744//3744 3302//3302 3599//3599
f 1693//1693 2242//2242 1690//1690
f 1693//1693 1692//1692 2242//2242
f 1690//1690 3054//3054 446//446
f 1690//1690 2242//2242 3054//3054
f 2376//2376 2375//2375 2898//2898
f 3516//3516 1935//1935 2425//2425
f 3489//3489 3583//3583 951//951
f 3745//3745 3746//3746 1441//1441
f 3745//3745 1441//1441 801//801
f 3747//3747 867//867 1345//1345
f 1017//1017 1019//1019 788//788
f 3539//3539 281//281 3371//3371
f 3539//3539 3748//3748 281//281
f 3445//3445 821//821 3749//3749
f 1375//1375 3465//3465 1021//1021
f 1375//1375 2858//2858 3465//3465
f 3355//3355 3750//3750 1973//1973
f 2578//2578 1702//1702 841//841
f 2578//2578 1002//1002 1702//1702
f 2921//2921 2751//2751 1730//1730
f 3166//3166 3411//3411 2670//2670
f 7//7 9//9 1609//1609
f 3751//3751 3727//3727 3180//3180
f 2705//2705 2162//2162 1320//1320
f 1247//1247 1249//1249 3752//3752
f 2089//2089 1738//1738 1740//1740
f 620//620 1022//1022 1024//1024
f 620//620 622//622 1022//1022
f 3087//3087 2369//2369 110//110
f 921//921 808//808 917//917
f 662//662 3753//3753 663//663
f 3249//3249 2361//2361 1431//1431
f 3591//3591 2015//2015 767//767
f 3754//3754 1706//1706 1017//1017
f 1923//1923 855//855 978//978
f 1076//1076 2005//2005 2004//2004
f 2232//2232 2562//2562 2233//2233
f 2279//2279 3590//3590 2277//2277
f 3755//3755 2647//2647 2231//2231
f 3047//3047 3756//3756 79//79
f 3048//3048 3757//3757 3047//3047
f 3048//3048 2403//2403 3757//3757
f 3596//3596 3595//3595 815//815
f 200//200 1542//1542 3758//3758
f 2556//2556 2557//2557 3759//3759
f 3562//3562 2872//2872 214//214
f 2358//2358 2357//2357 2564//2564
f 3057//3057 3084//3084 1248//1248
f 3085//3085 3084//3084 3057//3057
f 1225//1225 3760//3760 2516//2516
f 3761//3761 2429//2429 2428//2428
f 3761//3761 1581//1581 2429//2429
f 89//89 88//88 3272//3272
f 3762//3762 1502//1502 2051//2051
f 934//934 3597//3597 3763//3763
f 2768//2768 3336//3336 3570//3570
f 258//258 3764//3764 33//33
f 3765//3765 2603//2603 2643//2643
f 2356//2356 92//92 91//91
f 2356//2356 2355//2355 92//92
f 3766//3766 3292//3292 548//548
f 3748//3748 3767//3767 2915//2915
f 3004//3004 3184//3184 1447//1447
f 3768//3768 3769//3769 3770//3770
f 2994//2994 865//865 2861//2861
f 2860//2860 865//865 1329//1329
f 1884//1884 1882//1882 3771//3771
f 2713//2713 1551//1551 1550//1550
f 2558//2558 718//718 101//101
f 2558//2558 1432//1432 718//718
f 3703//3703 1526//1526 738//738
f 3394//3394 3772//3772 3773//3773
f 3774//3774 3482//3482 561//561
f 3774//3774 3483//3483 3482//3482
f 2903//2903 2902//2902 3403//3403
f 2265//2265 3340//3340 3061//3061
f 2963//2963 2965//2965 3775//3775
f 1990//1990 1976//1976 1974//1974
f 3776//3776 2126//2126 3110//3110
f 3349//3349 3384//3384 1943//1943
f 3262//3262 2898//2898 2375//2375
f 777//777 1361//1361 1363//1363
f 777//777 1364//1364 1361//1361
f 1692//1692 1691//1691 2465//2465
f 1150//1150 3777//3777 2910//2910
f 2878//2878 3270//3270 2193//2193
f 2878//2878 3778//3778 3270//3270
f 3693//3693 1839//1839 893//893
f 24//24 2180//2180 2179//2179
f 2493//2493 1910//1910 2491//2491
f 26//26 332//332 3132//3132
f 26//26 3002//3002 332//332
f 1625//1625 2016//2016 383//383
f 3779//3779 3780//3780 3197//3197
f 423//423 3781//3781 424//424
f 422//422 3144//3144 423//423
f 1777//1777 3782//3782 2215//2215
f 2718//2718 475//475 1605//1605
f 2192//2192 3783//3783 3784//3784
f 2482//2482 2808//2808 1600//1600
f 682//682 3785//3785 233//233
f 682//682 578//578 3785//3785
f 250//250 249//249 2604//2604
f 1986//1986 1471//1471 2678//2678
f 3773//3773 3557//3557 3786//3786
f 3787//3787 2450//2450 3788//3788
f 3788//3788 2449//2449 3742//3742
f 1431//1431 3789//3789 727//727
f 3790//3790 168//168 2132//2132
f 683//683 234//234 3791//3791
f 3498//3498 613//613 612//612
f 1553//1553 3733//3733 3599//3599
f 1473//1473 3213//3213 3792//3792
f 1474//1474 2844//2844 1057//1057
f 373//373 3398//3398 2970//2970
f 805//805 804//804 436//436
f 1923//1923 977//977 1036//1036
f 3564//3564 3221//3221 3793//3793
f 1750//1750 890//890 892//892
f 1259//1259 3524//3524 1260//1260
f 3293//3293 3794//3794 998//998
f 2291//2291 2295//2295 2292//2292
f 233//233 3785//3785 3791//3791
f 3470//3470 1426//1426 2966//2966
f 749//749 2975//2975 1967//1967
f 688//688 3217//3217 1627//1627
f 3795//3795 3796//3796 3217//3217
f 3077//3077 653//653 1558//1558
f 1399//1399 1398//1398 2143//2143
f 3744//3744 1399//1399 3302//3302
f 1671//1671 3797//3797 1030//1030
f 1736//1736 2587//2587 2461//2461
f 2886//2886 3548//3548 3798//3798
f 3352//3352 2572//2572 1828//1828
f 2702//2702 2821//2821 143//143
f 607//607 605//605 1595//1595
f 2869//2869 3454//3454 1228//1228
f 3799//3799 3800//3800 3584//3584
f 244//244 2537//2537 3801//3801
f 244//244 243//243 2537//2537
f 800//800 802//802 2537//2537
f 3802//3802 2546//2546 2736//2736
f 2550//2550 912//912 2480//2480
f 326//326 2330//2330 325//325
f 515//515 3471//3471 860//860
f 3803//3803 3804//3804 3769//3769
f 1824//1824 3519//3519 652//652
f 3805//3805 3806//3806 3655//3655
f 3711//3711 3170//3170 3710//3710
f 3711//3711 3807//3807 3170//3170
f 1636//1636 591//591 453//453
f 1636//1636 2509//2509 591//591
f 92//92 2355//2355 2359//2359
f 840//840 593//593 838//838
f 1353//1353 2706//2706 3230//3230
f 3375//3375 1632//1632 1634//1634
f 1514//1514 2693//2693 790//790
f 3808//3808 356//356 349//349
f 67//67 3523//3523 1172//1172
f 67//67 2920//2920 3523//3523
f 806//806 931//931 807//807
f 3505//3505 3809//3809 3810//3810
f 3505//3505 3504//3504 3809//3809
f 3810//3810 2468//2468 3702//3702
f 3810//3810 3809//3809 2468//2468
f 1508//1508 482//482 510//510
f 1508//1508 2729//2729 482//482
f 3592//3592 3296//3296 1435//1435
f 734//734 1412//1412 735//735
f 3148//3148 3811//3811 3812//3812
f 3811//3811 3148//3148 1721//1721
f 3566//3566 3813//3813 3814//3814
f 144//144 146//146 1768//1768
f 1772//1772 1207//1207 3071//3071
f 3225//3225 3227//3227 3532//3532
f 258//258 714//714 72//72
f 354//354 3808//3808 2785//2785
f 1227//1227 1392//1392 1228//1228
f 3279//3279 758//758 633//633
f 137//137 1411//1411 2472//2472
f 137//137 136//136 1411//1411
f 2472//2472 2430//2430 2473//2473
f 2472//2472 1411//1411 2430//2430
f 2473//2473 2103//2103 2101//2101
f 3508//3508 3507//3507 1262//1262
f 1332//1332 2974//2974 583//583
f 3815//3815 2140//2140 2374//2374
f 3816//3816 604//604 3815//3815
f 3817//3817 539//539 1659//1659
f 1509//1509 2154//2154 3818//3818
f 1985//1985 3571//3571 3415//3415
f 1131//1131 1984//1984 101//101
f 1404//1404 504//504 503//503
f 1984//1984 505//505 504//504
f 1879//1879 556//556 555//555
f 1880//1880 1325//1325 289//289
f 990//990 3327//3327 991//991
f 2916//2916 1//1 3//3
f 2060//2060 1255//1255 2628//2628
f 459//459 2255//2255 806//806
f 530//530 3238//3238 2777//2777
f 2359//2359 3214//3214 92//92
f 2359//2359 470//470 3214//3214
f 276//276 621//621 2627//2627
f 2200//2200 2199//2199 1885//1885
f 3819//3819 2495//2495 3820//3820
f 3670//3670 134//134 1250//1250
f 3821//3821 3455//3455 3714//3714
f 3822//3822 2139//2139 2140//2140
f 3746//3746 3823//3823 3824//3824
f 3746//3746 3745//3745 3823//3823
f 1577//1577 963//963 2583//2583
f 381//381 2887//2887 382//382
f 381//381 3575//3575 2887//2887
f 2759//2759 3103//3103 2726//2726
f 3500//3500 3825//3825 3229//3229
f 2323//2323 2322//2322 2326//2326
f 2900//2900 3124//3124 1293//1293
f 1815//1815 176//176 49//49
f 702//702 1222//1222 1224//1224
f 809//809 3190//3190 810//810
f 1755//1755 1313//1313 1314//1314
f 3826//3826 874//874 391//391
f 3804//3804 3709//3709 3769//3769
f 2129//2129 2527//2527 436//436
f 2129//2129 2660//2660 2527//2527
f 2881//2881 1687//1687 228//228
f 2881//2881 2880//2880 1307//1307
f 1892//1892 2316//2316 1890//1890
f 1890//1890 2316//2316 2315//2315
f 618//618 2711//2711 3663//3663
f 881//881 1623//1623 2948//2948
f 3400//3400 3399//3399 2596//2596
f 587//587 586//586 1127//1127
f 1775//1775 1774//1774 2652//2652
f 2268//2268 2267//2267 2539//2539
f 3517//3517 666//666 3827//3827
f 3517//3517 2829//2829 666//666
f 1732//1732 426//426 425//425
f 1732//1732 580//580 426//426
f 3155//3155 292//292 1243//1243
f 1182//1182 1041//1041 3354//3354
f 1182//1182 1181//1181 1041//1041
f 2829//2829 420//420 666//666
f 878//878 1190//1190 1189//1189
f 878//878 482//482 1190//1190
f 3602//3602 548//548 547//547
f 3828//3828 2119//2119 829//829
f 3828//3828 2121//2121 2119//2119
f 1271//1271 3661//3661 2398//2398
f 2438//2438 3829//3829 3830//3830
f 28//28 1436//1436 690//690
f 2633//2633 3831//3831 3832//3832
f 2763//2763 3833//3833 3233//3233
f 2622//2622 2198//2198 3542//3542
f 645//645 644//644 1870//1870
f 601//601 1992//1992 2806//2806
f 601//601 384//384 1992//1992
f 684//684 385//385 2523//2523
f 2068//2068 2250//2250 994//994
f 2296//2296 64//64 63//63
f 1615//1615 1203//1203 1205//1205
f 1615//1615 724//724 1203//1203
f 3834//3834 3835//3835 2783//2783
f 3834//3834 755//755 1980//1980
f 879//879 3836//3836 1404//1404
f 3837//3837 866//866 3463//3463
f 1903//1903 1904//1904 2825//2825
f 2358//2358 471//471 470//470
f 3692//3692 3838//3838 1991//1991
f 3691//3691 3838//3838 3692//3692
f 3691//3691 2199//2199 3838//3838
f 659//659 661//661 3839//3839
f 1870//1870 3840//3840 3841//3841
f 3008//3008 2098//2098 1024//1024
f 3008//3008 3842//3842 2098//2098
f 2964//2964 1083//1083 2965//2965
f 3843//3843 3276//3276 2591//2591
f 502//502 2270//2270 3038//3038
f 502//502 851//851 2270//2270
f 982//982 1457//1457 3395//3395
f 3568//3568 3844//3844 2788//2788
f 3568//3568 3845//3845 3844//3844
f 2788//2788 3844//3844 2789//2789
f 2856//2856 1845//1845 2928//2928
f 2856//2856 2857//2857 1845//1845
f 3296//3296 1261//1261 1435//1435
f 623//623 626//626 628//628
f 3175//3175 3177//3177 3063//3063
f 3814//3814 3813//3813 3846//3846
f 761//761 1724//1724 762//762
f 709//709 3847//3847 707//707
f 709//709 3645//3645 3847//3847
f 3583//3583 1338//1338 1337//1337
f 3074//3074 432//432 431//431
f 1942//1942 3092//3092 3091//3091
f 1942//1942 1877//1877 3092//3092
f 3848//3848 3849//3849 3850//3850
f 3851//3851 3115//3115 3116//3116
f 643//643 1162//1162 644//644
f 354//354 3852//3852 3853//3853
f 2361//2361 3004//3004 2362//2362
f 3854//3854 2954//2954 2486//2486
f 494//494 3162//3162 495//495
f 1877//1877 1876//1876 543//543
f 3060//3060 1558//1558 3855//3855
f 3856//3856 2281//2281 473//473
f 2804//2804 3308//3308 3315//3315
f 3857//3857 413//413 1996//1996
f 3858//3858 2352//2352 163//163
f 2352//2352 161//161 163//163
f 701//701 3071//3071 3072//3072
f 1411//1411 2431//2431 2430//2430
f 444//444 797//797 799//799
f 3859//3859 2271//2271 3860//3860
f 2750//2750 3505//3505 3702//3702
f 2105//2105 418//418 417//417
f 1260//1260 3222//3222 1708//1708
f 3861//3861 2978//2978 3862//3862
f 2043//2043 2727//2727 2387//2387
f 3602//3602 547//547 2078//2078
f 445//445 1956//1956 1955//1955
f 445//445 1254//1254 1956//1956
f 3863//3863 1117//1117 3246//3246
f 3154//3154 3246//3246 812//812
f 3864//3864 3865//3865 876//876
f 2480//2480 914//914 2481//2481
f 2480//2480 912//912 914//914
f 1604//1604 475//475 177//177
f 2242//2242 2241//2241 1192//1192
f 1905//1905 1457//1457 982//982
f 2241//2241 982//982 1192//1192
f 2751//2751 2750//2750 1842//1842
f 3444//3444 334//334 2539//2539
f 3866//3866 3867//3867 2866//2866
f 200//200 3758//3758 198//198
f 3868//3868 3869//3869 661//661
f 3338//3338 2812//2812 3870//3870
f 1655//1655 1184//1184 1183//1183
f 3871//3871 3026//3026 1939//1939
f 3871//3871 1033//1033 3026//3026
f 2562//2562 2996//2996 3488//3488
f 1375//1375 1374//1374 3872//3872
f 1284//1284 2802//2802 1285//1285
f 1284//1284 3559//3559 2802//2802
f 966//966 3320//3320 3873//3873
f 3839//3839 496//496 495//495
f 747//747 2867//2867 370//370
f 370//370 2867//2867 1591//1591
f 3874//3874 2672//2672 1574//1574
f 1057//1057 822//822 824//824
f 627//627 1625//1625 382//382
f 78//78 1587//1587 79//79
f 1997//1997 504//504 3836//3836
f 9//9 669//669 1609//1609
f 656//656 3875//3875 1643//1643
f 3876//3876 3513//3513 3877//3877
f 505//505 1984//1984 1132//1132
f 3398//3398 3461//3461 2970//2970
f 2908//2908 2794//2794 3703//3703
f 889//889 886//886 950//950
f 844//844 3649//3649 1211//1211
f 561//561 3878//3878 3774//3774
f 3879//3879 535//535 264//264
f 255//255 3658//3658 3657//3657
f 255//255 254//254 3658//3658
f 2982//2982 3130//3130 1207//1207
f 3581//3581 648//648 2288//2288
f 3880//3880 3881//3881 3882//3882
f 2533//2533 1524//1524 752//752
f 3883//3883 3884//3884 1263//1263
f 1028//1028 1885//1885 3830//3830
f 3684//3684 85//85 3885//3885
f 1946//1946 3452//3452 733//733
f 2275//2275 713//713 257//257
f 3235//3235 3859//3859 1166//1166
f 2132//2132 167//167 1802//1802
f 3567//3567 2280//2280 2278//2278
f 3877//3877 3300//3300 3413//3413
f 184//184 1952//1952 185//185
f 184//184 1880//1880 1952//1952
f 3361//3361 417//417 416//416
f 2778//2778 3399//3399 3059//3059
f 466//466 1390//1390 467//467
f 267//267 1555//1555 1557//1557
f 2667//2667 3093//3093 1900//1900
f 3196//3196 2985//2985 2524//2524
f 3196//3196 387//387 2985//2985
f 3886//3886 3363//3363 3364//3364
f 1034//1034 3887//3887 3888//3888
f 2950//2950 2668//2668 2951//2951
f 3606//3606 1831//1831 1830//1830
f 303//303 238//238 237//237
f 227//227 3576//3576 228//228
f 3883//3883 2916//2916 3//3
f 3889//3889 3356//3356 320//320
f 3889//3889 2029//2029 3356//3356
f 3890//3890 3891//3891 2463//2463
f 2694//2694 45//45 1325//1325
f 72//72 714//714 3892//3892
f 2212//2212 2214//2214 2486//2486
f 2374//2374 1309//1309 1308//1308
f 1521//1521 3893//3893 760//760
f 2229//2229 798//798 3894//3894
f 1530//1530 1104//1104 996//996
f 1530//1530 1102//1102 1104//1104
f 1719//1719 1718//1718 3895//3895
f 2995//2995 2885//2885 1999//1999
f 3019//3019 1078//1078 1077//1077
f 3096//3096 2733//2733 2732//2732
f 3396//3396 3896//3896 1968//1968
f 3813//3813 3566//3566 3051//3051
f 1534//1534 782//782 3897//3897
f 657//657 655//655 654//654
f 226//226 3898//3898 3219//3219
f 3860//3860 852//852 2635//2635
f 370//370 1591//1591 371//371
f 754//754 753//753 34//34
f 3899//3899 654//654 3900//3900
f 20//20 2504//2504 3376//3376
f 20//20 19//19 2504//2504
f 3070//3070 1542//1542 1543//1543
f 2336//2336 452//452 2457//2457
f 3646//3646 23//23 3645//3645
f 3901//3901 1978//1978 3341//3341
f 242//242 756//756 3310//3310
f 3263//3263 1401//1401 756//756
f 1437//1437 2746//2746 690//690
f 1437//1437 2157//2157 2746//2746
f 2505//2505 3834//3834 2783//2783
f 2059//2059 1400//1400 3469//3469
f 3495//3495 1175//1175 1174//1174
f 6//6 1421//1421 723//723
f 6//6 3867//3867 3622//3622
f 3653//3653 2138//2138 3902//3902
f 3532//3532 2006//2006 2008//2008
f 3273//3273 2369//2369 1238//1238
f 101//101 718//718 102//102
f 464//464 3206//3206 465//465
f 2506//2506 3903//3903 1354//1354
f 2787//2787 3424//3424 2788//2788
f 1100//1100 1837//1837 1101//1101
f 1100//1100 1838//1838 1837//1837
f 3116//3116 2178//2178 2180//2180
f 1184//1184 1881//1881 3126//3126
f 1184//1184 286//286 1881//1881
f 3904//3904 2075//2075 1085//1085
f 3761//3761 2428//2428 403//403
f 3905//3905 3906//3906 2267//2267
f 2261//2261 337//337 2972//2972
f 2261//2261 98//98 337//337
f 2471//2471 2470//2470 1947//1947
f 2738//2738 531//531 3135//3135
f 3003//3003 882//882 2594//2594
f 3527//3527 2165//2165 3269//3269
f 1201//1201 1402//1402 16//16
f 3043//3043 3042//3042 21//21
f 3525//3525 1569//1569 1571//1571
f 3525//3525 2622//2622 1569//1569
f 580//580 582//582 3907//3907
f 3225//3225 1869//1869 2967//2967
f 2619//2619 2962//2962 3467//3467
f 2555//2555 1314//1314 3908//3908
f 2979//2979 2978//2978 3861//3861
f 3737//3737 3751//3751 3909//3909
f 815//815 1789//1789 1791//1791
f 3599//3599 450//450 3744//3744
f 450//450 3131//3131 3130//3130
f 3222//3222 1278//1278 1708//1708
f 3222//3222 3317//3317 1278//1278
f 2361//2361 3184//3184 3004//3004
f 2797//2797 2305//2305 3658//3658
f 873//873 2991//2991 2990//2990
f 3243//3243 901//901 3910//3910
f 700//700 3104//3104 3553//3553
f 101//101 100//100 1131//1131
f 3911//3911 3616//3616 2959//2959
f 1428//1428 3643//3643 1429//1429
f 3655//3655 3806//3806 2010//2010
f 3051//3051 1744//1744 3049//3049
f 3051//3051 770//770 1744//1744
f 3163//3163 2352//2352 3858//3858
f 3912//3912 3913//3913 556//556
f 3249//3249 1431//1431 726//726
f 3914//3914 1641//1641 1643//1643
f 3915//3915 2126//2126 3776//3776
f 2133//2133 1574//1574 2128//2128
f 2143//2143 3916//3916 1399//1399
f 1431//1431 1095//1095 3789//3789
f 1095//1095 1094//1094 3459//3459
f 93//93 2960//2960 837//837
f 93//93 92//92 2960//2960
f 92//92 824//824 2960//2960
f 92//92 3577//3577 824//824
f 707//707 3917//3917 3918//3918
f 627//627 3058//3058 2983//2983
f 627//627 626//626 3058//3058
f 223//223 749//749 748//748
f 223//223 511//511 749//749
f 2975//2975 511//511 1966//1966
f 2397//2397 3366//3366 3365//3365
f 1438//1438 1191//1191 1187//1187
f 858//858 296//296 298//298
f 3714//3714 3919//3919 3821//3821
f 3645//3645 3920//3920 3847//3847
f 3921//3921 3922//3922 3625//3625
f 3921//3921 2447//2447 3922//3922
f 3442//3442 3443//3443 3405//3405
f 208//208 3923//3923 1864//1864
f 3780//3780 3779//3779 1734//1734
f 2457//2457 308//308 2454//2454
f 2451//2451 3642//3642 3375//3375
f 72//72 3764//3764 258//258
f 101//101 1346//1346 2558//2558
f 2028//2028 3924//3924 790//790
f 3925//3925 343//343 2527//2527
f 3912//3912 2456//2456 794//794
f 3926//3926 794//794 2456//2456
f 475//475 2308//2308 476//476
f 113//113 3927//3927 2031//2031
f 2459//2459 1644//1644 1646//1646
f 1753//1753 3152//3152 785//785
f 3928//3928 3210//3210 339//339
f 158//158 901//901 241//241
f 2475//2475 1059//1059 1061//1061
f 3780//3780 1734//1734 1733//1733
f 3022//3022 2629//2629 554//554
f 3022//3022 549//549 2629//2629
f 3022//3022 2598//2598 549//549
f 3929//3929 3930//3930 3325//3325
f 204//204 3931//3931 205//205
f 1778//1778 2213//2213 3932//3932
f 2213//2213 3698//3698 3932//3932
f 2255//2255 932//932 931//931
f 2289//2289 1535//1535 500//500
f 95//95 578//578 943//943
f 3778//3778 3269//3269 3270//3270
f 2127//2127 1585//1585 1821//1821
f 1658//1658 2853//2853 880//880
f 2664//2664 912//912 2551//2551
f 88//88 3271//3271 3272//3272
f 1773//1773 703//703 3933//3933
f 1773//1773 1772//1772 703//703
f 3180//3180 3179//3179 3909//3909
f 3817//3817 1247//1247 3752//3752
f 3187//3187 3351//3351 2234//2234
f 3601//3601 3934//3934 3935//3935
f 3601//3601 1293//1293 3934//3934
f 974//974 3934//3934 2796//2796
f 974//974 1660//1660 3934//3934
f 3031//3031 3404//3404 3362//3362
f 2320//2320 2318//2318 2321//2321
f 2320//2320 2319//2319 2318//2318
f 2520//2520 3936//3936 3937//3937
f 3347//3347 3938//3938 1152//1152
f 3939//3939 751//751 523//523
f 2181//2181 523//523 522//522
f 2012//2012 1050//1050 1023//1023
f 3630//3630 103//103 3629//3629
f 268//268 1257//1257 269//269
f 268//268 1258//1258 1257//1257
f 394//394 393//393 810//810
f 2803//2803 1917//1917 948//948
f 3559//3559 1284//1284 2907//2907
f 3940//3940 2742//2742 3941//3941
f 1150//1150 2911//2911 3885//3885
f 3582//3582 1454//1454 3616//3616
f 1940//1940 1347//1347 104//104
f 3942//3942 1762//1762 1764//1764
f 1457//1457 1905//1905 3943//3943
f 723//723 3664//3664 4//4
f 3717//3717 3333//3333 3716//3716
f 1178//1178 3944//3944 3425//3425
f 1178//1178 1177//1177 3944//3944
f 2523//2523 456//456 2839//2839
f 1218//1218 1217//1217 456//456
f 799//799 1232//1232 3729//3729
f 3365//3365 3366//3366 2993//2993
f 3597//3597 934//934 1788//1788
f 3369//3369 1074//1074 579//579
f 1092//1092 1075//1075 1074//1074
f 2581//2581 3852//3852 3448//3448
f 3945//3945 3372//3372 3373//3373
f 1281//1281 728//728 1781//1781
f 3833//3833 3946//3946 3234//3234
f 836//836 2673//2673 1632//1632
f 641//641 3100//3100 2685//2685
f 641//641 640//640 3100//3100
f 3947//3947 3573//3573 3948//3948
f 1306//1306 1770//1770 3216//3216
f 3137//3137 2992//2992 3138//3138
f 2988//2988 3949//3949 3741//3741
f 3547//3547 3112//3112 2195//2195
f 324//324 135//135 2821//2821
f 323//323 136//136 135//135
f 3950//3950 473//473 472//472
f 792//792 2444//2444 793//793
f 792//792 2666//2666 2444//2444
f 821//821 1589//1589 3749//3749
f 821//821 1302//1302 1589//1589
f 3749//3749 313//313 3714//3714
f 3749//3749 1589//1589 313//313
f 2701//2701 2821//2821 2702//2702
f 2702//2702 142//142 1613//1613
f 2685//2685 2682//2682 3718//3718
f 2634//2634 3951//3951 3952//3952
f 2634//2634 191//191 3951//3951
f 3951//3951 3509//3509 3952//3952
f 3581//3581 3491//3491 649//649
f 78//78 2371//2371 2027//2027
f 78//78 77//77 2371//2371
f 3953//3953 50//50 52//52
f 3954//3954 1818//1818 3955//3955
f 3428//3428 3427//3427 1126//1126
f 3729//3729 1232//1232 1234//1234
f 3956//3956 3274//3274 1889//1889
f 2048//2048 608//608 3700//3700
f 129//129 2767//2767 2766//2766
f 2206//2206 2874//2874 160//160
f 2206//2206 2208//2208 2874//2874
f 263//263 3879//3879 264//264
f 651//651 3957//3957 2148//2148
f 1864//1864 1866//1866 3958//3958
f 2031//2031 3959//3959 3960//3960
f 2031//2031 1645//1645 3959//3959
f 3961//3961 2476//2476 3285//3285
f 3680//3680 1512//1512 2476//2476
f 2589//2589 3661//3661 2205//2205
f 2589//2589 2499//2499 3661//3661
f 919//919 916//916 3419//3419
f 2703//2703 1761//1761 1760//1760
f 459//459 458//458 1499//1499
f 3962//3962 3734//3734 552//552
f 3962//3962 3963//3963 3734//3734
f 3288//3288 1944//1944 3964//3964
f 401//401 1579//1579 1578//1578
f 1579//1579 2573//2573 964//964
f 3117//3117 874//874 3965//3965
f 3016//3016 1973//1973 3014//3014
f 3752//3752 3579//3579 3232//3232
f 2618//2618 1413//1413 734//734
f 572//572 571//571 374//374
f 2728//2728 2849//2849 2851//2851
f 2728//2728 3966//3966 2849//2849
f 3967//3967 304//304 3540//3540
f 3967//3967 1390//1390 304//304
f 2550//2550 2554//2554 400//400
f 2550//2550 2552//2552 2554//2554
f 3857//3857 414//414 413//413
f 3857//3857 2597//2597 414//414
f 3831//3831 2632//2632 3344//3344
f 1299//1299 3968//3968 3969//3969
f 3732//3732 997//997 1622//1622
f 965//965 1983//1983 405//405
f 3648//3648 2933//2933 3970//3970
f 251//251 253//253 700//700
f 139//139 138//138 3202//3202
f 2220//2220 1897//1897 1898//1898
f 3558//3558 311//311 312//312
f 2289//2289 1962//1962 427//427
f 3397//3397 3971//3971 3083//3083
f 3523//3523 260//260 259//259
f 416//416 418//418 3887//3887
f 2579//2579 2784//2784 3972//3972
f 2579//2579 2581//2581 2784//2784
f 2172//2172 109//109 1614//1614
f 2278//2278 3568//3568 3567//3567
f 3683//3683 1750//1750 892//892
f 3282//3282 1766//1766 1765//1765
f 2471//2471 1947//1947 1766//1766
f 3973//3973 294//294 3974//3974
f 1914//1914 1916//1916 2400//2400
f 3771//3771 3484//3484 3975//3975
f 1204//1204 2645//2645 1205//1205
f 2866//2866 2865//2865 2202//2202
f 437//437 2243//2243 438//438
f 2930//2930 739//739 311//311
f 3598//3598 1372//1372 1373//1373
f 539//539 1045//1045 537//537
f 3425//3425 3976//3976 3977//3977
f 3768//3768 3978//3978 3896//3896
f 3429//3429 3979//3979 3307//3307
f 205//205 3931//3931 3980//3980
f 1535//1535 2289//2289 427//427
f 3401//3401 1558//1558 3059//3059
f 3401//3401 3077//3077 1558//1558
f 2548//2548 2791//2791 3389//3389
f 2953//2953 870//870 1831//1831
f 635//635 1462//1462 1770//1770
f 635//635 1463//1463 1462//1462
f 2600//2600 1364//1364 182//182
f 3981//3981 3028//3028 3030//3030
f 618//618 3663//3663 3982//3982
f 2257//2257 328//328 3487//3487
f 279//279 2152//2152 1113//1113
f 3381//3381 3983//3983 1668//1668
f 3316//3316 2186//2186 2188//2188
f 2120//2120 830//830 829//829
f 1983//1983 968//968 1522//1522
f 3673//3673 3984//3984 3985//3985
f 3986//3986 58//58 3987//3987
f 2782//2782 2073//2073 1449//1449
f 2782//2782 3987//3987 58//58
f 1000//1000 3292//3292 998//998
f 1000//1000 3988//3988 3292//3292
f 527//527 3989//3989 2248//2248
f 769//769 2986//2986 3156//3156
f 769//769 768//768 2986//2986
f 775//775 3109//3109 2602//2602
f 3021//3021 3990//3990 687//687
f 3197//3197 3199//3199 2485//2485
f 3009//3009 3991//3991 3992//3992
f 3009//3009 3097//3097 3991//3991
f 2040//2040 2071//2071 905//905
f 585//585 1854//1854 583//583
f 585//585 2229//2229 1854//1854
f 3221//3221 3564//3564 156//156
f 3392//3392 2521//2521 1795//1795
f 3392//3392 947//947 2521//2521
f 3236//3236 1763//1763 2474//2474
f 2837//2837 1517//1517 3042//3042
f 977//977 979//979 2137//2137
f 1209//1209 3993//3993 1210//1210
f 1855//1855 3541//3541 1853//1853
f 3994//3994 2593//2593 2948//2948
f 2164//2164 2580//2580 351//351
f 3164//3164 1498//1498 2727//2727
f 1886//1886 1030//1030 3533//3533
f 3244//3244 3917//3917 3245//3245
f 3244//3244 3918//3918 3917//3917
f 2615//2615 2614//2614 3244//3244
f 178//178 177//177 3946//3946
f 2215//2215 368//368 3669//3669
f 2175//2175 1406//1406 1405//1405
f 3554//3554 3177//3177 3215//3215
f 2215//2215 3782//3782 368//368
f 2831//2831 114//114 285//285
f 3236//3236 2474//2474 2475//2475
f 3595//3595 3597//3597 3995//3995
f 2656//2656 3560//3560 564//564
f 2313//2313 3067//3067 2479//2479
f 2718//2718 1605//1605 1608//1608
f 3410//3410 1864//1864 3121//3121
f 3996//3996 3997//3997 3998//3998
f 3999//3999 2939//2939 3784//3784
f 1956//1956 1253//1253 3034//3034
f 2823//2823 2367//2367 208//208
f 2823//2823 2822//2822 2367//2367
f 4000//4000 1798//1798 1800//1800
f 1275//1275 2929//2929 2928//2928
f 3109//3109 210//210 212//212
f 2067//2067 4001//4001 1085//1085
f 3137//3137 4002//4002 4003//4003
f 2627//2627 277//277 276//276
f 432//432 1433//1433 433//433
f 696//696 477//477 479//479
f 3664//3664 723//723 3665//3665
f 930//930 3195//3195 1573//1573
f 2931//2931 2307//2307 2306//2306
f 1250//1250 2530//2530 3670//3670
f 3829//3829 1029//1029 3830//3830
f 1125//1125 1124//1124 2131//2131
f 1451//1451 1453//1453 306//306
f 3188//3188 3940//3940 3189//3189
f 715//715 1549//1549 3546//3546
f 546//546 548//548 3025//3025
f 963//963 1579//1579 964//964
f 963//963 1577//1577 1579//1579
f 3921//3921 3257//3257 3615//3615
f 3948//3948 3573//3573 3574//3574
f 2180//2180 23//23 3646//3646
f 3986//3986 56//56 58//58
f 3113//3113 2346//2346 2833//2833
f 2576//2576 772//772 771//771
f 860//860 2106//2106 515//515
f 860//860 2107//2107 2106//2106
f 3523//3523 259//259 1172//1172
f 2390//2390 146//146 1519//1519
f 2934//2934 1015//1015 2937//2937
f 2006//2006 1030//1030 3797//3797
f 1281//1281 1280//1280 1480//1480
f 4004//4004 1067//1067 4005//4005
f 3513//3513 736//736 1657//1657
f 2275//2275 3332//3332 3088//3088
f 3089//3089 3727//3727 2276//2276
f 3183//3183 2709//2709 2890//2890
f 3183//3183 807//807 2709//2709
f 1795//1795 1224//1224 1223//1223
f 1048//1048 50//50 3953//3953
f 3318//3318 2811//2811 2813//2813
f 4006//4006 3477//3477 3364//3364
f 2111//2111 1333//1333 3182//3182
f 575//575 574//574 2443//2443
f 569//569 2843//2843 570//570
f 2602//2602 212//212 2809//2809
f 3391//3391 3234//3234 743//743
f 3234//3234 3240//3240 743//743
f 1476//1476 630//630 1477//1477
f 1476//1476 582//582 630//630
f 292//292 3155//3155 7//7
f 2976//2976 3855//3855 1559//1559
f 3571//3571 3268//3268 1672//1672
f 443//443 797//797 444//444
f 443//443 1333//1333 797//797
f 3119//3119 350//350 2905//2905
f 3146//3146 4007//4007 1555//1555
f 4008//4008 1748//1748 2910//2910
f 1383//1383 1385//1385 293//293
f 4009//4009 1385//1385 1895//1895
f 4009//4009 598//598 1385//1385
f 4010//4010 2846//2846 46//46
f 1366//1366 1769//1769 913//913
f 3103//3103 141//141 3202//3202
f 3537//3537 3629//3629 103//103
f 3537//3537 1915//1915 3629//3629
f 2836//2836 2835//2835 1783//1783
f 201//201 997//997 3732//3732
f 201//201 203//203 997//997
f 2197//2197 2196//2196 2749//2749
f 3217//3217 3796//3796 2855//2855
f 3376//3376 2504//2504 1853//1853
f 759//759 760//760 3893//3893
f 1514//1514 2591//2591 1515//1515
f 484//484 1822//1822 4011//4011
f 1869//1869 3225//3225 4012//4012
f 3450//3450 430//430 3936//3936
f 1659//1659 538//538 2150//2150
f 3362//3362 3854//3854 4013//4013
f 587//587 1576//1576 261//261
f 3186//3186 1495//1495 1494//1494
f 967//967 1328//1328 1007//1007
f 1064//1064 4014//4014 4015//4015
f 1064//1064 1067//1067 4014//4014
f 4015//4015 2342//2342 1593//1593
f 4014//4014 2343//2343 2342//2342
f 3821//3821 123//123 3455//3455
f 4016//4016 2191//2191 2190//2190
f 4017//4017 1268//1268 1269//1269
f 1776//1776 1778//1778 3932//3932
f 3193//3193 3192//3192 3740//3740
f 4018//4018 2752//2752 65//65
f 3935//3935 3934//3934 1660//1660
f 607//607 1817//1817 1833//1833
f 708//708 140//140 2819//2819
f 2761//2761 1716//1716 834//834
f 2666//2666 3913//3913 796//796
f 1978//1978 3901//3901 302//302
f 2977//2977 2245//2245 2284//2284
f 2977//2977 1116//1116 2245//2245
f 2215//2215 126//126 2214//2214
f 3548//3548 3575//3575 2822//2822
f 3094//3094 3686//3686 3609//3609
f 3664//3664 4019//4019 4//4
f 195//195 572//572 374//374
f 2448//2448 2939//2939 3999//3999
f 3962//3962 4020//4020 3586//3586
f 1151//1151 3347//3347 1152//1152
f 3237//3237 1770//1770 1867//1867
f 1017//1017 788//788 3618//3618
f 2339//2339 2721//2721 1651//1651
f 2333//2333 299//299 705//705
f 1506//1506 2226//2226 2947//2947
f 4021//4021 192//192 194//194
f 2658//2658 874//874 2990//2990
f 3583//3583 3610//3610 3530//3530
f 3491//3491 2717//2717 4022//4022
f 3153//3153 139//139 1376//1376
f 629//629 3406//3406 3674//3674
f 3181//3181 1982//1982 404//404
f 669//669 1638//1638 987//987
f 3651//3651 3402//3402 2236//2236
f 1290//1290 486//486 2906//2906
f 2525//2525 2014//2014 2500//2500
f 342//342 344//344 2014//2014
f 4023//4023 4024//4024 4025//4025
f 394//394 810//810 3190//3190
f 2829//2829 2294//2294 2293//2293
f 3445//3445 3749//3749 3714//3714
f 3569//3569 807//807 4026//4026
f 3569//3569 3062//3062 807//807
f 3062//3062 4027//4027 808//808
f 2556//2556 3759//3759 2057//2057
f 3759//3759 3869//3869 2057//2057
f 3839//3839 3869//3869 3759//3759
f 1952//1952 2227//2227 185//185
f 3860//3860 2271//2271 852//852
f 3657//3657 2305//2305 132//132
f 980//980 982//982 3395//3395
f 2529//2529 4028//4028 4029//4029
f 4030//4030 2653//2653 1583//1583
f 1071//1071 1073//1073 3107//3107
f 4031//4031 3745//3745 1926//1926
f 4031//4031 3823//3823 3745//3745
f 2534//2534 2975//2975 481//481
f 2572//2572 596//596 1826//1826
f 3747//3747 1407//1407 1765//1765
f 3316//3316 615//615 2142//2142
f 1409//1409 4032//4032 3283//3283
f 1181//1181 3711//3711 1041//1041
f 1181//1181 3895//3895 3711//3711
f 2090//2090 3097//3097 1050//1050
f 3451//3451 2370//2370 2063//2063
f 3295//3295 2080//2080 1259//1259
f 2904//2904 3079//3079 2266//2266
f 4033//4033 336//336 1516//1516
f 4033//4033 337//337 336//336
f 2640//2640 2639//2639 4034//4034
f 1848//1848 2462//2462 1849//1849
f 626//626 490//490 3058//3058
f 626//626 1541//1541 490//490
f 1847//1847 53//53 55//55
f 3967//3967 3540//3540 2638//2638
f 1804//1804 1806//1806 83//83
f 83//83 1806//1806 4035//4035
f 234//234 961//961 235//235
f 3608//3608 2945//2945 1910//1910
f 1901//1901 1900//1900 1910//1910
f 1910//1910 2945//2945 2491//2491
f 3858//3858 4036//4036 3163//3163
f 2327//2327 2046//2046 2565//2565
f 1768//1768 1366//1366 144//144
f 3122//3122 3923//3923 4037//4037
f 3122//3122 3121//3121 3923//3923
f 2179//2179 513//513 24//24
f 3844//3844 3997//3997 4038//4038
f 3407//3407 3409//3409 3405//3405
f 3408//3408 3442//3442 3409//3409
f 2070//2070 1689//1689 389//389
f 1574//1574 2025//2025 2128//2128
f 104//104 103//103 3630//3630
f 1796//1796 4039//4039 3151//3151
f 2826//2826 2184//2184 3018//3018
f 2088//2088 1143//1143 1738//1738
f 3718//3718 641//641 2685//2685
f 1419//1419 1418//1418 3674//3674
f 3025//3025 3988//3988 3883//3883
f 3411//3411 3003//3003 2594//2594
f 2311//2311 2022//2022 1287//1287
f 1389//1389 3490//3490 3073//3073
f 348//348 3256//3256 349//349
f 2132//2132 1460//1460 1814//1814
f 3028//3028 2350//2350 3029//3029
f 2919//2919 1225//1225 1458//1458
f 4040//4040 735//735 3585//3585
f 423//423 3143//3143 3781//3781
f 4041//4041 3324//3324 4018//4018
f 275//275 3131//3131 450//450
f 2922//2922 1730//1730 1729//1729
f 2922//2922 2921//2921 1730//1730
f 2892//2892 509//509 660//660
f 3297//3297 2861//2861 4042//4042
f 2385//2385 148//148 3241//3241
f 2385//2385 1312//1312 148//148
f 2743//2743 2670//2670 2669//2669
f 1343//1343 1171//1171 938//938
f 3432//3432 1560//1560 2725//2725
f 3227//3227 3519//3519 1824//1824
f 4043//4043 4044//4044 2632//2632
f 4045//4045 772//772 2575//2575
f 3106//3106 1410//1410 3266//3266
f 1206//1206 3472//3472 2515//2515
f 4046//4046 2205//2205 3412//3412
f 1991//1991 1349//1349 4047//4047
f 818//818 819//819 3046//3046
f 190//190 3509//3509 3951//3951
f 348//348 350//350 3965//3965
f 3793//3793 2147//2147 2149//2149
f 2891//2891 2893//2893 1920//1920
f 2938//2938 3787//3787 2544//2544
f 3508//3508 4048//4048 3580//3580
f 3508//3508 1262//1262 4048//4048
f 4049//4049 3991//3991 3097//3097
f 3177//3177 3554//3554 4050//4050
f 517//517 859//859 4051//4051
f 3134//3134 2423//2423 3135//3135
f 3376//3376 3541//3541 2925//2925
f 1464//1464 1450//1450 1465//1465
f 2363//2363 147//147 149//149
f 1584//1584 1069//1069 1475//1475
f 1584//1584 1583//1583 1069//1069
f 2657//2657 1009//1009 2428//2428
f 2657//2657 1010//1010 1009//1009
f 2494//2494 159//159 240//240
f 3877//3877 3513//3513 1657//1657
f 1437//1437 1436//1436 2157//2157
f 1403//1403 1270//1270 1272//1272
f 1380//1380 3632//3632 4052//4052
f 2946//2946 2226//2226 1970//1970
f 3152//3152 369//369 1055//1055
f 1604//1604 1397//1397 1605//1605
f 4053//4053 4054//4054 3027//3027
f 365//365 1037//1037 2137//2137
f 2280//2280 3424//3424 473//473
f 3957//3957 651//651 650//650
f 1304//1304 12//12 1547//1547
f 1320//1320 4055//4055 2705//2705
f 3262//3262 2429//2429 1581//1581
f 3681//3681 2864//2864 4056//4056
f 2605//2605 4057//4057 3030//3030
f 2646//2646 2645//2645 3518//3518
f 2248//2248 127//127 3011//3011
f 3425//3425 3977//3977 2005//2005
f 127//127 1335//1335 3264//3264
f 3826//3826 391//391 3068//3068
f 1883//1883 2966//2966 3460//3460
f 3460//3460 3459//3459 1094//1094
f 436//436 2526//2526 805//805
f 1415//1415 1396//1396 1395//1395
f 1286//1286 2907//2907 1284//1284
f 3995//3995 3329//3329 4058//4058
f 2449//2449 3788//3788 2450//2450
f 1615//1615 173//173 154//154
f 173//173 1615//1615 2607//2607
f 3829//3829 2438//2438 1566//1566
f 3986//3986 2127//2127 56//56
f 3793//3793 3020//3020 4059//4059
f 3835//3835 1980//1980 1233//1233
f 30//30 2961//2961 823//823
f 1280//1280 501//501 500//500
f 3536//3536 2566//2566 1979//1979
f 3584//3584 1756//1756 3799//3799
f 2348//2348 2536//2536 392//392
f 3811//3811 1721//1721 1723//1723
f 473//473 3950//3950 3856//3856
f 215//215 214//214 358//358
f 1004//1004 1442//1442 1701//1701
f 1004//1004 331//331 1442//1442
f 2087//2087 446//446 448//448
f 393//393 3055//3055 2084//2084
f 4054//4054 2240//2240 3026//3026
f 2825//2825 416//416 1903//1903
f 1812//1812 2663//2663 3690//3690
f 2292//2292 2295//2295 1203//1203
f 1445//1445 2021//2021 1443//1443
f 1497//1497 1033//1033 4060//4060
f 2368//2368 3668//3668 2168//2168
f 4061//4061 3696//3696 2007//2007
f 3561//3561 1830//1830 1783//1783
f 1575//1575 2134//2134 261//261
f 1195//1195 1194//1194 3563//3563
f 4062//4062 3633//3633 3716//3716
f 2714//2714 3198//3198 1162//1162
f 372//372 3849//3849 3848//3848
f 3630//3630 1940//1940 104//104
f 4024//4024 1507//1507 1506//1506
f 2074//2074 1736//1736 4063//4063
f 2074//2074 2587//2587 1736//1736
f 3809//3809 1907//1907 4064//4064
f 3809//3809 3943//3943 1907//1907
f 2326//2326 4065//4065 4066//4066
f 2862//2862 1291//1291 1290//1290
f 1865//1865 1864//1864 3410//3410
f 2500//2500 2499//2499 2589//2589
f 2238//2238 4053//4053 3911//3911
f 2581//2581 3448//3448 2784//2784
f 1904//1904 3556//3556 183//183
f 1522//1522 967//967 1007//1007
f 3937//3937 3526//3526 2520//2520
f 3925//3925 2659//2659 614//614
f 37//37 1063//1063 2022//2022
f 1918//1918 3558//3558 312//312
f 4067//4067 3709//3709 3708//3708
f 529//529 1564//1564 908//908
f 1620//1620 2252//2252 906//906
f 3711//3711 3923//3923 3807//3807
f 901//901 3243//3243 452//452
f 2599//2599 686//686 4068//4068
f 1085//1085 3438//3438 2065//2065
f 632//632 3246//3246 3154//3154
f 632//632 3863//3863 3246//3246
f 632//632 3154//3154 2980//2980
f 1314//1314 2555//2555 1755//1755
f 36//36 1965//1965 37//37
f 3791//3791 234//234 233//233
f 3358//3358 361//361 1497//1497
f 751//751 3939//3939 2533//2533
f 282//282 4069//4069 2831//2831
f 282//282 4070//4070 4069//4069
f 2842//2842 3663//3663 2325//2325
f 2335//2335 1878//1878 555//555
f 1879//1879 4071//4071 2456//2456
f 1601//1601 2808//2808 1146//1146
f 1601//1601 1600//1600 2808//2808
f 26//26 3132//3132 27//27
f 3335//3335 3334//3334 2742//2742
f 1351//1351 4072//4072 3666//3666
f 4073//4073 691//691 376//376
f 679//679 2104//2104 680//680
f 1992//1992 684//684 683//683
f 1992//1992 385//385 684//684
f 360//360 1641//1641 3914//3914
f 3612//3612 1655//1655 519//519
f 584//584 799//799 2228//2228
f 584//584 2974//2974 799//799
f 3336//3336 3619//3619 3337//3337
f 1439//1439 1802//1802 167//167
f 2586//2586 2393//2393 2837//2837
f 619//619 3544//3544 2586//2586
f 3001//3001 4074//4074 2999//2999
f 1216//1216 1215//1215 4075//4075
f 1452//1452 3114//3114 1453//1453
f 4076//4076 673//673 3635//3635
f 4076//4076 3114//3114 673//673
f 3620//3620 1454//1454 610//610
f 2564//2564 1090//1090 783//783
f 582//582 1476//1476 2828//2828
f 3260//3260 677//677 915//915
f 4077//4077 1712//1712 1711//1711
f 771//771 4070//4070 3837//3837
f 2827//2827 863//863 155//155
f 2996//2996 2562//2562 2561//2561
f 3457//3457 2452//2452 4078//4078
f 3731//3731 2822//2822 3958//3958
f 992//992 3352//3352 3824//3824
f 3783//3783 4079//4079 4080//4080
f 3783//3783 2773//2773 4079//4079
f 853//853 1035//1035 3955//3955
f 2279//2279 3755//3755 2231//2231
f 3035//3035 1006//1006 1423//1423
f 3035//3035 2656//2656 1006//1006
f 1049//1049 3994//3994 2948//2948
f 4000//4000 1800//1800 4081//4081
f 3451//3451 3494//3494 2026//2026
f 3451//3451 4082//4082 3494//3494
f 3832//3832 2171//2171 4083//4083
f 36//36 35//35 741//741
f 2310//2310 4084//4084 4043//4043
f 3158//3158 4085//4085 1051//1051
f 826//826 825//825 1793//1793
f 879//879 1272//1272 2398//2398
f 499//499 498//498 3161//3161
f 1568//1568 3879//3879 1669//1669
f 1320//1320 1319//1319 4055//4055
f 1319//1319 3606//3606 4055//4055
f 1052//1052 4086//4086 1042//1042
f 3521//3521 3569//3569 4026//4026
f 2838//2838 2840//2840 90//90
f 4026//4026 807//807 3183//3183
f 1893//1893 1895//1895 2896//2896
f 3636//3636 675//675 1021//1021
f 3225//3225 2967//2967 3226//3226
f 866//866 2470//2470 3463//3463
f 3475//3475 2245//2245 1115//1115
f 3820//3820 2495//2495 1989//1989
f 397//397 3468//3468 4087//4087
f 2274//2274 4003//4003 4088//4088
f 2501//2501 244//244 3242//3242
f 1526//1526 2794//2794 1657//1657
f 4089//4089 999//999 3973//3973
f 2790//2790 3924//3924 2028//2028
f 3064//3064 2669//2669 2950//2950
f 2044//2044 2043//2043 2387//2387
f 2159//2159 2158//2158 3524//3524
f 750//750 3614//3614 3615//3615
f 1165//1165 3224//3224 4090//4090
f 3261//3261 2725//2725 301//301
f 2576//2576 4091//4091 2575//2575
f 1541//1541 1540//1540 940//940
f 3857//3857 1996//1996 3907//3907
f 3265//3265 3267//3267 485//485
f 3760//3760 1225//1225 1222//1222
f 2170//2170 451//451 3130//3130
f 1783//1783 179//179 178//178
f 4092//4092 2401//2401 3323//3323
f 2365//2365 1752//1752 278//278
f 2365//2365 1023//1023 1752//1752
f 1705//1705 1704//1704 2520//2520
f 2839//2839 455//455 2509//2509
f 2839//2839 456//456 455//455
f 2835//2835 2156//2156 2040//2040
f 658//658 3468//3468 3875//3875
f 658//658 4087//4087 3468//3468
f 2196//2196 1010//1010 1422//1422
f 2305//2305 2797//2797 2306//2306
f 708//708 316//316 709//709
f 1763//1763 4093//4093 1283//1283
f 1763//1763 1762//1762 4093//4093
f 1364//1364 777//777 1896//1896
f 603//603 602//602 3416//3416
f 1707//1707 1261//1261 1260//1260
f 1707//1707 3416//3416 1261//1261
f 184//184 183//183 3556//3556
f 4094//4094 2817//2817 2151//2151
f 1967//1967 2975//2975 2533//2533
f 4095//4095 1331//1331 583//583
f 1286//1286 1285//1285 2724//2724
f 3513//3513 3876//3876 115//115
f 3876//3876 3413//3413 202//202
f 3114//3114 674//674 673//673
f 3114//3114 2684//2684 674//674
f 3357//3357 1497//1497 4060//4060
f 3855//3855 1558//1558 1559//1559
f 4096//4096 4097//4097 3786//3786
f 2055//2055 418//418 2105//2105
f 2131//2131 875//875 1125//1125
f 2131//2131 2130//2130 875//875
f 226//226 2251//2251 224//224
f 2231//2231 2233//2233 1157//1157
f 2373//2373 601//601 2806//2806
f 3543//3543 2270//2270 4098//4098
f 932//932 1499//1499 4099//4099
f 3279//3279 944//944 1297//1297
f 3286//3286 3842//3842 3285//3285
f 3286//3286 2098//2098 3842//3842
f 4100//4100 357//357 366//366
f 2487//2487 357//357 4100//4100
f 159//159 2494//2494 1311//1311
f 4101//4101 4102//4102 3207//3207
f 2007//2007 3696//3696 2008//2008
f 587//587 2760//2760 2000//2000
f 3198//3198 2485//2485 1162//1162
f 2541//2541 2985//2985 3346//3346
f 3400//3400 2596//2596 2595//2595
f 822//822 28//28 823//823
f 822//822 1635//1635 28//28
f 194//194 2010//2010 3806//3806
f 319//319 3444//3444 1038//1038
f 1353//1353 3185//3185 2706//2706
f 1353//1353 1352//1352 3185//3185
f 1243//1243 289//289 1325//1325
f 1243//1243 292//292 289//289
f 4103//4103 3377//3377 3902//3902
f 2482//2482 1600//1600 3377//3377
f 3052//3052 2489//2489 2488//2488
f 1559//1559 3828//3828 2976//2976
f 1559//1559 2121//2121 3828//3828
f 653//653 490//490 1559//1559
f 4104//4104 231//231 2337//2337
f 952//952 2421//2421 2145//2145
f 353//353 3529//3529 351//351
f 2915//2915 895//895 1113//1113
f 3796//3796 820//820 120//120
f 1352//1352 1354//1354 3903//3903
f 1677//1677 217//217 629//629
f 2876//2876 2875//2875 3453//3453
f 1513//1513 784//784 783//783
f 3779//3779 3587//3587 1734//1734
f 1416//1416 4105//4105 2542//2542
f 1474//1474 3792//3792 2845//2845
f 1474//1474 1473//1473 3792//3792
f 3872//3872 2779//2779 1716//1716
f 609//609 4106//4106 4107//4107
f 609//609 2745//2745 4106//4106
f 1409//1409 2679//2679 4032//4032
f 1465//1465 57//57 1466//1466
f 3853//3853 3852//3852 2483//2483
f 4108//4108 2563//2563 109//109
f 4108//4108 3551//3551 2563//2563
f 1548//1548 2730//2730 1816//1816
f 2089//2089 1740//1740 1315//1315
f 2613//2613 1727//1727 2848//2848
f 3629//3629 1381//1381 4052//4052
f 4052//4052 3631//3631 3075//3075
f 1014//1014 1899//1899 1015//1015
f 3405//3405 3443//3443 3406//3406
f 3801//3801 4109//4109 3242//3242
f 1255//1255 1254//1254 3729//3729
f 1609//1609 1697//1697 3613//3613
f 2313//2313 2312//2312 3256//3256
f 1539//1539 689//689 3490//3490
f 3379//3379 2814//2814 2816//2816
f 3049//3049 1744//1744 1039//1039
f 1373//1373 3495//3495 3690//3690
f 1850//1850 1852//1852 1149//1149
f 3812//3812 3204//3204 3148//3148
f 24//24 512//512 22//22
f 843//843 2092//2092 1699//1699
f 347//347 346//346 787//787
f 3835//3835 3834//3834 1980//1980
f 86//86 3642//3642 2451//2451
f 353//353 3171//3171 2773//2773
f 3454//3454 1229//1229 1228//1228
f 638//638 1713//1713 2216//2216
f 3607//3607 4110//4110 2953//2953
f 2976//2976 86//86 2082//2082
f 3385//3385 1736//1736 1735//1735
f 3791//3791 3785//3785 1993//1993
f 1904//1904 45//45 3556//3556
f 969//969 2671//2671 1603//1603
f 3174//3174 3948//3948 3088//3088
f 3524//3524 2079//2079 2159//2159
f 1170//1170 1168//1168 1167//1167
f 3050//3050 3710//3710 3170//3170
f 3050//3050 3049//3049 3710//3710
f 3942//3942 1764//1764 2762//2762
f 1672//1672 3685//3685 3434//3434
f 1672//1672 1859//1859 3685//3685
f 3992//3992 3991//3991 1813//1813
f 1292//1292 1773//1773 3705//3705
f 1427//1427 328//328 1428//1428
f 1427//1427 329//329 328//328
f 4034//4034 2639//2639 4111//4111
f 18//18 1202//1202 16//16
f 1553//1553 1552//1552 4112//4112
f 2859//2859 1375//1375 3872//3872
f 12//12 2375//2375 4113//4113
f 1760//1760 324//324 2701//2701
f 2902//2902 3497//3497 3403//3403
f 1166//1166 2452//2452 3457//3457
f 4114//4114 888//888 887//887
f 1933//1933 60//60 2424//2424
f 994//994 3111//3111 2125//2125
f 2124//2124 995//995 994//994
f 3916//3916 3302//3302 1399//1399
f 747//747 746//746 2867//2867
f 3498//3498 612//612 3496//3496
f 2107//2107 860//860 166//166
f 3851//3851 315//315 1675//1675
f 339//339 2400//2400 340//340
f 1843//1843 873//873 872//872
f 338//338 1594//1594 2268//2268
f 1742//1742 3743//3743 1126//1126
f 4100//4100 4115//4115 2487//2487
f 2520//2520 1704//1704 3936//3936
f 2774//2774 2776//2776 4116//4116
f 3841//3841 3201//3201 4090//4090
f 3841//3841 3840//3840 3201//3201
f 4041//4041 4018//4018 3694//3694
f 2051//2051 1502//1502 1501//1501
f 4117//4117 1606//1606 3531//3531
f 4117//4117 3488//3488 1606//1606
f 668//668 193//193 669//669
f 4118//4118 3012//3012 3011//3011
f 2389//2389 2541//2541 2542//2542
f 1525//1525 1524//1524 2535//2535
f 1523//1523 1370//1370 1524//1524
f 1523//1523 883//883 1370//1370
f 3835//3835 1233//1233 2783//2783
f 3600//3600 2507//2507 3229//3229
f 3725//3725 744//744 2723//2723
f 4034//4034 3639//3639 1492//1492
f 3818//3818 4119//4119 3878//3878
f 3915//3915 4119//4119 3891//3891
f 2295//2295 1204//1204 1203//1203
f 4120//4120 3802//3802 4121//4121
f 2736//2736 3195//3195 3802//3802
f 30//30 3628//3628 2961//2961
f 751//751 750//750 523//523
f 241//241 240//240 159//159
f 2789//2789 2771//2771 2952//2952
f 2789//2789 4038//4038 2771//2771
f 4122//4122 2487//2487 1084//1084
f 4122//4122 1084//1084 3099//3099
f 1536//1536 3618//3618 3165//3165
f 3618//3618 1536//1536 1281//1281
f 3697//3697 2932//2932 2798//2798
f 3697//3697 4036//4036 2932//2932
f 1554//1554 1553//1553 3599//3599
f 2398//2398 1916//1916 4123//4123
f 1289//1289 1288//1288 3307//3307
f 3483//3483 3774//3774 3776//3776
f 3700//3700 608//608 1056//1056
f 501//501 1781//1781 2300//2300
f 174//174 1595//1595 492//492
f 2681//2681 3012//3012 984//984
f 3176//3176 1301//1301 1300//1300
f 3196//3196 1999//1999 2820//2820
f 3196//3196 2995//2995 1999//1999
f 873//873 1843//1843 2467//2467
f 2605//2605 3220//3220 2603//2603
f 3029//3029 2644//2644 3220//3220
f 806//806 808//808 2110//2110
f 4124//4124 4125//4125 3763//3763
f 3413//3413 203//203 202//202
f 3413//3413 1530//1530 203//203
f 1805//1805 2988//2988 4126//4126
f 2525//2525 342//342 2014//2014
f 2525//2525 2526//2526 342//342
f 3909//3909 3751//3751 3180//3180
f 929//929 928//928 3587//3587
f 3938//3938 1149//1149 1148//1148
f 2334//2334 3790//3790 2116//2116
f 2334//2334 168//168 3790//3790
f 4127//4127 4128//4128 2547//2547
f 2988//2988 4129//4129 3949//3949
f 3888//3888 3887//3887 418//418
f 4130//4130 2521//2521 3306//3306
f 3241//3241 148//148 4131//4131
f 1612//1612 1213//1213 2260//2260
f 2553//2553 398//398 400//400
f 3895//3895 1181//1181 1719//1719
f 3142//3142 3927//3927 2651//2651
f 3142//3142 2031//2031 3927//3927
f 3508//3508 3580//3580 4132//4132
f 3344//3344 2632//2632 4044//4044
f 674//674 2684//2684 1219//1219
f 2799//2799 3156//3156 2986//2986
f 1722//1722 1721//1721 2458//2458
f 3002//3002 330//330 332//332
f 3002//3002 2735//2735 330//330
f 516//516 2382//2382 1266//1266
f 4126//4126 4080//4080 4079//4079
f 2283//2283 788//788 1019//1019
f 1915//1915 1382//1382 1381//1381
f 1915//1915 1914//1914 1382//1382
f 1959//1959 2749//2749 692//692
f 1959//1959 2573//2573 2749//2749
f 1261//1261 3295//3295 1259//1259
f 2633//2633 2222//2222 2631//2631
f 1173//1173 1175//1175 1306//1306
f 3671//3671 1263//1263 1262//1262
f 3830//3830 2199//2199 2438//2438
f 3704//3704 451//451 2169//2169
f 4069//4069 4133//4133 2830//2830
f 4089//4089 4134//4134 1193//1193
f 3565//3565 647//647 2824//2824
f 2493//2493 2490//2490 515//515
f 602//602 604//604 3816//3816
f 4062//4062 3075//3075 3631//3631
f 3565//3565 3205//3205 3206//3206
f 4098//4098 2271//2271 3235//3235
f 3827//3827 1392//1392 1324//1324
f 810//810 2085//2085 811//811
f 2085//2085 2316//2316 811//811
f 2399//2399 341//341 340//340
f 2399//2399 3660//3660 341//341
f 10//10 408//408 564//564
f 10//10 409//409 408//408
f 2173//2173 3681//3681 3550//3550
f 1176//1176 3803//3803 3768//3768
f 1242//1242 4008//4008 468//468
f 4135//4135 460//460 1047//1047
f 4136//4136 4137//4137 2940//2940
f 2409//2409 933//933 932//932
f 1539//1539 1317//1317 125//125
f 710//710 2319//2319 2324//2324
f 2531//2531 3905//3905 1444//1444
f 2531//2531 2530//2530 3905//3905
f 1870//1870 2637//2637 2636//2636
f 3101//3101 283//283 2831//2831
f 3473//3473 2096//2096 3132//3132
f 2033//2033 1948//1948 2333//2333
f 1948//1948 793//793 2333//2333
f 3300//3300 1251//1251 1530//1530
f 2786//2786 2784//2784 3448//3448
f 2786//2786 2785//2785 2784//2784
f 2784//2784 1011//1011 3972//3972
f 2579//2579 3972//3972 3929//3929
f 3676//3676 4138//4138 3363//3363
f 2538//2538 2570//2570 2211//2211
f 3381//3381 3378//3378 3983//3983
f 2401//2401 3481//3481 4139//4139
f 1869//1869 2968//2968 2967//2967
f 2401//2401 4140//4140 3480//3480
f 3947//3947 3948//3948 3174//3174
f 2613//2613 4141//4141 4142//4142
f 2613//2613 2848//2848 4141//4141
f 3213//3213 469//469 3792//3792
f 3213//3213 470//470 469//469
f 3511//3511 1356//1356 1648//1648
f 1797//1797 550//550 2598//2598
f 843//843 3166//3166 2743//2743
f 645//645 1871//1871 3485//3485
f 1380//1380 1382//1382 3501//3501
f 2251//2251 897//897 942//942
f 3319//3319 1890//1890 2315//2315
f 2120//2120 829//829 2119//2119
f 1225//1225 1794//1794 1223//1223
f 1225//1225 4143//4143 1794//1794
f 3031//3031 3362//3362 4144//4144
f 207//207 209//209 3098//3098
f 2693//2693 1514//1514 3464//3464
f 764//764 731//731 2138//2138
f 950//950 3489//3489 951//951
f 4145//4145 3589//3589 2021//2021
f 4145//4145 2757//2757 3589//3589
f 2528//2528 343//343 342//342
f 4146//4146 4133//4133 3566//3566
f 3944//3944 3976//3976 3425//3425
f 3976//3976 3944//3944 3940//3940
f 2846//2846 3061//3061 3340//3340
f 4147//4147 3456//3456 3823//3823
f 2488//2488 3168//3168 3052//3052
f 4148//4148 1399//1399 3744//3744
f 1463//1463 1695//1695 1461//1461
f 1463//1463 1696//1696 1695//1695
f 2747//2747 3007//3007 778//778
f 849//849 3178//3178 2054//2054
f 2391//2391 1726//1726 2392//2392
f 2391//2391 1727//1727 1726//1726
f 847//847 4149//4149 1383//1383
f 2696//2696 2695//2695 1913//1913
f 3936//3936 1706//1706 3450//3450
f 237//237 236//236 4111//4111
f 3472//3472 1498//1498 2516//2516
f 4040//4040 1851//1851 954//954
f 4040//4040 1852//1852 1851//1851
f 2693//2693 3464//3464 3356//3356
f 3991//3991 375//375 1813//1813
f 375//375 1241//1241 1813//1813
f 375//375 1746//1746 1241//1241
f 654//654 656//656 3239//3239
f 2260//2260 2702//2702 1613//1613
f 3793//3793 3221//3221 4150//4150
f 2432//2432 2431//2431 3115//3115
f 3676//3676 3678//3678 4138//4138
f 1014//1014 1016//1016 1703//1703
f 3607//3607 2953//2953 1319//1319
f 2817//2817 4094//4094 1472//1472
f 2414//2414 1892//1892 3337//3337
f 2838//2838 2584//2584 2839//2839
f 2707//2707 3871//3871 1939//1939
f 2707//2707 4060//4060 3871//3871
f 3490//3490 1389//1389 2697//2697
f 839//839 838//838 1699//1699
f 818//818 1937//1937 2237//2237
f 4151//4151 2165//2165 2164//2164
f 4152//4152 2778//2778 2777//2777
f 1419//1419 760//760 39//39
f 2768//2768 3278//3278 3620//3620
f 3100//3100 245//245 2683//2683
f 3100//3100 1621//1621 245//245
f 1621//1621 3100//3100 640//640
f 2387//2387 2386//2386 240//240
f 3430//3430 1027//1027 1026//1026
f 1722//1722 2458//2458 2460//2460
f 1691//1691 2467//2467 2465//2465
f 2467//2467 2466//2466 2465//2465
f 3662//3662 111//111 110//110
f 3198//3198 3779//3779 3197//3197
f 2636//2636 2635//2635 2993//2993
f 4029//4029 197//197 3350//3350
f 4153//4153 1627//1627 3980//3980
f 3996//3996 4038//4038 3997//3997
f 1225//1225 3044//3044 1458//1458
f 3334//3334 1137//1137 1136//1136
f 2773//2773 4126//4126 4079//4079
f 2922//2922 1729//1729 3707//3707
f 2833//2833 2346//2346 2347//2347
f 577//577 2712//2712 458//458
f 1688//1688 2087//2087 2981//2981
f 3836//3836 504//504 1404//1404
f 3954//3954 4041//4041 1820//1820
f 1296//1296 1959//1959 4077//4077
f 4077//4077 1959//1959 1958//1958
f 1565//1565 2406//2406 1564//1564
f 2662//2662 4154//4154 4155//4155
f 3282//3282 2471//2471 1766//1766
f 1838//1838 3668//3668 3005//3005
f 906//906 2252//2252 3510//3510
f 2529//2529 4029//4029 3350//3350
f 2395//2395 1883//1883 3682//3682
f 2138//2138 2552//2552 3902//3902
f 3451//3451 2062//2062 4082//4082
f 4156//4156 4051//4051 859//859
f 4156//4156 2190//2190 4051//4051
f 2973//2973 3053//3053 2262//2262
f 2759//2759 2726//2726 2094//2094
f 3535//3535 2357//2357 2359//2359
f 3535//3535 1091//1091 2357//2357
f 414//414 2597//2597 491//491
f 3974//3974 294//294 598//598
f 3505//3505 3810//3810 3702//3702
f 1516//1516 333//333 335//335
f 1516//1516 336//336 333//333
f 4000//4000 2055//2055 1798//1798
f 4157//4157 1443//1443 3589//3589
f 1121//1121 2314//2314 2086//2086
f 1493//1493 2686//2686 2611//2611
f 3960//3960 3203//3203 3723//3723
f 3960//3960 3959//3959 3203//3203
f 3203//3203 3204//3204 3724//3724
f 3379//3379 3382//3382 2814//2814
f 3802//3802 4158//4158 4121//4121
f 2793//2793 2149//2149 2148//2148
f 3400//3400 2595//2595 189//189
f 4028//4028 3394//3394 3773//3773
f 1486//1486 3078//3078 3401//3401
f 1759//1759 1212//1212 322//322
f 2313//2313 348//348 3067//3067
f 2313//2313 3256//3256 348//348
f 2811//2811 1531//1531 4159//4159
f 1156//1156 1841//1841 2662//2662
f 3818//3818 1510//1510 1509//1509
f 3419//3419 2382//2382 516//516
f 2243//2243 2015//2015 2437//2437
f 2418//2418 3315//3315 4160//4160
f 448//448 392//392 1122//1122
f 3334//3334 4161//4161 2742//2742
f 3364//3364 4159//4159 4162//4162
f 3601//3601 3935//3935 2506//2506
f 4115//4115 2488//2488 2487//2487
f 1265//1265 278//278 1266//1266
f 102//102 719//719 2140//2140
f 2855//2855 883//883 1694//1694
f 2938//2938 3578//3578 262//262
f 409//409 1304//1304 1303//1303
f 409//409 10//10 1304//1304
f 4138//4138 2812//2812 3363//3363
f 2243//2243 1230//1230 2015//2015
f 3502//3502 3211//3211 3481//3481
f 3211//3211 4101//4101 3481//3481
f 3028//3028 4163//4163 1925//1925
f 3028//3028 3039//3039 4163//4163
f 360//360 1496//1496 361//361
f 138//138 2380//2380 3202//3202
f 2091//2091 2090//2090 3322//3322
f 753//753 755//755 3834//3834
f 1775//1775 1511//1511 3605//3605
f 1802//1802 2223//2223 1460//1460
f 657//657 654//654 3899//3899
f 1385//1385 2897//2897 1895//1895
f 4164//4164 4165//4165 2348//2348
f 4164//4164 2048//2048 4165//4165
f 2348//2348 4165//4165 2834//2834
f 4165//4165 2923//2923 2834//2834
f 1429//1429 3811//3811 2612//2612
f 1429//1429 3812//3812 3811//3811
f 1512//1512 1141//1141 2627//2627
f 1890//1890 2813//2813 1891//1891
f 1890//1890 3319//3319 2813//2813
f 3466//3466 4166//4166 4167//4167
f 3466//3466 3465//3465 4166//4166
f 2243//2243 3414//3414 438//438
f 3289//3289 3674//3674 1418//1418
f 4019//4019 157//157 5//5
f 3892//3892 3403//3403 3045//3045
f 946//946 4168//4168 1971//1971
f 1671//1671 1670//1670 3797//3797
f 2559//2559 3920//3920 23//23
f 2254//2254 4169//4169 3510//3510
f 3555//3555 1592//1592 2796//2796
f 2202//2202 2865//2865 2203//2203
f 2865//2865 2401//2401 2203//2203
f 3923//3923 208//208 3807//3807
f 235//235 2105//2105 1676//1676
f 4007//4007 4046//4046 3412//3412
f 3805//3805 903//903 4021//4021
f 3805//3805 904//904 903//903
f 4152//4152 3399//3399 2778//2778
f 4152//4152 2596//2596 3399//3399
f 1073//1073 115//115 117//117
f 3906//3906 2530//2530 1250//1250
f 3906//3906 3905//3905 2530//2530
f 3292//3292 3766//3766 3293//3293
f 36//36 1067//1067 1965//1965
f 36//36 4005//4005 1067//1067
f 1066//1066 1064//1064 1063//1063
f 3385//3385 4063//4063 1736//1736
f 3490//3490 689//689 690//690
f 2329//2329 2328//2328 4170//4170
f 2990//2990 874//874 873//873
f 2049//2049 3700//3700 4053//4053
f 12//12 3262//3262 2375//2375
f 3101//3101 3722//3722 3102//3102
f 697//697 775//775 774//774
f 697//697 3109//3109 775//775
f 639//639 3919//3919 70//70
f 639//639 2377//2377 3919//3919
f 3310//3310 1236//1236 1235//1235
f 109//109 2563//2563 3087//3087
f 1036//1036 977//977 2137//2137
f 2583//2583 2378//2378 2898//2898
f 1158//1158 3346//3346 2985//2985
f 981//981 2083//2083 1192//1192
f 1083//1083 2964//2964 1640//1640
f 3149//3149 1062//1062 3375//3375
f 3149//3149 972//972 1062//1062
f 514//514 2627//2627 1141//1141
f 1929//1929 489//489 488//488
f 1929//1929 2017//2017 489//489
f 347//347 3472//3472 3326//3326
f 2420//2420 3938//3938 3347//3347
f 3551//3551 3832//3832 3343//3343
f 3343//3343 2563//2563 3551//3551
f 2438//2438 3691//3691 3414//3414
f 2438//2438 2199//2199 3691//3691
f 3840//3840 1870//1870 644//644
f 3632//3632 4171//4171 3945//3945
f 3372//3372 3945//3945 4171//4171
f 3152//3152 2405//2405 3250//3250
f 3152//3152 1753//1753 2405//2405
f 1912//1912 1238//1238 1237//1237
f 4172//4172 2872//2872 2871//2871
f 3033//3033 1198//1198 2402//2402
f 2310//2310 4006//4006 4162//4162
f 3506//3506 1737//1737 2917//2917
f 1027//1027 923//923 922//922
f 2339//2339 2340//2340 2721//2721
f 1143//1143 2088//2088 1144//1144
f 1514//1514 790//790 3843//3843
f 2626//2626 1570//1570 1569//1569
f 505//505 1571//1571 1570//1570
f 505//505 1132//1132 1571//1571
f 2502//2502 19//19 753//753
f 2502//2502 2504//2504 19//19
f 1512//1512 3680//3680 3679//3679
f 3803//3803 3769//3769 3768//3768
f 1013//1013 1012//1012 4173//4173
f 2042//2042 2289//2289 500//500
f 10//10 12//12 1304//1304
f 4165//4165 2047//2047 4174//4174
f 4165//4165 2048//2048 2047//2047
f 2754//2754 2753//2753 4175//4175
f 1444//1444 4176//4176 3370//3370
f 1444//1444 3905//3905 4176//4176
f 3436//3436 1875//1875 2540//2540
f 3994//3994 996//996 2949//2949
f 2593//2593 3736//3736 2594//2594
f 2593//2593 2949//2949 3736//3736
f 2948//2948 882//882 881//881
f 2231//2231 1157//1157 2230//2230
f 1125//1125 3865//3865 3428//3428
f 1125//1125 875//875 3865//3865
f 952//952 2145//2145 2641//2641
f 1767//1767 2470//2470 866//866
f 3365//3365 2301//2301 1922//1922
f 968//968 1981//1981 3321//3321
f 968//968 3321//3321 966//966
f 442//442 959//959 1861//1861
f 442//442 1860//1860 959//959
f 2848//2848 618//618 3982//3982
f 4177//4177 1931//1931 3505//3505
f 3603//3603 3602//3602 2078//2078
f 1593//1593 2342//2342 2344//2344
f 2866//2866 2202//2202 3866//3866
f 3199//3199 1949//1949 2033//2033
f 4178//4178 1950//1950 1733//1733
f 4178//4178 3686//3686 1950//1950
f 3128//3128 1080//1080 1519//1519
f 1519//1519 1080//1080 813//813
f 597//597 2572//2572 3908//3908
f 2570//2570 4179//4179 1502//1502
f 545//545 544//544 1231//1231
f 2544//2544 3787//3787 2545//2545
f 3500//3500 3125//3125 3825//3825
f 340//340 2400//2400 2399//2399
f 1526//1526 3703//3703 2794//2794
f 2343//2343 2617//2617 3862//3862
f 2978//2978 2343//2343 3862//3862
f 4180//4180 3614//3614 750//750
f 4180//4180 107//107 3614//3614
f 2415//2415 2040//2040 2039//2039
f 2415//2415 4181//4181 2040//2040
f 3678//3678 3570//3570 4138//4138
f 3678//3678 2766//2766 3570//3570
f 1324//1324 1322//1322 1325//1325
f 2025//2025 478//478 477//477
f 2025//2025 1574//1574 478//478
f 1696//1696 1503//1503 1880//1880
f 1696//1696 1504//1504 1503//1503
f 3090//3090 437//437 3091//3091
f 3090//3090 545//545 437//437
f 2892//2892 660//660 3274//3274
f 1244//1244 99//99 2261//2261
f 3765//3765 2665//2665 2604//2604
f 3765//3765 1235//1235 2665//2665
f 2604//2604 2665//2665 970//970
f 2604//2604 970//970 82//82
f 1316//1316 1315//1315 1972//1972
f 1842//1842 1730//1730 2751//2751
f 4182//4182 857//857 4183//4183
f 3163//3163 265//265 2971//2971
f 2889//2889 3777//3777 3538//3538
f 3777//3777 1150//1150 3538//3538
f 3557//3557 1082//1082 2832//2832
f 2770//2770 3604//3604 2952//2952
f 2770//2770 355//355 3604//3604
f 2511//2511 2941//2941 3239//3239
f 3487//3487 1408//1408 2257//2257
f 2084//2084 3054//3054 1192//1192
f 2084//2084 447//447 3054//3054
f 1192//1192 3054//3054 2242//2242
f 3162//3162 494//494 3160//3160
f 372//372 3848//3848 1790//1790
f 2295//2295 2294//2294 1204//1204
f 2897//2897 983//983 985//985
f 2358//2358 2564//2564 471//471
f 4054//4054 3026//3026 3027//3027
f 2436//2436 4184//4184 3545//3545
f 595//595 1560//1560 1562//1562
f 2979//2979 3298//3298 1661//1661
f 1620//1620 1564//1564 2406//2406
f 719//719 1309//1309 2374//2374
f 2297//2297 496//496 3759//3759
f 3716//3716 3945//3945 3373//3373
f 3000//3000 4185//4185 3001//3001
f 2376//2376 2898//2898 2378//2378
f 3982//3982 4141//4141 2848//2848
f 3982//3982 4142//4142 4141//4141
f 2228//2228 585//585 584//584
f 2228//2228 2229//2229 585//585
f 1327//1327 2758//2758 1678//1678
f 1353//1353 2507//2507 1354//1354
f 2467//2467 1842//1842 2468//2468
f 2467//2467 1843//1843 1842//1842
f 1024//1024 2098//2098 620//620
f 2139//2139 746//746 100//100
f 2005//2005 1076//1076 3425//3425
f 1971//1971 1563//1563 946//946
f 2801//2801 3156//3156 2799//2799
f 1657//1657 2794//2794 2609//2609
f 1657//1657 2609//2609 3877//3877
f 1015//1015 1899//1899 1365//1365
f 1219//1219 2780//2780 1374//1374
f 742//742 1045//1045 3391//3391
f 3039//3039 3028//3028 3981//3981
f 3140//3140 3139//3139 4183//4183
f 3429//3429 4186//4186 3979//3979
f 3429//3429 2585//2585 4186//4186
f 1969//1969 3404//3404 2876//2876
f 2560//2560 1283//1283 4093//4093
f 2559//2559 2560//2560 3245//3245
f 2427//2427 3560//3560 3035//3035
f 2695//2695 60//60 1935//1935
f 2482//2482 3377//3377 4103//4103
f 4033//4033 2972//2972 337//337
f 3092//3092 543//543 3090//3090
f 3092//3092 1877//1877 543//543
f 655//655 658//658 3875//3875
f 3199//3199 2033//2033 706//706
f 1070//1070 2829//2829 2828//2828
f 1070//1070 420//420 2829//2829
f 980//980 3395//3395 3474//3474
f 2073//2073 2782//2782 58//58
f 3913//3913 2517//2517 2518//2518
f 2993//2993 2301//2301 3365//3365
f 1925//1925 3417//3417 1926//1926
f 1136//1136 2755//2755 3941//3941
f 1407//1407 1345//1345 3253//3253
f 1407//1407 3747//3747 1345//1345
f 204//204 206//206 2720//2720
f 948//948 1919//1919 2311//2311
f 3104//3104 513//513 2179//2179
f 3783//3783 2192//2192 2773//2773
f 1750//1750 3885//3885 2911//2911
f 4187//4187 2920//2920 3707//3707
f 156//156 1485//1485 5//5
f 3033//3033 1664//1664 1198//1198
f 3434//3434 3685//3685 2800//2800
f 2338//2338 2877//2877 3031//3031
f 211//211 2039//2039 2810//2810
f 2809//2809 3654//3654 2601//2601
f 2809//2809 2810//2810 3654//3654
f 1408//1408 993//993 1409//1409
f 2679//2679 1409//1409 993//993
f 1595//1595 1107//1107 1109//1109
f 2661//2661 2660//2660 1124//1124
f 1533//1533 1532//1532 3474//3474
f 2232//2232 2647//2647 4188//4188
f 2440//2440 2675//2675 3095//3095
f 1924//1924 3745//3745 801//801
f 4189//4189 2127//2127 1586//1586
f 711//711 377//377 712//712
f 711//711 1185//1185 377//377
f 1982//1982 2426//2426 1981//1981
f 98//98 97//97 1774//1774
f 3950//3950 2677//2677 3856//3856
f 3950//3950 472//472 2677//2677
f 3539//3539 2460//2460 3767//3767
f 518//518 1550//1550 165//165
f 518//518 4190//4190 1550//1550
f 159//159 1311//1311 2206//2206
f 3150//3150 2206//2206 1311//1311
f 3150//3150 2207//2207 2206//2206
f 3490//3490 2697//2697 1539//1539
f 2352//2352 1044//1044 1043//1043
f 4064//4064 2468//2468 3809//3809
f 3172//3172 3984//3984 3173//3173
f 4160//4160 4191//4191 3753//3753
f 4160//4160 3308//3308 4191//4191
f 3574//3574 3089//3089 3948//3948
f 2532//2532 2534//2534 2209//2209
f 2364//2364 2868//2868 757//757
f 613//613 3498//3498 2058//2058
f 2329//2329 1542//1542 200//200
f 1467//1467 2510//2510 1468//1468
f 572//572 4029//4029 4097//4097
f 3014//3014 1315//1315 3015//3015
f 1689//1689 2070//2070 1693//1693
f 949//949 2311//2311 1287//1287
f 3553//3553 3104//3104 3266//3266
f 189//189 3634//3634 190//190
f 2940//2940 2942//2942 4136//4136
f 33//33 3174//3174 3332//3332
f 2242//2242 1692//1692 1906//1906
f 1906//1906 1692//1692 2465//2465
f 1830//1830 3561//3561 3606//3606
f 1979//1979 754//754 3536//3536
f 3890//3890 4032//4032 2679//2679
f 3134//3134 3133//3133 3503//3503
f 3350//3350 256//256 3670//3670
f 3350//3350 254//254 256//256
f 3522//3522 1494//1494 1493//1493
f 3522//3522 361//361 1494//1494
f 1588//1588 2404//2404 3048//3048
f 1588//1588 3613//3613 2404//2404
f 12//12 69//69 1547//1547
f 12//12 4113//4113 69//69
f 2635//2635 852//852 2993//2993
f 1828//1828 3439//3439 3352//3352
f 2073//2073 57//57 1465//1465
f 3200//3200 3328//3328 3201//3201
f 3200//3200 706//706 3328//3328
f 24//24 23//23 2180//2180
f 2180//2180 3646//3646 3644//3644
f 3769//3769 3709//3709 4192//4192
f 3677//3677 3676//3676 4193//4193
f 1773//1773 3124//3124 1771//1771
f 1219//1219 1374//1374 1020//1020
f 33//33 3764//3764 31//31
f 2267//2267 3906//3906 2539//2539
f 919//919 3419//3419 4194//4194
f 1017//1017 1281//1281 3754//3754
f 1017//1017 3618//3618 1281//1281
f 1351//1351 4047//4047 1349//1349
f 2064//2064 434//434 2710//2710
f 1734//1734 3588//3588 1135//1135
f 3544//3544 616//616 1727//1727
f 1440//1440 557//557 925//925
f 1063//1063 1065//1065 2022//2022
f 80//80 2903//2903 81//81
f 1961//1961 648//648 647//647
f 328//328 2956//2956 1428//1428
f 834//834 1846//1846 2762//2762
f 2776//2776 297//297 1927//1927
f 794//794 3926//3926 795//795
f 3955//3955 4041//4041 3954//3954
f 2244//2244 3247//3247 1117//1117
f 3246//3246 3247//3247 812//812
f 948//948 3392//3392 2803//2803
f 948//948 947//947 3392//3392
f 1532//1532 2317//2317 3474//3474
f 1532//1532 2315//2315 2317//2317
f 2573//2573 523//523 3257//3257
f 573//573 1639//1639 4195//4195
f 302//302 466//466 2889//2889
f 2889//2889 466//466 468//468
f 2547//2547 4128//4128 3301//3301
f 4196//4196 2480//2480 2482//2482
f 3481//3481 3480//3480 3502//3502
f 2237//2237 1939//1939 2240//2240
f 4197//4197 704//704 3908//3908
f 856//856 4139//4139 3207//3207
f 4127//4127 1670//1670 1669//1669
f 1301//1301 3639//3639 1299//1299
f 1301//1301 3175//3175 3639//3639
f 1299//1299 3639//3639 3968//3968
f 3592//3592 1435//1435 846//846
f 4149//4149 847//847 1435//1435
f 3865//3865 3426//3426 3428//3428
f 1096//1096 1101//1101 2651//2651
f 1096//1096 1099//1099 1101//1101
f 324//324 323//323 135//135
f 615//615 1342//1342 2142//2142
f 2872//2872 4172//4172 358//358
f 358//358 1334//1334 1336//1336
f 358//358 4172//4172 1334//1334
f 3973//3973 999//999 3794//3794
f 3064//3064 4198//4198 1291//1291
f 3064//3064 3063//3063 4198//4198
f 3285//3285 75//75 74//74
f 3285//3285 3842//3842 75//75
f 2289//2289 3572//3572 2290//2290
f 3317//3317 1436//1436 1635//1635
f 1213//1213 1212//1212 1759//1759
f 2113//2113 3894//3894 2111//2111
f 2533//2533 752//752 751//751
f 1911//1911 3516//3516 3181//3181
f 3236//3236 1764//1764 1763//1763
f 3640//3640 3850//3850 3849//3849
f 3397//3397 3850//3850 3971//3971
f 3850//3850 3640//3640 3971//3971
f 730//730 1922//1922 2301//2301
f 730//730 729//729 1922//1922
f 1265//1265 1267//1267 2366//2366
f 3143//3143 423//423 3144//3144
f 2905//2905 356//356 2770//2770
f 2905//2905 2770//2770 2772//2772
f 4198//4198 4050//4050 486//486
f 796//796 795//795 2666//2666
f 4076//4076 307//307 1453//1453
f 3443//3443 1521//1521 1419//1419
f 3778//3778 3528//3528 3269//3269
f 4128//4128 4127//4127 1669//1669
f 263//263 3578//3578 4128//4128
f 2243//2243 2437//2437 3414//3414
f 3462//3462 2971//2971 2970//2970
f 3407//3407 4199//4199 3409//3409
f 672//672 671//671 3463//3463
f 4091//4091 3463//3463 671//671
f 4091//4091 2576//2576 3463//3463
f 2851//2851 3902//3902 3377//3377
f 21//21 2926//2926 3043//3043
f 21//21 20//20 2926//2926
f 188//188 3043//3043 2926//2926
f 188//188 2837//2837 3043//3043
f 2424//2424 365//365 2137//2137
f 2572//2572 3353//3353 4197//4197
f 1628//1628 1546//1546 1545//1545
f 1628//1628 2700//2700 1546//1546
f 1915//1915 4123//4123 1916//1916
f 879//879 4123//4123 3537//3537
f 739//739 2883//2883 740//740
f 1612//1612 594//594 593//593
f 2612//2612 1785//1785 1427//1427
f 896//896 1427//1427 1785//1785
f 4200//4200 3305//3305 3437//3437
f 4200//4200 3437//3437 2420//2420
f 1850//1850 2420//2420 2419//2419
f 4201//4201 2496//2496 2561//2561
f 4201//4201 2677//2677 2496//2496
f 4202//4202 3636//3636 3466//3466
f 4202//4202 3635//3635 3636//3636
f 4203//4203 2805//2805 4110//4110
f 4203//4203 2569//2569 2805//2805
f 2569//2569 2568//2568 2805//2805
f 1574//1574 1576//1576 3874//3874
f 2439//2439 1886//1886 3533//3533
f 658//658 2478//2478 3113//3113
f 3237//3237 3613//3613 1588//1588
f 3237//3237 1867//1867 3613//3613
f 2651//2651 1097//1097 1096//1096
f 2651//2651 3927//3927 1097//1097
f 3069//3069 4129//4129 1804//1804
f 2081//2081 528//528 530//530
f 2542//2542 211//211 2389//2389
f 3069//3069 3683//3683 892//892
f 666//666 665//665 2869//2869
f 3980//3980 1627//1627 1626//1626
f 343//343 3925//3925 614//614
f 4144//4144 2299//2299 2337//2337
f 3921//3921 3615//3615 106//106
f 2049//2049 1836//1836 1835//1835
f 2049//2049 3446//3446 1836//1836
f 3048//3048 79//79 1588//1588
f 2355//2355 3535//3535 2359//2359
f 2930//2930 3558//3558 2909//2909
f 2930//2930 311//311 3558//3558
f 2883//2883 739//739 2997//2997
f 2945//2945 3608//3608 3609//3609
f 1743//1743 1744//1744 4045//4045
f 1744//1744 772//772 4045//4045
f 2565//2565 1233//1233 1980//1980
f 958//958 4204//4204 1154//1154
f 958//958 976//976 4204//4204
f 2658//2658 391//391 874//874
f 3567//3567 3424//3424 2280//2280
f 2766//2766 3678//3678 3677//3677
f 3730//3730 275//275 3733//3733
f 3385//3385 2075//2075 4063//4063
f 4063//4063 2075//2075 2074//2074
f 2899//2899 3825//3825 3125//3125
f 4036//4036 1054//1054 3163//3163
f 931//931 933//933 3187//3187
f 2088//2088 2697//2697 1144//1144
f 2088//2088 1317//1317 2697//2697
f 1388//1388 1144//1144 2697//2697
f 1388//1388 1808//1808 1144//1144
f 1585//1585 2980//2980 4205//4205
f 39//39 759//759 40//40
f 670//670 778//778 1647//1647
f 670//670 779//779 778//778
f 1647//1647 1355//1355 670//670
f 3564//3564 4059//4059 3218//3218
f 3187//3187 2112//2112 3712//3712
f 3187//3187 933//933 2112//2112
f 2059//2059 3469//3469 613//613
f 3795//3795 3990//3990 4206//4206
f 3795//3795 688//688 3990//3990
f 2947//2947 3963//3963 4025//4025
f 896//896 327//327 329//329
f 896//896 898//898 327//327
f 898//898 2069//2069 327//327
f 2649//2649 4207//4207 32//32
f 3964//3964 3624//3624 2641//2641
f 3641//3641 4195//4195 3720//3720
f 4208//4208 2067//2067 2406//2406
f 1118//1118 4149//4149 1435//1435
f 1118//1118 2880//2880 4149//4149
f 4209//4209 2492//2492 4016//4016
f 1586//1586 4030//4030 1583//1583
f 1586//1586 2127//2127 4030//4030
f 3362//3362 4210//4210 3854//3854
f 3854//3854 2486//2486 4013//4013
f 4187//4187 1127//1127 260//260
f 166//166 1551//1551 2110//2110
f 166//166 165//165 1551//1551
f 2997//2997 738//738 737//737
f 2997//2997 3703//3703 738//738
f 3009//3009 3992//3992 3008//3008
f 1449//1449 2073//2073 1465//1465
f 1866//1866 762//762 3958//3958
f 1870//1870 3841//3841 3223//3223
f 1577//1577 1580//1580 1578//1578
f 249//249 248//248 4211//4211
f 4057//4057 4211//4211 2715//2715
f 1811//1811 1810//1810 702//702
f 2964//2964 2963//2963 3291//3291
f 1235//1235 2644//2644 3129//3129
f 2871//2871 4134//4134 4212//4212
f 3767//3767 2460//2460 2459//2459
f 3385//3385 3386//3386 1086//1086
f 3204//3204 1429//1429 3724//3724
f 1105//1105 2370//2370 77//77
f 1105//1105 876//876 2370//2370
f 1849//1849 2462//2462 2153//2153
f 2935//2935 99//99 3514//3514
f 2935//2935 2937//2937 99//99
f 1230//1230 768//768 767//767
f 4070//4070 4133//4133 4069//4069
f 3792//3792 469//469 1590//1590
f 469//469 371//371 1590//1590
f 353//353 3172//3172 3171//3171
f 640//640 642//642 1622//1622
f 3993//3993 956//956 1210//1210
f 3993//3993 957//957 956//956
f 1968//1968 3978//3978 3329//3329
f 1968//1968 3896//3896 3978//3978
f 3896//3896 3396//3396 1177//1177
f 557//557 926//926 925//925
f 2178//2178 3116//3116 2431//2431
f 3821//3821 121//121 123//123
f 2938//2938 2939//2939 2450//2450
f 4213//4213 3493//3493 3735//3735
f 4117//4117 1158//1158 1157//1157
f 4155//4155 230//230 232//232
f 1950//1950 791//791 1948//1948
f 1324//1324 1323//1323 2846//2846
f 2725//2725 1755//1755 301//301
f 375//375 3024//3024 1746//1746
f 4202//4202 307//307 3635//3635
f 307//307 4076//4076 3635//3635
f 402//402 1580//1580 403//403
f 557//557 556//556 3679//3679
f 3075//3075 3629//3629 4052//4052
f 1817//1817 49//49 48//48
f 1931//1931 4177//4177 363//363
f 1743//1743 3687//3687 3354//3354
f 1743//1743 4045//4045 3687//3687
f 2060//2060 2061//2061 1860//1860
f 3056//3056 1659//1659 1874//1874
f 2438//2438 2015//2015 3591//3591
f 3706//3706 3106//3106 3105//3105
f 4214//4214 4215//4215 3057//3057
f 199//199 2628//2628 1234//1234
f 4047//4047 1617//1617 439//439
f 4047//4047 1351//1351 1617//1617
f 3862//3862 2617//2617 2618//2618
f 2177//2177 497//497 1406//1406
f 2177//2177 1197//1197 497//497
f 3144//3144 1679//1679 63//63
f 3099//3099 3386//3386 4132//4132
f 31//31 3764//3764 3478//3478
f 2973//2973 2592//2592 2591//2591
f 2442//2442 2688//2688 3709//3709
f 770//770 3566//3566 771//771
f 773//773 3728//3728 1360//1360
f 773//773 2601//2601 3728//3728
f 3227//3227 2439//2439 3533//3533
f 2367//2367 1098//1098 776//776
f 3521//3521 1153//1153 1154//1154
f 1908//1908 1141//1141 1140//1140
f 1324//1324 3339//3339 3827//3827
f 1324//1324 2846//2846 3339//3339
f 2150//2150 2151//2151 2540//2540
f 3383//3383 3124//3124 3123//3123
f 4216//4216 2860//2860 1329//1329
f 4217//4217 2341//2341 2860//2860
f 652//652 651//651 2675//2675
f 989//989 3099//3099 3562//3562
f 2981//2981 389//389 1689//1689
f 2846//2846 3340//3340 3339//3339
f 1342//1342 1341//1341 3315//3315
f 1535//1535 429//429 3304//3304
f 429//429 3449//3449 1481//1481
f 1030//1030 1886//1886 1028//1028
f 533//533 1456//1456 3135//3135
f 4179//4179 1500//1500 1502//1502
f 2765//2765 3547//3547 2195//2195
f 2765//2765 2512//2512 2002//2002
f 3843//3843 790//790 3276//3276
f 3517//3517 2294//2294 2829//2829
f 2951//2951 2668//2668 3040//3040
f 978//978 977//977 1923//1923
f 2924//2924 766//766 765//765
f 2924//2924 2136//2136 766//766
f 1333//1333 3894//3894 798//798
f 3891//3891 2154//2154 2463//2463
f 2254//2254 14//14 4169//4169
f 4003//4003 4002//4002 4116//4116
f 1916//1916 2398//2398 2400//2400
f 2253//2253 2252//2252 2067//2067
f 3602//3602 3293//3293 3766//3766
f 1872//1872 3993//3993 1209//1209
f 4218//4218 1365//1365 2600//2600
f 1673//1673 1672//1672 3268//3268
f 511//511 510//510 1966//1966
f 985//985 984//984 3012//3012
f 1501//1501 1500//1500 2404//2404
f 1387//1387 547//547 546//546
f 76//76 4219//4219 326//326
f 3561//3561 4220//4220 3606//3606
f 2627//2627 514//514 277//277
f 4137//4137 3673//3673 3985//3985
f 3172//3172 3325//3325 3984//3984
f 656//656 1643//1643 1469//1469
f 2483//2483 3422//3422 4221//4221
f 4222//4222 1634//1634 1633//1633
f 2998//2998 2215//2215 2213//2213
f 2982//2982 1207//1207 1772//1772
f 1741//1741 1126//1126 2570//2570
f 1483//1483 1482//1482 3188//3188
f 1394//1394 3032//3032 1322//1322
f 1394//1394 2731//2731 3032//3032
f 2364//2364 1823//1823 17//17
f 1776//1776 4115//4115 1777//1777
f 1776//1776 4223//4223 4115//4115
f 375//375 4049//4049 376//376
f 3053//3053 789//789 4224//4224
f 1470//1470 1989//1989 2495//2495
f 1968//1968 2741//2741 3396//3396
f 712//712 377//377 691//691
f 4166//4166 236//236 4167//4167
f 1494//1494 3358//3358 3186//3186
f 3358//3358 3185//3185 3186//3186
f 3358//3358 3357//3357 3185//3185
f 2684//2684 2683//2683 1219//1219
f 2837//2837 188//188 187//187
f 3900//3900 3985//3985 4225//4225
f 3930//3930 3900//3900 4225//4225
f 1958//1958 1710//1710 1712//1712
f 1958//1958 1732//1732 1710//1710
f 3689//3689 3431//3431 2118//2118
f 3482//3482 2166//2166 562//562
f 1182//1182 3354//3354 2340//2340
f 2124//2124 2126//2126 3915//3915
f 4170//4170 3897//3897 1544//1544
f 275//275 274//274 3131//3131
f 2296//2296 1678//1678 2758//2758
f 3844//3844 3998//3998 3997//3997
f 105//105 1997//1997 3836//3836
f 1410//1410 3650//3650 3266//3266
f 2539//2539 3906//3906 133//133
f 2130//2130 2660//2660 2129//2129
f 2863//2863 4206//4206 2864//2864
f 1767//1767 866//866 868//868
f 2503//2503 2155//2155 2504//2504
f 3261//3261 301//301 300//300
f 3252//3252 3251//3251 3433//3433
f 1335//1335 367//367 1336//1336
f 3819//3819 1607//1607 2996//2996
f 1090//1090 94//94 1513//1513
f 4101//4101 3928//3928 4102//4102
f 2293//2293 2827//2827 2829//2829
f 2293//2293 863//863 2827//2827
f 1646//1646 895//895 2459//2459
f 3547//3547 1642//1642 3112//3112
f 1641//1641 3112//3112 1642//1642
f 1683//1683 3652//3652 1684//1684
f 1675//1675 2102//2102 2103//2103
f 73//73 72//72 3892//3892
f 3962//3962 3586//3586 3963//3963
f 2326//2326 1550//1550 4190//4190
f 2410//2410 372//372 1790//1790
f 2917//2917 2916//2916 3671//3671
f 3455//3455 119//119 3147//3147
f 3515//3515 3514//3514 1245//1245
f 3514//3514 99//99 1245//1245
f 3735//3735 3492//3492 3572//3572
f 1350//1350 3311//3311 4072//4072
f 3282//3282 3284//3284 2732//2732
f 646//646 142//142 3103//3103
f 646//646 1613//1613 142//142
f 3141//3141 1372//1372 3598//3598
f 3224//3224 3223//3223 4090//4090
f 1061//1061 2859//2859 3872//3872
f 1061//1061 1060//1060 2859//2859
f 3534//3534 2360//2360 1091//1091
f 3534//3534 2355//2355 2360//2360
f 4175//4175 3323//3323 2865//2865
f 4175//4175 4092//4092 3323//3323
f 2221//2221 3734//3734 2218//2218
f 887//887 419//419 4114//4114
f 3125//3125 3500//3500 1379//1379
f 888//888 3489//3489 886//886
f 888//888 1448//1448 3489//3489
f 1561//1561 2123//2123 1562//1562
f 1561//1561 3910//3910 2123//2123
f 1183//1183 521//521 520//520
f 3218//3218 4059//4059 3020//3020
f 1576//1576 3248//3248 4226//4226
f 3599//3599 3733//3733 275//275
f 2435//2435 4184//4184 2436//2436
f 2435//2435 2509//2509 4184//4184
f 82//82 713//713 2275//2275
f 1892//1892 1891//1891 3337//3337
f 3029//3029 2349//2349 2644//2644
f 3091//3091 1943//1943 1942//1942
f 2183//2183 3018//3018 2184//2184
f 1860//1860 2061//2061 959//959
f 2307//2307 2931//2931 1953//1953
f 1577//1577 2583//2583 1580//1580
f 1184//1184 3612//3612 287//287
f 3612//3612 1184//1184 1655//1655
f 4227//4227 178//178 3946//3946
f 4227//4227 4220//4220 178//178
f 916//916 3420//3420 3419//3419
f 645//645 3485//3485 643//643
f 4062//4062 230//230 4154//4154
f 465//465 2302//2302 462//462
f 465//465 3258//3258 2302//2302
f 3720//3720 1597//1597 1599//1599
f 672//672 2470//2470 2469//2469
f 4143//4143 2957//2957 1794//1794
f 2350//2350 3028//3028 1925//1925
f 3007//3007 3739//3739 3192//3192
f 3987//3987 2035//2035 421//421
f 3987//3987 2781//2781 2035//2035
f 1167//1167 1414//1414 828//828
f 1167//1167 4228//4228 1414//1414
f 1042//1042 4086//4086 1446//1446
f 2170//2170 3383//3383 2169//2169
f 3979//3979 3306//3306 3307//3307
f 1896//1896 779//779 2469//2469
f 4229//4229 1528//1528 495//495
f 2283//2283 3515//3515 4224//4224
f 3800//3800 4230//4230 4231//4231
f 1996//1996 426//426 580//580
f 3347//3347 3675//3675 4232//4232
f 2231//2231 3590//3590 2279//2279
f 1995//1995 2737//2737 4044//4044
f 4200//4200 4232//4232 3305//3305
f 1257//1257 4082//4082 3145//3145
f 1257//1257 1256//1256 4082//4082
f 2514//2514 3760//3760 3072//3072
f 2912//2912 3108//3108 3718//3718
f 784//784 1754//1754 785//785
f 2821//2821 2101//2101 143//143
f 4051//4051 1936//1936 517//517
f 4051//4051 4065//4065 1936//1936
f 3516//3516 1911//1911 1913//1913
f 3161//3161 14//14 3162//3162
f 2598//2598 550//550 549//549
f 874//874 3117//3117 872//872
f 4119//4119 3915//3915 3776//3776
f 4013//4013 2486//2486 2249//2249
f 551//551 550//550 1796//1796
f 4192//4192 3770//3770 3769//3769
f 3679//3679 2518//2518 1139//1139
f 3862//3862 3623//3623 3861//3861
f 2753//2753 3374//3374 4175//4175
f 1562//1562 2123//2123 595//595
f 1937//1937 2236//2236 1938//1938
f 1937//1937 3651//3651 2236//2236
f 2018//2018 2017//2017 1928//1928
f 1252//1252 3300//3300 2608//2608
f 2193//2193 2192//2192 1673//1673
f 2079//2079 1259//1259 2080//2080
f 2079//2079 3524//3524 1259//1259
f 2244//2244 2977//2977 813//813
f 2127//2127 4189//4189 1585//1585
f 2502//2502 3834//3834 2505//2505
f 2502//2502 753//753 3834//3834
f 1962//1962 1961//1961 428//428
f 3887//3887 2607//2607 2606//2606
f 3332//3332 3174//3174 3088//3088
f 819//819 73//73 3046//3046
f 2824//2824 3491//3491 4022//4022
f 2824//2824 649//649 3491//3491
f 1684//1684 3652//3652 1505//1505
f 1867//1867 290//290 292//292
f 3918//3918 140//140 707//707
f 3291//3291 2891//2891 4233//4233
f 138//138 140//140 4234//4234
f 1233//1233 1332//1332 2783//2783
f 478//478 2672//2672 479//479
f 3921//3921 3625//3625 962//962
f 2036//2036 2166//2166 3482//3482
f 3013//3013 3455//3455 123//123
f 3013//3013 2854//2854 3455//3455
f 2381//2381 4204//4204 1611//1611
f 2381//2381 3420//3420 4204//4204
f 1611//1611 4204//4204 976//976
f 3070//3070 1611//1611 976//976
f 3553//3553 3265//3265 3554//3554
f 2764//2764 2194//2194 3288//3288
f 362//362 2195//2195 3112//3112
f 4056//4056 4206//4206 3021//3021
f 548//548 3602//3602 3766//3766
f 3477//3477 1714//1714 3478//3478
f 1008//1008 1518//1518 1009//1009
f 1008//1008 2197//2197 1518//1518
f 3720//3720 4195//4195 1640//1640
f 3741//3741 3949//3949 3742//3742
f 1214//1214 3811//3811 1723//1723
f 4116//4116 4088//4088 4003//4003
f 4116//4116 4235//4235 4088//4088
f 4133//4133 4070//4070 771//771
f 4081//4081 3888//3888 418//418
f 2425//2425 2426//2426 3516//3516
f 109//109 3087//3087 110//110
f 2068//2068 993//993 3726//3726
f 2068//2068 994//994 993//993
f 3320//3320 2924//2924 765//765
f 2832//2832 1639//1639 4096//4096
f 2832//2832 1081//1081 1639//1639
f 1410//1410 1211//1211 3649//3649
f 900//900 1216//1216 4075//4075
f 2023//2023 1918//1918 312//312
f 3020//3020 2149//2149 3637//3637
f 3775//3775 3309//3309 507//507
f 3758//3758 2061//2061 198//198
f 3758//3758 3070//3070 2061//2061
f 1956//1956 1254//1254 1253//1253
f 3624//3624 3964//3964 733//733
f 3436//3436 2818//2818 3435//3435
f 3436//3436 2540//2540 2818//2818
f 1869//1869 3004//3004 2968//2968
f 604//604 603//603 1709//1709
f 32//32 31//31 1715//1715
f 3459//3459 3789//3789 1095//1095
f 2757//2757 64//64 2296//2296
f 2757//2757 4145//4145 64//64
f 3795//3795 4206//4206 820//820
f 1522//1522 968//968 967//967
f 2917//2917 1737//1737 2461//2461
f 3943//3943 1905//1905 1907//1907
f 848//848 746//746 2139//2139
f 3701//3701 282//282 284//284
f 3701//3701 4070//4070 282//282
f 3312//3312 3314//3314 2927//2927
f 3230//3230 3229//3229 2507//2507
f 2179//2179 2178//2178 3105//3105
f 658//658 3113//3113 4087//4087
f 361//361 3358//3358 1494//1494
f 3585//3585 735//735 3380//3380
f 2347//2347 2346//2346 1123//1123
f 4121//4121 4158//4158 3484//3484
f 4158//4158 3194//3194 3484//3484
f 799//799 3729//3729 444//444
f 4211//4211 3751//3751 3737//3737
f 638//638 2216//2216 1062//1062
f 3272//3272 1549//1549 4081//4081
f 3754//3754 3450//3450 1706//1706
f 3754//3754 1481//1481 3450//3450
f 1449//1449 1465//1465 1450//1450
f 1307//1307 1309//1309 1687//1687
f 1661//1661 3935//3935 1660//1660
f 3935//3935 3903//3903 2506//2506
f 3453//3453 3331//3331 3333//3333
f 2670//2670 2743//2743 3166//3166
f 3956//3956 1921//1921 3275//3275
f 3956//3956 3932//3932 1921//1921
f 3077//3077 3078//3078 1928//1928
f 3077//3077 3401//3401 3078//3078
f 4157//4157 3394//3394 1443//1443
f 3458//3458 992//992 3456//3456
f 1031//1031 3387//3387 1032//1032
f 3387//3387 4236//4236 1032//1032
f 4237//4237 2332//2332 1252//1252
f 624//624 623//623 628//628
f 3633//3633 4062//4062 3631//3631
f 1777//1777 2215//2215 2998//2998
f 1780//1780 380//380 152//152
f 1780//1780 378//378 380//380
f 2689//2689 4238//4238 3543//3543
f 2969//2969 2443//2443 3519//3519
f 336//336 338//338 333//333
f 3178//3178 3822//3822 3815//3815
f 563//563 98//98 3605//3605
f 563//563 337//337 98//98
f 3617//3617 515//515 2108//2108
f 3617//3617 516//516 515//515
f 1137//1137 3334//3334 3333//3333
f 4001//4001 2067//2067 4208//4208
f 394//394 4239//4239 392//392
f 3422//3422 2483//2483 3423//3423
f 1769//1769 1367//1367 913//913
f 1769//1769 1368//1368 1367//1367
f 2013//2013 2499//2499 2014//2014
f 3541//3541 2113//2113 4240//4240
f 4241//4241 3781//3781 717//717
f 424//424 3781//3781 4242//4242
f 4243//4243 4241//4241 2175//2175
f 4242//4242 4241//4241 4243//4243
f 4242//4242 3781//3781 4241//4241
f 2652//2652 1511//1511 1775//1775
f 2656//2656 1007//1007 1006//1006
f 3970//3970 3889//3889 320//320
f 951//951 3583//3583 1229//1229
f 3372//3372 4244//4244 3374//3374
f 4244//4244 4140//4140 4092//4092
f 4140//4140 2401//2401 4092//4092
f 3898//3898 4145//4145 2020//2020
f 4145//4145 2021//2021 2020//2020
f 3205//3205 3738//3738 3909//3909
f 3738//3738 3737//3737 3909//3909
f 3628//3628 835//835 2961//2961
f 1098//1098 1099//1099 1096//1096
f 1136//1136 3941//3941 4161//4161
f 3712//3712 440//440 3187//3187
f 3712//3712 1068//1068 440//440
f 1705//1705 2519//2519 1899//1899
f 901//901 452//452 239//239
f 2646//2646 3340//3340 2265//2265
f 2038//2038 3219//3219 3898//3898
f 2950//2950 2669//2669 2668//2668
f 2852//2852 880//880 2853//2853
f 2852//2852 881//881 880//880
f 379//379 3065//3065 3798//3798
f 664//664 663//663 2118//2118
f 668//668 1339//1339 193//193
f 1194//1194 2872//2872 3563//3563
f 697//697 4216//4216 4245//4245
f 697//697 695//695 4216//4216
f 2913//2913 2259//2259 1957//1957
f 1855//1855 2229//2229 2113//2113
f 1631//1631 2423//2423 1629//1629
f 2696//2696 2383//2383 61//61
f 2696//2696 1629//1629 2383//2383
f 3934//3934 1293//1293 1292//1292
f 236//236 1268//1268 2894//2894
f 236//236 2224//2224 1268//1268
f 4048//4048 1195//1195 3563//3563
f 4048//4048 1262//1262 1195//1195
f 2399//2399 3661//3661 3660//3660
f 2742//2742 2741//2741 3453//3453
f 1154//1154 4204//4204 3520//3520
f 1001//1001 62//62 64//64
f 163//163 2932//2932 3858//3858
f 3586//3586 1857//1857 3313//3313
f 2864//2864 3681//3681 3280//3280
f 3286//3286 621//621 2098//2098
f 3286//3286 2476//2476 621//621
f 215//215 359//359 366//366
f 1//1 2918//2918 1143//1143
f 1//1 2916//2916 2918//2918
f 1143//1143 2918//2918 2588//2588
f 1143//1143 2588//2588 1739//1739
f 1143//1143 1739//1739 1738//1738
f 1977//1977 305//305 1978//1978
f 506//506 91//91 483//483
f 3859//3859 3235//3235 2271//2271
f 1286//1286 2908//2908 2907//2907
f 2539//2539 333//333 2268//2268
f 3507//3507 2917//2917 3671//3671
f 1152//1152 3938//3938 3538//3538
f 2037//2037 3110//3110 4246//4246
f 2037//2037 3483//3483 3110//3110
f 4247//4247 3170//3170 4248//4248
f 4247//4247 3169//3169 3170//3170
f 3807//3807 4248//4248 3170//3170
f 3807//3807 208//208 4248//4248
f 1092//1092 3369//3369 1090//1090
f 1092//1092 1074//1074 3369//3369
f 3800//3800 3585//3585 3584//3584
f 1795//1795 1811//1811 1224//1224
f 254//254 197//197 3368//3368
f 2923//2923 395//395 3113//3113
f 1400//1400 2059//2059 1398//1398
f 2168//2168 3668//3668 1838//1838
f 3389//3389 2791//2791 3388//3388
f 3258//3258 3179//3179 3259//3259
f 3179//3179 540//540 3259//3259
f 4012//4012 2008//2008 3695//3695
f 1090//1090 3369//3369 94//94
f 1756//1756 1758//1758 3799//3799
f 3146//3146 803//803 4007//4007
f 2934//2934 1016//1016 1015//1015
f 2934//2934 2936//2936 3515//3515
f 2143//2143 1398//1398 2059//2059
f 3219//3219 2037//2037 4246//4246
f 2037//2037 2036//2036 3483//3483
f 3971//3971 3721//3721 3083//3083
f 2599//2599 4039//4039 1797//1797
f 4225//4225 3985//3985 3984//3984
f 3069//3069 892//892 2434//2434
f 3326//3326 273//273 345//345
f 4235//4235 3139//3139 4088//4088
f 4235//4235 4182//4182 3139//3139
f 1210//1210 955//955 1239//1239
f 173//173 3887//3887 1034//1034
f 1799//1799 685//685 2584//2584
f 2518//2518 556//556 3913//3913
f 3995//3995 4058//4058 3595//3595
f 3329//3329 3978//3978 4058//4058
f 2781//2781 3987//3987 2782//2782
f 3577//3577 1473//1473 824//824
f 3241//3241 4131//4131 2501//2501
f 3672//3672 4137//4137 4136//4136
f 1715//1715 2648//2648 32//32
f 2762//2762 2761//2761 834//834
f 1808//1808 1142//1142 1144//1144
f 1797//1797 4039//4039 1796//1796
f 2575//2575 3688//3688 4045//4045
f 3907//3907 155//155 2597//2597
f 3545//3545 3546//3546 3271//3271
f 1168//1168 3546//3546 3545//3545
f 1343//1343 939//939 941//941
f 1343//1343 941//941 3546//3546
f 23//23 22//22 2559//2559
f 3222//3222 2158//2158 2157//2157
f 3222//3222 1260//1260 2158//2158
f 2446//2446 3550//3550 3681//3681
f 3119//3119 3117//3117 3965//3965
f 2519//2519 1361//1361 1365//1365
f 844//844 839//839 2093//2093
f 516//516 277//277 514//514
f 516//516 1266//1266 277//277
f 2597//2597 155//155 174//174
f 3906//3906 1250//1250 133//133
f 3715//3715 2188//2188 339//339
f 2181//2181 2642//2642 1967//1967
f 2787//2787 4249//4249 4221//4221
f 2787//2787 2952//2952 4249//4249
f 279//279 3348//3348 2246//2246
f 989//989 2487//2487 4122//4122
f 409//409 1303//1303 2914//2914
f 3594//3594 2577//2577 1699//1699
f 1699//1699 592//592 3594//3594
f 1185//1185 711//711 1183//1183
f 3755//3755 2278//2278 2281//2281
f 4250//4250 1821//1821 1820//1820
f 3647//3647 3867//3867 3086//3086
f 3647//3647 2866//2866 3867//3867
f 3452//3452 3623//3623 2618//2618
f 3097//3097 3009//3009 1024//1024
f 3974//3974 4134//4134 3973//3973
f 1865//1865 4199//4199 763//763
f 1830//1830 2836//2836 1783//1783
f 162//162 3389//3389 3970//3970
f 162//162 2549//2549 3389//3389
f 2926//2926 20//20 3376//3376
f 1597//1597 3720//3720 1640//1640
f 3395//3395 1457//1457 2072//2072
f 1679//1679 2296//2296 63//63
f 1863//1863 2890//2890 2709//2709
f 1863//1863 1862//1862 2890//2890
f 4084//4084 1995//1995 4044//4044
f 2237//2237 2239//2239 818//818
f 2239//2239 2958//2958 818//818
f 4126//4126 3173//3173 1805//1805
f 3581//3581 2288//2288 2290//2290
f 3278//3278 3277//3277 3616//3616
f 3076//3076 1841//1841 3074//3074
f 3301//3301 2544//2544 2543//2543
f 159//159 158//158 241//241
f 267//267 269//269 1555//1555
f 398//398 1652//1652 2704//2704
f 398//398 1653//1653 1652//1652
f 243//243 242//242 3310//3310
f 3310//3310 3129//3129 243//243
f 1829//1829 2156//2156 2836//2836
f 1700//1700 1699//1699 2577//2577
f 2101//2101 1964//1964 143//143
f 2055//2055 4000//4000 418//418
f 162//162 2933//2933 163//163
f 3970//3970 2933//2933 162//162
f 315//315 709//709 316//316
f 315//315 3644//3644 709//709
f 2185//2185 2319//2319 710//710
f 2766//2766 3677//3677 129//129
f 2311//2311 2023//2023 2022//2022
f 3275//3275 2893//2893 2892//2892
f 3622//3622 1421//1421 6//6
f 1597//1597 4233//4233 1598//1598
f 3837//3837 4070//4070 3701//3701
f 1166//1166 3860//3860 1164//1164
f 1166//1166 3859//3859 3860//3860
f 2463//2463 2464//2464 3890//3890
f 3917//3917 3847//3847 3920//3920
f 3917//3917 707//707 3847//3847
f 2252//2252 2254//2254 3510//3510
f 403//403 1581//1581 3761//3761
f 1084//1084 2487//2487 3438//3438
f 3873//3873 694//694 966//966
f 3873//3873 3294//3294 694//694
f 4096//4096 3786//3786 2832//2832
f 3133//3133 1455//1455 3504//3504
f 3091//3091 439//439 1943//1943
f 3091//3091 437//437 439//439
f 1176//1176 3896//3896 1177//1177
f 3700//3700 1056//1056 3582//3582
f 3700//3700 3582//3582 3911//3911
f 4120//4120 4121//4121 4061//4061
f 4121//4121 3696//3696 4061//4061
f 3203//3203 3724//3724 3723//3723
f 4066//4066 2323//2323 2326//2326
f 1430//1430 1093//1093 1095//1095
f 2352//2352 3249//3249 161//161
f 2352//2352 1043//1043 3249//3249
f 717//717 1624//1624 4075//4075
f 3666//3666 4072//4072 4019//4019
f 1829//1829 2051//2051 2156//2156
f 2626//2626 2625//2625 1403//1403
f 2626//2626 3542//3542 2625//2625
f 1145//1145 3294//3294 1601//1601
f 4131//4131 148//148 147//147
f 2127//2127 2025//2025 2024//2024
f 1445//1445 2036//2036 2038//2038
f 1445//1445 3370//3370 2036//2036
f 845//845 295//295 3603//3603
f 4214//4214 3057//3057 3056//3056
f 1248//1248 1247//1247 3056//3056
f 1218//1218 456//456 2523//2523
f 407//407 405//405 1983//1983
f 407//407 2914//2914 405//405
f 1416//1416 2415//2415 4105//4105
f 1951//1951 1298//1298 681//681
f 1556//1556 4007//4007 2625//2625
f 1993//1993 683//683 3791//3791
f 1993//1993 2806//2806 683//683
f 2198//2198 1556//1556 3542//3542
f 1556//1556 2625//2625 3542//3542
f 2879//2879 2654//2654 1130//1130
f 3084//3084 2774//2774 4251//4251
f 2615//2615 4093//4093 1762//1762
f 2615//2615 3245//3245 4093//4093
f 3344//3344 3832//3832 3831//3831
f 3655//3655 3728//3728 2601//2601
f 2174//2174 1720//1720 2176//2176
f 1350//1350 1349//1349 1990//1990
f 499//499 3161//3161 3160//3160
f 179//179 1782//1782 1604//1604
f 3020//3020 2004//2004 3218//3218
f 222//222 1817//1817 48//48
f 1194//1194 1193//1193 2871//2871
f 2392//2392 2394//2394 568//568
f 2392//2392 1726//1726 2394//2394
f 1512//1512 3679//3679 1139//1139
f 2088//2088 1738//1738 2089//2089
f 1802//1802 1803//1803 2223//2223
f 3601//3601 2899//2899 1293//1293
f 3355//3355 4208//4208 3750//3750
f 3993//3993 2739//2739 957//957
f 1875//1875 1874//1874 1659//1659
f 1930//1930 1629//1629 3503//3503
f 1930//1930 2383//2383 1629//1629
f 1673//1673 2192//2192 3784//3784
f 1452//1452 4230//4230 3799//3799
f 3971//3971 3640//3640 3641//3641
f 150//150 1656//1656 1724//1724
f 3321//3321 3320//3320 966//966
f 3278//3278 1454//1454 3620//3620
f 3536//3536 754//754 2826//2826
f 2826//2826 754//754 1517//1517
f 943//943 578//578 1298//1298
f 3714//3714 70//70 3919//3919
f 3714//3714 313//313 70//70
f 2742//2742 3453//3453 3335//3335
f 4044//4044 4043//4043 4084//4084
f 4023//4023 4025//4025 3586//3586
f 3294//3294 3966//3966 1602//1602
f 837//837 1713//1713 483//483
f 55//55 54//54 3656//3656
f 410//410 1521//1521 411//411
f 2822//2822 3731//3731 3549//3549
f 4219//4219 3967//3967 326//326
f 2205//2205 4046//4046 2589//2589
f 485//485 4252//4252 2906//2906
f 485//485 3267//3267 4252//4252
f 569//569 3667//3667 2843//2843
f 569//569 4253//4253 3667//3667
f 1525//1525 39//39 38//38
f 1525//1525 1418//1418 39//39
f 2774//2774 4002//4002 4251//4251
f 1196//1196 2634//2634 3713//3713
f 2622//2622 3525//3525 2100//2100
f 2278//2278 4254//4254 3845//3845
f 4040//4040 3066//3066 735//735
f 2067//2067 1085//1085 2065//2065
f 3904//3904 1085//1085 4001//4001
f 1449//1449 1448//1448 888//888
f 4255//4255 1682//1682 1684//1684
f 3231//3231 2321//2321 2841//2841
f 3231//3231 2319//2319 2321//2321
f 1450//1450 3610//3610 1448//1448
f 1448//1448 3610//3610 3489//3489
f 2692//2692 1860//1860 441//441
f 1739//1739 2588//2588 2587//2587
f 1981//1981 2425//2425 3321//3321
f 1538//1538 1425//1425 1112//1112
f 3364//3364 2812//2812 4159//4159
f 3937//3937 2929//2929 1275//1275
f 3937//3937 3023//3023 2929//2929
f 2304//2304 2556//2556 2056//2056
f 1473//1473 3577//3577 3213//3213
f 3966//3966 3294//3294 4256//4256
f 994//994 2250//2250 3111//3111
f 2763//2763 2705//2705 4055//4055
f 320//320 3356//3356 321//321
f 3389//3389 2549//2549 2548//2548
f 576//576 1078//1078 574//574
f 1955//1955 443//443 445//445
f 3322//3322 2090//2090 2011//2011
f 884//884 2699//2699 2700//2700
f 2318//2318 2184//2184 570//570
f 2683//2683 245//245 247//247
f 4095//4095 1854//1854 2155//2155
f 4095//4095 583//583 1854//1854
f 3655//3655 904//904 3805//3805
f 3655//3655 3654//3654 904//904
f 4021//4021 3806//3806 3805//3805
f 894//894 1114//1114 1113//1113
f 3952//3952 3713//3713 2634//2634
f 3952//3952 4169//4169 3713//3713
f 1784//1784 1395//1395 1782//1782
f 1782//1782 1395//1395 1397//1397
f 4183//4183 3208//3208 3212//3212
f 4183//4183 857//857 3208//3208
f 1533//1533 3479//3479 1531//1531
f 3462//3462 2970//2970 3461//3461
f 1445//1445 2038//2038 2020//2020
f 3451//3451 2026//2026 2370//2370
f 4107//4107 4239//4239 3190//3190
f 4107//4107 4106//4106 4239//4239
f 3544//3544 186//186 617//617
f 3546//3546 1549//1549 3271//3271
f 4186//4186 1810//1810 4130//4130
f 4186//4186 2585//2585 1810//1810
f 604//604 3178//3178 3815//3815
f 2374//2374 1308//1308 3816//3816
f 2852//2852 1621//1621 1623//1623
f 2852//2852 245//245 1621//1621
f 3981//3981 4213//4213 3039//3039
f 3981//3981 2717//2717 4213//4213
f 1404//1404 1403//1403 1272//1272
f 3141//3141 944//944 1372//1372
f 3141//3141 945//945 944//944
f 2515//2515 3472//3472 2516//2516
f 2200//2200 2440//2440 3095//3095
f 2538//2538 870//870 869//869
f 3042//3042 1517//1517 34//34
f 2292//2292 1203//1203 724//724
f 2906//2906 2093//2093 1290//1290
f 2687//2687 2969//2969 2968//2968
f 1464//1464 1466//1466 2009//2009
f 3510//3510 4169//4169 3509//3509
f 3263//3263 16//16 1401//1401
f 4257//4257 1963//1963 787//787
f 2468//2468 1842//1842 3702//3702
f 327//327 3487//3487 328//328
f 3458//3458 4078//4078 992//992
f 986//986 1501//1501 1698//1698
f 986//986 2051//2051 1501//1501
f 4094//4094 1988//1988 1472//1472
f 4098//4098 2270//2270 2271//2271
f 2545//2545 3787//3787 3742//3742
f 2894//2894 4017//4017 2895//2895
f 2894//2894 1268//1268 4017//4017
f 2213//2213 1778//1778 2998//2998
f 4258//4258 3797//3797 1670//1670
f 4258//4258 2006//2006 3797//3797
f 4178//4178 1733//1733 1134//1134
f 3227//3227 1824//1824 2439//2439
f 3082//3082 2212//2212 4259//4259
f 2260//2260 1213//1213 1761//1761
f 1460//1460 2223//2223 1458//1458
f 19//19 34//34 753//753
f 2698//2698 2254//2254 2253//2253
f 1249//1249 3579//3579 3752//3752
f 1249//1249 1025//1025 3579//3579
f 3070//3070 3758//3758 1542//1542
f 1555//1555 269//269 2620//2620
f 2418//2418 2417//2417 2187//2187
f 416//416 3887//3887 2606//2606
f 416//416 2606//2606 1903//1903
f 1216//1216 900//900 899//899
f 4148//4148 1400//1400 1399//1399
f 3260//3260 2551//2551 399//399
f 3260//3260 2664//2664 2551//2551
f 3848//3848 4125//4125 4260//4260
f 3395//3395 1533//1533 3474//3474
f 3060//3060 3855//3855 2082//2082
f 2082//2082 3855//3855 2976//2976
f 2081//2081 2082//2082 2451//2451
f 2616//2616 2615//2615 1762//1762
f 1307//1307 1687//1687 2881//2881
f 578//578 579//579 3785//3785
f 1476//1476 1475//1475 2828//2828
f 3639//3639 3063//3063 1492//1492
f 1258//1258 268//268 2663//2663
f 1808//1808 1//1 1142//1142
f 3564//3564 1485//1485 156//156
f 3564//3564 1484//1484 1485//1485
f 3236//3236 2762//2762 1764//1764
f 2762//2762 3345//3345 3942//3942
f 3680//3680 2476//2476 3961//3961
f 3285//3285 3037//3037 3961//3961
f 2264//2264 2263//2263 2606//2606
f 3342//3342 4202//4202 3341//3341
f 3342//3342 307//307 4202//4202
f 3367//3367 3119//3119 2905//2905
f 3634//3634 189//189 906//906
f 1202//1202 484//484 3916//3916
f 615//615 2013//2013 344//344
f 3902//3902 2552//2552 4103//4103
f 4103//4103 2552//2552 4196//4196
f 2217//2217 4017//4017 1269//1269
f 1756//1756 3584//3584 2816//2816
f 1756//1756 2816//2816 1071//1071
f 1071//1071 2816//2816 2815//2815
f 740//740 1071//1071 2815//2815
f 740//740 2883//2883 1071//1071
f 1057//1057 824//824 1474//1474
f 2719//2719 1459//1459 3044//3044
f 2763//2763 4055//4055 4227//4227
f 744//744 3725//3725 2405//2405
f 2678//2678 2677//2677 1987//1987
f 2026//2026 2371//2371 2370//2370
f 2230//2230 388//388 3590//3590
f 3305//3305 2942//2942 2941//2941
f 2596//2596 3238//3238 907//907
f 2596//2596 4152//4152 3238//3238
f 2777//2777 3238//3238 4152//4152
f 2724//2724 2794//2794 2908//2908
f 3079//3079 1486//1486 1488//1488
f 3079//3079 3078//3078 1486//1486
f 996//996 203//203 1530//1530
f 854//854 853//853 1818//1818
f 1653//1653 731//731 2135//2135
f 1653//1653 398//398 731//731
f 1193//1193 999//999 4089//4089
f 3989//3989 232//232 4104//4104
f 2672//2672 2341//2341 479//479
f 3874//3874 2341//2341 2672//2672
f 2341//2341 2861//2861 2860//2860
f 2633//2633 3832//3832 4083//4083
f 1407//1407 3253//3253 1408//1408
f 3283//3283 1407//1407 1409//1409
f 1568//1568 535//535 3879//3879
f 1568//1568 1567//1567 535//535
f 3485//3485 1871//1871 2396//2396
f 3735//3735 3493//3493 3492//3492
f 56//56 2024//2024 477//477
f 2097//2097 1666//1666 1658//1658
f 2976//2976 828//828 86//86
f 1724//1724 3798//3798 762//762
f 1724//1724 1656//1656 3798//3798
f 762//762 3798//3798 3549//3549
f 3956//3956 1776//1776 3932//3932
f 1970//1970 2219//2219 2946//2946
f 781//781 1544//1544 782//782
f 3059//3059 3399//3399 3401//3401
f 1128//1128 2384//2384 1129//1129
f 396//396 2619//2619 3467//3467
f 1831//1831 3606//3606 2953//2953
f 3693//3693 1645//1645 2650//2650
f 3693//3693 1646//1646 1645//1645
f 2974//2974 1232//1232 799//799
f 2974//2974 1332//1332 1232//1232
f 696//696 1360//1360 57//57
f 1293//1293 3124//3124 1294//1294
f 1490//1490 3064//3064 1103//1103
f 258//258 257//257 4261//4261
f 1871//1871 1870//1870 2636//2636
f 3366//3366 1871//1871 2636//2636
f 1987//1987 1986//1986 2678//2678
f 2255//2255 931//931 806//806
f 1430//1430 2362//2362 1868//1868
f 1430//1430 1431//1431 2362//2362
f 3757//3757 1500//1500 4179//4179
f 1571//1571 746//746 745//745
f 1571//1571 1132//1132 746//746
f 15//15 4229//4229 13//13
f 1511//1511 1510//1510 3605//3605
f 1267//1267 1543//1543 4262//4262
f 208//208 1864//1864 2823//2823
f 2723//2723 2623//2623 3725//3725
f 1386//1386 1808//1808 1388//1388
f 3314//3314 2856//2856 2928//2928
f 1946//1946 733//733 3964//3964
f 3964//3964 1944//1944 1946//1946
f 1071//1071 2884//2884 1072//1072
f 3695//3695 3696//3696 3771//3771
f 4219//4219 1390//1390 3967//3967
f 777//777 1363//1363 778//778
f 4217//4217 4216//4216 695//695
f 4217//4217 2860//2860 4216//4216
f 2341//2341 4217//4217 695//695
f 2986//2986 1231//1231 544//544
f 2986//2986 768//768 1231//1231
f 3798//3798 3065//3065 2886//2886
f 3548//3548 2886//2886 2887//2887
f 3548//3548 2887//2887 3575//3575
f 199//199 198//198 2628//2628
f 223//223 48//48 511//511
f 223//223 222//222 48//48
f 162//162 161//161 2549//2549
f 3276//3276 790//790 789//789
f 610//610 609//609 2413//2413
f 2663//2663 1812//1812 1258//1258
f 3690//3690 3495//3495 1812//1812
f 2875//2875 2877//2877 3331//3331
f 544//544 2987//2987 2986//2986
f 452//452 2387//2387 240//240
f 1705//1705 2520//2520 2519//2519
f 287//287 3612//3612 3611//3611
f 3112//3112 360//360 362//362
f 3914//3914 3467//3467 2962//2962
f 3914//3914 2962//2962 360//360
f 4143//4143 2919//2919 1803//1803
f 4143//4143 1225//1225 2919//2919
f 4081//4081 4263//4263 3272//3272
f 3466//3466 3341//3341 4202//4202
f 3466//3466 4167//4167 3341//3341
f 3901//3901 4167//4167 238//238
f 3901//3901 3341//3341 4167//4167
f 1714//1714 3477//3477 4006//4006
f 901//901 239//239 241//241
f 3542//3542 1569//1569 2622//2622
f 2100//2100 2623//2623 2622//2622
f 4257//4257 2412//2412 2386//2386
f 4262//4262 1543//1543 781//781
f 985//985 3264//3264 2896//2896
f 985//985 4118//4118 3264//3264
f 2727//2727 1963//1963 2387//2387
f 3520//3520 3420//3420 4027//4027
f 3520//3520 4204//4204 3420//3420
f 1077//1077 1076//1076 2004//2004
f 1246//1246 2259//2259 2913//2913
f 3716//3716 230//230 4062//4062
f 370//370 3250//3250 747//747
f 1025//1025 1027//1027 3579//3579
f 2719//2719 3044//3044 3164//3164
f 1700//1700 841//841 843//843
f 1768//1768 1368//1368 1769//1769
f 916//916 4027//4027 3420//3420
f 916//916 918//918 4027//4027
f 1108//1108 3888//3888 1816//1816
f 1108//1108 1034//1034 3888//3888
f 1189//1189 1438//1438 877//877
f 1189//1189 1191//1191 1438//1438
f 1548//1548 1191//1191 2730//2730
f 535//535 1567//1567 769//769
f 3904//3904 4001//4001 4208//4208
f 3790//3790 1814//1814 2116//2116
f 2719//2719 2727//2727 2043//2043
f 1459//1459 2116//2116 1814//1814
f 2043//2043 2116//2116 2719//2719
f 2790//2790 1538//1538 3924//3924
f 3924//3924 1538//1538 1537//1537
f 2330//2330 2638//2638 2640//2640
f 4262//4262 3322//3322 2012//2012
f 1170//1170 536//536 171//171
f 2850//2850 4256//4256 3873//3873
f 3309//3309 3775//3775 2965//2965
f 706//706 3200//3200 3199//3199
f 3265//3265 3553//3553 3266//3266
f 688//688 3795//3795 3217//3217
f 2586//2586 2837//2837 187//187
f 2529//2529 3350//3350 3670//3670
f 2304//2304 4242//4242 4243//4243
f 2382//2382 3419//3419 2381//2381
f 199//199 1234//1234 2046//2046
f 1439//1439 2724//2724 1802//1802
f 1286//1286 2724//2724 2908//2908
f 4011//4011 1552//1552 3302//3302
f 4011//4011 1822//1822 1552//1552
f 1816//1816 3888//3888 1548//1548
f 1978//1978 305//305 3342//3342
f 1376//1376 139//139 141//141
f 366//366 368//368 4115//4115
f 366//366 4115//4115 4100//4100
f 3863//3863 631//631 1117//1117
f 3863//3863 632//632 631//631
f 2927//2927 1507//1507 4024//4024
f 3842//3842 3008//3008 3992//3992
f 2366//2366 1267//1267 4262//4262
f 1429//1429 3643//3643 3724//3724
f 2910//2910 3777//3777 4008//4008
f 1205//1205 2265//2265 1615//1615
f 3723//3723 3102//3102 2032//2032
f 3723//3723 3643//3643 3102//3102
f 848//848 1591//1591 2867//2867
f 953//953 3066//3066 4040//4040
f 3148//3148 3204//3204 1644//1644
f 4083//4083 2220//2220 2222//2222
f 2222//2222 2218//2218 2631//2631
f 2194//2194 1945//1945 1944//1944
f 2987//2987 3435//3435 2799//2799
f 3074//3074 431//431 3630//3630
f 525//525 3010//3010 4264//4264
f 3316//3316 2013//2013 615//615
f 905//905 904//904 2040//2040
f 3955//3955 1818//1818 853//853
f 1841//1841 3076//3076 4154//4154
f 4062//4062 4154//4154 3076//3076
f 2512//2512 1467//1467 2002//2002
f 2670//2670 3411//3411 3040//3040
f 1652//1652 1079//1079 678//678
f 1652//1652 978//978 1079//1079
f 4150//4150 1976//1976 2147//2147
f 3093//3093 3608//3608 1900//1900
f 3093//3093 3094//3094 3608//3608
f 3447//3447 3852//3852 354//354
f 3447//3447 3448//3448 3852//3852
f 120//120 1728//1728 3796//3796
f 3023//3023 1683//1683 1682//1682
f 2240//2240 1939//1939 3026//3026
f 3228//3228 3499//3499 3229//3229
f 1248//1248 2258//2258 1246//1246
f 1771//1771 3383//3383 2982//2982
f 3605//3605 1510//1510 563//563
f 3226//3226 3519//3519 3227//3227
f 2444//2444 3251//3251 2333//2333
f 2648//2648 2632//2632 51//51
f 3865//3865 875//875 876//876
f 2104//2104 3361//3361 680//680
f 2104//2104 417//417 3361//3361
f 1360//1360 1466//1466 57//57
f 3417//3417 1925//1925 4163//4163
f 2225//2225 1060//1060 1059//1059
f 3745//3745 1924//1924 1926//1926
f 3103//3103 3202//3202 1003//1003
f 2748//2748 1362//1362 2520//2520
f 2748//2748 1363//1363 1362//1362
f 2520//2520 3526//3526 2748//2748
f 996//996 3994//3994 1049//1049
f 3693//3693 2650//2650 1839//1839
f 829//829 2976//2976 3828//3828
f 3789//3789 1426//1426 727//727
f 3789//3789 3459//3459 1426//1426
f 3342//3342 305//305 307//307
f 3253//3253 2256//2256 1408//1408
f 836//836 1632//1632 2216//2216
f 2170//2170 3130//3130 2982//2982
f 3456//3456 2690//2690 3457//3457
f 514//514 2493//2493 515//515
f 2447//2447 3921//3921 106//106
f 3072//3072 1222//1222 702//702
f 2920//2920 2922//2922 3707//3707
f 576//576 3803//3803 1176//1176
f 2779//2779 3872//3872 1374//1374
f 906//906 189//189 2595//2595
f 3819//3819 2308//2308 1607//1607
f 1260//1260 1708//1708 1707//1707
f 1984//1984 1346//1346 101//101
f 3850//3850 3763//3763 4125//4125
f 2689//2689 2691//2691 3417//3417
f 1556//1556 1555//1555 4007//4007
f 3887//3887 173//173 2607//2607
f 157//157 3221//3221 156//156
f 1751//1751 1750//1750 2911//2911
f 3762//3762 2051//2051 2050//2050
f 2127//2127 3986//3986 4030//4030
f 4030//4030 3986//3986 2653//2653
f 794//794 3913//3913 3912//3912
f 4012//4012 3225//3225 3532//3532
f 3801//3801 2537//2537 4109//4109
f 1515//1515 2590//2590 1516//1516
f 399//399 677//677 3260//3260
f 399//399 2704//2704 677//677
f 1023//1023 1022//1022 1752//1752
f 2880//2880 2681//2681 2680//2680
f 2880//2880 2882//2882 2681//2681
f 1160//1160 930//930 929//929
f 460//460 542//542 541//541
f 460//460 2303//2303 542//542
f 3675//3675 3347//3347 84//84
f 1382//1382 3209//3209 3502//3502
f 2264//2264 2607//2607 1615//1615
f 2659//2659 3925//3925 2660//2660
f 3674//3674 1221//1221 1677//1677
f 3704//3704 4148//4148 451//451
f 1544//1544 3897//3897 782//782
f 1681//1681 1302//1302 2863//2863
f 1681//1681 1305//1305 1302//1302
f 3875//3875 3468//3468 1643//1643
f 3468//3468 397//397 396//396
f 2487//2487 2489//2489 3438//3438
f 854//854 1079//1079 855//855
f 1334//1334 4212//4212 1894//1894
f 1334//1334 4172//4172 4212//4212
f 3763//3763 935//935 934//934
f 2349//2349 800//800 243//243
f 3972//3972 1011//1011 1013//1013
f 711//711 710//710 1183//1183
f 3586//3586 4025//4025 3963//3963
f 3347//3347 4232//4232 2420//2420
f 3667//3667 2842//2842 2321//2321
f 3667//3667 4142//4142 2842//2842
f 1989//1989 1988//1988 3820//3820
f 2026//2026 2027//2027 2371//2371
f 2749//2749 693//693 692//692
f 1633//1633 2674//2674 4168//4168
f 4168//4168 2674//2674 1972//1972
f 1972//1972 1971//1971 4168//4168
f 1973//1973 3750//3750 1971//1971
f 314//314 1964//1964 2102//2102
f 4139//4139 3481//3481 4101//4101
f 2914//2914 1303//1303 3662//3662
f 2891//2891 1598//1598 4233//4233
f 616//616 3544//3544 617//617
f 2205//2205 3661//3661 1271//1271
f 278//278 1265//1265 2366//2366
f 2263//2263 1903//1903 2606//2606
f 2263//2263 4010//4010 1903//1903
f 2599//2599 4265//4265 4039//4039
f 2599//2599 4068//4068 4265//4265
f 2884//2884 736//736 1072//1072
f 2884//2884 737//737 736//736
f 3518//3518 3517//3517 3827//3827
f 3827//3827 666//666 1392//1392
f 1392//1392 666//666 1228//1228
f 666//666 2869//2869 1228//1228
f 1315//1315 1740//1740 3015//3015
f 2584//2584 1800//1800 1799//1799
f 1800//1800 4263//4263 4081//4081
f 4000//4000 4081//4081 418//418
f 671//671 1357//1357 4091//4091
f 671//671 1355//1355 1357//1357
f 2086//2086 2313//2313 2479//2479
f 2086//2086 2314//2314 2313//2313
f 1336//1336 359//359 358//358
f 4219//4219 1391//1391 1390//1390
f 2674//2674 2673//2673 2574//2574
f 2558//2558 1346//1346 1348//1348
f 3441//3441 3440//3440 3746//3746
f 2874//2874 2208//2208 3440//3440
f 2208//2208 2207//2207 3440//3440
f 975//975 2344//2344 973//973
f 530//530 529//529 3238//3238
f 529//529 908//908 3238//3238
f 1564//1564 1620//1620 908//908
f 1698//1698 987//987 986//986
f 986//986 988//988 2051//2051
f 2051//2051 988//988 2071//2071
f 2915//2915 2152//2152 3748//3748
f 2915//2915 1113//1113 2152//2152
f 879//879 2398//2398 4123//4123
f 2261//2261 99//99 98//98
f 3466//3466 3636//3636 1021//1021
f 132//132 255//255 3657//3657
f 2366//2366 4262//4262 2012//2012
f 579//579 1993//1993 3785//3785
f 3593//3593 2155//2155 2505//2505
f 2560//2560 4093//4093 3245//3245
f 729//729 1112//1112 1424//1424
f 729//729 1110//1110 1112//1112
f 2423//2423 3134//3134 3503//3503
f 1234//1234 1255//1255 3729//3729
f 4068//4068 686//686 4153//4153
f 3368//3368 197//197 196//196
f 1076//1076 1078//1078 1178//1178
f 4224//4224 1245//1245 3053//3053
f 489//489 3058//3058 490//490
f 489//489 2017//2017 3058//3058
f 2624//2624 3814//3814 3098//3098
f 2624//2624 4146//4146 3814//3814
f 3098//3098 3846//3846 207//207
f 3098//3098 3814//3814 3846//3846
f 1900//1900 3608//3608 1910//1910
f 1973//1973 2074//2074 3355//3355
f 1973//1973 3016//3016 2074//2074
f 3088//3088 2276//2276 2275//2275
f 3504//3504 3943//3943 3809//3809
f 3504//3504 1455//1455 3943//3943
f 2612//2612 3811//3811 1214//1214
f 1618//1618 3666//3666 3349//3349
f 1618//1618 1617//1617 3666//3666
f 2616//2616 3942//3942 4074//4074
f 2616//2616 1762//1762 3942//3942
f 536//536 830//830 2120//2120
f 582//582 2828//2828 155//155
f 582//582 155//155 3907//3907
f 2650//2650 1645//1645 3142//3142
f 1032//1032 3027//3027 1033//1033
f 1033//1033 3871//3871 4060//4060
f 2659//2659 2661//2661 1619//1619
f 1268//1268 2225//2225 1059//1059
f 1371//1371 2855//2855 107//107
f 363//363 1932//1932 1931//1931
f 2858//2858 4166//4166 3465//3465
f 3154//3154 812//812 814//814
f 2914//2914 406//406 405//405
f 2914//2914 2630//2630 406//406
f 4230//4230 1451//1451 1147//1147
f 4230//4230 1452//1452 1451//1451
f 2406//2406 1565//1565 4208//4208
f 1045//1045 539//539 3817//3817
f 3630//3630 431//431 1940//1940
f 2172//2172 3551//3551 4108//4108
f 109//109 2172//2172 4108//4108
f 2078//2078 2080//2080 3592//3592
f 2465//2465 2466//2466 1907//1907
f 3097//3097 2090//2090 4266//4266
f 2219//2219 2218//2218 4267//4267
f 3235//3235 1166//1166 2690//2690
f 3344//3344 4044//4044 2737//2737
f 1201//1201 2143//2143 2059//2059
f 607//607 1109//1109 1817//1817
f 50//50 1686//1686 2649//2649
f 1625//1625 2983//2983 2016//2016
f 1625//1625 627//627 2983//2983
f 2731//2731 1339//1339 668//668
f 2731//2731 1393//1393 1339//1339
f 2388//2388 2524//2524 2389//2389
f 1604//1604 177//177 179//179
f 1271//1271 2398//2398 1272//1272
f 2847//2847 2287//2287 2286//2286
f 2847//2847 1994//1994 2287//2287
f 155//155 2828//2828 2827//2827
f 3538//3538 3938//3938 1148//1148
f 1368//1368 1520//1520 1115//1115
f 1252//1252 2332//2332 2331//2331
f 3894//3894 1333//1333 2111//2111
f 3632//3632 1380//1380 4171//4171
f 3299//3299 750//750 752//752
f 132//132 2307//2307 1038//1038
f 132//132 2305//2305 2307//2307
f 3740//3740 3739//3739 551//551
f 2052//2052 2054//2054 3178//3178
f 3431//3431 2705//2705 3430//3430
f 2705//2705 923//923 3430//3430
f 2456//2456 3912//3912 1879//1879
f 3912//3912 556//556 1879//1879
f 3864//3864 876//876 1105//1105
f 4181//4181 2835//2835 2040//2040
f 2943//2943 2940//2940 4137//4137
f 15//15 2698//2698 4229//4229
f 1431//1431 727//727 726//726
f 1995//1995 4084//4084 1531//1531
f 2272//2272 4088//4088 3139//3139
f 2272//2272 2274//2274 4088//4088
f 4223//4223 1776//1776 1889//1889
f 1529//1529 1889//1889 1527//1527
f 3181//3181 404//404 1912//1912
f 4196//4196 2552//2552 2480//2480
f 302//302 1390//1390 466//466
f 302//302 304//304 1390//1390
f 2818//2818 2540//2540 2151//2151
f 582//582 581//581 1115//1115
f 582//582 1115//1115 1117//1117
f 1117//1117 1116//1116 2244//2244
f 3965//3965 874//874 3826//3826
f 3661//3661 2399//2399 2398//2398
f 3040//3040 3411//3411 2594//2594
f 2886//2886 628//628 382//382
f 3733//3733 4112//4112 2654//2654
f 3733//3733 1553//1553 4112//4112
f 2100//2100 3525//3525 745//745
f 3250//3250 2099//2099 745//745
f 1973//1973 1972//1972 3014//3014
f 3695//3695 1882//1882 4012//4012
f 1845//1845 2747//2747 1274//1274
f 4106//4106 2745//2745 4164//4164
f 1320//1320 2162//2162 1321//1321
f 3270//3270 4151//4151 3529//3529
f 1694//1694 883//883 885//885
f 3066//3066 733//733 735//735
f 4004//4004 2343//2343 4014//4014
f 2851//2851 2850//2850 765//765
f 3310//3310 1401//1401 1236//1236
f 1236//1236 1402//1402 971//971
f 971//971 1402//1402 969//969
f 548//548 3292//3292 3025//3025
f 944//944 3279//3279 2676//2676
f 1093//1093 1882//1882 1094//1094
f 3409//3409 4199//4199 3410//3410
f 4135//4135 461//461 460//460
f 2225//2225 2859//2859 1060//1060
f 2858//2858 2859//2859 2225//2225
f 1930//1930 3505//3505 1931//1931
f 1930//1930 3503//3503 3505//3505
f 2//2 3883//3883 3//3
f 4268//4268 3719//3719 3230//3230
f 4268//4268 2235//2235 3719//3719
f 833//833 861//861 4074//4074
f 1131//1131 1132//1132 1984//1984
f 4018//4018 3324//3324 364//364
f 3955//3955 1035//1035 3324//3324
f 3357//3357 2706//2706 3185//3185
f 3357//3357 2707//2707 2706//2706
f 4251//4251 4002//4002 3136//3136
f 4039//4039 3511//3511 3151//3151
f 1648//1648 3151//3151 3511//3511
f 2466//2466 4064//4064 1907//1907
f 3493//3493 4213//4213 2717//2717
f 4269//4269 1214//1214 1216//1216
f 4181//4181 1395//1395 1784//1784
f 4109//4109 3330//3330 3241//3241
f 2850//2850 3320//3320 765//765
f 2532//2532 3674//3674 3289//3289
f 1396//1396 3531//3531 1608//1608
f 2648//2648 2649//2649 32//32
f 3876//3876 201//201 115//115
f 3876//3876 202//202 201//201
f 1289//1289 3307//3307 2944//2944
f 1758//1758 1452//1452 3799//3799
f 1758//1758 2684//2684 1452//1452
f 2818//2818 3287//3287 3435//3435
f 2818//2818 2817//2817 3287//3287
f 509//509 3290//3290 3775//3775
f 3177//3177 4050//4050 3063//3063
f 3757//3757 2403//2403 1500//1500
f 3966//3966 4256//4256 2849//2849
f 4122//4122 3099//3099 989//989
f 989//989 3562//3562 213//213
f 213//213 3562//3562 214//214
f 1385//1385 598//598 293//293
f 1892//1892 811//811 2316//2316
f 3722//3722 285//285 113//113
f 3722//3722 3101//3101 285//285
f 3560//3560 11//11 564//564
f 4136//4136 1805//1805 3672//3672
f 2115//2115 483//483 1713//1713
f 638//638 2115//2115 1713//1713
f 638//638 636//636 2115//2115
f 2609//2609 2608//2608 3877//3877
f 2608//2608 3300//3300 3877//3877
f 2754//2754 4175//4175 2865//2865
f 1864//1864 3923//3923 3121//3121
f 2451//2451 1634//1634 2081//2081
f 2081//2081 4222//4222 528//528
f 2081//2081 1634//1634 4222//4222
f 528//528 4222//4222 946//946
f 2828//2828 1475//1475 1070//1070
f 142//142 2702//2702 143//143
f 2109//2109 2712//2712 577//577
f 2109//2109 1551//1551 2712//2712
f 2110//2110 457//457 806//806
f 2110//2110 577//577 457//457
f 918//918 808//808 4027//4027
f 3572//3572 3038//3038 3735//3735
f 2640//2640 4034//4034 1492//1492
f 2647//2647 3755//3755 4188//4188
f 3040//3040 2594//2594 2951//2951
f 1544//1544 2329//2329 4170//4170
f 1393//1393 1337//1337 1339//1339
f 3670//3670 2530//2530 2529//2529
f 4096//4096 573//573 572//572
f 4096//4096 1639//1639 573//573
f 3965//3965 3826//3826 3068//3068
f 3068//3068 3067//3067 3965//3965
f 3067//3067 348//348 3965//3965
f 157//157 4019//4019 3311//3311
f 465//465 461//461 463//463
f 362//362 3522//3522 1945//1945
f 362//362 361//361 3522//3522
f 4094//4094 2151//2151 1988//1988
f 1686//1686 541//541 540//540
f 2910//2910 2911//2911 1150//1150
f 272//272 1754//1754 3598//3598
f 3598//3598 1754//1754 1513//1513
f 995//995 2124//2124 3915//3915
f 4024//4024 1506//1506 4025//4025
f 3764//3764 4193//4193 3476//3476
f 3764//3764 72//72 4193//4193
f 72//72 71//71 4193//4193
f 73//73 819//819 71//71
f 3478//3478 1714//1714 31//31
f 2467//2467 1691//1691 873//873
f 2579//2579 352//352 2580//2580
f 754//754 1979//1979 755//755
f 2524//2524 2541//2541 2389//2389
f 1687//1687 1309//1309 719//719
f 856//856 2401//2401 4139//4139
f 3108//3108 641//641 3718//3718
f 3108//3108 642//642 641//641
f 2541//2541 2524//2524 2985//2985
f 2881//2881 3576//3576 2882//2882
f 2881//2881 228//228 3576//3576
f 1538//1538 1112//1112 1111//1111
f 572//572 197//197 4029//4029
f 2583//2583 3625//3625 2378//2378
f 2583//2583 963//963 3625//3625
f 2743//2743 2862//2862 2744//2744
f 1235//1235 3129//3129 3310//3310
f 3328//3328 3327//3327 3201//3201
f 1992//1992 683//683 2806//2806
f 809//809 1892//1892 2414//2414
f 809//809 811//811 1892//1892
f 2252//2252 2406//2406 2067//2067
f 3052//3052 2067//2067 2066//2066
f 3756//3756 1105//1105 79//79
f 3756//3756 3426//3426 1105//1105
f 3378//3378 735//735 3983//3983
f 4173//4173 3899//3899 3900//3900
f 4173//4173 3486//3486 3899//3899
f 1590//1590 2845//2845 3792//3792
f 2347//2347 2348//2348 2834//2834
f 4245//4245 1329//1329 1330//1330
f 4245//4245 4216//4216 1329//1329
f 4248//4248 207//207 3846//3846
f 4248//4248 208//208 207//207
f 1404//1404 1272//1272 879//879
f 800//800 2349//2349 801//801
f 3776//3776 3878//3878 4119//4119
f 2189//2189 2298//2298 2190//2190
f 3201//3201 3327//3327 4090//4090
f 1225//1225 2516//2516 3044//3044
f 3701//3701 1344//1344 867//867
f 2648//2648 1715//1715 2310//2310
f 4194//4194 3617//3617 2108//2108
f 4194//4194 3419//3419 3617//3617
f 4264//4264 3010//3010 3576//3576
f 2008//2008 4012//4012 3532//3532
f 1520//1520 3475//3475 1115//1115
f 3232//3232 3579//3579 3233//3233
f 4255//4255 1507//1507 2927//2927
f 4255//4255 1684//1684 1507//1507
f 2422//2422 4077//4077 1711//1711
f 2422//2422 1296//1296 4077//4077
f 4077//4077 1958//1958 1712//1712
f 374//374 3849//3849 372//372
f 3817//3817 3232//3232 3390//3390
f 3817//3817 3752//3752 3232//3232
f 2733//2733 3096//3096 181//181
f 4095//4095 2155//2155 1331//1331
f 2415//2415 2039//2039 4105//4105
f 3496//3496 3230//3230 3719//3719
f 1170//1170 1171//1171 1343//1343
f 3251//3251 2444//2444 795//795
f 1327//1327 3254//3254 1082//1082
f 580//580 3907//3907 1996//1996
f 321//321 334//334 3444//3444
f 3851//3851 3116//3116 2180//2180
f 3436//3436 1873//1873 1875//1875
f 3436//3436 1876//1876 1873//1873
f 1074//1074 506//506 1359//1359
f 1074//1074 91//91 506//506
f 2721//2721 2720//2720 206//206
f 1667//1667 833//833 832//832
f 1667//1667 862//862 833//833
f 4076//4076 1453//1453 3114//3114
f 3819//3819 2996//2996 2495//2495
f 108//108 122//122 106//106
f 1935//1935 60//60 1933//1933
f 2297//2297 2557//2557 1405//1405
f 2039//2039 211//211 4105//4105
f 2085//2085 2317//2317 2316//2316
f 2128//2128 1821//1821 4250//4250
f 4250//4250 1820//1820 2134//2134
f 467//467 1242//1242 468//468
f 3264//3264 1335//1335 1893//1893
f 2797//2797 3697//3697 2798//2798
f 4146//4146 3566//3566 3814//3814
f 1594//1594 2167//2167 2269//2269
f 1594//1594 562//562 2167//2167
f 3846//3846 4247//4247 4248//4248
f 3846//3846 3813//3813 4247//4247
f 1628//1628 884//884 2700//2700
f 1628//1628 885//885 884//884
f 2819//2819 316//316 708//708
f 1881//1881 4178//4178 1134//1134
f 2528//2528 2526//2526 436//436
f 2528//2528 342//342 2526//2526
f 1818//1818 4205//4205 3154//3154
f 1818//1818 1819//1819 4205//4205
f 1256//1256 3494//3494 4082//4082
f 206//206 1651//1651 2721//2721
f 206//206 1546//1546 1651//1651
f 1151//1151 3885//3885 85//85
f 667//667 886//886 889//889
f 667//667 887//887 886//886
f 853//853 1923//1923 1035//1035
f 3169//3169 3813//3813 3051//3051
f 3169//3169 4247//4247 3813//3813
f 2927//2927 2929//2929 4255//4255
f 2716//2716 4211//4211 3737//3737
f 3382//3382 3381//3381 36//36
f 1869//1869 1882//1882 1093//1093
f 1869//1869 4012//4012 1882//1882
f 4269//4269 1785//1785 2612//2612
f 899//899 4269//4269 1216//1216
f 2724//2724 2795//2795 2794//2794
f 3626//3626 2186//2186 2141//2141
f 3626//3626 2187//2187 2186//2186
f 899//899 897//897 896//896
f 2964//2964 4233//4233 1640//1640
f 3607//3607 2161//2161 4203//4203
f 2161//2161 2569//2569 4203//4203
f 2161//2161 2160//2160 2569//2569
f 2160//2160 2567//2567 2569//2569
f 3689//3689 2117//2117 2567//2567
f 4126//4126 2773//2773 3173//3173
f 2773//2773 3171//3171 3173//3173
f 3989//3989 527//527 1155//1155
f 3697//3697 1054//1054 4036//4036
f 3888//3888 4081//4081 1548//1548
f 1396//1396 1158//1158 3531//3531
f 1396//1396 1415//1415 1158//1158
f 3346//3346 1158//1158 1415//1415
f 4229//4229 3167//3167 1528//1528
f 2460//2460 3539//3539 2407//2407
f 845//845 3603//3603 846//846
f 2571//2571 3762//3762 2050//2050
f 2571//2571 1502//1502 3762//3762
f 2561//2561 2232//2232 4188//4188
f 2734//2734 682//682 1676//1676
f 1718//1718 4037//4037 3895//3895
f 1718//1718 2984//2984 4037//4037
f 3895//3895 4037//4037 3711//3711
f 3521//3521 3183//3183 1153//1153
f 3521//3521 4026//4026 3183//3183
f 3854//3854 4210//4210 936//936
f 2486//2486 2954//2954 2212//2212
f 2802//2802 2803//2803 2957//2957
f 434//434 2064//2064 2063//2063
f 218//218 2019//2019 1187//1187
f 1109//1109 607//607 1595//1595
f 3872//3872 2761//2761 1061//1061
f 2078//2078 3592//3592 846//846
f 3464//3464 335//335 334//334
f 596//596 2122//2122 1826//1826
f 596//596 595//595 2122//2122
f 3477//3477 3886//3886 3364//3364
f 4181//4181 2415//2415 1395//1395
f 1760//1760 322//322 324//324
f 1760//1760 1759//1759 322//322
f 383//383 3668//3668 3575//3575
f 780//780 3322//3322 781//781
f 780//780 2091//2091 3322//3322
f 1990//1990 2201//2201 1976//1976
f 1990//1990 2522//2522 2201//2201
f 2148//2148 3957//3957 2793//2793
f 1346//1346 504//504 1347//1347
f 1527//1527 1888//1888 659//659
f 2956//2956 328//328 2955//2955
f 2241//2241 1905//1905 982//982
f 1878//1878 4071//4071 1879//1879
f 4071//4071 2336//2336 2454//2454
f 2278//2278 3845//3845 3568//3568
f 3167//3167 2698//2698 3168//3168
f 2191//2191 4016//4016 2492//2492
f 1814//1814 3790//3790 2132//2132
f 3936//3936 3023//3023 3937//3937
f 3936//3936 430//430 3023//3023
f 2735//2735 1701//1701 1442//1442
f 2735//2735 842//842 1701//1701
f 2027//2027 1587//1587 78//78
f 2027//2027 3216//3216 1587//1587
f 2839//2839 2509//2509 2840//2840
f 334//334 321//321 3356//3356
f 3960//3960 3723//3723 2032//2032
f 1886//1886 2440//2440 1885//1885
f 160//160 159//159 2206//2206
f 3713//3713 498//498 1196//1196
f 1993//1993 1994//1994 2807//2807
f 2968//2968 3004//3004 1446//1446
f 3004//3004 1447//1447 1446//1446
f 3184//3184 1042//1042 1447//1447
f 2056//2056 2556//2556 2057//2057
f 2676//2676 1175//1175 3495//3495
f 1306//1306 1175//1175 2676//2676
f 1306//1306 3279//3279 633//633
f 4111//4111 3969//3969 3968//3968
f 4011//4011 3916//3916 484//484
f 4011//4011 3302//3302 3916//3916
f 3181//3181 2426//2426 1982//1982
f 4177//4177 4270//4270 4018//4018
f 4177//4177 2750//2750 4270//4270
f 3611//3611 519//519 4066//4066
f 1545//1545 205//205 3980//3980
f 1545//1545 206//206 205//205
f 791//791 1950//1950 3094//3094
f 2416//2416 2274//2274 2273//2273
f 848//848 3822//3822 849//849
f 848//848 2139//2139 3822//3822
f 4046//4046 803//803 2589//2589
f 803//803 805//805 2525//2525
f 1486//1486 189//189 1487//1487
f 1486//1486 3400//3400 189//189
f 1749//1749 3588//3588 3587//3587
f 1749//1749 1135//1135 3588//3588
f 1747//1747 1135//1135 1749//1749
f 1747//1747 1133//1133 1135//1135
f 2386//2386 1963//1963 4257//4257
f 4270//4270 2750//2750 2752//2752
f 3106//3106 1411//1411 1410//1410
f 3106//3106 3706//3706 1411//1411
f 3706//3706 3105//3105 2431//2431
f 4018//4018 65//65 3694//3694
f 3190//3190 4239//4239 394//394
f 1716//1716 2779//2779 832//832
f 4188//4188 3755//3755 2281//2281
f 1719//1719 1180//1180 1717//1717
f 3264//3264 4118//4118 127//127
f 508//508 2057//2057 509//509
f 2364//2364 757//757 4271//4271
f 3735//3735 3039//3039 4213//4213
f 801//801 2349//2349 1924//1924
f 3820//3820 2309//2309 3819//3819
f 3819//3819 2309//2309 2308//2308
f 1046//1046 476//476 2308//2308
f 613//613 3469//3469 611//611
f 4192//4192 4272//4272 3770//3770
f 612//612 611//611 3499//3499
f 611//611 3500//3500 3499//3499
f 611//611 1377//1377 3500//3500
f 3500//3500 1377//1377 1379//1379
f 2559//2559 3917//3917 3920//3920
f 2559//2559 3245//3245 3917//3917
f 1998//1998 2760//2760 2277//2277
f 2920//2920 4187//4187 260//260
f 4238//4238 3039//3039 3543//3543
f 1955//1955 1954//1954 4273//4273
f 656//656 1469//1469 1468//1468
f 706//706 704//704 3328//3328
f 113//113 112//112 3927//3927
f 2299//2299 4144//4144 2249//2249
f 1644//1644 2458//2458 3148//3148
f 1644//1644 2459//2459 2458//2458
f 4224//4224 788//788 2283//2283
f 3631//3631 4052//4052 3632//3632
f 552//552 3734//3734 553//553
f 1110//1110 728//728 1111//1111
f 1110//1110 729//729 728//728
f 3968//3968 4034//4034 4111//4111
f 4034//4034 3968//3968 3639//3639
f 161//161 3249//3249 2549//2549
f 3827//3827 3339//3339 3518//3518
f 3518//3518 3339//3339 2646//2646
f 4205//4205 2980//2980 3154//3154
f 3494//3494 1174//1174 2026//2026
f 2586//2586 2391//2391 2393//2393
f 4163//4163 3039//3039 3417//3417
f 1412//1412 1413//1413 1668//1668
f 1668//1668 4004//4004 4005//4005
f 1668//1668 1413//1413 4004//4004
f 3227//3227 3533//3533 3532//3532
f 3957//3957 650//650 2793//2793
f 3319//3319 1532//1532 3318//3318
f 3728//3728 2010//2010 1466//1466
f 2010//2010 3530//3530 2009//2009
f 3645//3645 23//23 3920//3920
f 1781//1781 501//501 1279//1279
f 2300//2300 852//852 501//501
f 3815//3815 3822//3822 2140//2140
f 1481//1481 1480//1480 429//429
f 867//867 866//866 3837//3837
f 1426//1426 3460//3460 2966//2966
f 4271//4271 147//147 2364//2364
f 1537//1537 3165//3165 3618//3618
f 1395//1395 1416//1416 1415//1415
f 3330//3330 2207//2207 3150//3150
f 2337//2337 2299//2299 4104//4104
f 2652//2652 1774//1774 53//53
f 3533//3533 1030//1030 2006//2006
f 1104//1104 1103//1103 2950//2950
f 2314//2314 1121//1121 2345//2345
f 2086//2086 1122//1122 1121//1121
f 2086//2086 2087//2087 1122//1122
f 3438//3438 2066//2066 2065//2065
f 3438//3438 3052//3052 2066//2066
f 3438//3438 2489//2489 3052//3052
f 393//393 448//448 3055//3055
f 393//393 392//392 448//448
f 1122//1122 392//392 2536//2536
f 534//534 2801//2801 3685//3685
f 1648//1648 1356//1356 1355//1355
f 1831//1831 870//870 2050//2050
f 3860//3860 2635//2635 1164//1164
f 1164//1164 2635//2635 2637//2637
f 2594//2594 3736//3736 2951//2951
f 4164//4164 2745//2745 608//608
f 368//368 367//367 3669//3669
f 3669//3669 367//367 127//127
f 1170//1170 1343//1343 1168//1168
f 1169//1169 2508//2508 1167//1167
f 1789//1789 817//817 3159//3159
f 3108//3108 116//116 642//642
f 3546//3546 941//941 715//715
f 2155//2155 1853//1853 2504//2504
f 2006//2006 4258//4258 2007//2007
f 2618//2618 3623//3623 3862//3862
f 3623//3623 1946//1946 3861//3861
f 3747//3747 1765//1765 868//868
f 3942//3942 3345//3345 4074//4074
f 4106//4106 2348//2348 4239//4239
f 4239//4239 2348//2348 392//392
f 1994//1994 1074//1074 2287//2287
f 3503//3503 3133//3133 3504//3504
f 1754//1754 784//784 1513//1513
f 2116//2116 2045//2045 2334//2334
f 1548//1548 4081//4081 1549//1549
f 4244//4244 4171//4171 3501//3501
f 4244//4244 3372//3372 4171//4171
f 4009//4009 3974//3974 598//598
f 1137//1137 3717//3717 3373//3373
f 1137//1137 3333//3333 3717//3717
f 3651//3651 818//818 3046//3046
f 2219//2219 3953//3953 52//52
f 2987//2987 544//544 543//543
f 59//59 365//365 2424//2424
f 1283//1283 512//512 252//252
f 1741//1741 2570//2570 2538//2538
f 4274//4274 2408//2408 2417//2417
f 929//929 3779//3779 2714//2714
f 3082//3082 3699//3699 3698//3698
f 3721//3721 3641//3641 3720//3720
f 1488//1488 2266//2266 3079//3079
f 4021//4021 194//194 3806//3806
f 1681//1681 3662//3662 1303//1303
f 4104//4104 232//232 231//231
f 232//232 2662//2662 4155//4155
f 251//251 699//699 1300//1300
f 251//251 2895//2895 4017//4017
f 251//251 1300//1300 2895//2895
f 2781//2781 1449//1449 888//888
f 2888//2888 3996//3996 3707//3707
f 2888//2888 4038//4038 3996//3996
f 1519//1519 2284//2284 3475//3475
f 3624//3624 953//953 2641//2641
f 2765//2765 2144//2144 2512//2512
f 2765//2765 2641//2641 2144//2144
f 3254//3254 2965//2965 1082//1082
f 3254//3254 3309//3309 2965//2965
f 1593//1593 1592//1592 1288//1288
f 655//655 3875//3875 656//656
f 3907//3907 2597//2597 3857//3857
f 2122//2122 2123//2123 902//902
f 3110//3110 2126//2126 2125//2125
f 3765//3765 2643//2643 1235//1235
f 2932//2932 163//163 2933//2933
f 991//991 3328//3328 4197//4197
f 3085//3085 2775//2775 2774//2774
f 4181//4181 1784//1784 2835//2835
f 2328//2328 2566//2566 3627//3627
f 2328//2328 2327//2327 2566//2566
f 3570//3570 3336//3336 3870//3870
f 1880//1880 1298//1298 1952//1952
f 1880//1880 758//758 1298//1298
f 3410//3410 4199//4199 1865//1865
f 2858//2858 2224//2224 4166//4166
f 2224//2224 236//236 4166//4166
f 771//771 3837//3837 2576//2576
f 2377//2377 639//639 2376//2376
f 3175//3175 1301//1301 3176//3176
f 2466//2466 2468//2468 4064//4064
f 572//572 4097//4097 4096//4096
f 4253//4253 568//568 2613//2613
f 4253//4253 569//569 568//568
f 2666//2666 2517//2517 3913//3913
f 2895//2895 1300//1300 1299//1299
f 1884//1884 3771//3771 3975//3975
f 1656//1656 379//379 3798//3798
f 2671//2671 2059//2059 2058//2058
f 1634//1634 2451//2451 3375//3375
f 2676//2676 3495//3495 1373//1373
f 1968//1968 2876//2876 2741//2741
f 1968//1968 1969//1969 2876//2876
f 1969//1969 3191//3191 3404//3404
f 1666//1666 2853//2853 1658//1658
f 412//412 2984//2984 410//410
f 3560//3560 2427//2427 2429//2429
f 1788//1788 3995//3995 3597//3597
f 1788//1788 1787//1787 3995//3995
f 1787//1787 3329//3329 3995//3995
f 2910//2910 1748//1748 1751//1751
f 1013//1013 3929//3929 3972//3972
f 1326//1326 3772//3772 4157//4157
f 3772//3772 3394//3394 4157//4157
f 699//699 3552//3552 3215//3215
f 699//699 700//700 3552//3552
f 438//438 3692//3692 1991//1991
f 533//533 1533//1533 1456//1456
f 3851//3851 3644//3644 315//315
f 3851//3851 2180//2180 3644//3644
f 304//304 303//303 3540//3540
f 817//817 816//816 3880//3880
f 787//787 786//786 4257//4257
f 2411//2411 2412//2412 2494//2494
f 2282//2282 1706//1706 1703//1703
f 2023//2023 35//35 37//37
f 2023//2023 312//312 35//35
f 3223//3223 2637//2637 1870//1870
f 2546//2546 4120//4120 4127//4127
f 2492//2492 4209//4209 859//859
f 3164//3164 2516//2516 1498//1498
f 2229//2229 1855//1855 1854//1854
f 3886//3886 3676//3676 3363//3363
f 2299//2299 2248//2248 4104//4104
f 2248//2248 3989//3989 4104//4104
f 311//311 739//739 741//741
f 3970//3970 3389//3389 2030//2030
f 1563//1563 1565//1565 529//529
f 1926//1926 3417//3417 3418//3418
f 3527//3527 2163//2163 2165//2165
f 3527//3527 3423//3423 2163//2163
f 1847//1847 55//55 3096//3096
f 3326//3326 345//345 347//347
f 3492//3492 2290//2290 3572//3572
f 3653//3653 2851//2851 765//765
f 3394//3394 4028//4028 3393//3393
f 2765//2765 2764//2764 2641//2641
f 2641//2641 3288//3288 3964//3964
f 2641//2641 2764//2764 3288//3288
f 561//561 1510//1510 3878//3878
f 561//561 563//563 1510//1510
f 328//328 2257//2257 2955//2955
f 3496//3496 612//612 3228//3228
f 2330//2330 3967//3967 2638//2638
f 2330//2330 326//326 3967//3967
f 56//56 477//477 696//696
f 4177//4177 4018//4018 364//364
f 4177//4177 364//364 363//363
f 364//364 1037//1037 365//365
f 3312//3312 4024//4024 4023//4023
f 3312//3312 2927//2927 4024//4024
f 3837//3837 3463//3463 2576//2576
f 2947//2947 2946//2946 4267//4267
f 1535//1535 3304//3304 500//500
f 195//195 266//266 196//196
f 1990//1990 3838//3838 2522//2522
f 1990//1990 1991//1991 3838//3838
f 1215//1215 2175//2175 4075//4075
f 1215//1215 2174//2174 2175//2175
f 607//607 1833//1833 1226//1226
f 4176//4176 3905//3905 2167//2167
f 3497//3497 2901//2901 2671//2671
f 3497//3497 2902//2902 2901//2901
f 2671//2671 3498//3498 3497//3497
f 2671//2671 2058//2058 3498//3498
f 2024//2024 56//56 2127//2127
f 3297//3297 4226//4226 2885//2885
f 4226//4226 3297//3297 4042//4042
f 1115//1115 581//581 1146//1146
f 1340//1340 614//614 2659//2659
f 1340//1340 1342//1342 614//614
f 2256//2256 1345//1345 1344//1344
f 1147//1147 306//306 1148//1148
f 3824//3824 3352//3352 3441//3441
f 131//131 130//130 819//819
f 3493//3493 2717//2717 3491//3491
f 501//501 851//851 502//502
f 2880//2880 2680//2680 983//983
f 2023//2023 1919//1919 1918//1918
f 2325//2325 2713//2713 1550//1550
f 1550//1550 2326//2326 2325//2325
f 3163//3163 2351//2351 2352//2352
f 2688//2688 4086//4086 3708//3708
f 3707//3707 3996//3996 4187//4187
f 1833//1833 222//222 220//220
f 1686//1686 3573//3573 4207//4207
f 1746//1746 3127//3127 1747//1747
f 1746//1746 3024//3024 3127//3127
f 2397//2397 3041//3041 2395//2395
f 2844//2844 2053//2053 1058//1058
f 2053//2053 1277//1277 1058//1058
f 2609//2609 927//927 2610//2610
f 2954//2954 3397//3397 4259//4259
f 1902//1902 1140//1140 2517//2517
f 1140//1140 1901//1901 1908//1908
f 1140//1140 1902//1902 1901//1901
f 1158//1158 4117//4117 3531//3531
f 2845//2845 2844//2844 1474//1474
f 4040//4040 954//954 953//953
f 1959//1959 1296//1296 2573//2573
f 4214//4214 1874//1874 1877//1877
f 2473//2473 2101//2101 2821//2821
f 3541//3541 4099//4099 2925//2925
f 3541//3541 4240//4240 4099//4099
f 2561//2561 4188//4188 4201//4201
f 4201//4201 4188//4188 3856//3856
f 4201//4201 3856//3856 2677//2677
f 2956//2956 283//283 3101//3101
f 4113//4113 639//639 69//69
f 4113//4113 2375//2375 639//639
f 357//357 2487//2487 989//989
f 3257//3257 964//964 2573//2573
f 2598//2598 3022//3022 3021//3021
f 1813//1813 1391//1391 3992//3992
f 2087//2087 448//448 1122//1122
f 448//448 447//447 3055//3055
f 795//795 3433//3433 3251//3251
f 795//795 3926//3926 3433//3433
f 3543//3543 4098//4098 3235//3235
f 3573//3573 3947//3947 4207//4207
f 4142//4142 3663//3663 2842//2842
f 4142//4142 3982//3982 3663//3663
f 2696//2696 1630//1630 1629//1629
f 1276//1276 1709//1709 1708//1708
f 2052//2052 604//604 1709//1709
f 3349//3349 3665//3665 3384//3384
f 3349//3349 3666//3666 3665//3665
f 2775//2775 3384//3384 2776//2776
f 3201//3201 3840//3840 2485//2485
f 438//438 3414//3414 3692//3692
f 3108//3108 117//117 116//116
f 2912//2912 1757//1757 3107//3107
f 346//346 1129//1129 786//786
f 2984//2984 3122//3122 4037//4037
f 2780//2780 246//246 832//832
f 3276//3276 2973//2973 2591//2591
f 3075//3075 4062//4062 3076//3076
f 2874//2874 3441//3441 3439//3439
f 2653//2653 3987//3987 421//421
f 2802//2802 3559//3559 1917//1917
f 2950//2950 996//996 1104//1104
f 2498//2498 574//574 1078//1078
f 4080//4080 4126//4126 2449//2449
f 4080//4080 2448//2448 3783//3783
f 4080//4080 2449//2449 2448//2448
f 3783//3783 3999//3999 3784//3784
f 3783//3783 2448//2448 3999//3999
f 3738//3738 3205//3205 4022//4022
f 4022//4022 3205//3205 2824//2824
f 2090//2090 1050//1050 2011//2011
f 1724//1724 1087//1087 1089//1089
f 1849//1849 2153//2153 1509//1509
f 2652//2652 1509//1509 1511//1511
f 1023//1023 2366//2366 2012//2012
f 3281//3281 3890//3890 2464//2464
f 3281//3281 4032//4032 3890//3890
f 111//111 1681//1681 2863//2863
f 4130//4130 1809//1809 2521//2521
f 2117//2117 663//663 4191//4191
f 2197//2197 2573//2573 401//401
f 2197//2197 2749//2749 2573//2573
f 1895//1895 2897//2897 2896//2896
f 3015//3015 1740//1740 1739//1739
f 2492//2492 859//859 860//860
f 4251//4251 3136//3136 3138//3138
f 662//662 2992//2992 3753//3753
f 662//662 3138//3138 2992//2992
f 2279//2279 2278//2278 3755//3755
f 1974//1974 3311//3311 1350//1350
f 910//910 3196//3196 911//911
f 3939//3939 1967//1967 2533//2533
f 4032//4032 3281//3281 3283//3283
f 4137//4137 3239//3239 2943//2943
f 4137//4137 654//654 3239//3239
f 3682//3682 3975//3975 2396//2396
f 3975//3975 4275//4275 2396//2396
f 367//367 1335//1335 127//127
f 2760//2760 587//587 4254//4254
f 3845//3845 4254//4254 3998//3998
f 788//788 4224//4224 789//789
f 4253//4253 4142//4142 3667//3667
f 4253//4253 2613//2613 4142//4142
f 1164//1164 3224//3224 1165//1165
f 1164//1164 2637//2637 3224//3224
f 1233//1233 2046//2046 1234//1234
f 2985//2985 387//387 386//386
f 3220//3220 2605//2605 3030//3030
f 3220//3220 3030//3030 3029//3029
f 1905//1905 2241//2241 1906//1906
f 1792//1792 1356//1356 2870//2870
f 2870//2870 4265//4265 1793//1793
f 3406//3406 629//629 3407//3407
f 2734//2734 681//681 682//682
f 2057//2057 3868//3868 509//509
f 2057//2057 3869//3869 3868//3868
f 3839//3839 661//661 3869//3869
f 3716//3716 3333//3333 230//230
f 2789//2789 3844//3844 4038//4038
f 3630//3630 3075//3075 3074//3074
f 1575//1575 261//261 1576//1576
f 4260//4260 1790//1790 3848//3848
f 1918//1918 3559//3559 3558//3558
f 3551//3551 2171//2171 3832//3832
f 3886//3886 3477//3477 3476//3476
f 4135//4135 2219//2219 1970//1970
f 3939//3939 523//523 1967//1967
f 1200//1200 1199//1199 2091//2091
f 1200//1200 2091//2091 780//780
f 272//272 3690//3690 2663//2663
f 272//272 3598//3598 3690//3690
f 1088//1088 1548//1548 152//152
f 3408//3408 3121//3121 412//412
f 3408//3408 3410//3410 3121//3121
f 2512//2512 2510//2510 1467//1467
f 2289//2289 2288//2288 1962//1962
f 3004//3004 1868//1868 2362//2362
f 3388//3388 2791//2791 2028//2028
f 1019//1019 1018//1018 2282//2282
f 4218//4218 2937//2937 1015//1015
f 2323//2323 519//519 521//521
f 2323//2323 4066//4066 519//519
f 2692//2692 2060//2060 1860//1860
f 4228//4228 1636//1636 1414//1414
f 291//291 1695//1695 289//289
f 291//291 1461//1461 1695//1695
f 2164//2164 2163//2163 2483//2483
f 4218//4218 1015//1015 1365//1365
f 3872//3872 1716//1716 2761//2761
f 4263//4263 89//89 3272//3272
f 3590//3590 1998//1998 2277//2277
f 3590//3590 2769//2769 1998//1998
f 954//954 1851//1851 2419//2419
f 3983//3983 735//735 1668//1668
f 3381//3381 1668//1668 4005//4005
f 3381//3381 4005//4005 36//36
f 742//742 3391//3391 743//743
f 2030//2030 3388//3388 2028//2028
f 2918//2918 2461//2461 2588//2588
f 2918//2918 2917//2917 2461//2461
f 230//230 4155//4155 4154//4154
f 2041//2041 2810//2810 2039//2039
f 4127//4127 4120//4120 4061//4061
f 2434//2434 892//892 891//891
f 2772//2772 2888//2888 3367//3367
f 1103//1103 3064//3064 2950//2950
f 1461//1461 1867//1867 1770//1770
f 1955//1955 3182//3182 443//443
f 1955//1955 4273//4273 3182//3182
f 2111//2111 3182//3182 4273//4273
f 2889//2889 468//468 3777//3777
f 4109//4109 802//802 1441//1441
f 4109//4109 2537//2537 802//802
f 4109//4109 3659//3659 3330//3330
f 4109//4109 1441//1441 3659//3659
f 3695//3695 3771//3771 1882//1882
f 914//914 913//913 1367//1367
f 1299//1299 3969//3969 2894//2894
f 3101//3101 2831//2831 285//285
f 1800//1800 89//89 4263//4263
f 1800//1800 2838//2838 89//89
f 3226//3226 2967//2967 2969//2969
f 3226//3226 2969//2969 3519//3519
f 1763//1763 2217//2217 2474//2474
f 2572//2572 3352//3352 3353//3353
f 2494//2494 1312//1312 1311//1311
f 547//547 2079//2079 2078//2078
f 3472//3472 1206//1206 3326//3326
f 1387//1387 2159//2159 547//547
f 2781//2781 888//888 4114//4114
f 1051//1051 1053//1053 1044//1044
f 2688//2688 1446//1446 4086//4086
f 2688//2688 2687//2687 1446//1446
f 3265//3265 487//487 3554//3554
f 3367//3367 3118//3118 3119//3119
f 2969//2969 2687//2687 2441//2441
f 628//628 627//627 382//382
f 879//879 105//105 3836//3836
f 511//511 2975//2975 749//749
f 1979//1979 2566//2566 2565//2565
f 1833//1833 1817//1817 222//222
f 3796//3796 1728//1728 2855//2855
f 4021//4021 903//903 192//192
f 3704//3704 1378//1378 4148//4148
f 3366//3366 2636//2636 2993//2993
f 1723//1723 1215//1215 1214//1214
f 3024//3024 375//375 377//377
f 2994//2994 2861//2861 3297//3297
f 3423//3423 3527//3527 474//474
f 2417//2417 2408//2408 2187//2187
f 83//83 3683//3683 1804//1804
f 4254//4254 2278//2278 2760//2760
f 657//657 3899//3899 658//658
f 654//654 4137//4137 3985//3985
f 2775//2775 1941//1941 1943//1943
f 3583//3583 3530//3530 1338//1338
f 3928//3928 2408//2408 4102//4102
f 4106//4106 4164//4164 2348//2348
f 4102//4102 4274//4274 3207//3207
f 141//141 139//139 3202//3202
f 820//820 2863//2863 1302//1302
f 820//820 4206//4206 2863//2863
f 2944//2944 949//949 1289//1289
f 2247//2247 2246//2246 2904//2904
f 3658//3658 254//254 3368//3368
f 3833//3833 4227//4227 3946//3946
f 2094//2094 3594//3594 592//592
f 2094//2094 2726//2726 3594//3594
f 1289//1289 949//949 1287//1287
f 1820//1820 259//259 2134//2134
f 761//761 1087//1087 1724//1724
f 2787//2787 3422//3422 3424//3424
f 3424//3424 3422//3422 3421//3421
f 3652//3652 464//464 1505//1505
f 3565//3565 3206//3206 3652//3652
f 2103//2103 2473//2473 2430//2430
f 965//965 404//404 1982//1982
f 2717//2717 3981//3981 4057//4057
f 4211//4211 4057//4057 249//249
f 2185//2185 1662//1662 1664//1664
f 2185//2185 710//710 1662//1662
f 3552//3552 3554//3554 3215//3215
f 3501//3501 4140//4140 4244//4244
f 3501//3501 3480//3480 4140//4140
f 2931//2931 2306//2306 2798//2798
f 3902//3902 2851//2851 3653//3653
f 3732//3732 1622//1622 642//642
f 152//152 1549//1549 1780//1780
f 513//513 700//700 512//512
f 512//512 253//253 252//252
f 3509//3509 4169//4169 3952//3952
f 1288//1288 4015//4015 1593//1593
f 1288//1288 1287//1287 4015//4015
f 248//248 2276//2276 3727//3727
f 248//248 3727//3727 3751//3751
f 921//921 920//920 2107//2107
f 2110//2110 2107//2107 166//166
f 1355//1355 671//671 670//670
f 1454//1454 3278//3278 3616//3616
f 991//991 3353//3353 992//992
f 991//991 4197//4197 3353//3353
f 139//139 3153//3153 2819//2819
f 1376//1376 1964//1964 3153//3153
f 3768//3768 3770//3770 3978//3978
f 1485//1485 3086//3086 6//6
f 3820//3820 1988//1988 537//537
f 2309//2309 3820//3820 537//537
f 2309//2309 537//537 1046//1046
f 3713//3713 4169//4169 3161//3161
f 871//871 3360//3360 1742//1742
f 871//871 4110//4110 3360//3360
f 1742//1742 869//869 871//871
f 3919//3919 121//121 3821//3821
f 3919//3919 2377//2377 121//121
f 3299//3299 1370//1370 1369//1369
f 2855//2855 1371//1371 883//883
f 2661//2661 2805//2805 1619//1619
f 395//395 4087//4087 3113//3113
f 395//395 397//397 4087//4087
f 953//953 952//952 2641//2641
f 2144//2144 2146//2146 2513//2513
f 3756//3756 3047//3047 3427//3427
f 1197//1197 3371//3371 281//281
f 3929//3929 1013//1013 3930//3930
f 3930//3930 1013//1013 3900//3900
f 1151//1151 1150//1150 3885//3885
f 842//842 3411//3411 3166//3166
f 842//842 2735//2735 3411//3411
f 3397//3397 3080//3080 4259//4259
f 3763//3763 3850//3850 3397//3397
f 3282//3282 2732//2732 2471//2471
f 2956//2956 3102//3102 3643//3643
f 790//790 3924//3924 1537//1537
f 2854//2854 3013//3013 107//107
f 3580//3580 4048//4048 3563//3563
f 4134//4134 3974//3974 4212//4212
f 3974//3974 4009//4009 4212//4212
f 841//841 2577//2577 2578//2578
f 841//841 1700//1700 2577//2577
f 3359//3359 2629//2629 1857//1857
f 1812//1812 3494//3494 1256//1256
f 1812//1812 3495//3495 3494//3494
f 237//237 2639//2639 303//303
f 1424//1424 3470//3470 1922//1922
f 2217//2217 251//251 4017//4017
f 3033//3033 3018//3018 2183//2183
f 3033//3033 2402//2402 3018//3018
f 2624//2624 2830//2830 4146//4146
f 2062//2062 3145//3145 4082//4082
f 2062//2062 2621//2621 3145//3145
f 1028//1028 3830//3830 1029//1029
f 2002//2002 3547//3547 2765//2765
f 2885//2885 3248//3248 2000//2000
f 2885//2885 4226//4226 3248//3248
f 3552//3552 700//700 3553//3553
f 1381//1381 1380//1380 4052//4052
f 3656//3656 2937//2937 4218//4218
f 558//558 2904//2904 2246//2246
f 558//558 3079//3079 2904//2904
f 2580//2580 352//352 351//351
f 700//700 513//513 3104//3104
f 2613//2613 2394//2394 1725//1725
f 2613//2613 568//568 2394//2394
f 3627//3627 3536//3536 3017//3017
f 3627//3627 2566//2566 3536//3536
f 687//687 686//686 2599//2599
f 2634//2634 1487//1487 191//191
f 2090//2090 1199//1199 4073//4073
f 4073//4073 1199//1199 691//691
f 2007//2007 4258//4258 4061//4061
f 3585//3585 1852//1852 4040//4040
f 3585//3585 4231//4231 1852//1852
f 4276//4276 4003//4003 2274//2274
f 1193//1193 4134//4134 2871//2871
f 2493//2493 514//514 1909//1909
f 4151//4151 351//351 3529//3529
f 4151//4151 2164//2164 351//351
f 1804//1804 4129//4129 2988//2988
f 2433//2433 1572//1572 4129//4129
f 3106//3106 3266//3266 3104//3104
f 2432//2432 3115//3115 2103//2103
f 792//792 3093//3093 2667//2667
f 792//792 791//791 3093//3093
f 2166//2166 3370//3370 2167//2167
f 2166//2166 2036//2036 3370//3370
f 395//395 2923//2923 1834//1834
f 2619//2619 1834//1834 3387//3387
f 3387//3387 1834//1834 4236//4236
f 1499//1499 617//617 4099//4099
f 4220//4220 3561//3561 178//178
f 3946//3946 177//177 3240//3240
f 3672//3672 3673//3673 4137//4137
f 1134//1134 3126//3126 1881//1881
f 3927//3927 318//318 1097//1097
f 3927//3927 112//112 318//318
f 704//704 4197//4197 3328//3328
f 1877//1877 1942//1942 1941//1941
f 1941//1941 4215//4215 1877//1877
f 4215//4215 4214//4214 1877//1877
f 3045//3045 3402//3402 3651//3651
f 2701//2701 324//324 2821//2821
f 3955//3955 3324//3324 4041//4041
f 2653//2653 3986//3986 3987//3987
f 3313//3313 1857//1857 1856//1856
f 3267//3267 3266//3266 3650//3650
f 2836//2836 1830//1830 1829//1829
f 1680//1680 1679//1679 4277//4277
f 300//300 3252//3252 3261//3261
f 1240//1240 467//467 1390//1390
f 2928//2928 1845//1845 1273//1273
f 1997//1997 104//104 1347//1347
f 4214//4214 3056//3056 1874//1874
f 3056//3056 3817//3817 1659//1659
f 3817//3817 3056//3056 1247//1247
f 1402//1402 1201//1201 969//969
f 4222//4222 1633//1633 4168//4168
f 82//82 81//81 713//713
f 2795//2795 925//925 927//927
f 3136//3136 4002//4002 3137//3137
f 962//962 3257//3257 3921//3921
f 962//962 964//964 3257//3257
f 2099//2099 3250//3250 3725//3725
f 2409//2409 4240//4240 2113//2113
f 3027//3027 3446//3446 4053//4053
f 2797//2797 266//266 3697//3697
f 4016//4016 4156//4156 4209//4209
f 4016//4016 2190//2190 4156//4156
f 629//629 761//761 3407//3407
f 2400//2400 3210//3210 3209//3209
f 1255//1255 3034//3034 1253//1253
f 1255//1255 2692//2692 3034//3034
f 3024//3024 1185//1185 3127//3127
f 3530//3530 194//194 1338//1338
f 3530//3530 2010//2010 194//194
f 1765//1765 3283//3283 3282//3282
f 2269//2269 3905//3905 2267//2267
f 2269//2269 2167//2167 3905//3905
f 1687//1687 719//719 718//718
f 1432//1432 2558//2558 1433//1433
f 3565//3565 3652//3652 1683//1683
f 3427//3427 2570//2570 1126//1126
f 3427//3427 3047//3047 2570//2570
f 4211//4211 2716//2716 2715//2715
f 546//546 1807//1807 1386//1386
f 3322//3322 4262//4262 781//781
f 3298//3298 3935//3935 1661//1661
f 3298//3298 3903//3903 3935//3935
f 882//882 25//25 880//880
f 882//882 3003//3003 25//25
f 1270//1270 3412//3412 2204//2204
f 1270//1270 2625//2625 3412//3412
f 3258//3258 3909//3909 3179//3179
f 2532//2532 2209//2209 1221//1221
f 1850//1850 1149//1149 3938//3938
f 1342//1342 615//615 614//614
f 2532//2532 1221//1221 3674//3674
f 2654//2654 4112//4112 2655//2655
f 303//303 2639//2639 3540//3540
f 3021//3021 687//687 2598//2598
f 4183//4183 3139//3139 4182//4182
f 3468//3468 3467//3467 1643//1643
f 3985//3985 3900//3900 654//654
f 3684//3684 1750//1750 3683//3683
f 290//290 1867//1867 291//291
f 3672//3672 1805//1805 3173//3173
f 3638//3638 1572//1572 1573//1573
f 3638//3638 3949//3949 1572//1572
f 3949//3949 4129//4129 1572//1572
f 2433//2433 4129//4129 3069//3069
f 2336//2336 2045//2045 2044//2044
f 1878//1878 2334//2334 2045//2045
f 2335//2335 169//169 2334//2334
f 2334//2334 169//169 168//168
f 2850//2850 3873//3873 3320//3320
f 4249//4249 2952//2952 3604//3604
f 3853//3853 3604//3604 354//354
f 1818//1818 3954//3954 1819//1819
f 4010//4010 3061//3061 2846//2846
f 4010//4010 2263//2263 3061//3061
f 4147//4147 2691//2691 3456//3456
f 1415//1415 1417//1417 3346//3346
f 1416//1416 2542//2542 1417//1417
f 211//211 210//210 2389//2389
f 3109//3109 1330//1330 210//210
f 3109//3109 4245//4245 1330//1330
f 3109//3109 697//697 4245//4245
f 4046//4046 4007//4007 803//803
f 1455//1455 1457//1457 3943//3943
f 3732//3732 116//116 201//201
f 1213//1213 1612//1612 840//840
f 3686//3686 4178//4178 1881//1881
f 2336//2336 2457//2457 2454//2454
f 820//820 3796//3796 3795//3795
f 3382//3382 36//36 741//741
f 4099//4099 617//617 2925//2925
f 712//712 1662//1662 710//710
f 1308//1308 1307//1307 1120//1120
f 2047//2047 2049//2049 1835//1835
f 2928//2928 1273//1273 1275//1275
f 3159//3159 3461//3461 1789//1789
f 3625//3625 3922//3922 2378//2378
f 3476//3476 3478//3478 3764//3764
f 3992//3992 75//75 3842//3842
f 3992//3992 1391//1391 75//75
f 507//507 1680//1680 508//508
f 1601//1601 1146//1146 1145//1145
f 1717//1717 1180//1180 2445//2445
f 2445//2445 3893//3893 1717//1717
f 3585//3585 3800//3800 4231//4231
f 3648//3648 2931//2931 2933//2933
f 3027//3027 4236//4236 1836//1836
f 3027//3027 1032//1032 4236//4236
f 1836//1836 4236//4236 1834//1834
f 1125//1125 3428//3428 1126//1126
f 2857//2857 1858//1858 3007//3007
f 2857//2857 3007//3007 1845//1845
f 2589//2589 2525//2525 2500//2500
f 3216//3216 1173//1173 1306//1306
f 1174//1174 1173//1173 2026//2026
f 3240//3240 476//476 743//743
f 4266//4266 4073//4073 376//376
f 4266//4266 2090//2090 4073//4073
f 3754//3754 1281//1281 1481//1481
f 2849//2849 4256//4256 2850//2850
f 288//288 3611//3611 2298//2298
f 288//288 287//287 3611//3611
f 2483//2483 3852//3852 2484//2484
f 3801//3801 3242//3242 244//244
f 4210//4210 3362//3362 1786//1786
f 1967//1967 523//523 2181//2181
f 1291//1291 2669//2669 3064//3064
f 3760//3760 1222//1222 3072//3072
f 3901//3901 238//238 302//302
f 501//501 1280//1280 1279//1279
f 992//992 4078//4078 990//990
f 4078//4078 2452//2452 990//990
f 1895//1895 1894//1894 4009//4009
f 1894//1894 4212//4212 4009//4009
f 4172//4172 2871//2871 4212//4212
f 2130//2130 2129//2129 875//875
f 790//790 1537//1537 788//788
f 3574//3574 540//540 3180//3180
f 2393//2393 570//570 2837//2837
f 2393//2393 568//568 570//570
f 3036//3036 2608//2608 2610//2610
f 3036//3036 4237//4237 2608//2608
f 2760//2760 1998//1998 2000//2000
f 3889//3889 2030//2030 2029//2029
f 3889//3889 3970//3970 2030//2030
f 3824//3824 3441//3441 3746//3746
f 2997//2997 2909//2909 3703//3703
f 2997//2997 739//739 2909//2909
f 3591//3591 767//767 1566//1566
f 4256//4256 3294//3294 3873//3873
f 2816//2816 3380//3380 3379//3379
f 2744//2744 1290//1290 2093//2093
f 858//858 1421//1421 2202//2202
f 2174//2174 1215//1215 1723//1723
f 319//319 1038//1038 2307//2307
f 1480//1480 3304//3304 429//429
f 281//281 3748//3748 2152//2152
f 4197//4197 3908//3908 2572//2572
f 4225//4225 3325//3325 3930//3930
f 4225//4225 3984//3984 3325//3325
f 2464//2464 2462//2462 3284//3284
f 2846//2846 44//44 46//46
f 3647//3647 3086//3086 1483//1483
f 849//849 3822//3822 3178//3178
f 1757//1757 2684//2684 1758//1758
f 1847//1847 1849//1849 53//53
f 2547//2547 2546//2546 4127//4127
f 2677//2677 472//472 1987//1987
f 1985//1985 1987//1987 3528//3528
f 1987//1987 472//472 3528//3528
f 2484//2484 3852//3852 2581//2581
f 2479//2479 391//391 390//390
f 2479//2479 3068//3068 391//391
f 704//704 2555//2555 3908//3908
f 3954//3954 1820//1820 1819//1819
f 1202//1202 3916//3916 2143//2143
f 4222//4222 4168//4168 946//946
f 3839//3839 3759//3759 496//496
f 3656//3656 4218//4218 2600//2600
f 1896//1896 2469//2469 180//180
f 2053//2053 2052//2052 1277//1277
f 983//983 2897//2897 1385//1385
f 2593//2593 3994//3994 2949//2949
f 3688//3688 825//825 827//827
f 825//825 3688//3688 1792//1792
f 3047//3047 4179//4179 2570//2570
f 436//436 2527//2527 2528//2528
f 2328//2328 2402//2402 3897//3897
f 2328//2328 3897//3897 4170//4170
f 3562//3562 3099//3099 4132//4132
f 3562//3562 4132//4132 3580//3580
f 1918//1918 1917//1917 3559//3559
f 3189//3189 3941//3941 2755//2755
f 3944//3944 1177//1177 3940//3940
f 3940//3940 3396//3396 2740//2740
f 3940//3940 1177//1177 3396//3396
f 3940//3940 2740//2740 2742//2742
f 3270//3270 3529//3529 2193//2193
f 3104//3104 2179//2179 3105//3105
f 2207//2207 3659//3659 3440//3440
f 363//363 365//365 1932//1932
f 3349//3349 1943//1943 1616//1616
f 4057//4057 2715//2715 2717//2717
f 3333//3333 4278//4278 230//230
f 402//402 401//401 1578//1578
f 3393//3393 2531//2531 1443//1443
f 3471//3471 2490//2490 2492//2492
f 3471//3471 515//515 2490//2490
f 3199//3199 1733//1733 1949//1949
f 1949//1949 1733//1733 1950//1950
f 2441//2441 2688//2688 2442//2442
f 3199//3199 3780//3780 1733//1733
f 1776//1776 3956//3956 1889//1889
f 2113//2113 2229//2229 3894//3894
f 4274//4274 2273//2273 3140//3140
f 2272//2272 3140//3140 2273//2273
f 4278//4278 2338//2338 230//230
f 4278//4278 3331//3331 2338//2338
f 3800//3800 3799//3799 4230//4230
f 2219//2219 4135//4135 3953//3953
f 4028//4028 3773//3773 4029//4029
f 3772//3772 3557//3557 3773//3773
f 3772//3772 1326//1326 3557//3557
f 2483//2483 4221//4221 3853//3853
f 4019//4019 3664//3664 3666//3666
f 374//374 3640//3640 3849//3849
f 3640//3640 374//374 571//571
f 1291//1291 2862//2862 2669//2669
f 3893//3893 1521//1521 1717//1717
f 3891//3891 3890//3890 2679//2679
f 4037//4037 3923//3923 3711//3711
f 3539//3539 3371//3371 2177//2177
f 3969//3969 236//236 2894//2894
f 1757//1757 2682//2682 2684//2684
f 3097//3097 4266//4266 4049//4049
f 4243//4243 1405//1405 2304//2304
f 1704//1704 1706//1706 3936//3936
f 4229//4229 495//495 13//13
f 653//653 3077//3077 488//488
f 949//949 2944//2944 947//947
f 3223//3223 3841//3841 4090//4090
f 1898//1898 2221//2221 2220//2220
f 2221//2221 2218//2218 2222//2222
f 89//89 2838//2838 90//90
f 1499//1499 2255//2255 459//459
f 2709//2709 931//931 2234//2234
f 1592//1592 3555//3555 1288//1288
f 1231//1231 1230//1230 2243//2243
f 1231//1231 2243//2243 545//545
f 602//602 3816//3816 1119//1119
f 1119//1119 3816//3816 1308//1308
f 4250//4250 2133//2133 2128//2128
f 4250//4250 2134//2134 2133//2133
f 1914//1914 2400//2400 3209//3209
f 4167//4167 236//236 238//238
f 957//957 3135//3135 2423//2423
f 957//957 2738//2738 3135//3135
f 2814//2814 740//740 2815//2815
f 1747//1747 1749//1749 1751//1751
f 3229//3229 3825//3825 3600//3600
f 2582//2582 1581//1581 1580//1580
f 2952//2952 2771//2771 2770//2770
f 3581//3581 2290//2290 3492//3492
f 891//891 928//928 2434//2434
f 2040//2040 3654//3654 2041//2041
f 2040//2040 904//904 3654//3654
f 1903//1903 4010//4010 46//46
f 294//294 3973//3973 3794//3794
f 771//771 3566//3566 4133//4133
f 3189//3189 3940//3940 3941//3941
f 3673//3673 3173//3173 3984//3984
f 3496//3496 3719//3719 3497//3497
f 1127//1127 4254//4254 587//587
f 1323//1323 1325//1325 45//45
f 45//45 44//44 1323//1323
f 2402//2402 1534//1534 3897//3897
f 1331//1331 2783//2783 1332//1332
f 4257//4257 786//786 2412//2412
f 663//663 3753//3753 4191//4191
f 3589//3589 2756//2756 4157//4157
f 3011//3011 127//127 4118//4118
f 3216//3216 3237//3237 1587//1587
f 3216//3216 1770//1770 3237//3237
f 2250//2250 4246//4246 3110//3110
f 2250//2250 2251//2251 4246//4246
f 1566//1566 1669//1669 1671//1671
f 1747//1747 1751//1751 1748//1748
f 4254//4254 1127//1127 3998//3998
f 3998//3998 4187//4187 3996//3996
f 3998//3998 1127//1127 4187//4187
f 643//643 3194//3194 1161//1161
f 2029//2029 2028//2028 2693//2693
f 2434//2434 928//928 930//930
f 2630//2630 3273//3273 1844//1844
f 4258//4258 1670//1670 4061//4061
f 1670//1670 4127//4127 4061//4061
f 264//264 534//534 262//262
f 1669//1669 263//263 4128//4128
f 4049//4049 4266//4266 376//376
f 1820//1820 4041//4041 3694//3694
f 3866//3866 3622//3622 3867//3867
f 3496//3496 3228//3228 3230//3230
f 4105//4105 211//211 2542//2542
f 861//861 2999//2999 4074//4074
f 1961//1961 647//647 1683//1683
f 2322//2322 2841//2841 2842//2842
f 2842//2842 2325//2325 2322//2322
f 82//82 250//250 2604//2604
f 2412//2412 2384//2384 1312//1312
f 3740//3740 551//551 3151//3151
f 3740//3740 1648//1648 3193//3193
f 3740//3740 3151//3151 1648//1648
f 2099//2099 3725//3725 2100//2100
f 1308//1308 1120//1120 1119//1119
f 3486//3486 658//658 3899//3899
f 3486//3486 2477//2477 658//658
f 4019//4019 5//5 4//4
f 2874//2874 1828//1828 1827//1827
f 2567//2567 2160//2160 3689//3689
f 649//649 648//648 3581//3581
f 1018//1018 1706//1706 2282//2282
f 1018//1018 1017//1017 1706//1706
f 3956//3956 3275//3275 3274//3274
f 2590//2590 4033//4033 1516//1516
f 2590//2590 2972//2972 4033//4033
f 2989//2989 2085//2085 810//810
f 209//209 208//208 776//776
f 314//314 3153//3153 1964//1964
f 314//314 316//316 3153//3153
f 227//227 1433//1433 1840//1840
f 227//227 229//229 1433//1433
f 1840//1840 1433//1433 432//432
f 2217//2217 252//252 251//251
f 2756//2756 1327//1327 1326//1326
f 3969//3969 4111//4111 236//236
f 3775//3775 507//507 509//509
f 3619//3619 2414//2414 3337//3337
f 3619//3619 2413//2413 2414//2414
f 3619//3619 3620//3620 2413//2413
f 3620//3620 610//610 2413//2413
f 265//265 195//195 373//373
f 3830//3830 1885//1885 2199//2199
f 1885//1885 2440//2440 2200//2200
f 4208//4208 1563//1563 3750//3750
f 3599//3599 3302//3302 1554//1554
f 3450//3450 3449//3449 430//430
f 3880//3880 4067//4067 3881//3881
f 2585//2585 3429//3429 3555//3555
f 3715//3715 339//339 341//341
f 1965//1965 1063//1063 37//37
f 890//890 1750//1750 1749//1749
f 2485//2485 3840//3840 644//644
f 4014//4014 1067//1067 4004//4004
f 2431//2431 3105//3105 2178//2178
f 3407//3407 763//763 4199//4199
f 3407//3407 761//761 763//763
f 2772//2772 4038//4038 2888//2888
f 3998//3998 3844//3844 3845//3845
f 1786//1786 934//934 4210//4210
f 3352//3352 3439//3439 3441//3441
f 4065//4065 2326//2326 4190//4190
f 1053//1053 1042//1042 1044//1044
f 3150//3150 2385//2385 3330//3330
f 3150//3150 1310//1310 2385//2385
f 919//919 2108//2108 920//920
f 919//919 4194//4194 2108//2108
f 602//602 1434//1434 3416//3416
f 602//602 1119//1119 1434//1434
f 2856//2856 3313//3313 1856//1856
f 2856//2856 3314//3314 3313//3313
f 4185//4185 2379//2379 2380//2380
f 4185//4185 3000//3000 2379//2379
f 659//659 3839//3839 495//495
f 1341//1341 1619//1619 2804//2804
f 3686//3686 288//288 3609//3609
f 3686//3686 1881//1881 288//288
f 2234//2234 931//931 3187//3187
f 4188//4188 2281//2281 3856//3856
f 4038//4038 2772//2772 2771//2771
f 3006//3006 2003//2003 2005//2005
f 3693//3693 895//895 1646//1646
f 1590//1590 1591//1591 2845//2845
f 1314//1314 597//597 3908//3908
f 2449//2449 4126//4126 3741//3741
f 2988//2988 3741//3741 4126//4126
f 4057//4057 2605//2605 249//249
f 817//817 4279//4279 3159//3159
f 2861//2861 3874//3874 4042//4042
f 2104//2104 1676//1676 417//417
f 4029//4029 3786//3786 4097//4097
f 4029//4029 3773//3773 3786//3786
f 1197//1197 498//498 497//497
f 561//561 3482//3482 562//562
f 4027//4027 3569//3569 3520//3520
f 4027//4027 3062//3062 3569//3569
f 383//383 2016//2016 3668//3668
f 4184//4184 1169//1169 3545//3545
f 2442//2442 3709//3709 3804//3804
f 576//576 3804//3804 3803//3803
f 3771//3771 3696//3696 4121//4121
f 3433//3433 3926//3926 2455//2455
f 2455//2455 3926//3926 2456//2456
f 3234//3234 3946//3946 3240//3240
f 680//680 183//183 185//185
f 680//680 3361//3361 183//183
f 3760//3760 2514//2514 2516//2516
f 2331//2331 2330//2330 2640//2640
f 3991//3991 4049//4049 375//375
f 2148//2148 2147//2147 1976//1976
f 903//903 1638//1638 192//192
f 903//903 905//905 1638//1638
f 2968//2968 1446//1446 2687//2687
f 2269//2269 2268//2268 1594//1594
f 3426//3426 3864//3864 1105//1105
f 3426//3426 3865//3865 3864//3864
f 2439//2439 1825//1825 2440//2440
f 2439//2439 1824//1824 1825//1825
f 3193//3193 1648//1648 1647//1647
f 4208//4208 3355//3355 3904//3904
f 3456//3456 2691//2691 2690//2690
f 1914//1914 3209//3209 1382//1382
f 1138//1138 1137//1137 3373//3373
f 186//186 2926//2926 617//617
f 88//88 90//90 2435//2435
f 90//90 2840//2840 2435//2435
f 55//55 3656//3656 181//181
f 2714//2714 3779//3779 3198//3198
f 2703//2703 2260//2260 1761//1761
f 2703//2703 2702//2702 2260//2260
f 1853//1853 3541//3541 3376//3376
f 1643//1643 3467//3467 3914//3914
f 3668//3668 2018//2018 3005//3005
f 3668//3668 2016//2016 2018//2018
f 2660//2660 3925//3925 2527//2527
f 3393//3393 4028//4028 2531//2531
f 1826//1826 1828//1828 2572//2572
f 3712//3712 4273//4273 1954//1954
f 3712//3712 2112//2112 4273//4273
f 3603//3603 295//295 3293//3293
f 80//80 82//82 970//970
f 1165//1165 4090//4090 3327//3327
f 1627//1627 4153//4153 686//686
f 349//349 3303//3303 3808//3808
f 3303//3303 2785//2785 3808//3808
f 2298//2298 3611//3611 4066//4066
f 2190//2190 4065//4065 4051//4051
f 2190//2190 2298//2298 4065//4065
f 2298//2298 4066//4066 4065//4065
f 2501//2501 4271//4271 757//757
f 300//300 299//299 2333//2333
f 208//208 2367//2367 776//776
f 1079//1079 1080//1080 676//676
f 2931//2931 3648//3648 1953//1953
f 3259//3259 542//542 2303//2303
f 1130//1130 149//149 1128//1128
f 1130//1130 2655//2655 149//149
f 2655//2655 2363//2363 149//149
f 4138//4138 3570//3570 3870//3870
f 2639//2639 237//237 4111//4111
f 4277//4277 3144//3144 422//422
f 859//859 4209//4209 4156//4156
f 1840//1840 432//432 1841//1841
f 3168//3168 2488//2488 4223//4223
f 4223//4223 2488//2488 4115//4115
f 1134//1134 1733//1733 1135//1135
f 2273//2273 4274//4274 2417//2417
f 927//927 926//926 2610//2610
f 2610//2610 926//926 3037//3037
f 672//672 2469//2469 670//670
f 3473//3473 2097//2097 2096//2096
f 840//840 844//844 1213//1213
f 1213//1213 844//844 1211//1211
f 1212//1212 1211//1211 1410//1410
f 465//465 3205//3205 3258//3258
f 3205//3205 3909//3909 3258//3258
f 3085//3085 1941//1941 2775//2775
f 3085//3085 4215//4215 1941//1941
f 3085//3085 3057//3057 4215//4215
f 2830//2830 4133//4133 4146//4146
f 3333//3333 3331//3331 4278//4278
f 3679//3679 926//926 557//557
f 280//280 2266//2266 2634//2634
f 4071//4071 1878//1878 2336//2336
f 2100//2100 3725//3725 2623//2623
f 2163//2163 3423//3423 2483//2483
f 3626//3626 3315//3315 2418//2418
f 2686//2686 1493//1493 1495//1495
f 1506//1506 2947//2947 4025//4025
f 2812//2812 2811//2811 4159//4159
f 546//546 3025//3025 1807//1807
f 983//983 1385//1385 1384//1384
f 2351//2351 3163//3163 2971//2971
f 4086//4086 4067//4067 3708//3708
f 4086//4086 1052//1052 4067//4067
f 1052//1052 4085//4085 4067//4067
f 1052//1052 1051//1051 4085//4085
f 1051//1051 2351//2351 3158//3158
f 730//730 2300//2300 1781//1781
f 730//730 2301//2301 2300//2300
f 2557//2557 2297//2297 3759//3759
f 4259//4259 2212//2212 2954//2954
f 2379//2379 3000//3000 3473//3473
f 833//833 4074//4074 3345//3345
f 3000//3000 861//861 3473//3473
f 861//861 2097//2097 3473//3473
f 861//861 862//862 2097//2097
f 3970//3970 320//320 3648//3648
f 3359//3359 4020//4020 552//552
f 4020//4020 3962//3962 552//552
f 3161//3161 4169//4169 14//14
f 2477//2477 3486//3486 3256//3256
f 2169//2169 1379//1379 3704//3704
f 4205//4205 1819//1819 1585//1585
f 3047//3047 3757//3757 4179//4179
f 4008//4008 3777//3777 468//468
f 40//40 759//759 2445//2445
f 3447//3447 354//354 2786//2786
f 3815//3815 2374//2374 3816//3816
f 4014//4014 2342//2342 4015//4015
f 1152//1152 3538//3538 1150//1150
f 4035//4035 84//84 83//83
f 985//985 3012//3012 4118//4118
f 265//265 373//373 2970//2970
f 1819//1819 1821//1821 1585//1585
f 1120//1120 2880//2880 1118//1118
f 130//130 129//129 3677//3677
f 435//435 434//434 2063//2063
f 3949//3949 2545//2545 3742//3742
f 3949//3949 3638//3638 2545//2545
f 3638//3638 1573//1573 2543//2543
f 1573//1573 2736//2736 2543//2543
f 1573//1573 3195//3195 2736//2736
f 1912//1912 1844//1844 1238//1238
f 723//723 298//298 3665//3665
f 4234//4234 4185//4185 138//138
f 2614//2614 2616//2616 4074//4074
f 4074//4074 4234//4234 2614//2614
f 2817//2817 1472//1472 1471//1471
f 3659//3659 3746//3746 3440//3440
f 3659//3659 1441//1441 3746//3746
f 762//762 3731//3731 3958//3958
f 160//160 2874//2874 158//158
f 2256//2256 284//284 2955//2955
f 752//752 1524//1524 1370//1370
f 1962//1962 428//428 427//427
f 164//164 859//859 517//517
f 164//164 166//166 859//859
f 2772//2772 3367//3367 2905//2905
f 2219//2219 4267//4267 2946//2946
f 2648//2648 4043//4043 2632//2632
f 4177//4177 3505//3505 2750//2750
f 1380//1380 3501//3501 4171//4171
f 3641//3641 573//573 4195//4195
f 2508//2508 4228//4228 1167//1167
f 2508//2508 1636//1636 4228//4228
f 4018//4018 4270//4270 2752//2752
f 2807//2807 2847//2847 2372//2372
f 2807//2807 1994//1994 2847//2847
f 2870//2870 4039//4039 4265//4265
f 2870//2870 3511//3511 4039//4039
f 138//138 4185//4185 2380//2380
f 4268//4268 2706//2706 2235//2235
f 4268//4268 3230//3230 2706//2706
f 2235//2235 2708//2708 1938//1938
f 2235//2235 2706//2706 2708//2708
f 3626//3626 2418//2418 2187//2187
f 2188//2188 3715//3715 3316//3316
f 3734//3734 4267//4267 2218//2218
f 4069//4069 2830//2830 2831//2831
f 1340//1340 2659//2659 1619//1619
f 4107//4107 2413//2413 609//609
f 4107//4107 3190//3190 2413//2413
f 2154//2154 3891//3891 4119//4119
f 4231//4231 1149//1149 1852//1852
f 4231//4231 1147//1147 1149//1149
f 4230//4230 1147//1147 4231//4231
f 543//543 1876//1876 2987//2987
f 1876//1876 3435//3435 2987//2987
f 280//280 279//279 2247//2247
f 2676//2676 3279//3279 1306//1306
f 350//350 3119//3119 3965//3965
f 3549//3549 3798//3798 3548//3548
f 2899//2899 3601//3601 3600//3600
f 2506//2506 2507//2507 3600//3600
f 339//339 2408//2408 3928//3928
f 1514//1514 3843//3843 2591//2591
f 2443//2443 650//650 3519//3519
f 2716//2716 3738//3738 4022//4022
f 2388//2388 210//210 721//721
f 210//210 722//722 721//721
f 210//210 1330//1330 722//722
f 2954//2954 3854//3854 936//936
f 1000//1000 3884//3884 3988//3988
f 1000//1000 999//999 3884//3884
f 353//353 352//352 3172//3172
f 1013//1013 4173//4173 3900//3900
f 1012//1012 3486//3486 4173//4173
f 3918//3918 2614//2614 4234//4234
f 3918//3918 3244//3244 2614//2614
f 3316//3316 3715//3715 2013//2013
f 3303//3303 349//349 3486//3486
f 2618//2618 734//734 3452//3452
f 3462//3462 3157//3157 2971//2971
f 885//885 1628//1628 1627//1627
f 2501//2501 4131//4131 4271//4271
f 2491//2491 2191//2191 2492//2492
f 1045//1045 3390//3390 3391//3391
f 1045//1045 3817//3817 3390//3390
f 3607//3607 1321//1321 2161//2161
f 3940//3940 3188//3188 3976//3976
f 224//224 2251//2251 942//942
f 3660//3660 2013//2013 3715//3715
f 3660//3660 2499//2499 2013//2013
f 3470//3470 3041//3041 1922//1922
f 3470//3470 2966//2966 3041//3041
f 2686//2686 3861//3861 1946//1946
f 3931//3931 4265//4265 4068//4068
f 2683//2683 2780//2780 1219//1219
f 2683//2683 247//247 2780//2780
f 3975//3975 3484//3484 4275//4275
f 4275//4275 3484//3484 3485//3485
f 2111//2111 4273//4273 2112//2112
f 3825//3825 2899//2899 3600//3600
f 4234//4234 3001//3001 4185//4185
f 4149//4149 2880//2880 1384//1384
f 3125//3125 1379//1379 3123//3123
f 3571//3571 1672//1672 3415//3415
f 2032//2032 3102//3102 113//113
f 2421//2421 3437//3437 2145//2145
f 2145//2145 3437//3437 2146//2146
f 2146//2146 2941//2941 2511//2511
f 3609//3609 288//288 2189//2189
f 1889//1889 1529//1529 4223//4223
f 2963//2963 3290//3290 3291//3291
f 1047//1047 1048//1048 3953//3953
f 1644//1644 3959//3959 1645//1645
f 1644//1644 3203//3203 3959//3959
f 1823//1823 2364//2364 2363//2363
f 3607//3607 4203//4203 4110//4110
f 158//158 2873//2873 902//902
f 1048//1048 1686//1686 50//50
f 3782//3782 1777//1777 4115//4115
f 555//555 1440//1440 2335//2335
f 555//555 557//557 1440//1440
f 4112//4112 2363//2363 2655//2655
f 4112//4112 1823//1823 2363//2363
f 4028//4028 2529//2529 2531//2531
f 4136//4136 4035//4035 1806//1806
f 4136//4136 2942//2942 4035//4035
f 3430//3430 923//923 1027//1027
f 3765//3765 2604//2604 2603//2603
f 1139//1139 2518//2518 1140//1140
f 372//372 3398//3398 373//373
f 4264//4264 3576//3576 227//227
f 4264//4264 227//227 1840//1840
f 1129//1129 2384//2384 786//786
f 2113//2113 2112//2112 2409//2409
f 1628//1628 1545//1545 1626//1626
f 1899//1899 2519//2519 1365//1365
f 3674//3674 3406//3406 3443//3443
f 1014//1014 1703//1703 1705//1705
f 1400//1400 4148//4148 1378//1378
f 1400//1400 1378//1378 1377//1377
f 1377//1377 3469//3469 1400//1400
f 2343//2343 1413//1413 2617//2617
f 2343//2343 4004//4004 1413//1413
f 2716//2716 4022//4022 2717//2717
f 3512//3512 64//64 4145//4145
f 4135//4135 1047//1047 3953//3953
f 4035//4035 2942//2942 84//84
f 2253//2253 3052//3052 2698//2698
f 2698//2698 3052//3052 3168//3168
f 56//56 696//696 57//57
f 500//500 3304//3304 1280//1280
f 2758//2758 2757//2757 2296//2296
f 2592//2592 2973//2973 2261//2261
f 2619//2619 3387//3387 2962//2962
f 3726//3726 1408//1408 3487//3487
f 3726//3726 993//993 1408//1408
f 4072//4072 3311//3311 4019//4019
f 2929//2929 1682//1682 4255//4255
f 3462//3462 3159//3159 3157//3157
f 3205//3205 3565//3565 2824//2824
f 1098//1098 317//317 776//776
f 3858//3858 2932//2932 4036//4036
f 2667//2667 2517//2517 2666//2666
f 4101//4101 3207//3207 4139//4139
f 3295//3295 1261//1261 3296//3296
f 4125//4125 3848//3848 3850//3850
f 4020//4020 1857//1857 3586//3586
f 2514//2514 1206//1206 2515//2515
f 531//531 533//533 3135//3135
f 3082//3082 3698//3698 2213//2213
f 3082//3082 3081//3081 3699//3699
f 3081//3081 3083//3083 3699//3699
f 3574//3574 3727//3727 3089//3089
f 3143//3143 717//717 3781//3781
f 3143//3143 63//63 717//717
f 3408//3408 411//411 3442//3442
f 3408//3408 412//412 411//411
f 1145//1145 1959//1959 692//692
f 3456//3456 3824//3824 3823//3823
f 2538//2538 2211//2211 2210//2210
f 2332//2332 325//325 2330//2330
f 1609//1609 1867//1867 292//292
f 3734//3734 3963//3963 4267//4267
f 1848//1848 1847//1847 3096//3096
f 932//932 4240//4240 2409//2409
f 3434//3434 1986//1986 3415//3415
f 3486//3486 1012//1012 3303//3303
f 1640//1640 4233//4233 1597//1597
f 1786//1786 1788//1788 934//934
f 923//923 2763//2763 924//924
f 2420//2420 3437//3437 2421//2421
f 2420//2420 1850//1850 3938//3938
f 1586//1586 1585//1585 4189//4189
f 2640//2640 1492//1492 1491//1491
f 1858//1858 551//551 3739//3739
f 1921//1921 3698//3698 1599//1599
f 3932//3932 3698//3698 1921//1921
f 3275//3275 1920//1920 2893//2893
f 3275//3275 1921//1921 1920//1920
f 181//181 3656//3656 2600//2600
f 3743//3743 3360//3360 2661//2661
f 3743//3743 1742//1742 3360//3360
f 4259//4259 3080//3080 3082//3082
f 3397//3397 3083//3083 3080//3080
f 3922//3922 2447//2447 121//121
f 121//121 2378//2378 3922//3922
f 121//121 2377//2377 2378//2378
f 1583//1583 2653//2653 1069//1069
f 1119//1119 1435//1435 1434//1434
f 1119//1119 1118//1118 1435//1435
f 2038//2038 3898//3898 2020//2020
f 4276//4276 2274//2274 2416//2416
f 3945//3945 3633//3633 3632//3632
f 3945//3945 3716//3716 3633//3633
f 1883//1883 1884//1884 3682//3682
f 3640//3640 571//571 573//573
f 2133//2133 1575//1575 1574//1574
f 3763//3763 3597//3597 4124//4124
f 3610//3610 1464//1464 3530//3530
f 3384//3384 297//297 2776//2776
f 3191//3191 1787//1787 1786//1786
f 3506//3506 3386//3386 1737//1737
f 355//355 2770//2770 356//356
f 660//660 659//659 1888//1888
f 3384//3384 298//298 297//297
f 3384//3384 3665//3665 298//298
f 2168//2168 1099//1099 2368//2368
f 1485//1485 6//6 5//5
f 3086//3086 3867//3867 6//6
f 3230//3230 2507//2507 1353//1353
f 3650//3650 3649//3649 4252//4252
f 4102//4102 2408//2408 4274//4274
f 1384//1384 2880//2880 983//983
f 2456//2456 4071//4071 2454//2454
f 1840//1840 525//525 4264//4264
f 4132//4132 3386//3386 3508//3508
f 3386//3386 3506//3506 3508//3508
f 1072//1072 115//115 1073//1073
f 115//115 1072//1072 3513//3513
f 2625//2625 4007//4007 3412//3412
f 186//186 188//188 2926//2926
f 1954//1954 3621//3621 1068//1068
f 3502//3502 3209//3209 3211//3211
f 1607//1607 2308//2308 2718//2718
f 3751//3751 4211//4211 248//248
f 1840//1840 526//526 525//525
f 899//899 1785//1785 4269//4269
f 4150//4150 1975//1975 1976//1976
f 4115//4115 368//368 3782//3782
f 2962//2962 1496//1496 360//360
f 3138//3138 1957//1957 4251//4251
f 3138//3138 662//662 1957//1957
f 803//803 3146//3146 804//804
f 2172//2172 3280//3280 2173//2173
f 1157//1157 2233//2233 4117//4117
f 3036//3036 2610//2610 3037//3037
f 352//352 3325//3325 3172//3172
f 2579//2579 3929//3929 3325//3325
f 2957//2957 4143//4143 1803//1803
f 1338//1338 193//193 1339//1339
f 4272//4272 3709//3709 3880//3880
f 4272//4272 4192//4192 3709//3709
f 3880//3880 3709//3709 4067//4067
f 4085//4085 3881//3881 4067//4067
f 4085//4085 3882//3882 3881//3881
f 4085//4085 3158//3158 3882//3882
f 4144//4144 4013//4013 2249//2249
f 3432//3432 310//310 1560//1560
f 3432//3432 308//308 310//310
f 3374//3374 4244//4244 4092//4092
f 1563//1563 1971//1971 3750//3750
f 2808//2808 2482//2482 2481//2481
f 1161//1161 3194//3194 1160//1160
f 2546//2546 3802//3802 4120//4120
f 1138//1138 2753//2753 1136//1136
f 1138//1138 3374//3374 2753//2753
f 542//542 3259//3259 540//540
f 3071//3071 1207//1207 1206//1206
f 3071//3071 1206//1206 2514//2514
f 354//354 356//356 3808//3808
f 4130//4130 3979//3979 4186//4186
f 4130//4130 3306//3306 3979//3979
f 1841//1841 4154//4154 2662//2662
f 2052//2052 1709//1709 1277//1277
f 472//472 474//474 3527//3527
f 3622//3622 3866//3866 2202//2202
f 2233//2233 2562//2562 4117//4117
f 3596//3596 4124//4124 3597//3597
f 4260//4260 1791//1791 1790//1790
f 4260//4260 4124//4124 1791//1791
f 295//295 847//847 1383//1383
f 295//295 845//845 847//847
f 3435//3435 3287//3287 2799//2799
f 4161//4161 3334//3334 1136//1136
f 926//926 3961//3961 3037//3037
f 926//926 3680//3680 3961//3961
f 4131//4131 147//147 4271//4271
f 1371//1371 107//107 4180//4180
f 345//345 1130//1130 1129//1129
f 3364//3364 4162//4162 4006//4006
f 2992//2992 3137//3137 4276//4276
f 3833//3833 3234//3234 3233//3233
f 4144//4144 2337//2337 3031//3031
f 1155//1155 526//526 1156//1156
f 2069//2069 898//898 897//897
f 430//430 428//428 3023//3023
f 3824//3824 3456//3456 992//992
f 703//703 2585//2585 3933//3933
f 2315//2315 1532//1532 3319//3319
f 3020//3020 3793//3793 2149//2149
f 3637//3637 2793//2793 2792//2792
f 3637//3637 2149//2149 2793//2793
f 2732//2732 3284//3284 3096//3096
f 1861//1861 2234//2234 3351//3351
f 3658//3658 3368//3368 2797//2797
f 3025//3025 3883//3883 2//2
f 3883//3883 3988//3988 3884//3884
f 999//999 1193//1193 3884//3884
f 3374//3374 4092//4092 4175//4175
f 4123//4123 1915//1915 3537//3537
f 3426//3426 3756//3756 3427//3427
f 3870//3870 3336//3336 3338//3338
f 3571//3571 3778//3778 2878//2878
f 2503//2503 2505//2505 2155//2155
f 2222//2222 2633//2633 4083//4083
f 826//826 1793//1793 4265//4265
f 2913//2913 1957//1957 1026//1026
f 901//901 2123//2123 3910//3910
f 901//901 902//902 2123//2123
f 3893//3893 2445//2445 759//759
f 2522//2522 3838//3838 2199//2199
f 3753//3753 2992//2992 2418//2418
f 669//669 987//987 1609//1609
f 3705//3705 3933//3933 2585//2585
f 3705//3705 1773//1773 3933//3933
f 1926//1926 3418//3418 4031//4031
f 4031//4031 3418//3418 2691//2691
f 2436//2436 3271//3271 88//88
f 3679//3679 556//556 2518//2518
f 3476//3476 4193//4193 3676//3676
f 3904//3904 3355//3355 2076//2076
f 2075//2075 3904//3904 2076//2076
f 32//32 4207//4207 3174//3174
f 38//38 1650//1650 1546//1546
f 38//38 40//40 1650//1650
f 38//38 2699//2699 1525//1525
f 1545//1545 3980//3980 1626//1626
f 4276//4276 2416//2416 2992//2992
f 3485//3485 2396//2396 4275//4275
f 107//107 3013//3013 108//108
f 608//608 2048//2048 4164//4164
f 319//319 321//321 3444//3444
f 3453//3453 3333//3333 3335//3335
f 2459//2459 2915//2915 3767//3767
f 1884//1884 3975//3975 3682//3682
f 462//462 2303//2303 460//460
f 3931//3931 4153//4153 3980//3980
f 3931//3931 4068//4068 4153//4153
f 1207//1207 3130//3130 274//274
f 1206//1206 274//274 273//273
f 4023//4023 3586//3586 3312//3312
f 2568//2568 3308//3308 2804//2804
f 3446//3446 2049//2049 4053//4053
f 1213//1213 1759//1759 1761//1761
f 1937//1937 1939//1939 2237//2237
f 1938//1938 2707//2707 1939//1939
f 603//603 1707//1707 1709//1709
f 603//603 3416//3416 1707//1707
f 428//428 1961//1961 1683//1683
f 2054//2054 2053//2053 2844//2844
f 4136//4136 1806//1806 1805//1805
f 850//850 849//849 2054//2054
f 1750//1750 3684//3684 3885//3885
f 2562//2562 3488//3488 4117//4117
f 3780//3780 3199//3199 3197//3197
f 1161//1161 929//929 1163//1163
f 3778//3778 1985//1985 3528//3528
f 3778//3778 3571//3571 1985//1985
f 2397//2397 2396//2396 1871//1871
f 192//192 1638//1638 669//669
f 1294//1294 1773//1773 1292//1292
f 1294//1294 3124//3124 1773//1773
f 3031//3031 2876//2876 3404//3404
f 3195//3195 3194//3194 4158//4158
f 3195//3195 4158//4158 3802//3802
f 3604//3604 4221//4221 4249//4249
f 3604//3604 3853//3853 4221//4221
f 1326//1326 4157//4157 2756//2756
f 3233//3233 922//922 924//924
f 2942//2942 3305//3305 4232//4232
f 2891//2891 1920//1920 1598//1598
f 1902//1902 2667//2667 1900//1900
f 2705//2705 3431//3431 2160//2160
f 3431//3431 3689//3689 2160//2160
f 3430//3430 1026//1026 664//664
f 891//891 3587//3587 928//928
f 4180//4180 1369//1369 1371//1371
f 4180//4180 750//750 1369//1369
f 2455//2455 308//308 3432//3432
f 2455//2455 2454//2454 308//308
f 2455//2455 3432//3432 3433//3433
f 3911//3911 4053//4053 3700//3700
f 679//679 2227//2227 2734//2734
f 3812//3812 1429//1429 3204//3204
f 687//687 3990//3990 688//688
f 436//436 2710//2710 434//434
f 4232//4232 4200//4200 2420//2420
f 3918//3918 4234//4234 140//140
f 1986//1986 3434//3434 3287//3287
f 3434//3434 2800//2800 3287//3287
f 2800//2800 2799//2799 3287//3287
f 130//130 71//71 819//819
f 130//130 3677//3677 71//71
f 3677//3677 4193//4193 71//71
f 3768//3768 3896//3896 1176//1176
f 4125//4125 4124//4124 4260//4260
f 1071//1071 1757//1757 1756//1756
f 1071//1071 3107//3107 1757//1757
f 4232//4232 3675//3675 2942//2942
f 2916//2916 3883//3883 3671//3671
f 3671//3671 3883//3883 1263//1263
f 3053//3053 2973//2973 3276//3276
f 4031//4031 4147//4147 3823//3823
f 4031//4031 2691//2691 4147//4147
f 1518//1518 401//401 403//403
f 3397//3397 935//935 3763//3763
f 1927//1927 4235//4235 2776//2776
f 3195//3195 930//930 1160//1160
f 3298//3298 2686//2686 1495//1495
f 3298//3298 2979//2979 2686//2686
f 900//900 4075//4075 1624//1624
f 1624//1624 225//225 900//900
f 3083//3083 1599//1599 3699//3699
f 3083//3083 3721//3721 1599//1599
f 3721//3721 3971//3971 3641//3641
f 701//701 703//703 1772//1772
f 3770//3770 4058//4058 3978//3978
f 4124//4124 815//815 1791//1791
f 4124//4124 3596//3596 815//815
f 2410//2410 1789//1789 3461//3461
f 4042//4042 1576//1576 4226//4226
f 4042//4042 3874//3874 1576//1576
f 3267//3267 3650//3650 4252//4252
f 650//650 2497//2497 2792//2792
f 1859//1859 1672//1672 1674//1674
f 575//575 2442//2442 3804//3804
f 575//575 3804//3804 576//576
f 4159//4159 1531//1531 4162//4162
f 61//61 1932//1932 59//59
f 61//61 2383//2383 1932//1932
f 59//59 1932//1932 365//365
f 226//226 3219//3219 4246//4246
f 226//226 4246//4246 2251//2251
f 3747//3747 868//868 867//867
f 3207//3207 3140//3140 3212//3212
f 3207//3207 4274//4274 3140//3140
f 4089//4089 3973//3973 4134//4134
f 3554//3554 487//487 4050//4050
f 3265//3265 485//485 487//487
f 2147//2147 3793//3793 4150//4150
f 2598//2598 2599//2599 1797//1797
f 4151//4151 3270//3270 2165//2165
f 1640//1640 4195//4195 1639//1639
f 3753//3753 2418//2418 4160//4160
f 2953//2953 4110//4110 871//871
f 450//450 3130//3130 451//451
f 451//451 4148//4148 449//449
f 4148//4148 3744//3744 449//449
f 4235//4235 4116//4116 2776//2776
f 3006//3006 3977//3977 3188//3188
f 3977//3977 3976//3976 3188//3188
f 2710//2710 1960//1960 2064//2064
f 2018//2018 560//560 3005//3005
f 3344//3344 3343//3343 3832//3832
f 838//838 592//592 1699//1699
f 1609//1609 3613//3613 1867//1867
f 4083//4083 2171//2171 2220//2220
f 2171//2171 3550//3550 2220//2220
f 3308//3308 4160//4160 3315//3315
f 4074//4074 3001//3001 4234//4234
f 4020//4020 3359//3359 1857//1857
f 3292//3292 3988//3988 3025//3025
f 463//463 1505//1505 464//464
f 463//463 2226//2226 1505//1505
f 2675//2675 1825//1825 652//652
f 2822//2822 3575//3575 2367//2367
f 4183//4183 3212//3212 3140//3140
f 4056//4056 2446//2446 3681//3681
f 4055//4055 4220//4220 4227//4227
f 4055//4055 3606//3606 4220//4220
f 2068//2068 3726//3726 2069//2069
f 181//181 2600//2600 182//182
f 3385//3385 1735//1735 3386//3386
f 3874//3874 2861//2861 2341//2341
f 2964//2964 3291//3291 4233//4233
f 4119//4119 3818//3818 2154//2154
f 1840//1840 1156//1156 526//526
f 3336//3336 2768//2768 3619//3619
f 4252//4252 3649//3649 844//844
f 4237//4237 74//74 325//325
f 4237//4237 3036//3036 74//74
f 226//226 3512//3512 3898//3898
f 2258//2258 3084//3084 4251//4251
f 1864//1864 3958//3958 2822//2822
f 4045//4045 3688//3688 3687//3687
f 3413//3413 3876//3876 3877//3877
f 3063//3063 4050//4050 4198//4198
f 2619//2619 396//396 395//395
f 2331//2331 2640//2640 1491//1491
f 2331//2331 1491//1491 1252//1252
f 3115//3115 3851//3851 1675//1675
f 3787//3787 3788//3788 3742//3742
f 3158//3158 3159//3159 3882//3882
f 2567//2567 2117//2117 2568//2568
f 2796//2796 3705//3705 3555//3555
f 2796//2796 1292//1292 3705//3705
f 3637//3637 2792//2792 3019//3019
f 1491//1491 1490//1490 1102//1102
f 305//305 1977//1977 3538//3538
f 3516//3516 2695//2695 1935//1935
f 2978//2978 2344//2344 2343//2343
f 4251//4251 1957//1957 2258//2258
f 2148//2148 2201//2201 3095//3095
f 2939//2939 1674//1674 3784//3784
f 2939//2939 1859//1859 1674//1674
f 148//148 1128//1128 149//149
f 4116//4116 4002//4002 2774//2774
f 1593//1593 2344//2344 975//975
f 922//922 3233//3233 3579//3579
f 643//643 1161//1161 1162//1162
f 3651//3651 1937//1937 818//818
f 3174//3174 4207//4207 3947//3947
f 2868//2868 17//17 3263//3263
f 2868//2868 2364//2364 17//17
f 1809//1809 4130//4130 1810//1810
f 1155//1155 232//232 3989//3989
f 1714//1714 4006//4006 2310//2310
f 857//857 4182//4182 1927//1927
f 4128//4128 3578//3578 3301//3301
f 1384//1384 1383//1383 4149//4149
f 3771//3771 4121//4121 3484//3484
f 3189//3189 2755//2755 1483//1483
f 973//973 2978//2978 1661//1661
f 973//973 2344//2344 2978//2978
f 1811//1811 702//702 1224//1224
f 3479//3479 533//533 532//532
f 263//263 1669//1669 3879//3879
f 3401//3401 3400//3400 1486//1486
f 1531//1531 2811//2811 3318//3318
f 2287//2287 1074//1074 1358//1358
f 1623//1623 1622//1622 2948//2948
f 3422//3422 2787//2787 4221//4221
f 3123//3123 2900//2900 3125//3125
f 3884//3884 1195//1195 1263//1263
f 3884//3884 1193//1193 1195//1195
f 688//688 1627//1627 686//686
f 225//225 62//62 1001//1001
f 2575//2575 4091//4091 1357//1357
f 1527//1527 659//659 1528//1528
f 2117//2117 4191//4191 3308//3308
f 3981//3981 3030//3030 4057//4057
f 3254//3254 3255//3255 3309//3309
f 1614//1614 2864//2864 3280//3280
f 2275//2275 248//248 250//250
f 527//527 526//526 1155//1155
f 691//691 1199//1199 712//712
f 1029//1029 1671//1671 1030//1030
f 1029//1029 3829//3829 1671//1671
f 3010//3010 525//525 527//527
f 3882//3882 3159//3159 4279//4279
f 4110//4110 2805//2805 3360//3360
f 1214//1214 4269//4269 2612//2612
f 1794//1794 3392//3392 1795//1795
f 2999//2999 861//861 3000//3000
f 4174//4174 1834//1834 2923//2923
f 2923//2923 4165//4165 4174//4174
f 1584//1584 2980//2980 1582//1582
f 1584//1584 1477//1477 2980//2980
f 1391//1391 76//76 75//75
f 1391//1391 4219//4219 76//76
f 826//826 3931//3931 204//204
f 826//826 4265//4265 3931//3931
f 3784//3784 1674//1674 1673//1673
f 1178//1178 1078//1078 1176//1176
f 3483//3483 3776//3776 3110//3110
f 3774//3774 3878//3878 3776//3776
f 1617//1617 1351//1351 3666//3666
f 3787//3787 2938//2938 2450//2450
f 3576//3576 3012//3012 2681//2681
f 3576//3576 3010//3010 3012//3012
f 3610//3610 3583//3583 3489//3489
f 2763//2763 4227//4227 3833//3833
f 4060//4060 2707//2707 3357//3357
f 3934//3934 1292//1292 2796//2796
f 325//325 2332//2332 4237//4237
f 2875//2875 3331//3331 3453//3453
f 190//190 906//906 3510//3510
f 651//651 3095//3095 2675//2675
f 897//897 2250//2250 2068//2068
f 2979//2979 3861//3861 2686//2686
f 2903//2903 714//714 81//81
f 714//714 4261//4261 713//713
f 4261//4261 257//257 713//713
f 4207//4207 2649//2649 1686//1686
f 1064//1064 1287//1287 1065//1065
f 1064//1064 4015//4015 1287//1287
f 4238//4238 3417//3417 3039//3039
f 4238//4238 2689//2689 3417//3417
f 2047//2047 1835//1835 4174//4174
f 1835//1835 1834//1834 4174//4174
f 2035//2035 4114//4114 419//419
f 2035//2035 2781//2781 4114//4114
f 4267//4267 3963//3963 2947//2947
f 111//111 3662//3662 1681//1681
f 1872//1872 2737//2737 2739//2739
f 1872//1872 2563//2563 2737//2737
f 4252//4252 844//844 2906//2906
f 2792//2792 2498//2498 3019//3019
f 2755//2755 1136//1136 2753//2753
f 2175//2175 1405//1405 4243//4243
f 196//196 266//266 2797//2797
f 701//701 3072//3072 702//702
f 3793//3793 4059//4059 3564//3564
f 127//127 2249//2249 128//128
f 2649//2649 51//51 50//50
f 3960//3960 2032//2032 2031//2031
f 3069//3069 1804//1804 3683//3683
f 1872//1872 2739//2739 3993//3993
f 1975//1975 4150//4150 3221//3221
f 3011//3011 527//527 2248//2248
f 975//975 974//974 2796//2796
f 3120//3120 3160//3160 2297//2297
f 2297//2297 1405//1405 3120//3120
f 1561//1561 309//309 3910//3910
f 4276//4276 3137//3137 4003//4003
f 191//191 190//190 3951//3951
f 4182//4182 4235//4235 1927//1927
f 2003//2003 1484//1484 3218//3218
f 1891//1891 2813//2813 2812//2812
f 817//817 3880//3880 4279//4279
f 2238//2238 4054//4054 4053//4053
f 2238//2238 2240//2240 4054//4054
f 3210//3210 4101//4101 3211//3211
f 3210//3210 3928//3928 4101//4101
f 4229//4229 2698//2698 3167//3167
f 3512//3512 226//226 1001//1001
f 3021//3021 554//554 2446//2446
f 2446//2446 4056//4056 3021//3021
f 794//794 796//796 3913//3913
f 660//660 3868//3868 661//661
f 660//660 509//509 3868//3868
f 2864//2864 4206//4206 4056//4056
f 3507//3507 3506//3506 2917//2917
f 3162//3162 13//13 495//495
f 3744//3744 450//450 449//449
f 2737//2737 2563//2563 3343//3343
f 2996//2996 2561//2561 2496//2496
f 3779//3779 929//929 3587//3587
f 702//702 1810//1810 703//703
f 4050//4050 487//487 486//486
f 2498//2498 1078//1078 3019//3019
f 2462//2462 1848//1848 3284//3284
f 4196//4196 2482//2482 4103//4103
f 189//189 191//191 1487//1487
f 3421//3421 474//474 473//473
f 2215//2215 3669//3669 126//126
f 4075//4075 4241//4241 717//717
f 4075//4075 2175//2175 4241//4241
f 868//868 1765//1765 1767//1767
f 3892//3892 2903//2903 3403//3403
f 4084//4084 2310//2310 4162//4162
f 2310//2310 4043//4043 2648//2648
f 1995//1995 532//532 531//531
f 3892//3892 714//714 2903//2903
f 815//815 817//817 1789//1789
f 3476//3476 3676//3676 3886//3886
f 2005//2005 3977//3977 3006//3006
f 4223//4223 1529//1529 3168//3168
f 1943//1943 439//439 1616//1616
f 1858//1858 2629//2629 549//549
f 486//486 485//485 2906//2906
f 33//33 3332//3332 257//257
f 934//934 936//936 4210//4210
f 4058//4058 3770//3770 816//816
f 1811//1811 1795//1795 2521//2521
f 4099//4099 4240//4240 932//932
f 2235//2235 2236//2236 3402//3402
f 4277//4277 2056//2056 508//508
f 2056//2056 4277//4277 422//422
f 4261//4261 714//714 258//258
f 973//973 1660//1660 974//974
f 3019//3019 1077//1077 2004//2004
f 1936//1936 4190//4190 518//518
f 1936//1936 4065//4065 4190//4190
f 816//816 3595//3595 4058//4058
f 816//816 815//815 3595//3595
f 1889//1889 3274//3274 1888//1888
f 1823//1823 4112//4112 1552//1552
f 3160//3160 494//494 2297//2297
f 2630//2630 3662//3662 110//110
f 2959//2959 2958//2958 2238//2238
f 2958//2958 2239//2239 2238//2238
f 2304//2304 424//424 4242//4242
f 3892//3892 3045//3045 73//73
f 3337//3337 1891//1891 3338//3338
f 1275//1275 3526//3526 3937//3937
f 1275//1275 1274//1274 3526//3526
f 4162//4162 1531//1531 4084//4084
f 1563//1563 4208//4208 1565//1565
f 2696//2696 1913//1913 1630//1630
f 531//531 2738//2738 1995//1995
f 1602//1602 1601//1601 3294//3294
f 1470//1470 1472//1472 1989//1989
f 507//507 3255//3255 1680//1680
f 508//508 1680//1680 4277//4277
f 3770//3770 4272//4272 816//816
f 1956//1956 3621//3621 1954//1954
f 1956//1956 3034//3034 3621//3621
f 3461//3461 3398//3398 2410//2410
f 2671//2671 1201//1201 2059//2059
f 3831//3831 2633//2633 2632//2632
f 3910//3910 309//309 3243//3243
f 1591//1591 850//850 2054//2054
f 3443//3443 1419//1419 3674//3674
f 4176//4176 2167//2167 3370//3370
f 3539//3539 3767//3767 3748//3748
f 2863//2863 1614//1614 111//111
f 4144//4144 3362//3362 4013//4013
f 3582//3582 3616//3616 3911//3911
f 294//294 3794//3794 3293//3293
f 1492//1492 3063//3063 1490//1490
f 3298//3298 1352//1352 3903//3903
f 2575//2575 1792//1792 3688//3688
f 2368//2368 2367//2367 3575//3575
f 2464//2464 3284//3284 3281//3281
f 2519//2519 1362//1362 1361//1361
f 2731//2731 668//668 3032//3032
f 2832//2832 3786//3786 3557//3557
f 3021//3021 4206//4206 3990//3990
f 3730//3730 2654//2654 2879//2879
f 3966//3966 2728//2728 1602//1602
f 4078//4078 3458//3458 3457//3457
f 3089//3089 3088//3088 3948//3948
f 3878//3878 1510//1510 3818//3818
f 110//110 3273//3273 2630//2630
f 3603//3603 2078//2078 846//846
f 818//818 2958//2958 131//131
f 3728//3728 3655//3655 2010//2010
f 282//282 2831//2831 283//283
f 3578//3578 2938//2938 2544//2544
f 438//438 4047//4047 439//439
f 438//438 1991//1991 4047//4047
f 3423//3423 474//474 3421//3421
f 3108//3108 3107//3107 117//117
f 3829//3829 1566//1566 1671//1671
f 4135//4135 1970//1970 461//461
f 122//122 108//108 123//123
f 4224//4224 3515//3515 1245//1245
f 3545//3545 3271//3271 2436//2436
f 643//643 3485//3485 3194//3194
f 3263//3263 17//17 16//16
f 1350//1350 4072//4072 1351//1351
f 2963//2963 3775//3775 3290//3290
f 2457//2457 309//309 308//308
f 3120//3120 1405//1405 497//497
f 2407//2407 2177//2177 2176//2176
f 4109//4109 3241//3241 3242//3242
f 995//995 3891//3891 2679//2679
f 995//995 3915//3915 3891//3891
f 554//554 3359//3359 552//552
f 1252//1252 2608//2608 4237//4237
f 3095//3095 2201//2201 2200//2200
f 814//814 813//813 1080//1080
f 3160//3160 3120//3120 499//499
f 2754//2754 3647//3647 2755//2755
f 2508//2508 4184//4184 2509//2509
f 2508//2508 1169//1169 4184//4184
f 11//11 2429//2429 3262//3262
f 11//11 3560//3560 2429//2429
f 3941//3941 2742//2742 4161//4161
f 4277//4277 1679//1679 3144//3144
f 3411//3411 2735//2735 3002//3002
f 4279//4279 3880//3880 3882//3882
f 2959//2959 2238//2238 3911//3911
f 61//61 60//60 2695//2695
f 1291//1291 4198//4198 486//486
f 4272//4272 3880//3880 816//816
f 80//80 2901//2901 2903//2903
f 3837//3837 3701//3701 867//867
f 3898//3898 3512//3512 4145//4145
f 3870//3870 2812//2812 4138//4138
f 3405//3405 3409//3409 3442//3442
f 2103//2103 2430//2430 2432//2432
f 506//506 1745//1745 1359//1359
f 1748//1748 4008//4008 1242//1242
f 1748//1748 1242//1242 1241//1241
f 3794//3794 999//999 998//998
f 1025//1025 2913//2913 1026//1026
f 2701//2701 2703//2703 1760//1760
# Vertices: 4279, normals: 4279, texture coordinates: 0, faces: 8554

